ISO3,Country,Year,Athletes,Medals,Total_Medals_Year,Total_Athletes_Year,Medals_Last_Games,Pct_Athletes,GDP,GDP_Per_Capita,GDP_Growth,Pop,Pop_Growth,Area,Pct_World_GDP,Pct_World_Pop,Complete
ABW,Aruba,1988,8,0,738,8454,0,0.09462976105985332,596648044.692737,10056.2613927414,18.6486486682331,59331.0,0.290320062131051,180.0,0.003044482613348514,0.0011595109108675143,True
ABW,Aruba,1992,5,0,813,9386,0,0.053270828894097594,958659217.877095,13892.6051427736,5.88235395341866,69005.0,4.61012241010557,180.0,0.0037401702314700715,0.001259945791236307,True
ABW,Aruba,1996,3,0,841,10339,0,0.02901634587484283,1379888268.15642,16620.9545555513,1.18578851134656,83021.0,3.95074287081186,180.0,0.004303428232633271,0.0014259073240657364,True
ABW,Aruba,2000,5,0,925,10647,0,0.04696158542312388,1873452513.96648,20681.0230269625,7.62292064930222,90588.0,1.03081685259869,180.0,0.005515701554651577,0.0014702196063656734,True
ABW,Aruba,2004,4,0,927,10557,0,0.03788955195604812,2254830726.25698,23700.6319899197,7.29372807096192,95138.0,2.13535781849357,180.0,0.0050939476136156025,0.001465385140921693,True
ABW,Aruba,2008,2,0,957,10899,0,0.018350307367648408,2843024581.00559,28171.9094008501,1.83575517191368,100917.0,0.762933470313563,180.0,0.004416105230876841,0.0014775374108319471,True
ABW,Aruba,2012,4,0,962,10517,0,0.03803365978891319,2615208379.88827,25119.6655449838,-1.04079988436683,104110.0,1.46978228958006,180.0,0.0034385637599980397,0.0014507107745316886,True
ABW,Aruba,2016,7,0,973,11179,0,0.06261740763932373,2983637430.1676,27441.5502144601,1.23433537363427,108727.0,0.75796755862231,180.0,0.0038705827744828737,0.0014442587649557811,True
ABW,Aruba,2020,3,0,1080,11273,0,0.026612259380821433,2461056053.22795,22664.3709949437,-23.9400592677491,108587.0,-0.565684046703506,180.0,0.0028488235952053094,0.0013825934839733652,True
AFG,Afghanistan,1988,5,0,738,8454,0,0.05914360066240833,,,,11523298.0,1.18267114653938,652230.0,,0.22520081846214973,False
AFG,Afghanistan,1996,2,0,841,10339,0,0.019344230583228553,,,,17763266.0,4.00540467357125,652230.0,,0.30508872560831446,False
AFG,Afghanistan,2004,5,0,927,10557,0,0.04736193994506015,5224896718.67782,221.763653873013,1.41411799339429,23560654.0,3.57583485398158,652230.0,0.011803702096821416,0.36289844522690456,True
AFG,Afghanistan,2008,4,1,957,10899,0,0.036700614735296816,10109297047.5432,381.73323802844,3.92498381999467,26482622.0,2.18654618162979,652230.0,0.015702896088345693,0.387735116401807,True
AFG,Afghanistan,2012,6,1,962,10517,1,0.05705048968336978,19907329777.5872,651.417134470046,12.7522870926697,30560034.0,4.04786256315645,652230.0,0.02617482540128053,0.42583585240471367,True
AFG,Afghanistan,2016,3,0,973,11179,1,0.026836031845424456,18116572395.0772,522.082215583898,2.26031420279821,34700612.0,2.53571991833963,652230.0,0.02350208250374403,0.46094036467786065,True
AFG,Afghanistan,2020,5,0,1080,11273,0,0.044353765634702384,19955929052.1496,510.787063366811,-2.35110067203466,39068979.0,3.15360920291972,652230.0,0.023100214021310312,0.49744919549202243,True
AGO,Angola,1988,24,0,738,8454,0,0.28388928317955997,8769836768.83478,807.439628386237,6.12889047765088,10861291.0,3.40339476992955,1246700.0,0.04474935567478785,0.2122631578872282,True
AGO,Angola,1992,28,0,813,9386,0,0.2983166418069465,8307810973.58848,668.706017459877,-5.83828073148828,12423712.0,3.27414246108306,1246700.0,0.03241258907508851,0.22684158605799584,True
AGO,Angola,1996,28,0,841,10339,0,0.2708192281651997,7526421519.16979,531.115366543271,13.544369755809,14170973.0,3.3816089218138,1246700.0,0.02347249092824543,0.24339015658493393,True
AGO,Angola,2000,30,0,925,10647,0,0.2817695125387433,9129594970.15301,563.733795571487,3.05462423452938,16194869.0,3.31228746945312,1246700.0,0.026878781711738194,0.2628384987672059,True
AGO,Angola,2004,30,0,927,10557,0,0.2841716396703609,26997977896.2907,1451.47117870872,11.4198633904585,18600423.0,3.59445752400652,1246700.0,0.06099184452109648,0.28649733522943616,True
AGO,Angola,2008,32,0,957,10899,0,0.2936049178823745,98790432989.3077,4578.15526451058,10.7866360496581,21578655.0,3.77828976645524,1246700.0,0.15345240093926996,0.31593557119153215,True
AGO,Angola,2012,33,0,962,10517,0,0.31377769325853383,143572907527.976,5702.45306277434,8.50312283866612,25177394.0,3.88358355528674,1246700.0,0.18877447798799873,0.35083197339765143,True
AGO,Angola,2016,26,0,973,11179,0,0.2325789426603453,60770049747.3832,2082.37343594705,-0.233076954805284,29183070.0,3.57644143982026,1246700.0,0.07883515114082609,0.3876489246996432,True
AGO,Angola,2020,20,0,1080,11273,0,0.17741506253880954,58512033805.8981,1749.1794838482,-5.27349128300007,33451132.0,3.26795864914978,1246700.0,0.06773127425970654,0.4259194667384947,True
ALB,Albania,1992,7,0,813,9386,0,0.07457916045173663,652174990.837304,200.852219772323,-7.18711090964234,3247039.0,-0.606434726201759,27400.0,0.002544434394362309,0.059286908514312696,True
ALB,Albania,1996,7,0,841,10339,0,0.06770480704129993,3234486232.04392,1020.97618050188,7.33632894771891,3168033.0,-0.62151139901728,27400.0,0.010087323510357982,0.054411792890737845,True
ALB,Albania,2000,4,0,925,10647,0,0.03756926833849911,3584570164.85195,1160.42047054038,7.46285871776054,3089027.0,-0.637356833943492,27400.0,0.010553466972681065,0.05013410230927868,True
ALB,Albania,2004,7,0,927,10557,0,0.06630671592308421,7406645793.44038,2446.90949947798,5.26626173860785,3026939.0,-0.417931377925999,27400.0,0.016732549022436788,0.04662313095793866,True
ALB,Albania,2008,11,0,957,10899,0,0.10092669052206625,13258506375.4518,4498.50486763601,6.90706230713707,2947314.0,-0.767342959142321,27400.0,0.020594601872044635,0.04315196345976148,True
ALB,Albania,2012,9,0,962,10517,0,0.08557573452505467,12246499747.9714,4280.93316338873,0.984129880204108,2860708.0,-1.54313670532257,27400.0,0.016102108934814084,0.03986226028613003,True
ALB,Albania,2016,6,0,973,11179,0,0.05367206369084891,11988668784.6628,4457.63412207495,3.90893551362245,2689469.0,-1.54313470861992,27400.0,0.015552538126018131,0.03572515728684558,True
ALB,Albania,2020,9,0,1080,11273,0,0.0798367781424643,15241458744.5927,6027.91350716348,-3.31375636888916,2528480.0,-1.54315589345436,27400.0,0.017642924971169795,0.03219409296100799,True
AND,Andorra,1988,3,0,738,8454,0,0.035486160397444996,721425939.15155,14599.0355178798,5.09432619448408,49416.0,3.63286711986262,470.0,0.0036811797978766655,0.0009657412005769174,True
AND,Andorra,1992,8,0,813,9386,0,0.08523332623055614,1209992020.29543,20099.5352208543,0.929214040125956,60200.0,6.0480321596983,470.0,0.004720735012225689,0.001099177402107466,True
AND,Andorra,1996,8,0,841,10339,0,0.07737692233291421,1224024139.21295,19130.1597151312,4.64973866754707,63984.0,0.112591492472177,470.0,0.003817338084300995,0.0010989418848607229,True
AND,Andorra,2000,5,0,925,10647,0,0.04696158542312388,1432606188.65883,21810.2487426174,3.52836236122388,65685.0,-0.038053198830509,470.0,0.0042177894145068034,0.0010660504133453578,True
AND,Andorra,2004,6,0,927,10557,0,0.05683432793407218,2900245324.32047,39021.1278078772,8.13567633837351,74325.0,6.73220754538658,470.0,0.006552020768870048,0.00114480807457593,True
AND,Andorra,2008,5,0,957,10899,0,0.04587576841912102,4102319398.76562,49132.5157047203,-5.55918636850581,83495.0,1.95686286864098,470.0,0.006372183440358644,0.0012224599038557766,True
AND,Andorra,2012,6,0,962,10517,0,0.05705048968336978,3188652765.29297,41500.5435782722,-4.97444371853503,76834.0,-1.22756477898092,470.0,0.004192547686170375,0.0010706359778154622,True
AND,Andorra,2016,4,0,973,11179,0,0.03578137579389928,2896610479.86771,40129.8192026671,3.70967806978986,72181.0,0.0096983131938399,470.0,0.003757685338842508,0.0009588054661056888,True
AND,Andorra,2020,2,0,1080,11273,0,0.017741506253880955,2891001149.40079,37361.090067211,-11.1839399355384,77380.0,1.17775354895761,470.0,0.0033465114609544425,0.000985247624392045,True
ARE,United Arab Emirates,1988,12,0,738,8454,0,0.14194464158977999,36275613876.8575,21569.6710149303,-2.61905367759613,1681788.0,6.60823561382132,71020.0,0.18510154641252802,0.03286732965508849,True
ARE,United Arab Emirates,1992,13,0,813,9386,0,0.13850415512465375,54239188745.5001,25648.2807476605,3.34528166209122,2114730.0,5.24724401080608,71020.0,0.21161200491477897,0.03861234929499537,True
ARE,United Arab Emirates,1996,4,0,841,10339,0,0.038688461166457105,73571217376.7336,28323.1586889615,5.79855087420329,2597564.0,6.47661448989632,71020.0,0.22944499295673776,0.04461383905673854,True
ARE,United Arab Emirates,2000,4,0,925,10647,0,0.03756926833849911,104337463730.167,29865.5285002232,10.852837927302,3493575.0,6.73568170124179,71020.0,0.30718382591211035,0.056699810806165915,True
ARE,United Arab Emirates,2004,4,1,927,10557,0,0.03788955195604812,147824249957.985,33376.6880534412,9.56652626277928,4428967.0,5.48794157690806,71020.0,0.3339536651418571,0.06821819285072765,True
ARE,United Arab Emirates,2008,8,0,957,10899,1,0.07340122947059363,315474615741.223,50054.1700685968,3.19181235452885,6302664.0,11.3816344065238,71020.0,0.4900306209420484,0.09227802895353332,True
ARE,United Arab Emirates,2012,26,0,962,10517,0,0.24721878862793573,392793559050.783,53141.6251661086,4.68325642918792,7391448.0,3.95899214220379,71020.0,0.5164581559540492,0.10299542073759198,True
ARE,United Arab Emirates,2016,12,1,973,11179,0,0.10734412738169782,381717208620.964,42721.1136110991,5.65790147196586,8935095.0,4.93046894788046,71020.0,0.4951902122802484,0.1186879916622603,True
ARE,United Arab Emirates,2020,5,0,1080,11273,1,0.044353765634702384,357161776271.328,37991.738387966,-8.69343363776639,9401038.0,-0.474850154644905,71020.0,0.4134367009693444,0.11969953936830373,True
ARG,Argentina,1988,118,2,738,8454,0,1.3957889756328365,126890235049.092,3992.70330179156,-1.08993334133791,31780532.0,1.54990330404865,2736690.0,0.6474757067369795,0.6210897103904229,True
ARG,Argentina,1992,84,1,813,9386,2,0.8949499254208395,228778917308.17,6789.99611136495,7.93729155643076,33693527.0,1.38438120034139,2736690.0,0.8925717086399226,0.615202051091325,True
ARG,Argentina,1996,179,3,841,10339,1,1.7313086371989554,272149750000.0,7663.21271287469,5.52668982715234,35513793.0,1.25745217924583,2736690.0,0.8487476447776606,0.6099586555697291,True
ARG,Argentina,2000,143,4,925,10647,3,1.343101343101343,284203750000.0,7637.01489203628,-0.78899893905691,37213984.0,1.13312807570195,2736690.0,0.8367348806690146,0.6039732515098961,True
ARG,Argentina,2004,152,6,927,10557,4,1.4398029743298286,164657930452.787,4242.02099089422,9.02957330068152,38815916.0,1.01407652046238,2736690.0,0.3719830771000705,0.5978711612359372,True
ARG,Argentina,2008,132,6,957,10899,6,1.211120286264795,361558037110.419,8944.1102657357,4.05723310346406,40424148.0,1.01288878477428,2736690.0,0.5616125690985522,0.5918546030005591,True
ARG,Argentina,2012,137,4,962,10517,6,1.3026528477702768,545982375701.128,12949.717486654,-1.0264204544321,42161721.0,1.0276613644946,2736690.0,0.7178759540238783,0.587498443257122,True
ARG,Argentina,2016,215,4,973,11179,4,1.923248948922086,557532320662.955,12699.9623137756,-2.08032784377811,43900313.0,0.968911125580978,2736690.0,0.7232698500012701,0.583143210376008,True
ARG,Argentina,2020,185,3,1080,11273,4,1.6410893284839883,385740508436.965,8535.59938004389,-9.9004848136464,45191965.0,0.484665636741261,2736690.0,0.4465183394016482,0.5754106507864881,True
ARM,Armenia,1996,32,2,841,10339,0,0.30950768933165684,1596968946.23708,487.068624404558,5.86540074943565,3278735.0,-0.87594292287609,28470.0,0.004980433132500707,0.05631312860807111,True
ARM,Armenia,2000,25,1,925,10647,2,0.23480792711561943,1911563668.85006,593.450581742282,5.90000000312092,3221100.0,1.68478463633775,28470.0,0.005627906029904527,0.05227761264256271,True
ARM,Armenia,2004,18,0,927,10557,1,0.17050298380221654,3576615240.41616,1130.08791444158,10.4999999988202,3164900.0,-0.554559192905497,28470.0,0.00808002590020706,0.048748107302056656,True
ARM,Armenia,2008,25,6,957,10899,0,0.2293788420956051,11662040713.8753,3777.66859313767,6.90000000042959,3087100.0,-0.655422477046795,28470.0,0.01811479202231426,0.045198586372754875,True
ARM,Armenia,2012,24,3,962,10517,6,0.22820195873347912,10619320682.9474,3511.56399687426,7.20000000096486,3024100.0,-0.125578337719131,28470.0,0.013962639282205347,0.042139030383837095,True
ARM,Armenia,2016,31,4,973,11179,3,0.27730566240271937,10546136235.5219,3524.42476874707,0.199999999825991,2992300.0,-0.410212518071397,28470.0,0.013681184194108919,0.039747767365761806,True
ARM,Armenia,2020,17,4,1080,11273,4,0.1508028031579881,12641698583.2152,4268.68093304583,-7.19999999920631,2961500.0,-0.0337609726366775,28197.41,0.014633542848445345,0.037707558020638944,True
ASM,American Samoa,1988,6,0,738,8454,0,0.07097232079488999,,,,43615.0,3.60186915981387,200.0,,0.0008523717513186468,False
ASM,American Samoa,1992,3,0,813,9386,0,0.031962497336458555,,,,49038.0,2.38558568502606,200.0,,0.000895373113696776,False
ASM,American Samoa,1996,7,0,841,10339,0,0.06770480704129993,,,,53353.0,1.96279569672393,200.0,,0.0009163516876558851,False
ASM,American Samoa,2000,4,0,925,10647,0,0.03756926833849911,,,,56855.0,1.07336821798259,200.0,,0.0009227418170168275,False
ASM,American Samoa,2004,3,0,927,10557,0,0.02841716396703609,509000000.0,8958.42866697173,0.409836065573771,56818.0,-0.268918950346124,200.0,0.0011498953358837817,0.0008751524410528784,True
ASM,American Samoa,2008,4,0,957,10899,0,0.036700614735296816,560000000.0,10030.8089130902,-2.65734265734265,55828.0,-0.509197909248079,200.0,0.0008698549234549051,0.0008173841728541865,True
ASM,American Samoa,2012,4,0,962,10517,0,0.03803365978891319,640000000.0,11745.4899153958,-4.33482810164425,54489.0,-0.742342325127959,200.0,0.0008414934822489233,0.0007592717259961309,True
ASM,American Samoa,2016,4,0,973,11179,0,0.03578137579389928,671000000.0,12843.3342903627,-1.67938931297709,52245.0,-1.20431808595042,200.0,0.0008704680452852871,0.0006939886060970576,True
ASM,American Samoa,2020,6,0,1080,11273,0,0.053224518761642865,721000000.0,14489.2586563775,4.41176470588236,49761.0,-0.896274880494128,200.0,0.0008346018000886144,0.0006335862889296014,True
ATG,Antigua and Barbuda,1988,15,0,738,8454,0,0.177430801987225,411396296.296296,6466.15683473424,5.21313204893121,63623.0,-0.506393701034133,440.0,0.002099208876005043,0.001243389841434054,True
ATG,Antigua and Barbuda,1992,13,0,813,9386,0,0.13850415512465375,525133333.333333,8153.73786307269,1.15855077710827,64404.0,1.59169498831994,440.0,0.002048786497078035,0.0011759372326466651,True
ATG,Antigua and Barbuda,1996,13,0,841,10339,0,0.12573749879098559,679140740.740741,9756.08717951992,6.6049448827643,69612.0,2.06537047537748,440.0,0.0021180218029825853,0.0011956042524525607,True
ATG,Antigua and Barbuda,2000,3,0,925,10647,0,0.02817695125387433,901003703.703704,12027.4949768222,6.20355212555867,74912.0,1.67727282735622,440.0,0.0026526786733139835,0.0012158022160999838,True
ATG,Antigua and Barbuda,2004,5,0,927,10557,0,0.04736193994506015,1026329629.62963,13037.8895772257,5.76710338270556,78719.0,1.06640091579038,440.0,0.0023186083579379976,0.0012124876800880273,True
ATG,Antigua and Barbuda,2008,5,0,957,10899,0,0.04587576841912102,1557640740.74074,18786.6743142216,-0.0140065981851762,82912.0,1.46768441039016,440.0,0.002419502620191568,0.0012139241337623828,True
ATG,Antigua and Barbuda,2012,4,0,962,10517,0,0.03803365978891319,1364729629.62963,15639.8078114787,3.37314273947959,87260.0,1.06918387987395,440.0,0.001794392325570814,0.0012159160713248983,True
ATG,Antigua and Barbuda,2016,8,0,973,11179,0,0.07156275158779855,1489603703.7037,16556.8551801588,4.1203675438061,89969.0,0.624381829779871,440.0,0.001932417919840065,0.001195089690916761,True
ATG,Antigua and Barbuda,2020,6,0,1080,11273,0,0.053224518761642865,1411637037.03704,15369.6082250401,-18.8687765208148,91846.0,0.526173366134419,440.0,0.001634056604969309,0.0011694372358479165,True
AUS,Australia,1988,252,14,738,8454,24,2.9808374733853795,236461079970.431,14303.093047615,5.76137011855324,16532164.0,1.63614876307642,7682300.0,1.20657672996201,0.3230895238282033,True
AUS,Australia,1992,279,27,813,9386,14,2.9725122522906458,325982966981.415,18650.3675476612,0.433065864126704,17478635.0,1.11959770147047,7682300.0,1.2718093837037419,0.3191382161409407,True
AUS,Australia,1996,417,41,841,10339,27,4.033272076603153,401962517479.122,22055.838490507,3.86567479160071,18224767.0,1.21385498322201,7682300.0,1.2535919654502865,0.313015125627149,True
AUS,Australia,2000,617,58,925,10647,41,5.795059641213487,416901962163.479,21908.9968019784,3.9160574881715,19028802.0,1.14447285147721,7682300.0,1.2274166458448794,0.30883249200832713,True
AUS,Australia,2004,470,50,927,10557,58,4.452022354835654,615643050220.515,30886.0500949401,4.21894147547516,19932722.0,1.06919812205752,7682300.0,1.3908154656538998,0.3070183800050761,True
AUS,Australia,2008,432,46,957,10899,50,3.963666391412056,1058448244063.77,49811.2067218988,3.62398503565633,21249199.0,2.00391140524272,7682300.0,1.6441007434304808,0.31111196798074453,True
AUS,Australia,2012,405,35,962,10517,46,3.8509080536274602,1552728401401.58,68301.4402512587,3.95247138119184,22733465.0,1.74582000067359,7682300.0,2.041579421065968,0.3167772799725198,True
AUS,Australia,2016,420,29,973,11179,35,3.757044458359424,1211588128417.61,50084.4440606385,2.75564065529868,24190907.0,1.56194049810399,7692020.0,1.5717567061617534,0.3213362777137248,True
AUS,Australia,2020,479,46,1080,11273,29,4.249090747804488,1333336461648.09,51983.4523666382,-0.133531904304775,25649248.0,1.23342825131378,7692020.0,1.543418877968488,0.32658129567643335,True
AUT,Austria,1988,73,1,738,8454,3,0.8634965696711616,132817124707.456,17509.7658683817,3.2958798164712,7585317.0,0.141570850318539,82520.0,0.6777185151675624,0.14824051210815326,True
AUT,Austria,1992,102,2,813,9386,1,1.0867249094395908,194314032056.098,24782.7118767063,2.0935244262602,7840709.0,1.10055228652823,82520.0,0.7581083503922603,0.14316163038705362,True
AUT,Austria,1996,72,3,841,10339,2,0.6963923009962278,235952581232.129,29645.9451251491,2.21576713087359,7959017.0,0.135019833748789,82520.0,0.7358603033806908,0.1366981924171439,True
AUT,Austria,2000,92,3,925,10647,3,0.8640931717854795,196181599831.287,24487.2974685956,3.18952292988787,8011566.0,0.240466652446524,82520.0,0.5775855790934789,0.1300256260309601,True
AUT,Austria,2004,74,7,927,10557,3,0.7009567111868902,299210411454.823,36614.2506533707,2.56525534067859,8171966.0,0.620413127334181,82520.0,0.6759541386635918,0.12587060426451346,True
AUT,Austria,2008,70,3,957,10899,7,0.6422607578676943,429234399096.173,51581.3982361071,1.45330562142114,8321496.0,0.313041437661508,82520.0,0.6667350988750245,0.12183598059879311,True
AUT,Austria,2012,70,0,962,10517,3,0.6655890463059808,406750487603.59,48250.4059142637,0.628246239479637,8429991.0,0.45593747231891,82520.0,0.5348091940937383,0.11746689821251718,True
AUT,Austria,2016,71,1,973,11179,0,0.6351194203417121,393687359770.273,45061.4993920192,2.11721964494312,8736668.0,1.08139629872802,82520.0,0.5107187280368929,0.1160522164274623,True
AUT,Austria,2020,73,7,1080,11273,1,0.6475649782666548,434397601557.696,48716.4098900349,-6.31825509209936,8916864.0,0.415176731565556,82520.0,0.5028419143054504,0.1135347515252901,True
AZE,Azerbaijan,1996,23,1,841,10339,0,0.22245865170712834,3176507376.31836,409.185543774103,1.29999940463827,7763000.0,1.01179991660887,83217.0,0.009906506084496032,0.13333154932754737,True
AZE,Azerbaijan,2000,31,3,925,10647,1,0.29116182962336806,5272615722.96892,655.097249579917,11.0999991434346,8048600.0,0.821519963674211,82605.0,0.015523304980219189,0.13062667818910628,True
AZE,Azerbaijan,2004,36,5,927,10557,3,0.3410059676044331,8680405740.94125,1045.0136328106,9.25380179728907,8306500.0,0.875427280482454,82672.0,0.019610133742803824,0.12794279544520634,True
AZE,Azerbaijan,2008,44,7,957,10899,5,0.403706762088265,48851293785.4483,5574.46810432575,10.591437462476,8763400.0,2.09985403259251,82627.0,0.07588131860073966,0.1283059479184348,True
AZE,Azerbaijan,2012,52,10,962,10517,7,0.49443757725587145,69679944504.1972,7495.86527658099,2.20293891708398,9295784.0,1.32876382733755,82658.0,0.09161752991210724,0.12953120743943214,True
AZE,Azerbaijan,2016,56,18,973,11179,10,0.5009392611145899,37866996882.9157,3880.6852276838,-3.06359842251706,9757812.0,1.11785721013911,82670.0,0.0491237120081903,0.1296164292934662,True
AZE,Azerbaijan,2020,44,7,1080,11273,18,0.390313137585381,42693000000.0,4229.91064904503,-4.19896065333343,10093121.0,0.684365325388407,82646.0,0.0494197706673831,0.1285115467556405,True
BDI,Burundi,1996,7,1,841,10339,0,0.06770480704129993,869033856.317093,143.156741187159,-7.99999999794093,6070506.0,0.0690460841637087,25680.0,0.0027102374291403195,0.10426252353241947,True
BDI,Burundi,2000,6,0,925,10647,1,0.05635390250774866,870486065.883137,134.537861752389,-0.856864058424151,6470194.0,2.07761630416467,25680.0,0.0025628305554052915,0.10500956060173028,True
BDI,Burundi,2004,7,0,927,10557,0,0.06630671592308421,915257323.3961,125.194965184533,4.83365776809453,7310656.0,3.72769286109058,25680.0,0.0020676819789914526,0.11260407694916878,True
BDI,Burundi,2008,3,0,957,10899,0,0.027525461051472612,1611835857.04588,189.502074570768,4.90874190813545,8505637.0,4.12553206908571,25680.0,0.002503684564379492,0.12453201017129334,True
BDI,Burundi,2012,6,0,962,10517,0,0.05705048968336978,2327402362.81574,231.098787811507,4.42303118490126,10071028.0,3.56852147814432,25680.0,0.0030601467482502956,0.14033377034108466,True
BDI,Burundi,2016,9,1,973,11179,0,0.08050809553627337,2618093125.14687,232.937812100153,3.20017470408993,11239451.0,1.72186004024144,25680.0,0.003396373181850141,0.14929755828856694,True
BDI,Burundi,2020,6,0,1080,11273,1,0.053224518761642865,3188355943.63513,252.702452750006,0.306443811651718,12617036.0,2.9086530249822,25680.0,0.003690717905521654,0.16064751545449613,True
BEL,Belgium,1988,59,2,738,8454,4,0.6978944878164183,162299103675.261,16391.093827791,4.72320872854138,9901664.0,0.317926245358661,30333.0,0.8281545606268453,0.1935090836787527,True
BEL,Belgium,1992,68,3,813,9386,2,0.7244832729597273,234781652446.675,23372.619171015,1.53065475142162,10045158.0,0.405713495856337,30333.0,0.9159911374147828,0.1834121374451666,True
BEL,Belgium,1996,61,6,841,10339,3,0.5899990327884709,279201433224.756,27489.5551770488,1.32143214432601,10156637.0,0.1953931762382,30333.0,0.8707395794707102,0.17444288898202923,True
BEL,Belgium,2000,68,5,925,10647,6,0.6386775617544849,236792460312.471,23098.8865077401,3.71670510672588,10251250.0,0.242517956221334,30333.0,0.697149531006814,0.16637511303656236,True
BEL,Belgium,2004,50,3,927,10557,5,0.4736193994506015,369214712443.206,35429.4077933344,3.57120671942319,10421137.0,0.432788248129175,30333.0,0.8341027029039573,0.16051398296484337,True
BEL,Belgium,2008,94,2,957,10899,3,0.8624644462794752,517328087920.078,48303.397956286,0.446905130727231,10709973.0,0.789976845480149,30333.0,0.8035721148549854,0.15680594722891147,True
BEL,Belgium,2012,111,3,962,10517,2,1.055434059142341,498414364944.961,44874.1709182123,0.215803612089744,11106932.0,0.620163579337378,30333.0,0.6553319368131577,0.1547684749245106,True
BEL,Belgium,2016,104,6,973,11179,3,0.9303157706413812,474271566739.729,41854.5498296444,1.19350273007754,11331422.0,0.506300002451376,30333.0,0.6152581872344597,0.15051924124562222,True
BEL,Belgium,2020,123,7,1080,11273,6,1.0911026346136787,529694473501.791,45906.2875805246,-4.7929839083518,11538604.0,0.430996815099722,30494.0,0.61315389886489,0.14691628560093756,True
BEN,Benin,1988,7,0,738,8454,0,0.08280104092737166,1620246083.79478,326.179757700303,3.40524529583226,4967341.0,3.04249160427487,112760.0,0.008267539088307138,0.097077178667131,True
BEN,Benin,1992,6,0,813,9386,0,0.06392499467291711,1695315305.70308,301.77329696287,2.95771082720395,5617844.0,3.08954460200877,112760.0,0.006614204214702666,0.10257486998945207,True
BEN,Benin,1996,5,0,841,10339,0,0.04836057645807138,2361116449.39308,369.394384135736,4.32428403131786,6391858.0,2.6166771873555,112760.0,0.007363563719857062,0.1097818279301402,True
BEN,Benin,2000,4,0,925,10647,0,0.03756926833849911,3519991440.47913,487.424141384242,5.85771420543269,7221619.0,3.07665265205002,112760.0,0.010363338337039034,0.11720499231137534,True
BEN,Benin,2004,4,0,927,10557,0,0.03788955195604812,6190270380.49856,758.695803786371,4.42968455385082,8159094.0,3.06173106096489,112760.0,0.013984603218850327,0.12567234029497507,True
BEN,Benin,2008,5,0,957,10899,0,0.04587576841912102,9787734526.23965,1060.60254502099,4.89657708429647,9228466.0,3.01959398464251,112760.0,0.015203409048427005,0.13511503274562914,True
BEN,Benin,2012,5,0,962,10517,0,0.047542074736141485,11141358115.8991,1071.5258366283,4.811223315688,10397657.0,2.96766540040992,112760.0,0.014649031621765994,0.14488515070391733,True
BEN,Benin,2016,6,0,973,11179,0,0.05367206369084891,11821065853.3838,1010.5338961993,3.33967342629693,11697842.0,2.92460216679542,112760.0,0.015335111902509168,0.15538652624985388,True
BEN,Benin,2020,7,0,1080,11273,0,0.06209527188858334,15686741883.934,1200.19426557789,3.84879240030133,13070169.0,2.66259875153288,112760.0,0.018158367564295116,0.16641707104746126,True
BFA,Burkina Faso,1988,6,0,738,8454,0,0.07097232079488999,2616040478.99309,301.129214663833,5.79559296458005,8687435.0,2.68703394002769,273600.0,0.013348723464286137,0.16977930036494115,True
BFA,Burkina Faso,1992,4,0,813,9386,0,0.04261666311527807,3356692505.18266,348.592443894547,0.232710761845951,9629275.0,2.46694750828756,273600.0,0.013096000278268275,0.1758186292139264,True
BFA,Burkina Faso,1996,5,0,841,10339,0,0.04836057645807138,2586550595.41013,242.733171352672,11.014743869558,10655942.0,2.55894111772828,273600.0,0.008066620402747398,0.1830185825588669,True
BFA,Burkina Faso,2000,4,0,925,10647,0,0.03756926833849911,2968370087.59759,248.908526921752,1.88847388906525,11925546.0,2.98414422391968,273600.0,0.008739289298707148,0.19354850030705759,True
BFA,Burkina Faso,2004,5,0,927,10557,0,0.04736193994506015,5451688537.60959,403.81283743461,4.47845213670386,13500533.0,3.14512608695879,273600.0,0.012316053481509513,0.2079450950484871,True
BFA,Burkina Faso,2008,6,0,957,10899,0,0.055050922102945224,9451435490.11467,619.437533256264,5.79999174105387,15258093.0,2.93816522811728,273600.0,0.014681031597844053,0.22339549556024313,True
BFA,Burkina Faso,2012,5,0,962,10517,0,0.047542074736141485,12561015156.5683,731.470138867833,6.45267237953146,17172287.0,3.0171707485343,273600.0,0.01651564435106588,0.23928558038853567,True
BFA,Burkina Faso,2016,5,0,973,11179,0,0.04472671974237409,12833363045.3367,663.742364842886,5.95797670754024,19334856.0,2.92508251378454,273600.0,0.016648334492564344,0.25683165402483166,True
BFA,Burkina Faso,2020,7,1,1080,11273,0,0.06209527188858334,17725010532.5268,825.237038782475,2.01077262406221,21478690.0,2.43522959287393,273600.0,0.02051778876149309,0.27347930082131267,True
BGD,Bangladesh,1988,6,0,738,8454,0,0.07097232079488999,26579005558.3652,247.901465967332,2.41625685565774,107216008.0,2.12729956278453,130170.0,0.13562320537597397,2.0953318011774402,True
BGD,Bangladesh,1992,6,0,813,9386,0,0.06392499467291711,31708874594.1645,273.465072520272,5.44268554966725,115952192.0,1.8848730627462,130170.0,0.1237108939432494,2.117143341714719,True
BGD,Bangladesh,1996,4,0,841,10339,0,0.038688461166457105,46438484107.5795,371.917937677345,4.52291921684423,124862179.0,1.82805195849607,130170.0,0.14482671401812028,2.144540484153491,True
BGD,Bangladesh,2000,5,0,925,10647,0,0.04696158542312388,53369787318.6245,396.670730249751,5.29329471892532,134544304.0,1.82732806740512,130170.0,0.15712798519857657,2.1836189524619543,True
BGD,Bangladesh,2004,4,0,927,10557,0,0.03788955195604812,65108544250.0425,455.614016909798,5.23953291029852,142902856.0,1.36154790691024,130170.0,0.1470884309613098,2.201094428910345,True
BGD,Bangladesh,2008,5,0,957,10899,0,0.04587576841912102,91636997370.9772,613.06204104124,6.01378975738535,149474264.0,0.9984405660693,130170.0,0.14234088095315842,2.1884699011719624,True
BGD,Bangladesh,2012,5,0,962,10517,0,0.047542074736141485,133310747603.483,859.680536375497,6.52145877906443,155070101.0,0.958355912717609,130170.0,0.17528144565947223,2.160809397064808,True
BGD,Bangladesh,2016,7,0,973,11179,0,0.06261740763932373,265224515675.034,1649.28380858601,7.11347821270093,160811932.0,0.892432416039535,130170.0,0.34406775815407425,2.1361211318299325,True
BGD,Bangladesh,2020,6,0,1080,11273,0,0.053224518761642865,373979442362.193,2248.85078828233,3.44801755122445,166298024.0,0.836310836229073,130170.0,0.43290418279004506,2.1174041494842504,True
BGR,Bulgaria,1988,172,35,738,8454,0,2.0345398627868465,23003003707.7017,2561.16929364177,10.9446917287804,8981446.0,0.112372423824029,110630.0,0.11737614070109721,0.17552518299653458,True
BGR,Bulgaria,1992,138,16,813,9386,35,1.4702748774770935,8602874120.17193,1007.34296439412,-7.27238740564677,8540164.0,-1.07385319076042,110630.0,0.03356376602793641,0.15593281194504494,True
BGR,Bulgaria,1996,110,15,841,10339,16,1.0639326820775703,12295588923.8007,1470.26721873691,5.20547920578709,8362826.0,-0.515729879636827,110630.0,0.03834599201443372,0.14363371729185828,True
BGR,Bulgaria,2000,91,13,925,10647,15,0.8547008547008547,13246669553.9701,1621.3452487867,4.58722553234129,8170172.0,-0.493896416633318,110630.0,0.03900001484323497,0.13259976003201138,True
BGR,Bulgaria,2004,95,12,927,10557,13,0.8998768589561429,26159078743.1056,3389.86047992391,6.5104241389717,7716860.0,-0.754796951273604,108760.0,0.05909666530002693,0.11886072840056523,True
BGR,Bulgaria,2008,70,5,957,10899,12,0.6422607578676943,54483464293.1671,7271.67443724077,6.12955885899744,7492561.0,-0.70192274454598,108610.0,0.08462983868266236,0.10969944786745964,True
BGR,Bulgaria,2012,63,2,962,10517,5,0.5990301416753827,54299825600.0647,7432.33753378983,0.748814556346105,7305888.0,-0.579220596364389,108560.0,0.07139523332766824,0.10180319315264402,True
BGR,Bulgaria,2016,51,3,973,11179,2,0.4562125413722158,53932152153.5457,7822.89886431732,3.02662820096305,6894139.0,-1.29824041616821,108560.0,0.06996455300018721,0.09157725935207892,True
BGR,Bulgaria,2020,42,6,1080,11273,3,0.37257163133150006,70490478088.1395,10760.7616180234,-3.13323543125917,6550696.0,-1.00293821352921,108560.0,0.0815970595027299,0.08340731031422166,True
BHR,Bahrain,1988,7,0,738,8454,0,0.08280104092737166,4209834172.87234,8771.7853534009,6.99999164945342,479929.0,3.6226506709969,690.0,0.021481285421777702,0.009379294330817536,True
BHR,Bahrain,1992,10,0,813,9386,0,0.10654165778819519,5402232446.80851,10460.1583222808,6.68999812735618,516458.0,2.63004242215019,710.0,0.02107659176926136,0.009429883101953782,True
BHR,Bahrain,1996,5,0,841,10339,0,0.04836057645807138,6938166755.31915,12091.7802188235,4.11000631738246,573792.0,2.63339695459039,710.0,0.02163791329094292,0.009855027225525193,True
BHR,Bahrain,2000,4,0,925,10647,0,0.03756926833849911,9062898936.17021,14214.4836839343,5.30006940305884,637582.0,2.63695278007044,710.0,0.026682419425752547,0.010347789520309961,True
BHR,Bahrain,2004,10,0,927,10557,0,0.0947238798901203,13150159574.4681,15963.9493171617,6.98096175867695,823741.0,7.46118982341814,730.0,0.029707872614554667,0.012687862067396584,True
BHR,Bahrain,2008,14,0,957,10899,0,0.12845215157353887,25710904255.3191,23299.4992780392,6.24501094995797,1103496.0,5.99407232077657,760.0,0.03993706545172677,0.01615641192963931,True
BHR,Bahrain,2012,12,1,962,10517,0,0.11410097936673956,31963404255.3191,26438.6733230428,3.80302899043062,1208964.0,1.1600872869288,770.0,0.04202655679896645,0.016846192496599063,True
BHR,Bahrain,2016,33,2,973,11179,1,0.295196350299669,33884680851.0638,23800.001440631,3.81499327422425,1423726.0,3.82316300255316,779.0,0.043957573629718784,0.018911850362793366,True
BHR,Bahrain,2020,32,1,1080,11273,2,0.2838641000620953,35837632978.7234,24342.8444554718,-5.9113629524152,1472204.0,-0.781611308056263,785.0,0.04148426212892877,0.018744966317142238,True
BHS,"Bahamas, The",1988,16,0,738,8454,0,0.18925952211970665,2817900000.0,10575.797153666,2.30970766214169,266448.0,1.70827212376845,10010.0,0.014378740754229461,0.005207216517146643,True
BHS,"Bahamas, The",1992,14,1,813,9386,0,0.14915832090347325,3109000000.0,10873.4047501635,-3.82558229706301,285927.0,1.83396180238937,10010.0,0.012129637970196042,0.005220672708511319,True
BHS,"Bahamas, The",1996,26,1,841,10339,1,0.25147499758197117,3609000000.0,11783.797197226,4.22353036224139,306268.0,1.58198810753699,10010.0,0.011255311643690936,0.005260232764324266,True
BHS,"Bahamas, The",2000,25,3,925,10647,1,0.23480792711561943,8076470000.0,24940.0775086078,4.14841930754267,323835.0,1.31201091278679,10010.0,0.023778237133313253,0.005255757564218527,True
BHS,"Bahamas, The",2004,22,2,927,10557,3,0.20839253575826466,9055290000.0,26650.2934234303,0.882373744518318,339782.0,1.23306270632529,10010.0,0.02045704466812387,0.0052335711698023365,True
BHS,"Bahamas, The",2008,25,2,957,10899,2,0.2293788420956051,10526000000.0,29392.3824416397,-2.32364807041851,358120.0,1.34543405372794,10010.0,0.01635016593622559,0.005243276133526927,True
BHS,"Bahamas, The",2012,21,1,962,10517,2,0.19967671389179423,10720400000.0,28552.0242683151,4.52003886739061,375469.0,1.00108170366546,10010.0,0.014095541761095872,0.0052319366420386,True
BHS,"Bahamas, The",2016,29,2,973,11179,1,0.2594149745057697,11880900000.0,30616.5363157284,-1.15650811269629,388055.0,0.700545015838571,10010.0,0.015412732934768953,0.005154670275413794,True
BHS,"Bahamas, The",2020,15,2,1080,11273,2,0.13306129690410715,10363200000.0,26178.7537607708,-20.0893664891399,395863.0,0.300555038290333,10010.0,0.01199604074157882,0.005040360304144587,True
BIH,Bosnia and Herzegovina,1992,10,0,813,9386,0,0.10654165778819519,4735044707.23969,1118.17569934079,-6.43690762214798,4234616.0,-5.14845213063333,51200.0,0.018473585741881744,0.07731884076084235,True
BIH,Bosnia and Herzegovina,1996,9,0,841,10339,0,0.08704903762452848,2786045321.63743,718.933797141505,54.199300436288,3875246.0,4.20786610562907,51200.0,0.008688780368100979,0.06655836058294225,True
BIH,Bosnia and Herzegovina,2000,9,0,925,10647,0,0.08453085376162299,5567772768.81188,1338.48059636261,5.41431598814764,4159771.0,0.710877055593974,51200.0,0.016392287868488706,0.06751199808132803,True
BIH,Bosnia and Herzegovina,2004,9,0,927,10557,0,0.08525149190110827,10156541220.9704,2452.6860917386,6.32526794858342,4140987.0,-0.902366959162245,51200.0,0.022944910370737197,0.06378251401700581,True
BIH,Bosnia and Herzegovina,2008,5,0,957,10899,0,0.04587576841912102,19112796623.1175,4841.69311934649,5.44184730165964,3947544.0,-1.65511289388464,51200.0,0.029688143292162572,0.05779644599923885,True
BIH,Bosnia and Herzegovina,2012,6,0,962,10517,0,0.05705048968336978,17226735995.6905,4693.78899115381,-0.821837252962993,3670113.0,-1.93437927837206,51200.0,0.022650290719994484,0.05114083635432542,True
BIH,Bosnia and Herzegovina,2016,11,0,973,11179,0,0.098398783433223,17116926553.8513,4928.5665903114,3.24225822231566,3473003.0,-1.30267774814121,51200.0,0.02220527212909503,0.04613311342599099,True
BIH,Bosnia and Herzegovina,2020,7,0,1080,11273,0,0.06209527188858334,20226038369.9191,6130.31187968266,-3.01509335460439,3299349.0,-1.39008469041609,51200.0,0.02341288215283754,0.04200924999082799,True
BLR,Belarus,1996,157,15,841,10339,0,1.5185221007834413,14500437519.8258,1427.26896385327,2.80000456599095,10159569.0,-0.336671341030207,202854.0,0.04522220649917103,0.17449324684659553,True
BLR,Belarus,2000,139,17,925,10647,15,1.305532074762844,12736856827.9847,1276.2880341,5.80000327485702,9979610.0,-0.471131334643547,202848.0,0.037499056145677535,0.16196646670511478,True
BLR,Belarus,2004,151,13,927,10557,17,1.4303305863408164,23141566292.9462,2378.33700470129,11.4497432088167,9730146.0,-0.682169472243919,202815.0,0.05227972327171743,0.14987083360380338,True
BLR,Belarus,2008,177,18,957,10899,13,1.624002202036884,60752106347.126,6376.17569162063,10.1999994860937,9527985.0,-0.345415054298517,202902.0,0.09436699788625631,0.13950032489417669,True
BLR,Belarus,2012,160,12,962,10517,18,1.5213463915565275,65685890438.8922,6953.21591683101,1.70785253368828,9446836.0,-0.156617600248906,202899.0,0.08636601356256977,0.13163602699485005,True
BLR,Belarus,2016,120,9,973,11179,12,1.0734412738169783,47723545321.259,5039.77560949445,-2.5264464460425,9469379.0,0.0877210878706449,202988.0,0.061910314768822854,0.12578507288381183,True
BLR,Belarus,2020,103,7,1080,11273,9,0.9136875720748692,61371673344.7424,6542.85579976768,-0.672742918585868,9379952.0,-0.42347525027949,202980.0,0.07104148272950409,0.11943106002728628,True
BLZ,Belize,1988,10,0,738,8454,0,0.11828720132481665,421450000.0,2405.81116565818,9.78848090834173,175180.0,2.21758029647318,22810.0,0.002150509347695094,0.003423558028109608,True
BLZ,Belize,1992,10,0,813,9386,0,0.10654165778819519,695741150.0,3642.9480634402,12.7362233602929,190983.0,2.08619211260685,22810.0,0.002714406005296835,0.0034871129200446872,True
BLZ,Belize,1996,5,0,841,10339,0,0.04836057645807138,850339100.0,4043.26517997242,1.10530578663676,210310.0,2.97472085581548,22810.0,0.002651934489696778,0.0036121290917269728,True
BLZ,Belize,2000,2,0,925,10647,0,0.018784634169249553,1138138100.0,4726.50675459616,12.2406120663359,240799.0,3.26709202067925,22810.0,0.0033508349108284426,0.0039081049476006515,True
BLZ,Belize,2004,2,0,927,10557,0,0.01894477597802406,1400202000.0,5153.71308265363,4.78066505273344,271688.0,2.95389266992451,22810.0,0.0031632332988116756,0.004184737519884093,True
BLZ,Belize,2008,4,0,957,10899,0,0.036700614735296816,1738453600.0,5711.81458859709,-1.62747776449082,304361.0,2.75172617782414,22810.0,0.0027003614699248287,0.004456184427779485,True
BLZ,Belize,2012,3,0,962,10517,0,0.02852524484168489,1917083500.0,5732.66519942347,3.94389321816617,334414.0,2.15086754763262,22810.0,0.0025206457346514904,0.004659859696035349,True
BLZ,Belize,2016,3,0,973,11179,0,0.026836031845424456,2239604950.0,6140.86713919469,-0.0187414958130319,364705.0,2.32231207163985,22810.0,0.0029053718972246695,0.004844504059462674,True
BLZ,Belize,2020,3,0,1080,11273,0,0.026612259380821433,2047284600.0,5238.54078175696,-13.5228997055506,390812.0,1.28323598131052,22810.0,0.002369857714914978,0.004976048004444351,True
BMU,Bermuda,1988,12,0,738,8454,0,0.14194464158977999,1415100032.0,24958.1127004004,4.05622489892114,56699.0,0.768390169191453,54.0,0.007220751801493955,0.0011080735051706054,True
BMU,Bermuda,1992,20,0,813,9386,0,0.21308331557639038,1679900000.0,28761.9634632835,-0.0597382143839553,58407.0,0.726863524436884,54.0,0.0065540620219145486,0.0010664394439350625,True
BMU,Bermuda,1996,9,0,841,10339,0,0.08704903762452848,2695390000.0,45063.6149332085,2.60047542898441,59813.0,0.480983673904791,54.0,0.008406055542058219,0.0010273038722051514,True
BMU,Bermuda,2000,6,0,925,10647,0,0.05635390250774866,3480219000.0,56542.9569455727,9.31715641086083,61550.0,0.694526488745174,54.0,0.010246242808784322,0.0009989404421314877,True
BMU,Bermuda,2004,10,0,927,10557,0,0.0947238798901203,4484703000.0,71692.1589001679,2.32126722323136,62555.0,0.270527854058021,54.0,0.010131510928337925,0.0009635179159784365,True
BMU,Bermuda,2008,6,0,957,10899,0,0.055050922102945224,6980000000.0,110268.562401264,-1.86595582635186,63300.0,0.459188519616631,54.0,0.010842120295920066,0.0009267825847544244,True
BMU,Bermuda,2012,8,0,962,10517,0,0.07606731957782638,6378188000.0,100213.493385287,-5.30529910675297,63646.0,-0.136600245767712,54.0,0.008386255672747337,0.0008868690611453641,True
BMU,Bermuda,2016,8,0,973,11179,0,0.07156275158779855,6899911000.0,108747.356144305,-0.657206304259205,63449.0,-0.0236382404794606,54.0,0.008951046260525262,0.0008428152563547173,True
BMU,Bermuda,2020,2,1,1080,11273,0,0.017741506253880955,6887364000.0,106976.546239632,-6.97162571479863,64382.0,0.428052860400885,54.0,0.007972547007303078,0.0008197494514552681,True
BOL,Bolivia,1988,7,0,738,8454,0,0.08280104092737166,4597612362.2748,672.607268146683,2.90949796034215,6835508.0,2.11937999087102,1083300.0,0.02345997950445007,0.13358692938467548,True
BOL,Bolivia,1992,13,0,813,9386,0,0.13850415512465375,5643868748.68126,759.57113496365,1.64649821845634,7430336.0,2.04005205570035,1083300.0,0.022019326044646844,0.13566872792799967,True
BOL,Bolivia,1996,8,0,841,10339,0,0.07737692233291421,7396949126.35685,922.113259069714,4.36134197138718,8021736.0,1.85028162992902,1083300.0,0.02306870812681456,0.13777540759713547,True
BOL,Bolivia,2000,5,0,925,10647,0,0.04696158542312388,8397855484.76908,975.777060358751,2.50781081484664,8606326.0,1.71712723342906,1083300.0,0.024724440148744996,0.13967842566316357,True
BOL,Bolivia,2004,7,0,927,10557,0,0.06630671592308421,8773451751.5121,953.191893246277,4.1732955905708,9204287.0,1.68272509947837,1083300.0,0.01982033644138538,0.14177116822488076,True
BOL,Bolivia,2008,7,0,957,10899,0,0.06422607578676943,16674276285.8956,1692.67248455876,6.14849787777658,9850858.0,1.68811436886035,1083300.0,0.025900359504167244,0.14422754564437282,True
BOL,Bolivia,2012,5,0,962,10517,0,0.047542074736141485,27084497481.9103,2575.59857098084,5.12227560125973,10515807.0,1.59965176170266,1083300.0,0.035611606407835776,0.1465315005071151,True
BOL,Bolivia,2016,12,0,973,11179,0,0.10734412738169782,33941126193.9219,3035.87347732132,4.26392086992173,11180020.0,1.48970583998181,1083300.0,0.04403079846915716,0.14850811553138532,True
BOL,Bolivia,2020,5,0,1080,11273,0,0.044353765634702384,42313784081.042,3580.96761778303,-12.7194690092717,11816299.0,1.23396442673807,1083300.0,0.048980804941190864,0.15045206149982035,True
BRA,Brazil,1988,160,6,738,8454,8,1.8925952211970665,307881930752.268,2140.65027561164,-0.059999999999917,143826357.0,1.91028205578332,8358140.0,1.571011911422864,2.810811046701156,True
BRA,Brazil,1992,182,3,813,9386,6,1.9390581717451523,328191909882.232,2127.31642731638,-0.54407204977727,154275079.0,1.66724681782032,8358140.0,1.2804274852424185,2.8168717698528916,True
BRA,Brazil,1996,221,15,841,10339,3,2.137537479446755,850426432991.742,5179.13052002464,2.20886405039022,164202549.0,1.51410759163045,8358140.0,2.652206853243143,2.820221597539935,True
BRA,Brazil,2000,198,12,925,10647,15,1.8596787827557058,655448231983.527,3766.54811466032,4.38794944745618,174018282.0,1.37521128317928,8358140.0,1.9297296329603428,2.8242713169787472,True
BRA,Brazil,2004,243,10,927,10557,12,2.3017902813299234,669289424806.307,3663.823188064,5.75996463670954,182675143.0,1.12991417032023,8358140.0,1.5120094065640697,2.813696316592165,True
BRA,Brazil,2008,268,16,957,10899,10,2.4589411872648865,1695855083497.52,8908.33176538648,5.09419544658736,190367302.0,0.957984635895359,8358140.0,2.6341926675827625,2.7871895766237933,True
BRA,Brazil,2012,248,17,962,10517,16,2.3580869069126176,2465227802806.76,12521.7213519966,1.92117598576537,196876111.0,0.811598483382088,8358140.0,3.241364263001129,2.743351219629207,True
BRA,Brazil,2016,462,19,973,11179,17,4.132748904195366,1795693482853.01,8836.28652735657,-3.27591690782192,203218114.0,0.761972670496742,8358140.0,2.329498950746034,2.699417277606143,True
BRA,Brazil,2020,310,21,1080,11273,19,2.749933469351548,1476107231310.49,7074.19378337644,-3.2767587964736,208660842.0,0.579350709708032,8358140.0,1.7086848160548624,2.6567924384097164,True
BRB,Barbados,1988,17,0,738,8454,0,0.20108824225218833,1812757917.76463,7032.65370811416,3.50538227987897,257763.0,0.187945892751294,430.0,0.009249858458325145,0.0050374848041992056,True
BRB,Barbados,1992,17,0,813,9386,0,0.1811208182399318,1957000000.0,7519.20143544898,-5.69252080356588,260267.0,0.34408470557972,430.0,0.007635156483651867,0.00475215290555322,True
BRB,Barbados,1996,13,0,841,10339,0,0.12573749879098559,2363645403.47039,9011.77884838722,3.97647593869304,262284.0,0.0934538510922293,430.0,0.007371450715222177,0.00450479609478635,True
BRB,Barbados,2000,18,1,925,10647,0,0.16906170752324598,3059500000.0,11674.6736471764,4.44718949183194,262063.0,-0.173090896850965,430.0,0.00900758827920761,0.00425321412000494,True
BRB,Barbados,2004,10,0,927,10557,1,0.0947238798901203,3444500000.0,12886.3665272467,1.411597864066,267298.0,0.57102921384559,430.0,0.007781560873186024,0.004117119525301001,True
BRB,Barbados,2008,8,0,957,10899,0,0.07340122947059363,4790410400.0,17565.6929970592,0.633460425791839,272714.0,0.524263979237198,430.0,0.007441003699659966,0.0039928370587475216,True
BRB,Barbados,2012,6,0,962,10517,0,0.05705048968336978,5486500500.0,19811.2953079751,-2.85797051387257,276938.0,0.288929228963865,430.0,0.007213835017352279,0.003858965906034548,True
BRB,Barbados,2016,11,0,973,11179,0,0.098398783433223,5679029450.0,20311.4094163764,1.41632446821541,279598.0,0.217691837314076,430.0,0.007367233479074633,0.0037139980148822877,True
BRB,Barbados,2020,8,0,1080,11273,0,0.07096602501552382,5403246950.0,19180.9915228365,-17.4059314651747,281698.0,0.174452216457154,430.0,0.0062545903339713115,0.003586744446833682,True
BRN,Brunei Darussalam,1996,1,0,841,10339,0,0.009672115291614276,7663377306.04996,25692.2357348562,-0.027315465853718,298276.0,2.40260865216409,5270.0,0.023899612031804098,0.005122968080281273,True
BRN,Brunei Darussalam,2000,2,0,925,10647,0,0.018784634169249553,6570999087.56742,20130.2572346624,3.47467627672586,326424.0,2.17184750364769,5270.0,0.019345923962692007,0.005297776358770572,True
BRN,Brunei Darussalam,2004,1,0,927,10557,0,0.00947238798901203,8619178773.51458,24423.0946995548,0.104538372603315,352911.0,1.79377776163247,5270.0,0.019471814284504736,0.005435793641529311,True
BRN,Brunei Darussalam,2012,3,0,962,10517,0,0.02852524484168489,19048443340.7732,46968.5971164922,0.913135189664487,405557.0,1.53255515873327,5270.0,0.025045532684763366,0.005651194982103046,True
BRN,Brunei Darussalam,2016,3,0,973,11179,0,0.026836031845424456,11400266044.6651,26663.2972950602,-2.47791771833224,427564.0,1.25964272152269,5270.0,0.014789221012864175,0.005679482139482866,True
BRN,Brunei Darussalam,2020,2,0,1080,11273,0,0.017741506253880955,12005799653.9835,26834.3592233943,1.1335733495246,447404.0,1.06148281648515,5270.0,0.013897450766599019,0.005696610598907968,True
BTN,Bhutan,1988,3,0,738,8454,0,0.035486160397444996,272298066.556045,488.877757351253,4.76737301961812,556986.0,2.99400155331813,46723.0,0.0013894401174233614,0.010885226006648352,True
BTN,Bhutan,1992,6,0,813,9386,0,0.06392499467291711,240233531.160464,415.791522568451,4.60089124887257,577774.0,-3.73868016502051,46723.0,0.0009372614220901377,0.01054943728115015,True
BTN,Bhutan,1996,2,0,841,10339,0,0.019344230583228553,303408345.620078,552.873891403681,5.56517288179062,548784.0,0.144970771387412,39800.0,0.0009462331629954746,0.009425508304285554,True
BTN,Bhutan,2000,2,0,925,10647,0,0.018784634169249553,460733418.399276,771.924911410619,3.35506838174288,596863.0,2.42228077592733,39800.0,0.0013564624740684999,0.009686930773548758,True
BTN,Bhutan,2004,2,0,927,10557,0,0.01894477597802406,735348490.428435,1130.35934606796,5.15725736177561,650544.0,1.99990053168434,38117.0,0.001661245185447617,0.010020155049672705,True
BTN,Bhutan,2008,2,0,957,10899,0,0.018350307367648408,1317517834.59916,1919.59774896395,4.52944877696235,686351.0,1.12968896454968,38117.0,0.0020465167413673655,0.010048943978337818,True
BTN,Bhutan,2012,2,0,962,10517,0,0.019016829894456595,1973387227.96519,2751.2128864294,5.16482012683895,717279.0,1.10777662014052,38117.0,0.00259467576607184,0.009994855188217416,True
BTN,Bhutan,2016,2,0,973,11179,0,0.01789068789694964,2357504760.78592,3152.30905106786,8.47594339232963,747866.0,0.973884473914115,38144.0,0.003058319762849595,0.009934165621349068,True
BTN,Bhutan,2020,4,0,1080,11273,0,0.03548301250776191,2457604333.90927,3191.66906999331,-10.2183974208569,770006.0,0.675256502719854,38140.0,0.002844828018011452,0.00980416880676688,True
BWA,Botswana,1988,8,0,738,8454,0,0.09462976105985332,2644554158.72794,2140.51439180359,19.4499695097307,1235476.0,2.982917184193,566730.0,0.013494218623396302,0.02414501528905552,True
BWA,Botswana,1992,6,0,813,9386,0,0.06392499467291711,4146464586.61674,3004.61263362306,2.91707018751026,1380033.0,2.81282080899369,566730.0,0.016177264165937486,0.025197692487750376,True
BWA,Botswana,1996,7,0,841,10339,0,0.06770480704129993,4847757217.75815,3156.26865681161,5.82980001379714,1535914.0,2.44368367103611,566730.0,0.015118597467115568,0.026379723464365658,True
BWA,Botswana,2000,7,0,925,10647,0,0.06574621959237344,5788329609.15755,3450.81180622992,1.98769583378552,1677382.0,2.13210606291764,566730.0,0.017041637504049002,0.027223472245384225,True
BWA,Botswana,2004,11,0,927,10557,0,0.10419626787913233,8957467706.5354,4956.69287735214,2.70582170611173,1807146.0,1.75338203751141,566730.0,0.020236051742779277,0.027834985976960557,True
BWA,Botswana,2008,11,0,957,10899,0,0.10092669052206625,10730829116.4105,5503.07395314313,3.25207295796832,1949970.0,2.0082147581123,566730.0,0.01666832953511236,0.028549735178413665,True
BWA,Botswana,2012,4,1,962,10517,0,0.03803365978891319,13907464500.1489,6595.53845015424,-0.170857099335691,2108617.0,1.67774021157009,566730.0,0.01828600114294309,0.029382320634527767,True
BWA,Botswana,2016,12,0,973,11179,1,0.10734412738169782,15082637184.0496,6749.05994339013,7.20442475914267,2234776.0,1.41970172619868,566730.0,0.019566249936433446,0.029685311152821477,True
BWA,Botswana,2020,13,1,1080,11273,0,0.1153197906502262,14960251607.8135,6323.2974967659,-8.72888243996397,2365894.0,1.4394103578493,566730.0,0.017317410432260382,0.03012395248208055,True
CAF,Central African Republic,1988,15,0,738,8454,0,0.177430801987225,1264899287.51261,466.070596898859,1.71016528472386,2713965.0,1.66487223139615,622980.0,0.006454330861759954,0.05303925484506503,True
CAF,Central African Republic,1992,15,0,813,9386,0,0.15981248668229278,1411917553.12436,461.587303490896,-6.42407819946331,3058831.0,3.17660886218298,622980.0,0.005508539325559191,0.055850463655577776,True
CAF,Central African Republic,1996,5,0,841,10339,0,0.04836057645807138,1007791127.09913,293.306575328658,-4.00009296364789,3435965.0,2.59191336397251,622980.0,0.0031429767822796486,0.05901359485833136,True
CAF,Central African Republic,2000,3,0,925,10647,0,0.02817695125387433,916777282.691659,239.154133726071,-2.48943244028874,3833416.0,2.74955419856204,622980.0,0.002699118256648861,0.06221534157455595,True
CAF,Central African Republic,2004,4,0,927,10557,0,0.03788955195604812,1272360517.32373,303.461321152782,5.99488422798696,4192826.0,2.16355960798951,622980.0,0.0028744232307136206,0.06458097625417959,True
CAF,Central African Republic,2008,3,0,957,10899,0,0.027525461051472612,1993407888.49838,437.24827472489,2.05413096200485,4558984.0,2.1330142206447,622980.0,0.0030963851183288607,0.06674860940559343,True
CAF,Central African Republic,2012,6,0,962,10517,0,0.05705048968336978,2510126512.22831,544.395849142785,5.05376125356918,4610848.0,0.998867377606297,622980.0,0.0033003985932192896,0.06424941766715865,True
CAF,Central African Republic,2016,6,0,973,11179,0,0.05367206369084891,1825018144.65595,387.176203444318,4.75031684122342,4713663.0,1.80553237158984,622980.0,0.0023675409493127365,0.06261323408902814,True
CAF,Central African Republic,2020,2,0,1080,11273,0,0.017741506253880955,2326720900.38047,462.879071294011,0.899999996857062,5026628.0,1.64324789708014,622980.0,0.00269332240188813,0.06400198107653834,True
CAN,Canada,1988,328,10,738,8454,44,3.879820203453986,509380027626.554,19012.5723278349,4.41083906453277,26791747.0,1.29662488995999,8965590.0,2.5991849826553324,0.5235934497598557,True
CAN,Canada,1992,295,18,813,9386,10,3.142978904751758,594387358318.855,20950.3305287651,0.890466243956382,28371264.0,1.18367554138942,8965590.0,2.3189782793402713,0.5180241238874597,True
CAN,Canada,1996,303,22,841,10339,18,2.9306509333591255,630607994132.747,21296.9723536904,1.68896122145787,29610218.0,1.04531178311831,8965590.0,1.9666637569872243,0.5085632154922621,True
CAN,Canada,2000,294,14,925,10647,22,2.7613412228796843,744773415931.587,24271.0020563821,5.13853918994158,30685730.0,0.931281553452429,8965590.0,2.192715244978192,0.4980213922555232,True
CAN,Canada,2004,262,12,927,10557,14,2.481765653121152,1026691006917.76,32145.5653280273,3.09236381038156,31938807.0,0.932186964148048,8965590.0,2.319424754908754,0.49194489264611146,True
CAN,Canada,2008,332,19,957,10899,12,3.0461510230296356,1552993439550.14,46710.3654423328,0.995406371264522,33247298.0,1.083871149194,8965590.0,2.4122839097961726,0.48677751621707116,True
CAN,Canada,2012,273,18,962,10517,19,2.595797280593325,1828359477071.97,52670.1429540952,1.75566133205234,34713395.0,1.08374652233653,8965590.0,2.403988411193926,0.4837104615029723,True
CAN,Canada,2016,310,22,973,11179,18,2.773056624027194,1527996250640.92,42314.1033623905,1.03855091989323,36110803.0,1.13153974027004,8965590.0,1.982223412069522,0.47967242490220013,True
CAN,Canada,2020,378,24,1080,11273,22,3.3531446819835002,1655686966881.99,43537.8981198851,-5.03823342794087,38028638.0,1.08436897113225,8965590.0,1.9165593938182621,0.4842029626307192,True
CHE,Switzerland,1988,99,4,738,8454,8,1.171043293115685,218788504066.152,33183.0267583533,2.55903865202789,6593386.0,0.734943056123237,39529.11,1.1163998651381801,0.12885511800847982,True
CHE,Switzerland,1992,102,1,813,9386,4,1.0867249094395908,284139428246.338,41327.1832947809,-1.15859267203984,6875364.0,1.10252107229095,39529.43,1.108558506814595,0.12553562691134876,True
CHE,Switzerland,1996,115,7,841,10339,1,1.1122932585356418,345373647249.191,48837.8072568268,0.560166924751584,7071850.0,0.441636406706345,39528.454,1.0771094578298213,0.12146086784902949,True
CHE,Switzerland,2000,102,9,925,10647,7,0.9580163426317273,282327351965.893,39298.0968042444,3.63321673470911,7184250.0,0.561954617400164,39523.581,0.8312105070984475,0.11659850319062778,True
CHE,Switzerland,2004,98,5,927,10557,9,0.928294022923179,409012909529.554,55349.6164595028,2.58692895529093,7389625.0,0.687425960233006,39518.694,0.9240118604799397,0.11382041531231964,True
CHE,Switzerland,2008,83,7,957,10899,5,0.7615377557574089,574703945157.419,75147.5376709155,2.53159615417233,7647675.0,1.27061807385776,39514.422,0.8926947432573903,0.11197048979244538,True
CHE,Switzerland,2012,98,4,962,10517,7,0.9318246648283731,697882536676.898,87269.5594780124,1.12413575027705,7996861.0,1.06181932886789,39512.028,0.9175993843577419,0.11143148991578383,True
CHE,Switzerland,2016,102,7,973,11179,4,0.9124250827444316,698607778794.566,83432.4111596314,1.91159094214852,8373338.0,1.09203117387253,39509.63,0.9062827833508228,0.111225976973864,True
CHE,Switzerland,2020,113,13,1080,11273,7,1.002395103344274,756096180222.082,87529.7016394892,-2.2552579425106,8638167.0,0.730676195047382,39509.63,0.8752277850949725,0.10998621757368518,True
CHL,Chile,1988,17,1,738,8454,0,0.20108824225218833,26174858613.8456,2013.53987790886,7.35081069623416,12999424.0,1.62297053532028,743532.0,0.13356098736189922,0.2540488777029382,True
CHL,Chile,1992,12,0,813,9386,1,0.12784998934583422,46538895685.8088,3351.84108855522,11.5019314370192,13884577.0,1.61244609996212,743532.0,0.1815696224514568,0.2535151707013467,True
CHL,Chile,1996,21,0,841,10339,0,0.2031144211238998,78584098983.6374,5333.50438729711,7.1148626270751,14734046.0,1.41256567140629,743532.0,0.24507856034898728,0.2530610821903069,True
CHL,Chile,2000,50,1,925,10647,0,0.46961585423123886,78339750721.364,5052.99245766325,4.9716214882971,15503635.0,1.19601925947085,743532.0,0.23064298754495974,0.2516199512842438,True
CHL,Chile,2004,22,3,927,10557,1,0.20839253575826466,99075985773.6682,6120.59152055344,6.67425416822923,16187322.0,1.00938163923532,743532.0,0.2238251747332593,0.24932898663115496,True
CHL,Chile,2008,26,1,957,10899,3,0.23855399577942932,179894594475.405,10683.2188772511,3.78939280635238,16838988.0,0.999137869915681,743532.0,0.27943249769170464,0.2465415611893955,True
CHL,Chile,2012,35,0,962,10517,1,0.3327945231529904,267024782486.855,15241.9069981119,6.15534001855494,17519119.0,0.959562935237505,743532.0,0.35109314697128896,0.24411847751035273,True
CHL,Chile,2016,42,0,973,11179,0,0.37570444583594237,249344863928.438,13649.8520452803,1.753038749071,18267221.0,1.2094154366484,742286.76,0.3234675652842225,0.24264988494701692,True
CHL,Chile,2020,51,0,1080,11273,0,0.4524084094739643,254103710483.324,13117.9930230086,-6.1396969411886,19370624.0,0.896491953505063,742831.64,0.2941406576679311,0.24663816592131732,True
CHN,China,1988,273,28,738,8454,32,3.229240596167495,312888888888.889,284.023573149686,11.2209115803492,1101630000.0,1.61007108578698,9388250.0,1.5965606367196286,21.529251230199723,True
CHN,China,1992,244,53,813,9386,28,2.5996164500319625,428502354788.069,367.822651903542,14.2976226152779,1164970000.0,1.2255362283362,9388250.0,1.6717846358815625,21.2709086068627,True
CHN,China,1996,294,50,841,10339,53,2.843601895734597,868523936530.083,713.337387811657,9.97328781228394,1217550000.0,1.04814151412165,9388230.0,2.70864715313143,20.91173874581416,True
CHN,China,2000,271,58,925,10647,50,2.5453179299333146,1223754919971.05,969.199513696287,8.57357328926101,1262645000.0,0.787956592953992,9388220.0,3.6029025898852356,20.492398936719937,True
CHN,China,2004,383,63,927,10557,58,3.6279245997916076,1984196551300.44,1530.92726215723,10.1404291872206,1296075000.0,0.593932815112141,9388212.5,4.482550805141574,19.963096202569773,True
CHN,China,2008,599,100,957,10899,63,5.495917056610698,4667346414521.95,3523.44302065213,9.66877608164454,1324655000.0,0.51238693163744,9388210.8,7.249846889538422,19.39442630028234,True
CHN,China,2012,375,88,962,10517,100,3.5656556052106114,8673664713189.24,6405.0574241349,7.8578201481217,1354190000.0,0.678345458846803,9388211.0,11.40442550525191,18.86983021576282,True
CHN,China,2016,392,70,973,11179,88,3.506574827802129,11456024084962.0,8254.86859320357,6.7736886867727,1387790000.0,0.573050906069647,9388210.0,14.861554235436724,18.43449990727219,True
CHN,China,2020,410,89,1080,11273,70,3.6370087820455956,14996414166715.1,10627.4637989619,2.33950385203023,1411100000.0,0.238040870229883,9388210.0,17.359270816109323,17.966954287666255,True
CIV,Cote d'Ivoire,1988,28,0,738,8454,1,0.33120416370948663,10255169805.7996,909.534182158689,1.13648396562287,11275189.0,3.83036325504084,318000.0,0.052328481503315996,0.22035200262246343,True
CIV,Cote d'Ivoire,1992,13,0,813,9386,0,0.13850415512465375,11152971273.9383,844.902223806738,-0.244560610691636,13200310.0,3.99092066742327,318000.0,0.04351286710996067,0.24102130320287715,True
CIV,Cote d'Ivoire,1996,11,0,841,10339,0,0.10639326820775703,18071152830.6101,1170.23622049666,7.72932741916973,15442312.0,3.87367317960594,318000.0,0.05635812049578395,0.265225735432098,True
CIV,Cote d'Ivoire,2000,14,0,925,10647,0,0.13149243918474687,16577533891.8785,936.636541348798,-0.265789462275947,17699004.0,2.76729583954346,318000.0,0.04880653701018196,0.2872502174012505,True
CIV,Cote d'Ivoire,2004,5,0,927,10557,0,0.04736193994506015,23510575681.3686,1199.82524528546,3.18503822575397,19595000.0,2.42497124712807,318000.0,0.05311336212170612,0.30181653846371137,True
CIV,Cote d'Ivoire,2008,21,0,957,10899,0,0.1926782273603083,34078240293.2559,1583.97066701372,4.7826659787672,21514439.0,2.27477682329573,318000.0,0.05293415196744281,0.31499537734536165,True
CIV,Cote d'Ivoire,2012,9,0,962,10517,0,0.08557573452505467,36302302877.2977,1546.9460184731,7.62041176451649,23467078.0,2.08872019159152,318000.0,0.047731486346675546,0.3269997397116084,True
CIV,Cote d'Ivoire,2016,12,2,973,11179,0,0.10734412738169782,48407761036.8238,1862.59597081287,7.17275963956332,25989405.0,2.90076810314127,318000.0,0.06279792716298256,0.3452263556176074,True
CIV,Cote d'Ivoire,2020,26,1,1080,11273,2,0.2306395813004524,63027852805.4204,2179.72934832935,0.699728593494228,28915449.0,2.53019803537112,318000.0,0.0729586122151513,0.36816848585525114,True
CMR,Cameroon,1988,15,0,738,8454,1,0.177430801987225,12236057362.4917,1145.16555992416,-7.82363197491021,10684968.0,2.9848646701323,472710.0,0.06243624566845837,0.20881726211036797,True
CMR,Cameroon,1992,8,0,813,9386,0,0.08523332623055614,12071775335.0433,1005.44897647465,-3.10000321081914,12006353.0,2.86561545097735,472710.0,0.04709754405648674,0.21922112789576712,True
CMR,Cameroon,1996,15,0,841,10339,0,0.14508172937421415,11093538846.4483,826.965322327363,4.21507214953058,13414757.0,2.69148816728723,472710.0,0.034597183970121154,0.23040194958940635,True
CMR,Cameroon,2000,34,1,925,10647,0,0.31933878087724243,10566579294.9831,708.565731625965,3.83241779430614,14912631.0,2.63276307164066,472710.0,0.031109460960551595,0.24202811055213205,True
CMR,Cameroon,2004,17,1,927,10557,1,0.1610305958132045,18826214135.6419,1133.39326749673,7.04886281858374,16610487.0,2.74741504067453,472710.0,0.042530797302404603,0.25584688382426524,True
CMR,Cameroon,2008,32,1,957,10899,1,0.2936049178823745,27715142032.913,1492.14269801453,2.8476778892105,18574056.0,2.86258453269924,472710.0,0.043050272770681,0.2719448914542405,True
CMR,Cameroon,2012,32,0,962,10517,1,0.3042692783113055,30155062329.2821,1449.09874362279,4.62597872209571,20809529.0,2.8130471843416,472710.0,0.03964888813578269,0.2899683789571572,True
CMR,Cameroon,2016,22,0,973,11179,0,0.196797566866446,33814337044.3765,1441.7201725688,4.53579423678801,23454161.0,2.98933225067819,472710.0,0.04386631873269193,0.311549822941257,True
CMR,Cameroon,2020,12,0,1080,11273,0,0.10644903752328573,40773241177.0505,1555.60370660749,0.259932915907115,26210558.0,2.7244863481235,472710.0,0.04719753187491479,0.3337282243924775,True
COD,"Congo, Dem. Rep.",1988,15,0,738,8454,0,0.177430801987225,8861299976.74158,257.725151748806,0.470381336748687,34382752.0,3.20305597579918,2267050.0,0.04521605987119015,0.6719451229484056,True
COD,"Congo, Dem. Rep.",1992,17,0,813,9386,0,0.1811208182399318,8227343907.26679,209.726548794417,-10.5000085643684,39228910.0,3.37819074562411,2267050.0,0.032098650064793934,0.7162712854037806,True
COD,"Congo, Dem. Rep.",1996,14,0,841,10339,0,0.13540961408259986,5771456952.1908,127.416132828292,-1.02317264257401,45296124.0,1.92231853470865,2267050.0,0.017999320209214218,0.7779727413954274,True
COD,"Congo, Dem. Rep.",2000,2,0,925,10647,0,0.018784634169249553,19088046305.7971,377.925421481395,-6.91092731714194,50507442.0,3.20780748301006,2267050.0,0.05619783042231414,0.8197226067004137,True
COD,"Congo, Dem. Rep.",2004,4,0,927,10557,0,0.03788955195604812,10297483481.223,180.664764963633,6.73837393320788,56997741.0,2.94457864295254,2267050.0,0.023263316751274292,0.8779209435504547,True
COD,"Congo, Dem. Rep.",2008,5,0,957,10899,0,0.04587576841912102,22723488723.3641,352.900363371995,7.43333574200602,64390664.0,3.01581282864875,2267050.0,0.03529667597158978,0.9427511218953185,True
COD,"Congo, Dem. Rep.",2012,4,0,962,10517,0,0.03803365978891319,30029369928.7318,409.931424783784,8.66859360586926,73254618.0,3.33860489598034,2267050.0,0.039483623548546294,1.0207594238478819,True
COD,"Congo, Dem. Rep.",2016,4,0,973,11179,0,0.03578137579389928,38600224214.4728,459.765036590388,0.393832798154563,83956415.0,3.54100823238224,2267050.0,0.05007490569231885,1.1152224216433362,True
COD,"Congo, Dem. Rep.",2020,6,0,1080,11273,0,0.053224518761642865,46691989748.9186,486.425572682256,0.775427992354622,95989998.0,3.22098049233111,2267050.0,0.0540488470099398,1.222201053177787,True
COG,"Congo, Rep.",1988,7,0,738,8454,0,0.08280104092737166,2212536311.99319,984.376285838246,1.76626342847234,2247653.0,2.89698322874559,341500.0,0.011289785315117295,0.04392607873361482,True
COG,"Congo, Rep.",1992,7,0,813,9386,0,0.07457916045173663,2933222703.0334,1164.22442980292,2.61194805533871,2519465.0,2.82732962442827,341500.0,0.011443849943311355,0.04600230886047652,True
COG,"Congo, Rep.",1996,5,0,841,10339,0,0.04836057645807138,2540697539.05773,898.794050151577,4.29048155870402,2826785.0,2.77351309990398,341500.0,0.007923619449834685,0.04855076950481399,True
COG,"Congo, Rep.",2000,5,0,925,10647,0,0.04696158542312388,3227927697.57921,1024.30159109181,7.5759803952642,3151345.0,3.83186610159414,341500.0,0.009503462557556496,0.05114550719104554,True
COG,"Congo, Rep.",2004,5,0,927,10557,0,0.04736193994506015,4656974940.12721,1306.10136324599,3.47663162118089,3565554.0,3.41769832826944,341500.0,0.010520695015677666,0.054919273589458535,True
COG,"Congo, Rep.",2008,5,0,957,10899,0,0.04587576841912102,11649857673.4436,2832.09177777643,6.30637595585259,4113517.0,3.28885266905607,341500.0,0.018095867954988964,0.06022647579291099,True
COG,"Congo, Rep.",2012,7,0,962,10517,0,0.06655890463059808,17692911296.3044,3732.32737320389,9.94715314257564,4740450.0,2.79640825415116,341500.0,0.023263233652888286,0.06605534426211453,True
COG,"Congo, Rep.",2016,10,0,973,11179,0,0.08945343948474818,10931328150.8478,2093.10728558843,-8.68524343913786,5222536.0,2.42169941927317,341500.0,0.014180882038510456,0.0693727721108566,True
COG,"Congo, Rep.",2020,3,0,1080,11273,0,0.026612259380821433,11468687464.0046,1993.586671931,-6.26777227963225,5752791.0,2.39477691216791,341500.0,0.013275710405148357,0.07324791504747916,True
COK,COK,1988,7,0,738,8454,0,0.08280104092737166,,,,,,,,,False
COK,COK,1992,2,0,813,9386,0,0.021308331557639035,,,,,,,,,False
COK,COK,1996,3,0,841,10339,0,0.02901634587484283,,,,,,,,,False
COK,COK,2000,2,0,925,10647,0,0.018784634169249553,,,,,,,,,False
COK,COK,2004,3,0,927,10557,0,0.02841716396703609,,,,,,,,,False
COK,COK,2008,4,0,957,10899,0,0.036700614735296816,,,,,,,,,False
COK,COK,2012,8,0,962,10517,0,0.07606731957782638,,,,,,,,,False
COK,COK,2016,9,0,973,11179,0,0.08050809553627337,,,,,,,,,False
COK,COK,2020,6,0,1080,11273,0,0.053224518761642865,,,,,,,,,False
COL,Colombia,1988,40,1,738,8454,1,0.4731488052992666,39212550050.4223,1259.6174112078,4.06417324490376,31130524.0,2.04796088983437,1109500.0,0.20008768639315436,0.6083865473196645,True
COL,Colombia,1992,49,1,813,9386,1,0.5220541231621564,58418985443.3172,1730.39091795329,4.04492943933556,33760571.0,1.98094862084333,1109500.0,0.22791931296673856,0.616426191452569,True
COL,Colombia,1996,48,0,841,10339,1,0.46426153399748527,97160109277.8087,2664.64056059983,2.05585471287195,36462745.0,1.82129460113512,1109500.0,0.30301116909304626,0.6262571536242795,True
COL,Colombia,2000,44,1,925,10647,0,0.4132619517234902,99875074951.0278,2555.00751039968,2.92486148176778,39089934.0,1.63798274950516,1109500.0,0.2940459403542604,0.6344194305905877,True
COL,Colombia,2004,53,2,927,10557,1,0.5020365634176376,117092416666.245,2818.57195413044,5.33302206759905,41543171.0,1.46883725533231,1109500.0,0.2645265693357083,0.6398783397818851,True
COL,Colombia,2008,67,2,957,10899,2,0.6147352968162216,242504150472.931,5541.83629665898,3.28344618616541,43758808.0,1.20339154806457,1109500.0,0.3766846950841575,0.6406777438232636,True
COL,Colombia,2012,101,8,962,10517,2,0.960349909670058,370691143018.039,8108.59838244229,3.91263576716115,45715810.0,1.00290782655336,1109500.0,0.48739715746419265,0.6370225543506245,True
COL,Colombia,2016,143,8,973,11179,8,1.2791841846318992,282720100286.228,5959.84250367574,2.08738250162794,47437512.0,0.990548549326914,1109500.0,0.36676425195083945,0.6301290617205941,True
COL,Colombia,2020,70,5,1080,11273,8,0.6209527188858334,270348342541.465,5339.68711357943,-7.18591413760859,50629997.0,1.43632167326968,1109500.0,0.3129448173870736,0.64465086931024,True
COM,Comoros,1996,4,0,841,10339,0,0.038688461166457105,392488148.725187,786.380773511866,-0.510368828932258,499107.0,1.72199066913724,1861.0,0.001224044452855998,0.008572292875206002,True
COM,Comoros,2000,2,0,925,10647,0,0.018784634169249553,339504306.290689,633.309032776244,-1.00701887109655,536080.0,1.91989444545768,1861.0,0.0009995473149483646,0.008700438541313532,True
COM,Comoros,2004,3,0,927,10557,0,0.02841716396703609,622679660.37137,1072.28409029621,3.10041210399676,580704.0,1.89592485384757,1861.0,0.0014067120573884786,0.008944428229243738,True
COM,Comoros,2008,3,0,957,10899,0,0.027525461051472612,915659107.965823,1455.02768595586,3.96461118871815,629307.0,1.98685114604965,1861.0,0.001422304612982853,0.009213756209542694,True
COM,Comoros,2012,3,0,962,10517,0,0.02852524484168489,1015842906.66403,1490.31425650871,3.1684098843342,681630.0,2.01149862727803,1861.0,0.0013356643514790354,0.009498107628892853,True
COM,Comoros,2016,4,0,973,11179,0,0.03578137579389928,1012835493.19325,1365.48403444497,3.3204465548877,741741.0,2.05111578193354,1861.0,0.0013139209120051982,0.009852805104316922,True
COM,Comoros,2020,3,0,1080,11273,0,0.026612259380821433,1225039196.61091,1527.16991011916,-0.195556841918759,802163.0,1.96199379762606,1861.0,0.0014180581396263184,0.010213610624517913,True
CPV,Cabo Verde,1996,3,0,841,10339,0,0.02901634587484283,501979269.843942,1179.51522705182,11.3465247642174,425581.0,1.77250887678015,4030.0,0.001565512086662786,0.0073094646521147675,True
CPV,Cabo Verde,2000,2,0,925,10647,0,0.018784634169249553,539227277.626411,1189.51479345891,14.2848688450919,453317.0,1.51097073984668,4030.0,0.0015875591782241176,0.007357216643472292,True
CPV,Cabo Verde,2004,3,0,927,10557,0,0.02841716396703609,924940011.836897,1929.49081468781,10.197072633926,479370.0,1.25679558194683,4030.0,0.0020895563960383846,0.007383607759293152,True
CPV,Cabo Verde,2008,2,0,957,10899,0,0.018350307367648408,1959620648.31578,3908.64885822576,7.03901129565128,501355.0,1.03555151023311,4030.0,0.0030439029804310257,0.007340396252441619,True
CPV,Cabo Verde,2012,3,0,962,10517,0,0.02852524484168489,1913081210.41411,3736.81517011087,1.08364848376166,511955.0,0.0992767342106355,4030.0,0.002515383389963054,0.0071337876724173535,True
CPV,Cabo Verde,2016,5,0,973,11179,0,0.04472671974237409,1849789985.99572,3608.96605234906,4.28071482662371,512554.0,0.0312210963482392,4030.0,0.0023996767113233872,0.0068084340321460666,True
CPV,Cabo Verde,2020,6,0,1080,11273,0,0.053224518761642865,1821565613.68613,3539.22661248299,-20.8052758990735,514679.0,0.11178257414313,4030.0,0.00210857411950342,0.0065531954261369004,True
CRI,Costa Rica,1988,16,1,738,8454,0,0.18925952211970665,4614629898.40348,1554.74048522018,3.43214737968852,2968103.0,2.57330518707329,51060.0,0.023546813934440494,0.058005895957907366,True
CRI,Costa Rica,1992,16,0,813,9386,1,0.17046665246111228,8579754953.07612,2612.38762395528,9.20110358278828,3284258.0,2.53101725222341,51060.0,0.0334735675309777,0.059966481333731926,True
CRI,Costa Rica,1996,11,1,841,10339,0,0.10639326820775703,11678424726.7825,3226.96401664833,1.35045951266757,3619013.0,2.34382507825926,51060.0,0.03642125514195711,0.06215749199105181,True
CRI,Costa Rica,2000,7,2,925,10647,1,0.06574621959237344,15013629579.1557,3812.75386183689,3.80207210664838,3937739.0,1.93953648052985,51060.0,0.044202187882192386,0.06390847664757761,True
CRI,Costa Rica,2004,20,0,927,10557,2,0.1894477597802406,18610594843.9248,4431.01172024063,4.42459978667458,4200078.0,1.47010716590985,51060.0,0.04204368606886421,0.06469267686846583,True
CRI,Costa Rica,2008,8,0,957,10899,0,0.07340122947059363,30801745703.3018,6937.24261660254,4.73817511214847,4440056.0,1.35616451871952,51060.0,0.04784473241254114,0.06500737087100143,True
CRI,Costa Rica,2012,11,0,962,10517,0,0.10459256441951127,47231655492.7812,10126.9991155066,4.88259252932575,4663934.0,1.16676672488044,51060.0,0.06210176602031553,0.06498913942469194,True
CRI,Costa Rica,2016,11,0,973,11179,0,0.098398783433223,58847019587.626,12091.0301560892,4.20432320775184,4866998.0,1.01105286688192,51060.0,0.07634046216289986,0.06465003651827289,True
CRI,Costa Rica,2020,13,0,1080,11273,0,0.1153197906502262,62806591554.7345,12475.6852076814,-4.14159340574358,5034320.0,0.6929953994471,51060.0,0.07270248872262383,0.06409992013995038,True
CUB,Cuba,1992,176,31,813,9386,0,1.8751331770722353,22085858243.2432,2047.67900346421,-11.5806030812698,10785801.0,0.633956474992599,107400.0,0.08616708419157605,0.19693536084432073,True
CUB,Cuba,1996,164,25,841,10339,31,1.5862269078247413,25017368700.0,2282.18809324202,7.83874965899149,10962010.0,0.334878342165694,107400.0,0.07802113638781358,0.18827538027103796,True
CUB,Cuba,2000,229,29,925,10647,25,2.1508406123790738,30565400000.0,2751.3817714814,5.9147601740486,11109109.0,0.332523063476085,107400.0,0.08998873632596578,0.1802979407984872,True
CUB,Cuba,2004,151,27,927,10557,29,1.4303305863408164,38203000000.0,3399.21962893402,5.77053807021559,11238756.0,0.261696675732895,106410.0,0.08630540573038922,0.17310754950539764,True
CUB,Cuba,2008,158,24,957,10899,27,1.4496742820442243,56302129629.6296,4986.12436479175,4.11682804164681,11291762.0,0.0397714096996831,106440.0,0.08745479403451714,0.16532398693193978,True
CUB,Cuba,2012,109,14,962,10517,24,1.0364172292478844,73141000000.0,6470.83673392653,3.01490028898772,11303175.0,0.0141917100302061,106649.0,0.09616824185182578,0.15750300411984652,True
CUB,Cuba,2016,117,11,973,11179,14,1.046605241971554,91370407900.0,8110.55874283616,0.512843095700745,11265612.0,-0.0838750367097098,104040.0,0.11853207207396774,0.14964506400057967,True
CUB,Cuba,2020,70,15,1080,11273,11,0.6209527188858334,107352000000.0,9605.27914559614,-10.9494359030206,11176354.0,-0.236755669324081,103800.0,0.12426653598212613,0.14230390576201254,True
CYM,Cayman Islands,1988,8,0,738,8454,0,0.09462976105985332,,,,23951.0,3.73469738956829,240.0,,0.00046807648322441615,False
CYM,Cayman Islands,1992,10,0,813,9386,0,0.10654165778819519,,,,28621.0,4.74738163029526,240.0,,0.0005225839937826874,False
CYM,Cayman Islands,1996,9,0,841,10339,0,0.08704903762452848,,,,34143.0,4.18683881903638,240.0,,0.0005864149283383293,False
CYM,Cayman Islands,2000,3,0,925,10647,0,0.02817695125387433,,,,39674.0,3.56640069722567,240.0,,0.0006438986693927643,False
CYM,Cayman Islands,2004,5,0,927,10557,0,0.04736193994506015,,,,45352.0,3.17657692300086,240.0,,0.0006985447130597723,False
CYM,Cayman Islands,2008,4,0,957,10899,0,0.036700614735296816,4585949023.79609,89655.1196222184,-0.357401201092983,51151.0,2.90387130778235,240.0,0.00712341131618258,0.0007489076776109568,True
CYM,Cayman Islands,2012,4,0,962,10517,0,0.03803365978891319,4291004524.0181,75101.59136128,1.22975365701149,57136.0,2.71432817487524,240.0,0.005641956780096679,0.0007961560927254112,True
CYM,Cayman Islands,2016,5,0,973,11179,0,0.04472671974237409,4909322237.28895,77802.2541567187,3.23997433895669,63100.0,2.33773131582921,240.0,0.006368715546301796,0.0008381793673026,True
CYM,Cayman Islands,2020,5,0,1080,11273,0,0.044353765634702384,5655357984.24218,82338.7977439023,-4.95480696516726,68684.0,1.9954930548265,240.0,0.006546424346454981,0.0008745250430827504,True
CYP,Cyprus,1988,9,0,738,8454,0,0.10645848119233499,4278792597.23965,7645.6298828125,8.6467778500465,766235.0,1.50559707194302,9240.0,0.02183315571767099,0.014974597474988957,True
CYP,Cyprus,1992,17,0,813,9386,0,0.1811208182399318,6912150456.32334,11310.072265625,9.39999830664647,810341.0,1.41642910298543,9240.0,0.026967475918535697,0.014795822511647277,True
CYP,Cyprus,1996,17,0,841,10339,0,0.1644259599574427,10011914680.0502,15139.220703125,1.24854147527125,880290.0,2.01901883303889,9240.0,0.031223945656417073,0.01511921029982567,True
CYP,Cyprus,2000,22,0,925,10647,0,0.2066309758617451,9985847313.85485,14388.3525390625,5.96530445494226,947667.0,1.74925863858297,9240.0,0.02939970623377538,0.015380388171785874,True
CYP,Cyprus,2004,20,0,927,10557,0,0.1894477597802406,17320551250.0,23792.619140625,5.02627226665527,1017875.0,1.8127204878139,9240.0,0.039129314533027516,0.015678056090265385,True
CYP,Cyprus,2008,17,0,957,10899,0,0.15597761262501147,27958384913.4219,35541.88671875,3.64698922103939,1091026.0,1.69266521990115,9240.0,0.04342810494426318,0.015973837224554196,True
CYP,Cyprus,2012,13,1,962,10517,0,0.12360939431396786,25047433099.5891,28991.9296875,-3.44738151374587,1165397.0,1.63540837414934,9240.0,0.0329332057818284,0.016239112328372936,True
CYP,Cyprus,2016,15,0,973,11179,1,0.1341801592271223,21046452117.3759,24280.044921875,6.57359080924678,1237112.0,1.43370522557944,9240.0,0.027302927026531434,0.016432991338232235,True
CYP,Cyprus,2020,15,0,1080,11273,0,0.13306129690410715,25555082266.6429,28130.330078125,-3.22063018637567,1302247.0,1.20329712567783,9240.0,0.029581577893415804,0.01658097393540537,True
CZE,Czechia,1988,163,8,738,8454,0,1.9280813815945115,,,,10355276.0,0.0768792586277848,77270.0,,0.20237406258186294,False
CZE,Czechia,1992,208,7,813,9386,8,2.21606648199446,35051065440.3962,3396.70972430469,-0.506542343116848,10319123.0,0.102241165106867,77270.0,0.13675031658464332,0.18841439885660133,True
CZE,Czechia,1996,115,11,841,10339,7,1.1122932585356418,67804105329.8557,6573.19643136362,4.16858426915319,10315241.0,-0.11638129923463,77270.0,0.2114592231114357,0.17716695404058214,True
CZE,Czechia,2000,119,8,925,10647,11,1.1176857330703485,62175642238.0847,6062.92152842793,4.010669619984,10255063.0,-0.280414108078884,77270.0,0.18305363172936015,0.16643699703178327,True
CZE,Czechia,2004,142,9,927,10557,8,1.3450790944397082,120147899983.657,11782.5546676117,4.73633969683438,10197101.0,0.0304348483027166,77260.0,0.271429292352531,0.15706321644219698,True
CZE,Czechia,2008,134,6,957,10899,9,1.2294705936324433,236506264753.95,22774.7045076205,2.61226807205139,10384603.0,0.829412602993033,77240.0,0.3673681050431298,0.15204216761435307,True
CZE,Czechia,2012,133,10,962,10517,6,1.2646191879813635,210363223087.728,20014.0354015165,-0.770668190622743,10510785.0,0.139925655740972,77230.0,0.27659262677062396,0.14646152193147685,True
CZE,Czechia,2016,104,10,973,11179,10,0.9303157706413812,198160659303.939,18753.9686718096,2.58087013921376,10566332.0,0.192048415842684,77210.0,0.25706784166429736,0.14035628320870389,True
CZE,Czechia,2020,109,11,1080,11273,10,0.966912090836512,251109660602.536,23472.8915454417,-5.30487955463876,10697858.0,0.243222682211879,77198.53,0.2906748609688177,0.13621141355109118,True
DEU,Germany,1988,606,142,738,8454,59,7.168204400283889,1406367016371.53,17996.9783507619,3.70723567991882,78144619.0,0.390678960242038,349130.0,7.176190330993084,1.527187108865262,True
DEU,Germany,1992,463,82,813,9386,142,4.932878755593437,2141377582968.07,26559.8543879632,2.01361340926105,80624598.0,0.760346946721127,349130.0,8.354498179123874,1.4721052520863587,True
DEU,Germany,1996,466,65,841,10339,82,4.507205725892253,2506576553158.31,30599.7891048363,1.0378755674358,81914831.0,0.289474899455448,349090.0,7.817207055850767,1.4069085830393155,True
DEU,Germany,2000,422,56,925,10647,65,3.9635578097116557,1966980701145.1,23925.8559901991,2.8765231247659,82211508.0,0.135431600393084,348950.0,5.791061385540831,1.3342713265607853,True
DEU,Germany,2004,441,49,927,10557,56,4.177323103154305,2852317768061.78,34566.7359143735,1.16208684507278,82516260.0,-0.021709727650009,348770.0,6.443746361400156,1.2709758591564995,True
DEU,Germany,2008,420,41,957,10899,49,3.8535645472061657,3808197720125.0,46379.1647953479,0.887902330743628,82110097.0,-0.190142844695674,348630.0,5.915320600607992,1.2021833796539734,True
DEU,Germany,2012,383,44,962,10517,41,3.641722924788438,3596483233406.25,44718.0159214069,0.463512036709204,80425823.0,0.187727800567293,348540.0,4.7287768748888945,1.1206858897001104,True
DEU,Germany,2016,418,42,973,11179,44,3.739153770462474,3536787895179.0,42948.9381932694,2.22222216259371,82348669.0,0.807218538573871,349360.0,4.58816817541748,1.0938661692651541,True
DEU,Germany,2020,392,37,1080,11273,42,3.477335225760667,3941398957073.94,47394.8734504469,-4.13191443239947,83160871.0,0.0816931586494595,349390.0,4.562411462470593,1.0588530704978458,True
DJI,Djibouti,1988,6,1,738,8454,0,0.07097232079488999,395794538.630775,816.874614065329,,484523.0,6.41892351240116,23180.0,0.0020195986596088476,0.009469075273739877,False
DJI,Djibouti,1992,8,0,813,9386,1,0.08523332623055614,478058304.871118,763.659214503152,,626010.0,-0.808530681693408,23180.0,0.001865125174246468,0.011430166868659383,False
DJI,Djibouti,1996,5,0,841,10339,0,0.04836057645807138,494004647.73437,761.943659476655,,648348.0,2.38402702915598,23180.0,0.0015406418020731765,0.01113554596720555,False
DJI,Djibouti,2000,2,0,925,10647,0,0.018784634169249553,551230861.856505,737.612183644052,,747318.0,3.13983453232405,23180.0,0.001622899379112981,0.012128776171126223,False
DJI,Djibouti,2008,2,0,957,10899,0,0.018350307367648408,999105339.267729,1119.15233346969,,892734.0,2.06043519210448,23180.0,0.0015519226757359239,0.013070621232514318,False
DJI,Djibouti,2012,4,0,962,10517,0,0.03803365978891319,1353632941.5207,1400.19357858954,,966747.0,1.8993890613377,23180.0,0.0017798020275736047,0.013471043023208016,False
DJI,Djibouti,2016,7,0,973,11179,0,0.06261740763932373,2604955228.70117,2510.4300076241,7.1234323372872,1037653.0,1.68519891610854,23180.0,0.003379329785369889,0.013783507686523689,True
DJI,Djibouti,2020,4,0,1080,11273,0,0.03548301250776191,3144136196.6228,2844.88810647853,1.2021151728969,1105188.0,1.50228656339009,23180.0,0.0036395308313802474,0.014071902965967891,True
DMA,Dominica,1996,6,0,841,10339,0,0.05803269174968566,292285185.185185,4210.99532034556,3.10419572470771,69410.0,-0.0849660546943118,750.0,0.000911543598806643,0.0011921348497778003,True
DMA,Dominica,2000,4,0,925,10647,0,0.03756926833849911,333470370.37037,4867.39896323759,2.3402193777688,68511.0,-0.522635323904246,750.0,0.000981782578725663,0.0011119156560661307,True
DMA,Dominica,2004,2,0,927,10557,0,0.01894477597802406,396711111.111111,5778.83306546506,4.09783662273917,68649.0,0.172036782480506,750.0,0.0008962205429468355,0.0010573821663176996,True
DMA,Dominica,2008,2,0,957,10899,0,0.018350307367648408,480003703.703704,6971.32633839289,7.12131217762231,68854.0,0.0101669559495206,750.0,0.0007455956873986721,0.0010080993379254523,True
DMA,Dominica,2012,2,0,962,10517,0,0.019016829894456595,520355555.555556,7528.51001990155,-0.15739179314221,69118.0,0.094086320276983,750.0,0.000684180950706278,0.0009631181184716287,True
DMA,Dominica,2016,2,0,973,11179,0,0.01789068789694964,612711111.111111,8802.56172041363,1.44724556489263,69606.0,-1.14845280097172,750.0,0.0007948516292302015,0.0009246008405778886,True
DMA,Dominica,2020,2,0,1080,11273,0,0.017741506253880955,528944444.444444,7827.74842680426,-15.7064024545862,67573.0,-0.453294538586472,750.0,0.0006122856941473024,0.000860379138317959,True
DNK,Denmark,1988,78,4,738,8454,6,0.9226401703335699,115540189705.118,22524.5792595476,0.272951118976223,5129516.0,0.0485933862498549,40000.0,0.5895604650499958,0.10024657884528304,True
DNK,Denmark,1992,110,6,813,9386,4,1.171958235670147,152966494259.538,29579.4913648682,2.0228112415746,5171370.0,0.330671401713551,40000.0,0.5967926011380723,0.09442280800558947,True
DNK,Denmark,1996,119,6,841,10339,6,1.1509817197020988,187481157845.724,35621.9878051732,2.89575069230459,5263074.0,0.565926341934592,40000.0,0.584693504813975,0.09039466838149325,True
DNK,Denmark,2000,97,6,925,10647,6,0.9110547572086034,164043817223.59,30722.0251837567,3.72400899471576,5339616.0,0.334233618829261,40000.0,0.48296753237446804,0.08666057461985971,True
DNK,Denmark,2004,92,8,927,10557,6,0.8714596949891068,251986155630.852,46625.050098011,2.77635180744053,5404523.0,0.258432282052875,40000.0,0.5692685757705334,0.08324442071485139,True
DNK,Denmark,2008,84,7,957,10899,8,0.7707129094412332,354979471960.142,64616.6657583663,-0.417178439991005,5493621.0,0.587547590258978,40000.0,0.5513940025177714,0.08043273728343106,True
DNK,Denmark,2012,114,9,962,10517,7,1.0839593039840258,326792574244.963,58443.7747103968,-0.0054323016167074,5591572.0,0.376272242619955,40000.0,0.42967784574138085,0.07791522185159643,True
DNK,Denmark,2016,119,15,973,11179,9,1.0644959298685035,312181849372.233,54500.9260410217,3.07304549209093,5728010.0,0.780392644135167,40000.0,0.40498408971176386,0.07608716002698836,True
DNK,Denmark,2020,104,11,1080,11273,15,0.9225583252018096,355631021931.621,60985.4885601514,-1.78010601831291,5831404.0,0.291641177476633,40000.0,0.41166475876766206,0.07424886195231674,True
DOM,Dominican Republic,1988,16,0,738,8454,1,0.18925952211970665,5374299981.49698,783.913142122635,2.15596333107848,6855734.0,2.11116879404317,48310.0,0.027423139987013474,0.13398220786781592,True
DOM,Dominican Republic,1992,32,0,813,9386,0,0.34093330492222457,11605382504.0,1558.29782071075,11.2374641300752,7447474.0,2.00207035295166,48310.0,0.04527793125737125,0.13598164657114448,True
DOM,Dominican Republic,1996,16,0,841,10339,0,0.15475384466582842,18241622547.5908,2270.86558687203,5.96119319380874,8032894.0,1.81876652347671,48310.0,0.0568897607813006,0.13796704915676405,True
DOM,Dominican Republic,2000,13,0,925,10647,0,0.1221001221001221,24305780628.6677,2831.45883638033,4.65172550299128,8584190.0,1.62045560357101,48310.0,0.07155955702166321,0.13931916415825663,True
DOM,Dominican Republic,2004,33,1,927,10557,0,0.312588803637397,22322387382.494,2451.69161616569,2.58556667449577,9104892.0,1.37429292476688,48310.0,0.050429094571553694,0.1402402136527654,True
DOM,Dominican Republic,2008,24,2,957,10899,1,0.2202036884117809,48091433554.186,5023.58513403515,3.26808671288212,9573130.0,1.23469232350419,48310.0,0.07470101830913056,0.1401612980345991,True
DOM,Dominican Republic,2012,33,2,962,10517,2,0.31377769325853383,60561635555.6383,6013.81965002603,2.77567100848816,10070411.0,1.24691664021516,48310.0,0.07962847124125669,0.1403251728139702,True
DOM,Dominican Republic,2016,26,1,973,11179,2,0.2325789426603453,75552902635.7075,7160.44200982307,6.71974078681295,10551430.0,1.11122425240832,48310.0,0.09801249995966307,0.1401583347311834,True
DOM,Dominican Republic,2020,65,5,1080,11273,1,0.576598953251131,78546672406.8291,7135.22273255899,-7.92905234231061,11008300.0,1.04334076460591,48198.02,0.09092259941984782,0.14016414349437775,True
DZA,Algeria,1988,42,0,738,8454,2,0.49680624556423,59089396860.4342,2450.87242078961,-1.00000549065851,24109536.0,2.80088866145511,2381740.0,0.30151216110577506,0.47117476610798953,True
DZA,Algeria,1992,35,2,813,9386,0,0.37289580225868313,48003133346.9957,1802.69300801289,1.80000230253509,26628568.0,2.43525019358237,2381740.0,0.1872822865661315,0.4862046544199668,True
DZA,Algeria,1996,45,3,841,10339,2,0.4352451881226424,46941554225.3581,1616.83198721285,4.09999847167964,29033044.0,1.95770195001196,2381740.0,0.14639562810906692,0.4986501015348259,True
DZA,Algeria,2000,47,5,925,10647,3,0.4414389029773645,54790398570.3282,1772.92869122761,3.80000000158476,30903893.0,1.3996685583388,2381740.0,0.1613104598709599,0.5015621208286627,True
DZA,Algeria,2004,61,0,927,10557,5,0.5778156673297338,91913680985.1708,2816.99384960555,4.49999999976698,32628286.0,1.39644042529783,2381740.0,0.20764462292486785,0.5025647530759875,True
DZA,Algeria,2008,56,2,957,10899,0,0.5138086062941555,180383848331.135,5180.91881514686,2.49999999929371,34816961.0,1.81885306168943,2381740.0,0.28019246175460827,0.5097591328416112,True
DZA,Algeria,2012,38,1,962,10517,2,0.3613197679946753,227143746075.934,6033.64884689543,2.40000000034432,37646166.0,1.99280790148967,2381740.0,0.2986562216507858,0.5245768767266211,True
DZA,Algeria,2016,64,2,973,11179,1,0.5725020127023884,180763839522.151,4424.98529027556,3.90000000017621,40850721.0,2.05569111181654,2381741.0,0.23449947249941896,0.5426344133381147,True
DZA,Algeria,2020,38,0,1080,11273,2,0.33708861882373814,164873415325.201,3743.5419522929,-4.99999999908597,44042091.0,1.71191216459393,2381740.0,0.1908511084842864,0.5607697794133919,True
ECU,Ecuador,1988,13,0,738,8454,0,0.15377336172226166,13051881851.4068,1303.77906073184,5.89046729088525,10010808.0,2.33984250758108,276840.0,0.06659910766748671,0.19564209439584365,True
ECU,Ecuador,1992,13,0,813,9386,0,0.13850415512465375,18094238119.0595,1655.44613192632,2.11431064978969,10930128.0,2.10568663668025,276840.0,0.07059393944378024,0.19957059301897132,True
ECU,Ecuador,1996,19,1,841,10339,0,0.18377019054067126,25226393196.5983,2135.8479374308,1.73174762607862,11810950.0,1.88400623342994,276840.0,0.07867301664560783,0.20285614614584513,True
ECU,Ecuador,2000,10,0,925,10647,1,0.09392317084624777,17539454727.3637,1382.23421759909,1.09180164720277,12689206.0,1.73622001498213,248360.0,0.0516385640875613,0.2059425028746958,True
ECU,Ecuador,2004,16,0,927,10557,0,0.1515582078241925,35194947000.0,2586.20914663347,6.83239736646514,13608701.0,1.75235156486952,248360.0,0.07950983379563241,0.2096111777906429,True
ECU,Ecuador,2008,25,1,957,10899,0,0.2293788420956051,61139438000.0,4194.75750661981,6.56492068224719,14575202.0,1.70519778784789,248360.0,0.0949686449313677,0.2133972098400925,True
ECU,Ecuador,2012,36,0,962,10517,1,0.34230293810021867,87735048000.0,5634.08393191094,5.783212336172,15572194.0,1.59213440589397,248360.0,0.11535698602624443,0.21698923848715507,True
ECU,Ecuador,2016,37,0,973,11179,0,0.3309777260935683,97671433000.0,5917.63771271481,-0.687954245877947,16505139.0,1.45809147770557,248360.0,0.1267062017343113,0.21924353350652087,True
ECU,Ecuador,2020,46,3,1080,11273,0,0.40805464383926193,95865473000.0,5463.64515348598,-9.24509619165865,17546065.0,1.18125258230486,248360.0,0.11097017521795627,0.22340680871902827,True
EGY,"Egypt, Arab Rep.",1988,49,0,738,8454,1,0.5796072864916016,34980124929.0176,633.839369496566,5.46132049551341,55187681.0,2.78029406933467,995450.0,0.17849112740157683,1.0785376660594936,True
EGY,"Egypt, Arab Rep.",1992,75,0,813,9386,0,0.7990624334114639,41855986519.4235,680.79923864551,4.47285918408184,61480660.0,2.3894924999556,995450.0,0.1632994414171801,1.1225606667550232,True
EGY,"Egypt, Arab Rep.",1996,29,0,841,10339,0,0.280491343456814,67629716981.1321,1008.97637629447,4.98873056512208,67028048.0,2.07336196347662,995450.0,0.21091536187233548,1.1512242030453708,True
EGY,"Egypt, Arab Rep.",2000,89,0,925,10647,0,0.8359162205316052,99838543960.0763,1366.09274372613,6.37000382991766,73083284.0,2.16091978529782,995450.0,0.2939383880986884,1.1861226325163456,True
EGY,"Egypt, Arab Rep.",2004,97,5,927,10557,0,0.9188216349341669,78782467532.4675,991.255689145253,4.09207161019908,79477443.0,2.06437734857129,995450.0,0.17797955199410578,1.2241697745448803,True
EGY,"Egypt, Arab Rep.",2008,100,1,957,10899,5,0.9175153683824204,162818181818.182,1896.21594269779,7.15628356711522,85864789.0,1.86740413264217,995450.0,0.252907494790217,1.257156257327224,True
EGY,"Egypt, Arab Rep.",2012,109,2,962,10517,1,1.0364172292478844,279116666666.667,2996.0677072015,2.22619979818487,93161001.0,2.24475795490011,995450.0,0.3669919621672587,1.2981430017948077,True
EGY,"Egypt, Arab Rep.",2016,121,3,973,11179,2,1.082386617765453,332441717791.411,3270.6287768197,4.34664345601914,101644589.0,2.03468294927084,995450.0,0.43126660545033174,1.350180622785306,True
EGY,"Egypt, Arab Rep.",2020,137,6,1080,11273,3,1.2152931783908454,383817841547.099,3511.11381026379,3.55016483883115,109315124.0,1.62495386951696,995450.0,0.44429273434304495,1.3918643865484859,True
ERI,Eritrea,2000,3,0,925,10647,0,0.02817695125387433,706370815.584416,314.357396753501,-3.14198590251638,2247031.0,1.53601457156771,101000.0,0.002079652714244977,0.0364687268988328,True
ERI,Eritrea,2004,4,1,927,10557,0,0.03788955195604812,1109054005.43971,426.840947887032,1.45173556595506,2598284.0,4.10022739741036,120982.625,0.0025054931789751447,0.04002067276476886,True
ERI,Eritrea,2008,10,0,957,10899,1,0.09175153683824204,1380188800.0,490.066956003333,-9.78303001782456,2816327.0,2.63004117479615,121057.494,0.0021438643267452095,0.04123416771838347,True
ERI,Eritrea,2012,12,0,962,10517,0,0.11410097936673956,,,,3036988.0,1.27590736754429,121082.12,,0.04231861697938185,False
ERI,Eritrea,2016,12,0,973,11179,0,0.10734412738169782,,,,3124698.0,0.614809318134095,121077.459,,0.041506456301928674,False
ERI,Eritrea,2020,13,0,1080,11273,0,0.1153197906502262,,,,3291271.0,1.56406078076077,121040.829,,0.04190639614862278,False
ESP,Spain,1988,229,4,738,8454,5,2.7087769103383015,375891716897.586,9696.1928538538,5.09432412898086,38766939.0,0.212064999269184,499440.0,1.9180416441082377,0.7576256721011843,True
ESP,Spain,1992,422,22,813,9386,4,4.4960579586618366,630465353486.104,16100.6799428032,0.929215482921151,39157685.0,0.48975790543999,499440.0,2.4597351207906453,0.7149708051634965,True
ESP,Spain,1996,289,17,841,10339,22,2.795241319276526,642251412058.321,16100.6215831114,2.60741117110229,39889852.0,0.416515798212804,499440.0,2.002975837161808,0.6851186100227443,True
ESP,Spain,2000,321,11,925,10647,17,3.0149337841645534,598102854756.08,14743.2671031455,5.20064125553942,40567864.0,0.447137014535835,499000.0,1.760896964949004,0.6584058489112926,True
ESP,Spain,2004,316,20,927,10557,11,2.9932746045278016,1069829382514.67,24925.0267844576,3.1145314799161,42921895.0,1.7254663034483,499180.0,2.4168797979273973,0.6611144564022904,True
ESP,Spain,2008,283,18,957,10899,20,2.5965684925222496,1636115447612.5,35603.248328071,0.767165748290694,45954106.0,1.59533049906372,498800.0,2.541398352582784,0.6728193544827615,True
ESP,Spain,2012,278,17,962,10517,18,2.6433393553294664,1330994811670.31,28456.4438151477,-2.86511368637748,46773055.0,0.0649259625617232,500210.0,1.7500366545745298,0.6517546330445037,True
ESP,Spain,2016,307,17,973,11179,17,2.7462205921817695,1243015667917.12,26755.6061149398,2.91515598595787,46458139.0,0.0771658726133905,499564.0,1.612526704487036,0.617119707655725,True
ESP,Spain,2020,328,17,1080,11273,17,2.9096070256364763,1289783836971.21,27233.9426461608,-10.9400706350371,47359424.0,0.510010189620998,499556.645,1.493004038920072,0.6030080122586664,True
EST,Estonia,1992,37,2,813,9386,0,0.3942041338163222,,,-21.1686553650031,1533091.0,-1.82418155532121,42390.0,,0.02799234190322819,False
EST,Estonia,1996,43,0,841,10339,2,0.41590095753941386,4786018988.16491,3380.92630243199,4.94301226131752,1415594.0,-1.47536463752721,42390.0,0.014926055761822784,0.024313196088983653,True
EST,Estonia,2000,33,3,925,10647,0,0.30994646379261764,5686579747.53524,4070.60902410208,10.0876385800462,1396985.0,0.483707161729931,42390.0,0.016742071934197682,0.02267270208856306,True
EST,Estonia,2004,42,3,927,10557,3,0.39784029553850525,12148595031.0559,8916.0728274602,6.80070110758655,1362550.0,-0.597820510395586,42390.0,0.02744521171660524,0.020986992828973206,True
EST,Estonia,2008,47,2,957,10899,3,0.4312322231397376,24342935403.5447,18205.9064113446,-5.12531154308803,1337090.0,-0.268133719541207,42390.0,0.03781218252163942,0.019576488566339548,True
EST,Estonia,2012,32,2,962,10517,2,0.3042692783113055,23237406116.3988,17568.2137969714,3.67201872506541,1322696.0,-0.357944411443807,42390.0,0.030553321548938837,0.018430980104024268,True
EST,Estonia,2016,46,1,973,11179,2,0.41148582162984165,24561027787.7896,18666.3736521706,3.09301920751959,1315790.0,0.0291122255540077,43470.0,0.031862279953256085,0.017478098727465738,True
EST,Estonia,2020,33,2,1080,11273,1,0.29273485318903575,31820771493.8974,23933.9939421065,-2.88380751483778,1329522.0,0.197559185177642,42750.0,0.03683449815397398,0.01692825526075162,True
ETH,Ethiopia,1992,20,3,813,9386,0,0.21308331557639038,10754799036.5745,207.406400863847,-8.6724801143672,51853747.0,4.20762887536633,1000000.0,0.041959414202593075,0.9467851647341828,True
ETH,Ethiopia,1996,18,3,841,10339,3,0.17409807524905696,8761215548.48614,147.327458851964,12.4261737814951,59467635.0,3.2998173533243,1000000.0,0.027323416840056004,1.0213721382706535,True
ETH,Ethiopia,2000,26,8,925,10647,3,0.2442002442002442,8242349617.8638,122.269202606069,6.07321748125295,67411494.0,3.06823302462214,1000000.0,0.02426660951495385,1.0940709605378411,True
ETH,Ethiopia,2004,26,7,927,10557,8,0.2462820877143128,10131187261.4421,133.169812538096,13.5726031401471,76077206.0,2.99474712931538,1128597.3,0.02288763257150777,1.1717968344430056,True
ETH,Ethiopia,2008,27,7,957,10899,7,0.2477291494632535,27066912635.2228,316.410475118075,10.7885216870332,85543668.0,2.89435688963486,1128568.3,0.04204337003298631,1.252454687810653,True
ETH,Ethiopia,2012,33,7,962,10517,7,0.31377769325853383,43310721414.0829,452.101031885754,8.64781163513926,95798767.0,2.80390393439601,1128582.1,0.05694639028351505,1.3348986982398499,True
ETH,Ethiopia,2016,37,8,973,11179,7,0.3309777260935683,68475871209.607,641.651523286233,9.43348265981905,106718162.0,2.70788250761242,1128558.5,0.08883168071689072,1.4175746672718916,True
ETH,Ethiopia,2020,36,4,1080,11273,8,0.3193471125698572,98676811061.9985,829.790982552951,6.05953089248577,118917671.0,2.71077284780816,1128571.4,0.11422447176053821,1.5141296569008114,True
FIN,Finland,1988,78,4,738,8454,12,0.9226401703335699,109039090262.971,22043.7701596288,5.23111280719965,4946481.0,0.290689051012441,304590.0,0.5563876684652705,0.09666950986666081,True
FIN,Finland,1992,88,5,813,9386,4,0.9375665885361176,112537828510.751,22320.1124695857,-3.31137361706595,5041992.0,0.561909850746084,304590.0,0.4390617940776508,0.09206052604662171,True
FIN,Finland,1996,76,4,841,10339,5,0.735080762162685,131991975148.848,25756.6777073618,3.66265716987186,5124573.0,0.328037913627481,304590.0,0.41164056934513543,0.08801587759012205,True
FIN,Finland,2000,70,4,925,10647,4,0.6574621959237343,125967821110.589,24335.9225082659,5.75373770498848,5176209.0,0.2076065154133,304590.0,0.3708665693718132,0.08400852164134825,True
FIN,Finland,2004,53,2,927,10557,4,0.5020365634176376,197458297639.769,37768.1334202029,4.00537952277651,5228172.0,0.290350361518584,304590.0,0.44608325243128083,0.08052813347960698,True
FIN,Finland,2008,57,4,957,10899,2,0.5229837599779796,285698662071.094,53769.4726240385,0.784431235717051,5313399.0,0.465549284507694,303900.0,0.4437792639768219,0.07779408624094114,True
FIN,Finland,2012,56,3,962,10517,4,0.5324712370447846,257443384492.969,47551.6740841369,-1.52284013040689,5413971.0,0.475809486683209,303890.0,0.338495203279589,0.07544045781098935,True
FIN,Finland,2016,54,1,973,11179,3,0.4830485732176402,238777818792.608,43451.2562442158,2.57193414898754,5495303.0,0.287421401687637,303910.0,0.30975925660489717,0.07299603156380474,True
FIN,Finland,2020,45,2,1080,11273,1,0.39918389071232147,270000311606.226,48828.6846862799,-2.49103605535707,5529543.0,0.143641197212847,303940.0,0.3125419501956214,0.07040539034277155,True
FJI,Fiji,1988,23,0,738,8454,0,0.2720605630470783,1110009522.75743,1463.04720165947,0.955754866463423,758697.0,1.08095407494385,18270.0,0.005663983520513522,0.0148272816831412,True
FJI,Fiji,1992,18,0,813,9386,0,0.19177498401875134,1532411039.05479,1951.25592930351,6.10000158039144,785346.0,0.727158824335362,18270.0,0.005978639795839997,0.014339444784642691,True
FJI,Fiji,1996,17,0,841,10339,0,0.1644259599574427,2128696643.62574,2648.32766264,4.80000119270963,803789.0,0.629379907071343,18270.0,0.006638721008281133,0.013805285675955169,True
FJI,Fiji,2000,7,0,925,10647,0,0.06574621959237344,1678219507.89829,1995.72071163264,-1.69999776168213,840909.0,1.08577609197596,18270.0,0.004940908765903644,0.013647733684034885,True
FJI,Fiji,2004,8,0,927,10557,0,0.07577910391209625,2708078476.63012,3097.19096651759,5.30000086613597,874366.0,0.928394421815226,18270.0,0.006117891570695937,0.013467625387617324,True
FJI,Fiji,2008,6,0,957,10899,0,0.055050922102945224,3523185919.55826,3899.92231512129,1.03279368777636,903399.0,0.618134789575492,18270.0,0.005472608247097767,0.013226768724874601,True
FJI,Fiji,2012,9,0,962,10517,0,0.08557573452505467,3972028104.47328,4341.40338748749,1.41131415220703,914918.0,0.211061144367838,18270.0,0.0052225558769122046,0.012748836811189929,True
FJI,Fiji,2016,53,1,973,11179,0,0.4741032292691654,4930213644.36653,5363.79026679243,2.44565202449249,919166.0,0.0639915048086223,18270.0,0.006395817338078368,0.012209603428305255,True
FJI,Fiji,2020,32,2,1080,11273,1,0.2838641000620953,4227719873.3865,4620.6457238014,-17.1835352599354,914963.0,0.0069950630185431,18270.0,0.004893845515393595,0.01164984649982707,True
FRA,France,1988,266,16,738,8454,28,3.146439555240123,1010827662151.75,17549.6440487161,4.81422400170246,57598186.0,0.578107856832589,538950.0,5.157893786608416,1.1256463756413428,True
FRA,France,1992,339,29,813,9386,16,3.6117621990198168,1389663073110.28,23615.0168565483,1.5160611169627,58846584.0,0.498024782624795,538950.0,5.421714370337012,1.0744657030567903,True
FRA,France,1996,299,37,841,10339,29,2.8919624721926684,1598889216566.23,26757.6351494145,1.39707987198881,59754504.0,0.357448008376034,538950.0,4.986421838789074,1.0262991881513754,True
FRA,France,2000,336,38,925,10647,37,3.155818540433925,1360959069477.49,22340.5939516217,4.14099996402915,60918661.0,0.686335719566776,538950.0,4.006850453573047,0.9886939748724324,True
FRA,France,2004,308,33,927,10557,38,2.917495500615705,2109792297237.03,33644.9282220364,2.86825052501032,62707588.0,0.732625502527391,538950.0,4.7662874700911395,0.965868188087194,True
FRA,France,2008,309,41,957,10899,33,2.8351224883016792,2926802941585.86,45464.8181385158,0.380171435849121,64375116.0,0.558020613148126,538950.0,4.546239194144213,0.9425234818380079,True
FRA,France,2012,324,35,962,10517,41,3.0807264429019683,2683007095787.23,40863.5814412333,0.183835264973013,65657659.0,0.483714919435185,538950.0,3.5277077873946356,0.9149003298609883,True
FRA,France,2016,392,42,973,11179,35,3.506574827802129,2470407619777.13,37024.2157133669,0.860031075424033,66724104.0,0.263868788565368,538950.0,3.20478523374855,0.8863196081545622,True
FRA,France,2020,380,33,1080,11273,42,3.3708861882373813,2647926055110.05,39169.8606000707,-7.44064589948231,67601110.0,0.324557781035362,538950.0,3.0651371041558826,0.860737051353907,True
FSM,"Micronesia, Fed. Sts.",2000,5,0,925,10647,0,0.04696158542312388,229616800.0,2049.34490021777,4.62454546471687,112044.0,0.325401227572671,700.0,0.0006760234013365446,0.0018184448886788042,True
FSM,"Micronesia, Fed. Sts.",2004,5,0,927,10557,0,0.04736193994506015,235538100.0,2104.42796515524,-3.19037831026102,111925.0,-0.321127790347554,700.0,0.0005321103391216656,0.0017239508072238272,True
FSM,"Micronesia, Fed. Sts.",2008,5,0,957,10899,0,0.04587576841912102,261000000.0,2395.90218109716,-2.53164556962025,108936.0,-0.862830740479894,700.0,0.00040541452682451825,0.0015949445126825904,True
FSM,"Micronesia, Fed. Sts.",2012,6,0,962,10517,0,0.05705048968336978,324000000.0,3003.05867086848,-1.61943319838058,107890.0,0.178117567546797,700.0,0.00042600607538851746,0.0015033828207110162,True
FSM,"Micronesia, Fed. Sts.",2016,5,0,973,11179,0,0.04472671974237409,327000000.0,2997.93719917488,1.26050420168067,109075.0,0.329674160226437,700.0,0.00042420722922248714,0.001448881370658179,True
FSM,"Micronesia, Fed. Sts.",2020,3,0,1080,11273,0,0.026612259380821433,372902700.0,3362.02802120524,-2.05703124999999,110916.0,0.573243642479669,700.0,0.00043165778734799524,0.0014122476803704843,True
GAB,Gabon,1988,2,0,738,8454,0,0.02365744026496333,3834503376.02992,4118.60473032795,12.8453532480867,931020.0,2.78166738757561,257670.0,0.01956610595306855,0.018195005110917956,True
GAB,Gabon,1992,5,0,813,9386,0,0.053270828894097594,5592390827.39854,5385.68811745078,-3.09014565154393,1038380.0,2.69019023311537,257670.0,0.021818487013248438,0.018959532073095524,True
GAB,Gabon,1996,7,0,841,10339,0,0.06770480704129993,5694040002.89863,4942.67870027615,3.62504902027987,1152015.0,2.53192547257579,257670.0,0.017757881613817382,0.01978615803150515,True
GAB,Gabon,2000,5,0,925,10647,0,0.04696158542312388,5080483628.53013,3982.906200928,-1.88296639760897,1275572.0,2.58540209287646,257670.0,0.014957641701276078,0.020702200774176213,True
GAB,Gabon,2004,5,0,927,10557,0,0.04736193994506015,7770219008.21293,5465.79193590708,0.689543058464849,1421609.0,2.80043793009716,257670.0,0.017553906869036448,0.021896662793001186,True
GAB,Gabon,2008,4,0,957,10899,0,0.036700614735296816,15571348344.3379,9688.64519690633,-3.30843064878751,1607175.0,3.22072516127824,257670.0,0.024187167896703048,0.02353083413353384,True
GAB,Gabon,2012,21,1,962,10517,0,0.19967671389179423,17170464016.0593,9296.96587941088,5.25107691750407,1846889.0,3.57746904510728,257670.0,0.022576302432349333,0.02573529700954813,True
GAB,Gabon,2016,6,0,973,11179,1,0.05367206369084891,14023890265.3665,6677.07003901644,2.09144220829562,2100306.0,2.86485541015556,257670.0,0.01819276951801631,0.02789909911603573,True
GAB,Gabon,2020,5,0,1080,11273,0,0.044353765634702384,15342236163.9943,6605.80346077904,-1.8377610635094,2322539.0,2.38922359813697,257670.0,0.017759581026150186,0.02957193114897746,True
GBR,United Kingdom,1988,345,24,738,8454,37,4.080908445706174,910122732123.799,15987.1680775688,5.0321018040183,56928327.0,0.222063893961785,241930.0,4.644032371531683,1.1125552627451705,True
GBR,United Kingdom,1992,371,20,813,9386,24,3.9526955039420413,1179659529659.53,20487.1707852878,1.29472849604493,57580402.0,0.270431182081877,241930.0,4.602394024722368,1.0513467887485637,True
GBR,United Kingdom,1996,300,15,841,10339,20,2.9016345874842826,1425287051482.06,24503.3829602903,2.61491606949487,58166950.0,0.254626384215086,241930.0,4.445012453906332,0.9990325342210462,True
GBR,United Kingdom,2000,310,28,925,10647,15,2.911618296233681,1671597821152.97,28383.8761094996,4.52438074810904,58892514.0,0.357300887421605,241930.0,4.921413610513637,0.9558101376668534,True
GBR,United Kingdom,2004,264,30,927,10557,28,2.500710429099176,2429774807762.72,40504.4118103928,2.32601853325993,59987905.0,0.568943113421317,241930.0,5.489168406079105,0.9239776390298527,True
GBR,United Kingdom,2008,304,48,957,10899,30,2.789246719882558,2945251838235.29,47652.4030691881,-0.0494116727402769,61806995.0,0.787032622318939,241930.0,4.574896093399244,0.9049233267299176,True
GBR,United Kingdom,2012,530,65,962,10517,48,5.039459922030997,2719715961539.83,42688.3263728372,1.52826034721852,63711000.0,0.712282568284022,241930.0,3.5759738362564537,0.8877747973891885,True
GBR,United Kingdom,2016,360,67,973,11179,65,3.220323821450935,2706807606538.73,41258.5374285695,2.20652020635357,65606000.0,0.794231868922694,241930.0,3.5114598006365347,0.8714674416997523,True
GBR,United Kingdom,2020,375,64,1080,11273,67,3.326532422602679,2724001478304.59,40815.1255364787,-10.047896637362,66740000.0,0.167956370836665,241930.0,3.1531990807726182,0.8497728928912521,True
GEO,Georgia,1996,34,2,841,10339,0,0.3288519199148854,3094936177.1918,689.034634153312,11.2025463861501,4491699.0,-3.62954607972126,69490.0,0.009652111718378271,0.07714610160801175,True
GEO,Georgia,2000,36,6,925,10647,2,0.33812341504649196,3057475335.18846,749.908534993961,1.84038117927339,4077131.0,-1.9446291567975,69490.0,0.009001627387877083,0.06617077244139714,True
GEO,Georgia,2004,32,4,927,10557,6,0.303116415648385,5125365191.98664,1305.04748557208,5.79268292682926,3927340.0,-0.619262410024726,69490.0,0.011578847797576662,0.0604917664797179,True
GEO,Georgia,2008,35,6,957,10899,4,0.32113037893384716,12795145130.9103,3324.7537205015,2.42161440960641,3848449.0,-0.303790529341209,69490.0,0.019874857122218537,0.05634558470008815,True
GEO,Georgia,2012,34,7,962,10517,6,0.3232861082057621,16894392033.2256,4530.69533409431,6.57883101954195,3728874.0,-0.736565518814038,69490.0,0.022213313722683557,0.05195963585314644,True
GEO,Georgia,2016,40,7,973,11179,7,0.3578137579389927,15444548901.9637,4143.40125686315,3.45021517996871,3727505.0,0.0598165991047394,69490.0,0.020035747083465526,0.049513752496311854,True
GEO,Georgia,2020,33,8,1080,11273,7,0.29273485318903575,16010869215.68,4300.85701291207,-6.2904717853839,3722716.0,0.0686562494680967,69490.0,0.018533564866005423,0.0473998073828671,True
GHA,Ghana,1988,16,0,738,8454,0,0.18925952211970665,5197765031.64557,355.121844932881,5.62816876359457,14636568.0,2.40254861016643,227540.0,0.026522344970166062,0.28604372576990633,True
GHA,Ghana,1992,34,1,813,9386,0,0.3622416364798636,6416103925.83267,396.426407640517,3.87941908037517,16184855.0,2.48576941139296,227540.0,0.02503217040833189,0.29551539655126297,True
GHA,Ghana,1996,35,0,841,10339,1,0.33852403520649965,6932991739.37767,389.271267898831,4.60246115564627,17810181.0,2.33565497080505,227540.0,0.021621774078645215,0.3058945029671579,True
GHA,Ghana,2000,22,0,925,10647,0,0.2066309758617451,4982850662.20851,253.746936203344,3.70000008164408,19637087.0,2.51243583964957,227540.0,0.014670196836722098,0.31870479886197384,True
GHA,Ghana,2004,26,0,927,10557,0,0.2462820877143128,8881417906.71432,406.132105329565,5.59999999077445,21868298.0,2.64856422445373,227540.0,0.020064245632545177,0.3368315388850677,True
GHA,Ghana,2008,9,0,957,10899,0,0.08257638315441784,28679383241.0729,1182.65761256016,9.14979893831817,24249946.0,2.5377798286274,227540.0,0.044548040560530994,0.35504625014273644,True
GHA,Ghana,2012,7,0,962,10517,0,0.06655890463059808,41271701060.954,1543.77524235764,9.2927894063005,26734268.0,2.4199090803465,227540.0,0.054265417881435574,0.3725260843033113,True
GHA,Ghana,2016,13,0,973,11179,0,0.11628947133017264,56144179397.8516,1912.47991339951,3.37346574966936,29356742.0,2.27621203911157,227540.0,0.0728341491722718,0.3899558706121341,True
GHA,Ghana,2020,12,1,1080,11273,0,0.10644903752328573,70008243859.8666,2195.45481659987,0.513941670628171,31887809.0,1.99181985149439,227530.0,0.0810388437537966,0.40601431977665126,True
GIN,Guinea,1988,6,0,738,8454,0,0.07097232079488999,3476480303.12273,574.001127225182,6.30811670197524,6056574.0,2.61583840073543,245720.0,0.017739241639443126,0.11836415424443385,True
GIN,Guinea,1992,8,0,813,9386,0,0.08523332623055614,4789220416.70641,692.647802662806,3.2709473025656,6914366.0,3.19168243312344,245720.0,0.01868495008495342,0.12624775510133207,True
GIN,Guinea,1996,5,0,841,10339,0,0.04836057645807138,5641243099.76661,726.025442583799,4.46157508517599,7770035.0,2.82968670530382,245720.0,0.017593225033442583,0.13345237728703718,True
GIN,Guinea,2000,6,0,925,10647,0,0.05635390250774866,4367458866.71537,518.157066924026,2.50306056299607,8428832.0,1.96135964318577,245720.0,0.01285839885528574,0.13679774434982991,True
GIN,Guinea,2004,3,0,927,10557,0,0.02841716396703609,5300767960.51572,584.897740538081,2.34011731288737,9062726.0,2.14071157501219,245720.0,0.011975104822002383,0.13959074204465818,True
GIN,Guinea,2008,5,0,957,10899,0,0.04587576841912102,6964179983.17212,703.532825784369,4.13301615965833,9898870.0,2.41908604968745,245720.0,0.010817546868193513,0.14493049486173823,True
GIN,Guinea,2012,4,0,962,10517,0,0.03803365978891319,7638044556.84656,699.353377212197,5.91528626133322,10921581.0,2.45416156342286,245720.0,0.010042757362051947,0.15218571925483215,True
GIN,Guinea,2016,5,0,973,11179,0,0.04472671974237409,8595955222.49719,711.996509782316,10.82062719659,12073030.0,2.56690869267138,245720.0,0.011151273233810707,0.16037027966442644,True
GIN,Guinea,2020,4,0,1080,11273,0,0.03548301250776191,14088693742.9464,1053.66097696415,4.70459096113575,13371183.0,2.55139953603925,245720.0,0.016308528652926858,0.17024975815535406,True
GMB,"Gambia, The",1988,6,0,738,8454,0,0.07097232079488999,266672211.934161,274.874465999589,4.47682692076357,970160.0,4.11039894872358,10120.0,0.0013607333836396739,0.018959921546699492,True
GMB,"Gambia, The",1992,5,0,813,9386,0,0.053270828894097594,714254256.122189,623.485927783598,3.37868879121812,1145582.0,4.06398984278952,10120.0,0.0027866341413425003,0.020916907751845102,True
GMB,"Gambia, The",1996,9,0,841,10339,0,0.08704903762452848,848239446.21576,651.784945724837,2.22354563838627,1301410.0,2.89194004292625,10120.0,0.0026453863440371837,0.022352056113662686,True
GMB,"Gambia, The",2000,2,0,925,10647,0,0.018784634169249553,782913871.80966,538.054072348854,5.50000021632955,1455084.0,2.73837212713207,10120.0,0.002305005986383966,0.023615633701030928,True
GMB,"Gambia, The",2004,2,0,927,10557,0,0.01894477597802406,961900651.423441,593.285346326581,7.05000000064635,1621312.0,2.73240205558954,10120.0,0.0021730551525646095,0.024972634631777332,True
GMB,"Gambia, The",2008,3,0,957,10899,0,0.027525461051472612,1561766955.73024,859.127671411226,6.25590553394287,1817852.0,2.90664631280342,10120.0,0.002425911920948443,0.026615380335876775,True
GMB,"Gambia, The",2012,2,0,962,10517,0,0.019016829894456595,1415004738.26621,692.579361628102,5.24156924630741,2043094.0,2.94591935774346,10120.0,0.0018604957259411865,0.028469296697541505,True
GMB,"Gambia, The",2016,4,0,973,11179,0,0.03578137579389928,1484578885.97132,650.056501323611,1.94335965478776,2283769.0,2.62819405087404,10120.0,0.001925899375474313,0.030336102305630608,True
GMB,"Gambia, The",2020,4,0,1080,11273,0,0.03548301250776191,1812170891.19069,720.335143352133,0.591487287873974,2515733.0,2.3686612920428,10120.0,0.0020976991509791105,0.03203179066754552,True
GNB,Guinea-Bissau,1996,3,0,841,10339,0,0.02901634587484283,702965147.568054,614.729892454585,11.6000000043869,1143535.0,2.08411932394768,28120.0,0.0021923224745169392,0.019640511820208283,True
GNB,Guinea-Bissau,2000,3,0,925,10647,0,0.02817695125387433,391345597.488269,316.945495037639,1.10027815777423,1234741.0,2.00706384351502,28120.0,0.0011521751975992257,0.02003952429663485,True
GNB,Guinea-Bissau,2004,3,0,927,10557,0,0.02841716396703609,582169841.298304,431.376557669634,1.17189152277038,1349563.0,2.30540545476551,28120.0,0.0013151952557978804,0.02078695754522591,True
GNB,Guinea-Bissau,2008,3,0,957,10899,0,0.027525461051472612,952667544.037289,640.210331101753,4.52457514610252,1488054.0,2.52259007377628,28120.0,0.001479790274279515,0.02178676986373081,True
GNB,Guinea-Bissau,2012,4,0,962,10517,0,0.03803365978891319,1049412177.11413,635.461653303881,-1.71286958446419,1651417.0,2.65952739224803,28120.0,0.0013798023550534266,0.02301151123950435,True
GNB,Guinea-Bissau,2016,5,0,973,11179,0,0.04472671974237409,1245074264.10396,679.665386626818,5.4326782650304,1831893.0,2.51155296505032,28120.0,0.0016151972591797188,0.02433367536776643,True
GNB,Guinea-Bissau,2020,4,0,1080,11273,0,0.03548301250776191,1705062169.81422,846.918134967613,2.89149979806913,2013255.0,2.28895000835492,28120.0,0.0019737142249513827,0.02563394554207039,True
GNQ,Equatorial Guinea,1988,6,0,738,8454,0,0.07097232079488999,100534656.881732,228.669232827247,2.6552621825882,439651.0,3.97397139114896,28050.0,0.0005129925718151231,0.008592137861721756,True
GNQ,Equatorial Guinea,1992,7,0,813,9386,0,0.07457916045173663,134707183.84662,263.733547088944,34.7453200290652,510770.0,3.69997148660368,28050.0,0.0005255546388048056,0.009326027270339375,True
GNQ,Equatorial Guinea,1996,5,0,841,10339,0,0.04836057645807138,232463022.802961,391.686868235732,66.5799972215897,593492.0,3.8172285032395,28050.0,0.0007249774916269767,0.010193379862618156,True
GNQ,Equatorial Guinea,2000,4,0,925,10647,0,0.03756926833849911,1045998496.43872,1487.3165506701,18.2137799569674,703279.0,5.26428495953201,28050.0,0.0030795632608564137,0.011414034690524622,True
GNQ,Equatorial Guinea,2004,2,0,927,10557,0,0.01894477597802406,4410764338.66733,4901.30127408119,37.9987268556423,899917.0,5.95846501494265,28050.0,0.009964474146789932,0.013861180599369622,True
GNQ,Equatorial Guinea,2008,3,0,957,10899,0,0.027525461051472612,19749893536.3204,18210.5552970599,17.7991091333811,1084530.0,4.57370994415875,28050.0,0.03067775380406876,0.015878728540974975,True
GNQ,Equatorial Guinea,2012,2,0,962,10517,0,0.019016829894456595,22388344143.9131,17308.5723924575,8.31287184445641,1293483.0,4.07484554769573,28050.0,0.029436946367888635,0.018023914367242072,True
GNQ,Equatorial Guinea,2016,1,0,973,11179,0,0.00894534394847482,11240808847.8878,7453.19797948517,-8.81641723219757,1508186.0,3.66421838047825,28050.0,0.014582362004838232,0.020033762080105214,True
GNQ,Equatorial Guinea,2020,3,0,1080,11273,0,0.026612259380821433,9893816007.7398,5764.05502912947,-4.79108083383294,1716468.0,2.73390823188935,28050.0,0.011452699930381673,0.021855079081739014,True
GRC,Greece,1988,56,1,738,8454,2,0.6624083274189733,75200610136.9205,7492.35204811251,4.28786172851761,10036983.0,0.363197987305088,128900.0,0.3837219481595017,0.19615363470515845,True
GRC,Greece,1992,70,2,813,9386,1,0.7457916045173663,114608178405.434,11021.012224607,0.700000337119789,10399061.0,0.76388272245526,128900.0,0.44713918059876306,0.18987396768001774,True
GRC,Greece,1996,121,8,841,10339,2,1.1703259502853274,142502984144.96,13432.5262183244,1.38247057325857,10608800.0,0.44067053086068,128900.0,0.44442102984413223,0.18220890641582954,True
GRC,Greece,2000,140,13,925,10647,8,1.3149243918474687,125760166224.805,11638.2010697215,4.13782699405849,10805808.0,0.409041838238246,128900.0,0.37025520486280583,0.17537544469712374,True
GRC,Greece,2004,426,16,927,10557,13,4.035237283319125,234979615898.225,21449.2552764245,5.37786634595851,10955141.0,0.247413542822812,128900.0,0.5308486529452484,0.1687391035979526,True
GRC,Greece,2008,152,4,957,10899,16,1.394623359941279,351121399546.485,31695.8331092209,0.0574740238200775,11077841.0,0.265457836726293,128900.0,0.5454012109390837,0.16219194495226757,True
GRC,Greece,2012,102,2,962,10517,4,0.9698583246172863,238841140018.233,21624.346052551,-8.33113421099992,11045011.0,-0.540752950543684,128900.0,0.3140363478410087,0.15390564270983595,True
GRC,Greece,2016,92,6,973,11179,2,0.8229716432596833,193097239005.87,17919.2426377048,-0.0317947678412054,10775971.0,-0.415913028277122,128900.0,0.2504992193553287,0.1431409913605573,True
GRC,Greece,2020,83,4,1080,11273,6,0.7362725095360596,191362985554.861,17886.733165236,-9.19623149726978,10698599.0,-0.214592106571664,128900.0,0.22151441361223093,0.13622084839846355,True
GRD,Grenada,1988,6,0,738,8454,0,0.07097232079488999,236357523.703704,2404.25523562379,2.96679168426633,98308.0,0.798639824026673,340.0,0.0012060483191906044,0.001921241823423903,True
GRD,Grenada,1992,4,0,813,9386,0,0.04261666311527807,310160444.444444,3052.70018744163,-0.851148756391396,101602.0,0.79943112085571,340.0,0.0012100784508800927,0.0018551266180884178,True
GRD,Grenada,1996,5,0,841,10339,0,0.04836057645807138,366911444.444444,3508.294236637,4.43823471603358,104584.0,0.686008648507177,340.0,0.0011442789284729872,0.0017962574719660202,True
GRD,Grenada,2000,3,0,925,10647,0,0.02817695125387433,520044370.37037,4839.82811114248,4.88795213650562,107451.0,0.676075747933343,340.0,0.0015310820641333703,0.0017439016969532165,True
GRD,Grenada,2004,5,0,927,10557,0,0.04736193994506015,599118592.592593,5480.26117644588,-0.647450316084857,109323.0,0.402370769308206,340.0,0.001353484627236696,0.0016838728979060127,True
GRD,Grenada,2008,9,0,957,10899,0,0.08257638315441784,825976037.037037,7448.2040563865,0.947542624907697,110896.0,0.337822901198071,340.0,0.001282998790129353,0.0016236410982452868,True
GRD,Grenada,2012,8,1,962,10517,0,0.07606731957782638,799881481.481481,7092.71985352677,-1.15483816409801,112775.0,0.619070350394075,340.0,0.0010517110206848112,0.0015714523830353587,True
GRD,Grenada,2016,6,1,973,11179,1,0.05367206369084891,1061640740.74074,9221.23461079424,3.7396039558691,115130.0,0.39511639438688,340.0,0.0013772344864199943,0.0015293120532099578,True
GRD,Grenada,2020,6,1,1080,11273,1,0.053224518761642865,1043411111.11111,8968.55890108484,-13.7566222572107,116341.0,0.309914935427349,340.0,0.0012078124709650397,0.0014813219678133228,True
GTM,Guatemala,1988,28,0,738,8454,0,0.33120416370948663,7841602824.42748,919.070773138882,3.89238706354786,8532099.0,2.80034727895635,107160.0,0.04001290823310843,0.16674355536063454,True
GTM,Guatemala,1992,14,0,813,9386,0,0.14915832090347325,10440781587.5435,1096.45976992698,4.83833884688683,9522266.0,2.65707563037112,107160.0,0.04073428780404997,0.17386477747601747,True
GTM,Guatemala,1996,26,0,841,10339,0,0.25147499758197117,15674835615.3139,1481.05986750672,2.95777988740716,10583526.0,2.58937937554223,107160.0,0.0488847768949803,0.1817748188752261,True
GTM,Guatemala,2000,15,0,925,10647,0,0.14088475626937166,19288929030.0508,1648.96578971559,3.6088687174876,11697592.0,2.37572059022903,107160.0,0.05678925675749404,0.1898488663583063,True
GTM,Guatemala,2004,18,0,927,10557,0,0.17050298380221654,23577298094.6571,1840.91184884,3.13791683609193,12807402.0,2.22294147751077,107160.0,0.05326409648681291,0.1972689838404294,True
GTM,Guatemala,2008,12,0,957,10899,0,0.11010184420589045,38503720224.3166,2763.05988172926,3.29352400028485,13935174.0,2.05271863868285,107160.0,0.059808304657949986,0.20402648623574487,True
GTM,Guatemala,2012,19,1,962,10517,0,0.18065988399733765,49593929487.1263,3286.61959336267,2.97470856847661,15089647.0,1.99138673642109,107160.0,0.0652077631602023,0.21026523376025139,True
GTM,Guatemala,2016,21,0,973,11179,1,0.18785222291797118,66053408205.8838,4060.13784737643,2.6778031930216,16268760.0,1.84256060230578,107160.0,0.08568909258629928,0.21610362858316715,True
GTM,Guatemala,2020,24,0,1080,11273,0,0.21289807504657146,77719468248.3666,4477.61785000665,-1.78555117570465,17357325.0,1.47137710546514,107160.0,0.08996505978088304,0.22100366014539485,True
GUM,Guam,1988,19,0,738,8454,0,0.22474568251715166,,,,132799.0,2.23951611330527,540.0,,0.002595302446483205,False
GUM,Guam,1992,22,0,813,9386,0,0.2343916471340294,,,,143393.0,1.63116255707427,540.0,,0.002618178492033154,False
GUM,Guam,1996,8,0,841,10339,0,0.07737692233291421,,,,152169.0,1.39965160010713,540.0,,0.0026135422555228077,False
GUM,Guam,2000,7,0,925,10647,0,0.06574621959237344,,,,160065.0,1.11575065774253,540.0,,0.0025978131904106673,False
GUM,Guam,2004,4,0,927,10557,0,0.03788955195604812,3869000000.0,23618.8266894573,6.49378949662236,163810.0,0.411688102683209,540.0,0.008740560028554719,0.0025231215700811716,True
GUM,Guam,2008,6,0,957,10899,0,0.055050922102945224,4658000000.0,28112.2316573422,2.03458799593082,165693.0,0.257433064578674,540.0,0.007235328988308835,0.0024259302814488917,True
GUM,Guam,2012,8,0,962,10517,0,0.07606731957782638,5265000000.0,31653.7506538168,2.13385063045585,166331.0,-0.127375540693071,540.0,0.006922598725063408,0.002317723310331671,True
GUM,Guam,2016,5,0,973,11179,0,0.04472671974237409,5901000000.0,35930.6594898711,0.18198362147406,164233.0,-0.408339926567039,540.0,0.0076551891732168096,0.0021815643744882394,True
GUM,Guam,2020,5,0,1080,11273,0,0.044353765634702384,5916000000.0,36482.9363953675,-10.5188595714539,162158.0,0.216072141009173,540.0,0.006848133494208382,0.002064690931457292,True
GUY,Guyana,1988,8,0,738,8454,0,0.09462976105985332,413799990.0,544.715209244099,-3.69353310075873,759663.0,-0.584993100789264,196850.0,0.0021114740694534026,0.014846160305444852,True
GUY,Guyana,1992,6,0,813,9386,0,0.06392499467291711,373573141.486811,498.156636569954,7.75788577607526,749911.0,0.273740099309668,196850.0,0.0014574805280231074,0.013692445594548372,True
GUY,Guyana,1996,7,0,841,10339,0,0.06770480704129993,705406001.424501,927.523847211669,7.95551754125103,760526.0,0.281517111831782,196850.0,0.0021999347135945274,0.01306223236942964,True
GUY,Guyana,2000,4,0,925,10647,0,0.03756926833849911,712667896.727512,931.796651718955,-1.36380390261873,764832.0,0.0456413500238234,196850.0,0.002098192186151423,0.012413023821873436,True
GUY,Guyana,2004,4,0,927,10557,0,0.03788955195604812,787814379.183843,1033.31030902188,1.56335211034042,762418.0,-0.0895433023955464,196850.0,0.0017797722596575212,0.011743320317551717,True
GUY,Guyana,2008,4,0,957,10899,0,0.036700614735296816,3025187433.33637,4008.9628671603,1.75522349592019,754606.0,-0.298385829541619,196850.0,0.00469906104153848,0.01104827328832855,True
GUY,Guyana,2012,6,0,962,10517,0,0.05705048968336978,4063088535.76331,5444.39751913913,5.27633062046809,746288.0,0.0180911674723709,196850.0,0.005342285188508042,0.010399078306634377,True
GUY,Guyana,2016,6,0,973,11179,0,0.05367206369084891,4482697336.56174,5870.87823759835,3.80745626378814,763548.0,0.626279284065059,196850.0,0.005815267940629598,0.010142475111650801,True
GUY,Guyana,2020,7,0,1080,11273,0,0.06209527188858334,5471256594.72422,6775.70939096303,43.479651716849,807481.0,-0.0227843180487706,211140.0,0.006333315676426542,0.010281322525093214,True
HKG,"Hong Kong SAR, China",1988,48,0,738,8454,0,0.5677785663591199,59707404560.5944,10609.7456394545,8.51153048557791,5627600.0,0.840468540728853,990.0,0.3046656344386545,0.10998067792550309,True
HKG,"Hong Kong SAR, China",1992,38,0,813,9386,0,0.4048582995951417,104272507639.282,17976.4688629053,6.23502387210803,5800500.0,0.839650031457883,990.0,0.4068149784203898,0.10590994220804578,True
HKG,"Hong Kong SAR, China",1996,23,1,841,10339,0,0.22245865170712834,159718183550.734,24818.3021600084,4.25847572892732,6435500.0,4.43860779481101,1050.0,0.49810970657460313,0.1105313906604961,True
HKG,"Hong Kong SAR, China",2000,31,0,925,10647,1,0.29116182962336806,171668891194.349,25756.7728723704,7.66344398397743,6665000.0,0.881594075853745,1050.0,0.5054167975900588,0.10817121115851121,True
HKG,"Hong Kong SAR, China",2004,32,1,927,10557,0,0.303116415648385,169099768875.193,24928.1003722551,8.70006555836002,6783500.0,0.77991856230718,1050.0,0.3820177515296855,0.10448443422651627,True
HKG,"Hong Kong SAR, China",2008,34,0,957,10899,1,0.31195522525002295,219278749139.734,31515.5292103443,2.12793685154209,6957800.0,0.598238786949717,1050.0,0.3406083920504119,0.10186995052455504,True
HKG,"Hong Kong SAR, China",2012,41,1,962,10517,0,0.3898450128363602,262628865879.697,36730.796195815,1.70032214482865,7150100.0,1.1039579972368,1050.0,0.34531324826279947,0.09963238026106068,True
HKG,"Hong Kong SAR, China",2016,37,0,973,11179,1,0.3309777260935683,320860317562.562,43734.1980702999,2.17544820327555,7336600.0,0.619366345332479,1050.0,0.41624240452801764,0.09745462355233367,True
HKG,"Hong Kong SAR, China",2020,43,6,1080,11273,0,0.38144238445844053,344943149590.058,46109.2299946609,-6.54479640529367,7481000.0,-0.358932661902885,1050.0,0.399292889842023,0.09525248743960829,True
HND,Honduras,1988,8,0,738,8454,0,0.09462976105985332,4892660944.20601,1039.29410284648,7.57442109483326,4707677.0,2.81704824743616,111890.0,0.024965507404479136,0.09200254245402989,True
HND,Honduras,1992,10,0,813,9386,0,0.10654165778819519,4122846905.18198,782.111518709432,9.03523510162955,5271431.0,2.84070727716059,111890.0,0.016085120735413506,0.09624979787323525,True
HND,Honduras,1996,7,0,841,10339,0,0.06770480704129993,4798834459.45946,812.817047602244,22.957391093437,5903954.0,2.82263280263084,111890.0,0.014966023099944407,0.10140194950129726,True
HND,Honduras,2000,20,0,925,10647,0,0.18784634169249553,7186638029.05875,1092.56400746252,9.61221879337278,6577773.0,2.73259067031821,111890.0,0.021158449575897135,0.10675553970528939,True
HND,Honduras,2004,5,0,927,10557,0,0.04736193994506015,8869299234.3377,1215.13995412761,6.23230296069102,7298994.0,2.49393448320234,111890.0,0.020036868019887067,0.11242445028565443,True
HND,Honduras,2008,25,0,957,10899,0,0.2293788420956051,13881731875.7466,1732.49062702803,4.23160011009342,8012587.0,2.24385864950969,111890.0,0.02156266574678406,0.1173132083796161,True
HND,Honduras,2012,25,0,962,10517,0,0.23771037368070744,18528554397.5695,2126.03474686503,4.12868774866939,8715076.0,2.02251270813154,111890.0,0.024361965251639625,0.12143938770591231,True
HND,Honduras,2016,23,0,973,11179,0,0.20574291081492083,21717604952.1835,2307.34468351082,3.89297219726413,9412380.0,1.87756675968273,111890.0,0.028173593339799168,0.12502793523314812,True
HND,Honduras,2020,23,0,1080,11273,0,0.20402732191963097,23352232483.755,2307.61494319511,-8.96508223267296,10119640.0,1.75456432541029,111890.0,0.02703164392098438,0.12884920224480118,True
HRV,Croatia,1992,39,3,813,9386,0,0.4155124653739612,10621169290.9986,2321.15204123035,-11.7132905102592,4575818.0,-2.44385513691215,55910.0,0.041438063145698555,0.08354876647436181,True
HRV,Croatia,1996,84,2,841,10339,3,0.8124576844955992,24151469716.5173,5299.74887884048,6.11143125777198,4557097.0,-1.37154005901268,55980.0,0.07532067561999618,0.0782693293115958,True
HRV,Croatia,2000,88,2,925,10647,2,0.8265239034469803,22134069750.2586,4953.57515008131,2.94765913375998,4468302.0,-0.986434858645568,55912.0,0.06516574187076093,0.07251937571822925,True
HRV,Croatia,2004,81,5,927,10557,2,0.7672634271099744,41836096243.0481,9718.92771524605,4.17049297825163,4304600.0,0.0279042785156658,55964.0,0.09451302935455014,0.06630260124883347,True
HRV,Croatia,2008,99,5,957,10899,5,0.9083402146985962,68473103476.6775,15888.1184388903,1.97176786914632,4309705.0,-0.0118794578559279,55964.0,0.10636011818468769,0.06309888687881622,True
HRV,Croatia,2012,107,6,962,10517,5,1.0174003993534277,57547495859.7306,13507.6349882758,-2.23702049605232,4260368.0,-0.474278461071106,55964.0,0.07566537919642219,0.05936568784045741,True
HRV,Croatia,2016,85,10,973,11179,6,0.7603542356203596,52650804052.1394,12820.1872746645,3.46613146011039,4106867.0,-1.08634598144505,55964.0,0.06830229878683226,0.05455295061261373,True
HRV,Croatia,2020,60,9,1080,11273,10,0.5322451876164286,57959824238.1808,14807.5559227544,-8.31046995309319,3914206.0,-0.894863743984583,55960.0,0.06709205775590209,0.04983797057225496,True
HTI,Haiti,1988,4,0,738,8454,0,0.04731488052992666,2613926800.0,397.365336276412,0.200426837325949,6578145.0,2.04290699274167,27560.0,0.013337938112684126,0.12855726181538463,True
HTI,Haiti,1992,7,0,813,9386,0,0.07457916045173663,2257129791.61575,316.276513134354,-5.30993292251178,7136571.0,1.997247117895,27560.0,0.008806100747521094,0.1303049430520844,True
HTI,Haiti,1996,7,0,841,10339,0,0.06770480704129993,2907517603.76719,377.229465025972,4.14077332856783,7707557.0,1.89933701618306,27560.0,0.00906761339426911,0.13237930134489026,True
HTI,Haiti,2000,5,0,925,10647,0,0.04696158542312388,6813566098.8675,820.600046761464,0.870059259424892,8303151.0,1.84581482966936,27560.0,0.020060074565048283,0.13475797450892776,True
HTI,Haiti,2004,8,0,927,10557,0,0.07577910391209625,6087360684.2969,683.185298155273,-1.3178567596495,8910263.0,1.70178992075307,27560.0,0.013752117207692162,0.1372423952774322,True
HTI,Haiti,2008,7,0,957,10899,0,0.06422607578676943,10432962634.8748,1094.66058421644,2.6580323082747,9530774.0,1.66611362408622,27560.0,0.016205649846726615,0.1395411589641432,True
HTI,Haiti,2012,5,0,962,10517,0,0.047542074736141485,13708925477.1304,1361.39396587374,0.502424403581585,10069771.0,1.54988860322553,27560.0,0.018024955371314755,0.14031625479556947,True
HTI,Haiti,2016,10,0,973,11179,0,0.08945343948474818,14069277526.2278,1318.40268167953,1.81246807847532,10671457.0,1.39862723308259,27560.0,0.018251649041477993,0.14175269534796991,True
HTI,Haiti,2020,6,0,1080,11273,0,0.053224518761642865,14508222518.3018,1290.32538667383,-3.30550546965893,11243848.0,1.24109993204209,27560.0,0.016794158987324344,0.14316327902591428,True
HUN,Hungary,1988,188,23,738,8454,0,2.223799384906553,29799838597.4079,2812.23754602897,-0.0652631444904301,10596487.0,-0.153272935554963,89870.0,0.1520579700166823,0.20708807020555484,True
HUN,Hungary,1992,217,30,813,9386,23,2.3119539740038353,38857339124.9084,3747.32966394956,-3.06418034558638,10369341.0,-0.0391365832684134,89870.0,0.1516003396816575,0.18933131730808028,True
HUN,Hungary,1996,213,21,841,10339,30,2.0601605571138406,46833767123.6915,4542.0120380978,0.101234227633242,10311238.0,-0.171771608629025,89860.0,0.14605947476453163,0.17709820147173527,True
HUN,Hungary,2000,178,17,925,10647,21,1.6718324410632104,47275954428.9586,4629.91760812548,4.40937501806403,10210971.0,-0.259764908288633,89620.0,0.13918690407015546,0.1657213953750089,True
HUN,Hungary,2004,209,17,927,10557,17,1.9797290897035142,104015363080.271,10291.2694721409,4.96312536156307,10107146.0,-0.221439378654807,89620.0,0.23498385238951225,0.15567766366253363,True
HUN,Hungary,2008,171,10,957,10899,17,1.568951279933939,158228265915.534,15762.6322515113,0.993437085479655,10038188.0,-0.17509736747488,89610.0,0.24577792167207,0.14697026573287275,True
HUN,Hungary,2012,152,18,962,10517,10,1.4452790719787012,128470269689.958,12950.1594488143,-1.33948446518181,9920362.0,-0.516437606548041,90530.0,0.1689170228232204,0.13823432946551467,True
HUN,Hungary,2016,154,15,973,11179,18,1.3775829680651221,128983560865.293,13215.8605277789,2.43864141309342,9759755.0,-0.388598014975531,91260.0,0.16732648003032408,0.12964223884197126,True
HUN,Hungary,2020,172,20,1080,11273,15,1.5257695378337621,158468487754.196,16386.9308821258,-4.33872540024058,9670419.0,-0.252049642963059,91260.0,0.18343701128567622,0.12312945653432018,True
IDN,Indonesia,1988,29,1,738,8454,0,0.3430328838419683,84300174485.7973,476.662483405818,5.7804984881177,176855065.0,1.90886698268871,1811570.0,0.43015378631874385,3.4562939695889745,True
IDN,Indonesia,1992,42,5,813,9386,1,0.44747496271041975,128026966579.964,673.67103954742,6.49750651682714,190043744.0,1.7332257161332,1811570.0,0.4994920408611615,3.4699632693803375,True
IDN,Indonesia,1996,40,4,841,10339,5,0.38688461166457105,227369679374.973,1118.92133024129,7.81818707670867,203204348.0,1.64546182640737,1811570.0,0.7090929896623466,3.490087665713526,True
IDN,Indonesia,2000,47,6,925,10647,4,0.4414389029773645,165021012077.81,763.711124950924,4.9200677470169,216077790.0,1.43244007763682,1877519.0,0.4858445282611731,3.5068861588528795,True
IDN,Indonesia,2004,38,4,927,10557,6,0.35995074358245716,256836875295.452,1126.84004447173,5.03087394501685,227926649.0,1.27101139474106,1877519.0,0.5802269646074749,3.510693147477078,True
IDN,Indonesia,2008,24,5,957,10899,4,0.2202036884117809,510228634992.258,2124.55483920618,6.01370360009123,240157903.0,1.29735043016571,1877519.0,0.7925444468494487,3.5161794959169406,True
IDN,Indonesia,2012,22,2,962,10517,5,0.20918512883902254,917869913332.649,3632.27254030331,6.03005065305615,252698525.0,1.28583816632167,1877519.0,1.2068461712840755,3.5212032746687667,True
IDN,Indonesia,2016,28,3,973,11179,2,0.25046963055729493,931877364037.698,3521.46943457574,5.03306918280177,264627418.0,1.0744882002252,1877519.0,1.2088963748427732,3.5151385386713256,True
IDN,Indonesia,2020,28,5,1080,11273,3,0.24838108755433336,1059054842698.48,3853.70288774146,-2.06551182934165,274814866.0,0.849801187379341,1877519.0,1.2259210514683991,3.4991043405804882,True
IND,India,1988,46,0,738,8454,0,0.5441211260941566,296589670895.932,358.484539641693,9.62778291984834,827342990.0,2.25053923542519,2973190.0,1.513391528512311,16.16883625650592,True
IND,India,1992,52,0,813,9386,0,0.554016620498615,288208070278.013,319.182472626315,5.48239602167003,902957070.0,2.12998519274824,2973190.0,1.1244321494246112,16.486877183009458,True
IND,India,1996,49,1,841,10339,0,0.47393364928909953,392896866204.516,401.046754673579,7.54952224888829,979678458.0,1.99775909414655,2973190.0,1.2253191113774922,16.826232983120256,True
IND,India,2000,65,1,925,10647,1,0.6105006105006106,468395521654.458,442.750218937263,3.84099115686554,1057922733.0,1.87939826197393,2973190.0,1.3790207585840923,17.16980995359824,True
IND,India,2004,73,1,927,10557,1,0.6914843231978782,709152728830.775,624.258826510066,7.92293661307978,1135991513.0,1.7035704679088,2973190.0,1.6020656489425626,17.497373114458494,True
IND,India,2008,53,3,957,10899,1,0.4862831452426828,1198895139005.92,992.519584923828,3.08669805950082,1207930964.0,1.43877181746736,2973190.0,1.8622586417329505,17.685456256253136,True
IND,India,2012,81,6,962,10517,3,0.7701816107254921,1827637590410.41,1429.32199520032,5.45638755164772,1278674502.0,1.37405616603306,2973190.0,2.403039250380449,17.817566777162053,True
IND,India,2016,112,2,973,11179,6,1.0018785222291797,2294796885663.16,1707.50892912243,8.25630550176662,1343944296.0,1.19162966402099,2973190.0,2.9769707293442256,17.852082087341017,True
IND,India,2020,120,7,1080,11273,2,1.0644903752328572,2674851578587.27,1907.04251637669,-5.77772470687303,1402617695.0,0.973438646910149,2973190.0,3.0963050519539634,17.85895259665283,True
IRL,Ireland,1988,61,0,738,8454,1,0.7215519280813816,37772896220.7559,10715.8702780539,5.21741342322537,3524949.0,-0.427686063650556,68890.0,0.19274164530134597,0.0688883859323378,True
IRL,Ireland,1992,58,2,813,9386,0,0.6179416151715321,55918538121.3989,15714.3847487231,3.34327412603812,3558430.0,0.6822567779864,68890.0,0.21816391869899487,0.06497252230865898,True
IRL,Ireland,1996,78,4,841,10339,2,0.7544249927459136,75790786290.3226,20835.8977130847,7.37962465765875,3637510.0,0.791271346994459,68890.0,0.23636711538319738,0.06247518278944311,True
IRL,Ireland,2000,64,1,925,10647,4,0.6011082934159857,100207610429.909,26334.5672050501,9.40352476399653,3805174.0,1.33304266586712,68890.0,0.2950249704840172,0.061756981282652175,True
IRL,Ireland,2004,46,0,927,10557,1,0.4357298474945534,194372115041.065,47754.2023194244,6.78813990621356,4070262.0,1.82831381790901,68890.0,0.4391111758577338,0.06269315577853446,True
IRL,Ireland,2008,55,3,957,10899,0,0.5046334526103312,275447471451.063,61353.1065629523,-4.48407081043062,4489544.0,2.03870801117202,68890.0,0.42785596284805627,0.06573193037422935,True
IRL,Ireland,2012,64,5,962,10517,3,0.608538556622611,226921827888.137,49335.8408099555,-0.40502941658977,4599533.0,0.4237438032978,68890.0,0.29836443616856134,0.06409174988871445,True
IRL,Ireland,2016,76,2,973,11179,5,0.6798461400840863,305431252708.748,64129.5571542383,1.22271661130947,4762722.0,1.28405485082411,68890.0,0.3962267444328173,0.06326490194291876,True
IRL,Ireland,2020,120,4,1080,11273,2,1.0644903752328572,436009027818.948,86514.0706108754,7.15369505735335,5039747.0,1.26378913010119,68890.0,0.5047072392130107,0.0641690198925683,True
IRN,"Iran, Islamic Rep.",1988,23,1,738,8454,0,0.2720605630470783,123057861333.908,2234.46235141335,-6.08199661986552,55072694.0,3.227701834245,1628760.0,0.6279204676852198,1.076290465083479,True
IRN,"Iran, Islamic Rep.",1992,36,3,813,9386,1,0.3835499680375027,119768691216.667,1957.48507794252,3.29798191958058,61184983.0,1.9775061761777,1628760.0,0.46727271296956235,1.1171619711283964,True
IRN,"Iran, Islamic Rep.",1996,18,3,841,10339,3,0.17409807524905696,120403931885.441,1914.78121294313,6.35052601873645,62881300.0,1.08043248596744,1628760.0,0.3755011849532764,1.0800027248139,True
IRN,"Iran, Islamic Rep.",2000,33,4,925,10647,3,0.30994646379261764,109591707802.216,1650.01385833785,5.84552747578209,66418659.0,1.47619563346635,1628760.0,0.3226530422283334,1.07795750751,True
IRN,"Iran, Islamic Rep.",2004,37,6,927,10557,4,0.3504783555934451,187754571247.666,2672.4226651404,4.33666597851041,70256316.0,2.13922055681238,1628760.0,0.4241613079932226,1.082139224308888,True
IRN,"Iran, Islamic Rep.",2008,54,2,957,10899,6,0.495458298926507,406070949553.875,5377.4115072957,0.250856553493634,75514204.0,1.214476845232,1628760.0,0.6307550263240117,1.1056121511657646,True
IRN,"Iran, Islamic Rep.",2012,52,12,962,10517,2,0.49443757725587145,644019315003.54,8114.08099831877,-3.74717139864109,79370580.0,1.25130743376216,1628760.0,0.8467782125279611,1.1059817076825411,True
IRN,"Iran, Islamic Rep.",2016,63,8,973,11179,12,0.5635566687539136,478618064870.999,5710.59947089104,8.8150866425182,83812228.0,1.43348558597155,1628760.0,0.6208967680573552,1.1133071352973256,True
IRN,"Iran, Islamic Rep.",2020,65,7,1080,11273,8,0.576598953251131,280934329279.723,3202.50003502169,4.44180865358672,87723443.0,0.768757498195729,1622500.0,0.32519874746677446,1.1169464179276425,True
IRQ,Iraq,1988,27,0,738,8454,0,0.319375443577005,62684516129.0323,3707.20841763297,-0.0190369368025927,16908819.0,2.32000552741589,437370.0,0.31985677516010885,0.3304505253642098,True
IRQ,Iraq,1992,8,0,813,9386,0,0.08523332623055614,553671957.671958,30.2539012636825,32.5922111964051,18300845.0,2.95901898094252,437370.0,0.0021601287876521578,0.3341507518849071,True
IRQ,Iraq,1996,3,0,841,10339,0,0.02901634587484283,10433698621.3427,485.258492784825,11.0207856442117,21501321.0,3.19188913877724,437370.0,0.03253935427530079,0.36929079499148915,True
IRQ,Iraq,2000,4,0,925,10647,0,0.03756926833849911,48364250943.9051,1980.18916038782,16.7961344439661,24424056.0,3.27752785249419,437370.0,0.14239099850791803,0.39639605685270857,True
IRQ,Iraq,2004,24,0,927,10557,0,0.2273373117362887,36633669269.3981,1328.37157628292,53.3855472887501,27577878.0,2.85128305805808,437370.0,0.08276008925184657,0.424774670892296,True
IRQ,Iraq,2008,4,0,957,10899,0,0.036700614735296816,131614434153.505,4542.96609046032,8.22810710383277,28971036.0,2.02029989529593,437370.0,0.20443832776099596,0.424168272149976,True
IRQ,Iraq,2012,8,0,962,10517,0,0.07606731957782638,218002476129.472,6477.59618450955,13.9364301737537,33654842.0,4.53892168180122,434320.0,0.28663697308918307,0.4689601566089867,True
IRQ,Iraq,2016,20,0,973,11179,0,0.17890687896949636,166743557747.671,4334.42096404188,13.7873730187089,38469627.0,2.39151227352058,434128.0,0.21631138416770426,0.5110055090210304,True
IRQ,Iraq,2020,3,0,1080,11273,0,0.026612259380821433,180898797516.874,4295.18945121228,-12.0367930960454,42116605.0,2.21938669515023,434130.0,0.2094014730117182,0.5362533603477401,True
ISL,Iceland,1988,32,0,738,8454,1,0.3785190442394133,6320093411.44744,25306.6926061001,-0.089725977854286,249740.0,1.56621758114814,100250.0,0.032249187233655,0.00488069061502508,True
ISL,Iceland,1992,27,0,813,9386,0,0.287662476028127,7328497599.30768,28072.4041083276,-3.37389416853765,261057.0,1.25663207739645,100250.0,0.02859183748634705,0.004766577326610777,True
ISL,Iceland,1996,9,0,841,10339,0,0.08704903762452848,7686566105.26316,28583.5208959793,4.49765336794034,268916.0,0.539913016609299,100250.0,0.023971930447372825,0.004618702424187393,True
ISL,Iceland,2000,18,1,925,10647,0,0.16906170752324598,9140168922.35677,32503.578963236,4.90518213950493,281205.0,1.36919283329812,100250.0,0.026909912879554996,0.004563883786020877,True
ISL,Iceland,2004,26,0,927,10557,1,0.2462820877143128,13963943244.0018,47809.6073050042,7.62260520494142,292074.0,0.8779361576874,100250.0,0.03154631278354326,0.0044987376195585625,True
ISL,Iceland,2008,27,1,957,10899,0,0.2477291494632535,18247921360.2599,57489.3399795216,1.69961072411662,317414.0,1.85957217059918,100250.0,0.02834472185364286,0.004647294902957992,True
ISL,Iceland,2012,27,0,962,10517,1,0.25672720357516404,14943757823.3226,46594.9869146614,1.16931174934061,320716.0,0.532100734916982,100250.0,0.019648554388488008,0.004468986233452167,True
ISL,Iceland,2016,8,0,973,11179,0,0.07156275158779855,21083713310.457,62854.0906407932,6.21808764670307,335439.0,1.38808149583838,100250.0,0.027351264847554242,0.004455753546570789,True
ISL,Iceland,2020,4,0,1080,11273,0,0.03548301250776191,22034665040.7901,60127.9393575616,-6.64587810456635,366463.0,1.6230862512591,100830.0,0.02550647865103062,0.004666022230260817,True
ISR,Israel,1988,18,0,738,8454,0,0.21291696238466998,52618458014.4117,11845.6681707365,2.91001631242278,4442000.0,1.65705755029368,21640.0,0.2684932633083265,0.08681039365716908,True
ISR,Israel,1992,30,2,813,9386,0,0.31962497336458556,79408652426.2417,15500.4201495689,7.75926624282712,5123000.0,3.45546689873163,21640.0,0.3098096512162887,0.0935396317441287,True
ISR,Israel,1996,25,1,841,10339,2,0.2418028822903569,115051957577.467,20212.9229756617,5.83892253875895,5692000.0,2.61650594252757,21640.0,0.35881009635663613,0.09776158428087076,True
ISR,Israel,2000,39,1,925,10647,1,0.3663003663003663,136409902631.643,21690.237340061,8.59152200608253,6289000.0,2.64233191305756,21640.0,0.40160949178383365,0.10206882925369498,True
ISR,Israel,2004,36,2,927,10557,1,0.3410059676044331,139925423025.435,20550.0694706176,4.64944459908543,6809000.0,1.76762364154994,21640.0,0.31610921671613523,0.10487720389892374,True
ISR,Israel,2008,43,1,957,10899,2,0.3945316084044408,220952472408.027,30231.0191013609,3.2158134842205,7308800.0,1.7765791059698,21640.0,0.3432082070958149,0.10700898191869095,True
ISR,Israel,2012,37,0,962,10517,1,0.351811353047447,263172104090.976,33268.7066672115,2.40993765217618,7910500.0,1.84615132126711,21640.0,0.3460275160973305,0.11022810087343121,True
ISR,Israel,2016,47,2,973,11179,0,0.4204311655783165,321083954798.337,37571.2561196275,4.53601939236572,8546000.0,1.9603489624817,21640.0,0.41653252236330535,0.11351950670313818,True
ISR,Israel,2020,89,4,1080,11273,2,0.7894970282977025,410908899711.272,44590.8237253282,-1.80206927953466,9215100.0,1.76367939210866,21640.0,0.47565229871214915,0.11733206750497718,True
ITA,Italy,1988,253,14,738,8454,32,2.9926661935178616,893663934840.821,15780.9495122174,4.19437725054567,56629288.0,0.0483205970471755,294110.0,4.560048987004782,1.106711117470779,True
ITA,Italy,1992,304,19,813,9386,14,3.2388663967611335,1323204350353.5,23297.0460325456,0.834275417393798,56797087.0,0.0679244330808808,294110.0,5.162428346856353,1.0370444275071715,True
ITA,Italy,1996,340,35,841,10339,19,3.288519199148854,1314776508972.27,23122.9337219116,1.34558477192847,56860281.0,0.0281044080072756,294110.0,4.100365572260158,0.9765901534110144,True
ITA,Italy,2000,361,34,925,10647,35,3.3906264675495446,1149661363439.38,20190.0035636084,3.88209885062652,56942108.0,0.045303631138613,295718.0,3.3847609813284523,0.9241555571310953,True
ITA,Italy,2004,364,32,927,10557,34,3.447949228000379,1812808753294.75,31348.1901841445,1.4740217064723,57828179.0,0.744609563112575,295718.0,4.095364106606928,0.890711957715738,True
ITA,Italy,2008,333,27,957,10899,32,3.05532617671346,2417508414187.19,40828.5795580937,-1.02313851177097,59211181.0,0.771291301351719,295718.0,3.7551457081685484,0.8669177152218336,True
ITA,Italy,2012,281,28,962,10517,27,2.6718646001711517,2097929495121.68,34854.3949441965,-3.12523877282996,60191247.0,0.273513088134657,295718.0,2.758428119316669,0.8387291379828853,True
ITA,Italy,2016,309,28,973,11179,28,2.764111280078719,1887111188176.93,31391.5692898108,1.23622108511661,60115223.0,-0.190090486385849,295718.0,2.4480923803403396,0.7985315305767782,True
ITA,Italy,2020,384,40,1080,11273,28,3.4063692007451434,1907481094079.23,32091.4866621366,-8.86822122185345,59438851.0,-0.487095091717782,295717.0,2.2080265669258323,0.7568103740545714,True
JAM,Jamaica,1988,35,2,738,8454,3,0.4140052046368583,3828342820.3494,1632.01481656159,3.97430201540247,2345777.0,0.682868345368861,10830.0,0.019534670830093217,0.04584372462898089,True
JAM,Jamaica,1992,36,4,813,9386,2,0.3835499680375027,3535460089.80719,1458.10146892635,1.95554250017773,2424701.0,0.987746266754911,10830.0,0.013793454791713735,0.044272035648959714,True
JAM,Jamaica,1996,46,6,841,10339,4,0.44491730341425667,7393891920.80358,2928.89692611996,-0.113731205844019,2524463.0,0.96772367916816,10830.0,0.023059173684791597,0.04335831031947292,True
JAM,Jamaica,2000,48,9,925,10647,6,0.4508312200619893,9005064474.93003,3453.09252800226,0.87870355044231,2607826.0,0.693820204754118,10830.0,0.02651214682722294,0.04232433562050347,True
JAM,Jamaica,2004,47,5,927,10557,9,0.4452022354835654,10174664853.9476,3807.56293124552,1.32372510450574,2672225.0,0.585569135450925,10830.0,0.022985853948398787,0.0411595661901603,True
JAM,Jamaica,2008,50,9,957,10899,5,0.4587576841912102,13709401520.0326,5029.80095281745,-0.811736702186792,2725635.0,0.435156176173166,10830.0,0.021294982874679493,0.039906335709275285,True
JAM,Jamaica,2012,45,12,962,10517,9,0.42787867262527335,14807086555.5283,5340.83333232158,-0.613636042132399,2772430.0,0.431454273219438,10830.0,0.019468854418082382,0.03863215899178647,True
JAM,Jamaica,2016,56,11,973,11179,12,0.5009392611145899,14898999754.1229,5302.29553353854,2.76043761369557,2809915.0,0.263022586225724,10830.0,0.019328022641844016,0.03732508362716458,True
JAM,Jamaica,2020,54,9,1080,11273,11,0.4790206688547858,15000214216.2439,5299.04530804283,-8.30441923583135,2830739.0,0.264166647844328,10830.0,0.017363669606923697,0.036042632140396914,True
JOR,Jordan,1988,7,0,738,8454,0,0.08280104092737166,6277451829.05325,1965.98031813995,1.46216981660774,3193039.0,4.6607576002442,88240.0,0.03203160241567133,0.06240183983626598,True
JOR,Jordan,1992,4,0,813,9386,0,0.04261666311527807,5310833193.59005,1286.6347360596,14.3497760596895,4127693.0,5.28652677916716,88240.0,0.020720001273189893,0.07536655927636499,True
JOR,Jordan,1996,5,0,841,10339,0,0.04836057645807138,6927503526.09309,1410.17424189419,2.08702078168048,4912516.0,3.32004503110433,88240.0,0.02160465810444599,0.08437374331783663,True
JOR,Jordan,2000,8,0,925,10647,0,0.07513853667699821,8460789844.8519,1570.61002940477,4.24571192079151,5386945.0,2.07260479051429,88240.0,0.02490972755003326,0.08742871194212846,True
JOR,Jordan,2004,8,0,927,10557,0,0.07577910391209625,11411706629.055,1940.08641342805,8.56721424236906,5882061.0,2.41295841696554,88240.0,0.02578048767627579,0.0905998106686602,True
JOR,Jordan,2008,7,0,957,10899,0,0.06422607578676943,25651620830.6149,3669.83012701745,7.22038637280149,6989866.0,2.35427976058258,88240.0,0.03984497977519423,0.10233943252080678,True
JOR,Jordan,2012,9,0,962,10517,0,0.08557573452505467,34854017887.3239,4593.83609729005,2.40465716535539,7587127.0,1.41635205030682,88780.0,0.04582723262870383,0.10572209092921225,True
JOR,Jordan,2016,8,1,973,11179,0,0.07156275158779855,43688498732.3944,4366.06999647268,2.11166806967252,10006367.0,4.72325254401232,88780.0,0.05667577063045618,0.132918072283005,True
JOR,Jordan,2020,14,2,1080,11273,1,0.12419054377716668,47931770985.9155,4411.48321838396,-1.15257534158022,10865228.0,1.79543228239066,88794.0,0.05548396996710166,0.13834246672884376,True
JPN,Japan,1988,255,14,738,8454,31,3.0163236337828248,3191546727316.14,26036.864097278,6.78502010955764,122578000.0,0.416110342195181,364600.0,16.285327015539316,2.3955525514877243,True
JPN,Japan,1992,256,22,813,9386,14,2.7274664393777965,4064529567505.43,32666.5024513195,0.848069581218368,124425000.0,0.371192387198527,364600.0,15.857597997104651,2.2718463165651404,True
JPN,Japan,1996,306,14,841,10339,22,2.9596672792339684,5021441618840.38,39929.7185750327,3.07546731409349,125757000.0,0.226884732460898,364500.0,15.66026331965874,2.1599092681675094,True
JPN,Japan,2000,266,18,925,10647,14,2.498356344510191,5042381838343.44,39752.937397755,2.97832688768516,126843000.0,0.167275578113187,364500.0,14.845464796977188,2.0586287977462923,True
JPN,Japan,2004,306,37,927,10557,18,2.898550724637681,4941485123806.53,38677.5708064787,2.11294823723127,127761000.0,0.0336622582725446,364500.0,11.163439481737171,1.9678684751550002,True
JPN,Japan,2008,332,25,957,10899,37,3.0461510230296356,5160197175876.43,40294.2081309702,-1.16662209355141,128063000.0,0.0484253945978966,364500.0,8.01539807041823,1.87498512087529,True
JPN,Japan,2012,291,38,962,10517,25,2.7669487496434346,6333803928787.76,49626.6830327571,1.64893452981225,127629000.0,-0.159710675844347,364500.0,8.327898006121131,1.778434016354864,True
JPN,Japan,2016,335,41,973,11179,38,2.996690222739064,5110357383254.44,40214.9688631562,0.704986495111257,127076000.0,-0.0511374152133631,364500.0,6.62951237274326,1.6879949489595119,True
JPN,Japan,2020,556,58,1080,11273,41,4.932138738578906,5189197543645.38,41098.9739004553,-4.28327942675573,126261000.0,-0.294194617750067,364500.0,6.006814994371498,1.6076292362802276,True
KAZ,Kazakhstan,1996,96,11,841,10339,0,0.9285230679949705,21035357936.8796,1281.39152895397,0.500000002073506,16416027.0,-1.89774390163026,2699700.0,0.06560252400004642,0.28194954446900033,True
KAZ,Kazakhstan,2000,130,7,925,10647,11,1.221001221001221,18291990662.0356,1180.0444563226,9.80000000214156,15501103.0,0.292205742065896,2699700.0,0.05385413325403724,0.25157885758482096,True
KAZ,Kazakhstan,2004,114,8,927,10557,7,1.0798522307473715,43151647002.6096,2722.47407755402,9.60000000136854,15850159.0,0.650552959098631,2699700.0,0.09748502480157985,0.2441357552171187,True
KAZ,Kazakhstan,2008,130,13,957,10899,8,1.1927699788971464,133441648851.982,8123.54705891736,3.30000000021091,16426525.0,1.03606576058941,2699700.0,0.20727656294256627,0.24050264293891266,True
KAZ,Kazakhstan,2012,113,13,962,10517,13,1.0744508890367976,207998568865.789,12018.7966527993,4.79999999528297,17306106.0,1.39710899026626,2699700.0,0.27348350002760197,0.24115026836411013,True
KAZ,Kazakhstan,2016,101,18,973,11179,13,0.9034797387959567,137278320084.171,7475.56688689424,1.09999999910173,18363600.0,1.53335297365685,2699700.0,0.17808702078050118,0.2439301209096359,True
KAZ,Kazakhstan,2020,97,8,1080,11273,18,0.8604630533132263,171082365861.423,8781.50797787648,-2.49999999628,19482117.0,1.4089156380377,2699700.0,0.19803835022380384,0.24805776030470245,True
KEN,Kenya,1988,74,9,738,8454,3,0.8753252898036432,8355380879.12955,391.238771204282,6.20318382314591,21356219.0,3.52708553980729,569140.0,0.04263453478258619,0.4173664516926415,True
KEN,Kenya,1992,49,8,813,9386,9,0.5220541231621564,8209120763.04955,336.68139978696,-0.799493958641349,24382460.0,3.06483168454324,569140.0,0.03202755320341284,0.44519350564433896,True
KEN,Kenya,1996,52,8,841,10339,8,0.5029499951639423,12045865396.1323,440.527078880876,4.14683926876013,27344211.0,2.75278021555245,569140.0,0.03756718455290153,0.46964395436936285,True
KEN,Kenya,2000,56,7,925,10647,8,0.5259697567389875,12705350097.8044,414.626365130846,0.599695390807426,30642890.0,3.01293994477925,569140.0,0.03740629600399156,0.49732611023211276,True
KEN,Kenya,2004,46,7,927,10557,7,0.4357298474945534,16095337093.8366,463.662781300121,5.10429977629738,34713455.0,3.10482476419105,569140.0,0.03636140089131616,0.5346820528816439,True
KEN,Kenya,2008,46,15,957,10899,7,0.42205706945591337,35895153327.8497,915.54435473604,0.232282744812977,39206351.0,3.02964938264436,569140.0,0.055756385447140684,0.5740246969758169,True
KEN,Kenya,2012,47,11,962,10517,15,0.44689550251973,56396704671.5777,1285.00536171512,4.56867961444982,43888303.0,2.6080744180495,569140.0,0.07415228031476569,0.6115573339545811,True
KEN,Kenya,2016,79,13,973,11179,11,0.7066821719295107,74815144163.8931,1554.12610314423,4.21351706814744,48139687.0,2.20775684612709,573052.1,0.09705542816405512,0.639456297809908,True
KEN,Kenya,2020,85,10,1080,11273,13,0.7540140157899405,100657505750.545,1927.66459027849,-0.272766327438816,52217334.0,1.96197633664853,580876.3,0.11651724756149087,0.6648617766294387,True
KGZ,Kyrgyz Republic,1996,33,0,841,10339,0,0.3191798046232711,1827570586.16784,394.856879614212,7.08450239536558,4628438.0,1.47972661930702,191800.0,0.005699605568900515,0.07949462958991302,True
KGZ,Kyrgyz Republic,2000,48,1,925,10647,0,0.4508312200619893,1369688498.06778,279.621738464365,5.44333663288322,4898362.0,1.18989565060204,191800.0,0.004032551090492176,0.07949913731925391,True
KGZ,Kyrgyz Republic,2004,29,0,927,10557,1,0.27469925168134884,2211534585.0034,433.233873286,7.02681242497607,5104713.0,1.2102014656817,191800.0,0.004996136158037494,0.07862652755859696,True
KGZ,Kyrgyz Republic,2008,20,2,957,10899,0,0.18350307367648408,5139958909.17936,966.388569370494,8.40161604861429,5318729.0,0.951050106115373,191800.0,0.00798396172054566,0.07787212338433357,True
KGZ,Kyrgyz Republic,2012,14,0,962,10517,2,0.13311780926119615,6605142884.36215,1168.62244675446,-0.0881501998439376,5652076.0,1.88401276584283,191800.0,0.008684663572677505,0.07875830901615569,True
KGZ,Kyrgyz Republic,2016,19,0,973,11179,0,0.16996153502102157,6813095379.1187,1103.27489428412,4.33585592190116,6175338.0,2.21536456642779,191800.0,0.008838422976160472,0.0820291742903281,True
KGZ,Kyrgyz Republic,2020,16,3,1080,11273,0,0.14193205003104764,8270468614.24051,1229.51766602907,-7.14897757727955,6726596.0,2.04838545399769,191800.0,0.009573575579780192,0.08564697246375075,True
KHM,Cambodia,1996,5,0,841,10339,0,0.04836057645807138,3506695719.57259,324.655870983004,5.89750560694478,10801270.0,7.52306354037061,176520.0,0.01093625745729746,0.18551462885548856,True
KHM,Cambodia,2000,4,0,925,10647,0,0.03756926833849911,3694168979.32019,296.426687526334,9.99358032292079,12462336.0,1.59016992993238,176520.0,0.010876140937910407,0.20226046196313818,True
KHM,Cambodia,2004,4,0,927,10557,0,0.03788955195604812,5883297159.87352,444.199067529081,9.45769481103929,13244731.0,1.47375057040259,176520.0,0.013291111913078312,0.20400504533314673,True
KHM,Cambodia,2008,4,0,957,10899,0,0.036700614735296816,12174303999.0812,866.283999789749,7.47636606631011,14053479.0,1.51791486007376,176520.0,0.018910496916495573,0.20575860335564017,True
KHM,Cambodia,2012,6,0,962,10517,0,0.05705048968336978,17826536699.8016,1192.80263041673,7.65025657870362,14945085.0,1.49998418675996,176520.0,0.02343892881867856,0.20825084848517839,True
KHM,Cambodia,2016,6,0,973,11179,0,0.05367206369084891,26556545153.3573,1675.19555711109,7.90550116130704,15852803.0,1.45860767566845,176520.0,0.034451004395191345,0.2105783262838789,True
KHM,Cambodia,2020,3,0,1080,11273,0,0.026612259380821433,34818073901.4851,2081.73914242939,-3.55572193406549,16725474.0,1.47062988552696,176520.0,0.04030405985270162,0.212958561971193,True
KIR,Kiribati,2004,3,0,927,10557,0,0.02841716396703609,104085892.133271,1083.2688987175,-0.608967597152244,96085.0,2.00784628062857,810.0,0.00023514318643487372,0.0014799715283636493,True
KIR,Kiribati,2008,2,0,957,10899,0,0.018350307367648408,147017894.97877,1410.62246914058,-2.98473121631831,104222.0,2.08839816441385,810.0,0.0002283647138986772,0.0015259262961812895,True
KIR,Kiribati,2012,3,0,962,10517,0,0.02852524484168489,207001545.867109,1843.55336349889,5.80365974645258,112284.0,1.46864224692138,810.0,0.00027217258072284963,0.0015646105907935466,True
KIR,Kiribati,2016,3,0,973,11179,0,0.026836031845424456,206467818.503227,1742.66799324117,7.08803465778669,118478.0,1.41358025249878,810.0,0.00026784446853475623,0.0015737847080709577,True
KIR,Kiribati,2020,3,0,1080,11273,0,0.026612259380821433,220909306.750809,1751.87199542272,-1.28205128205127,126099.0,1.74230469268591,810.0,0.00025571609579827065,0.0016055665570976025,True
KNA,St. Kitts and Nevis,1996,10,0,841,10339,0,0.09672115291614276,333944444.444444,7788.42839854571,5.84283802585985,42877.0,1.29339971902145,260.0,0.0010414654458025636,0.000736423655869799,True
KNA,St. Kitts and Nevis,2000,2,0,925,10647,0,0.018784634169249553,421695769.843918,9319.65545093525,10.042808415173,45248.0,1.44021899747842,260.0,0.0012415302741747038,0.0007343632351838432,True
KNA,St. Kitts and Nevis,2004,2,0,927,10557,0,0.01894477597802406,506900000.0,10944.6183741768,3.99634666125431,46315.0,0.30057001145304,260.0,0.0011451511704508625,0.0007133775442177491,True
KNA,St. Kitts and Nevis,2008,4,0,957,10899,0,0.036700614735296816,777692592.592593,16604.9448615905,11.3170358267109,46835.0,0.275815058165901,260.0,0.0012079995189304938,0.000685716624912693,True
KNA,St. Kitts and Nevis,2012,4,0,962,10517,0,0.03803365978891319,824585185.185185,17532.0559008608,-0.737636737448398,47033.0,0.313035956599999,260.0,0.001084192279519304,0.0006553768116275949,True
KNA,St. Kitts and Nevis,2016,6,0,973,11179,0,0.05367206369084891,1006818518.51852,21387.5415511103,3.93270319273282,47075.0,-0.0254879889232652,260.0,0.00130611527238725,0.0006253136880470664,True
KNA,St. Kitts and Nevis,2020,2,0,1080,11273,0,0.017741506253880955,883922222.222222,18859.0190361046,-15.3018891740649,46870.0,-0.174799132141861,260.0,0.0010231942826698956,0.0005967763783310307,True
KOR,"Korea, Rep.",1988,401,33,738,8454,19,4.743316773125148,205477530605.222,4888.68509195605,12.1331951107172,42031247.0,0.979189224150187,96460.0,1.0484787052030722,0.8214203282241573,True
KOR,"Korea, Rep.",1992,226,28,813,9386,33,2.407841466013211,366921291824.719,8387.16308258471,6.35159199606441,43747962.0,1.03916135557339,96460.0,1.4315286051432918,0.7987835750607333,True
KOR,"Korea, Rep.",1996,303,27,841,10339,28,2.9306509333591255,631196863758.281,13864.9376534518,7.99042982526839,45524681.0,0.952779421852704,96460.0,1.968500252180599,0.7818982674703541,True
KOR,"Korea, Rep.",2000,281,28,925,10647,27,2.639241100779562,597487173479.109,12710.2995795579,9.2018583880479,47008111.0,0.836180864297766,96460.0,1.7590843146943314,0.762929377515939,True
KOR,"Korea, Rep.",2004,264,30,927,10557,28,2.500710429099176,823251107638.814,17121.6301633201,5.1836368597334,48082519.0,0.396331436697806,96820.0,1.8598283083202933,0.7406021661237884,True
KOR,"Korea, Rep.",2008,265,31,957,10899,30,2.431415726213414,1091580692542.34,22252.3125108061,3.00440451679569,49054708.0,0.759316681850927,96990.0,1.6955657852790524,0.7182156251913672,True
KOR,"Korea, Rep.",2012,250,28,962,10517,31,2.3771037368070744,1335343586437.67,26600.5477433903,2.54766550568242,50199853.0,0.525713660600414,97310.0,1.7557545696096892,0.6995050199501193,True
KOR,"Korea, Rep.",2016,207,21,973,11179,28,1.8516861973342875,1579150518945.44,30832.0628072516,3.17152748983935,51217803.0,0.396851823381145,97489.0,2.048584300205192,0.6803439891152013,True
KOR,"Korea, Rep.",2020,235,20,1080,11273,21,2.084626984831012,1744070276373.34,33645.7719545073,-0.700242317542106,51836239.0,0.137869266247028,97600.0,2.018868505051646,0.6600094511781892,True
KWT,Kuwait,1988,25,0,738,8454,0,0.2957180033120416,20690322152.8945,9692.34754600725,-10.0526170080749,2134707.0,3.90301852486716,17820.0,0.1055753498555523,0.041718765198720045,True
KWT,Kuwait,1992,32,0,813,9386,0,0.34093330492222457,19858555214.7239,12146.19505586,82.8093290262528,1634961.0,19.0478598691413,17820.0,0.07747735135598251,0.02985236186921968,True
KWT,Kuwait,1996,25,0,841,10339,0,0.2418028822903569,31492373308.7516,18201.0958607918,0.605127158807079,1730246.0,2.85696115718215,17820.0,0.09821459572996773,0.02971742623957124,True
KWT,Kuwait,2000,29,1,925,10647,0,0.27237719545411854,37718743480.0751,19296.3471698729,4.69458187079211,1954709.0,2.83716577319158,17820.0,0.11104916217602974,0.03172441710314213,True
KWT,Kuwait,2004,11,0,927,10557,1,0.10419626787913233,59439090600.6108,27552.2827399787,10.2402980586354,2157320.0,2.22351628059893,17820.0,0.13428041856741826,0.033228622340318134,True
KWT,Kuwait,2008,8,0,957,10899,0,0.07340122947059363,147379737229.753,55585.1889344442,2.47975694278544,2651421.0,5.5655156760957,17820.0,0.22892676794069786,0.03881975999450491,True
KWT,Kuwait,2012,10,1,962,10517,0,0.09508414947228297,174047662680.041,52155.2225833921,6.62587485078971,3337109.0,6.31732211154715,17820.0,0.22884370897799008,0.046500624167579184,True
KWT,Kuwait,2020,10,1,1080,11273,0,0.08870753126940477,111045470605.715,25236.0755848941,-4.81731593381585,4400267.0,-0.951064116715736,17820.0,0.12854195514454517,0.0560267848079699,True
LAO,Lao PDR,1988,3,0,738,8454,0,0.035486160397444996,598961269.297879,147.070942942331,-2.01020105305003,4072601.0,2.86410486101786,230800.0,0.0030562861751866352,0.07959119676239992,True
LAO,Lao PDR,1992,6,0,813,9386,0,0.06392499467291711,1127806944.61513,247.345286150532,5.55985776817542,4559646.0,2.769076698737,230800.0,0.0044000932577852895,0.08325348579418104,True
LAO,Lao PDR,1996,5,0,841,10339,0,0.04836057645807138,1873671550.34636,371.341879197673,6.9283237283322,5045678.0,2.33129326891339,230800.0,0.005843379666684908,0.0866608353919774,True
LAO,Lao PDR,2000,3,0,925,10647,0,0.02817695125387433,1731198022.46763,318.749852236965,5.79878232861959,5431212.0,1.67898547843134,230800.0,0.005096884790379741,0.08814715380324681,True
LAO,Lao PDR,2004,5,0,927,10557,0,0.04736193994506015,2366398119.86321,409.296298284117,6.35769548008234,5781626.0,1.45793744820894,230800.0,0.005345992457514451,0.08905283725500351,True
LAO,Lao PDR,2008,4,0,957,10899,0,0.036700614735296816,5446433157.40114,885.747376088762,7.82490276337012,6148969.0,1.5195940495706,230800.0,0.008460011959345403,0.09002776277085037,True
LAO,Lao PDR,2012,3,0,962,10517,0,0.02852524484168489,10192846339.4029,1563.5650771337,8.02609843461283,6518978.0,1.42735442034268,230800.0,0.013401896500269277,0.09083807149683065,True
LAO,Lao PDR,2016,5,0,973,11179,0,0.04472671974237409,15912501722.6143,2303.22156035363,7.02283625501138,6908802.0,1.56317561333482,230800.0,0.02064280815213537,0.09177203310901644,True
LAO,Lao PDR,2020,4,0,1080,11273,0,0.03548301250776191,18981805250.2424,2583.77730696131,0.503031829018681,7346533.0,1.49338675171473,230800.0,0.021972605867938727,0.09354037458991682,True
LBN,Lebanon,1988,21,0,738,8454,0,0.248403122782115,3313540067.93246,959.153901867443,,3454649.0,2.02030085974711,10230.0,0.016907815612886446,0.0675145068971962,False
LBN,Lebanon,1992,12,0,813,9386,0,0.12784998934583422,5843579160.90122,1559.38100628446,16.4383457045728,3747371.0,2.1159367104979,10230.0,0.022798488154362747,0.068422350839084,True
LBN,Lebanon,1996,1,0,841,10339,0,0.009672115291614276,13690217333.5879,3393.05090749359,11.2859357161668,4034781.0,1.85224110517078,10230.0,0.042695390013685615,0.06929841580926845,True
LBN,Lebanon,2000,6,0,925,10647,0,0.05635390250774866,17260364842.4544,3986.83513941026,1.34187161970405,4329340.0,1.72552456653499,10230.0,0.05081688512820375,0.0702640587122264,True
LBN,Lebanon,2004,5,0,927,10557,0,0.04736193994506015,21159827992.0398,4600.68371412993,6.67944461641103,4599279.0,1.6169716035759,10230.0,0.047802725964930556,0.07084146298590661,True
LBN,Lebanon,2008,6,0,957,10899,0,0.055050922102945224,29118916105.4726,5912.04532820842,9.06912826789082,4925354.0,1.66309647863534,10230.0,0.04523077239288512,0.07211267473855519,True
LBN,Lebanon,2012,10,0,962,10517,0,0.09508414947228297,44016799515.7546,8406.98405608118,2.56479133680038,5235742.0,2.70487296695382,10230.0,0.057874765471820404,0.07295694296482656,True
LBN,Lebanon,2016,9,0,973,11179,0,0.08050809553627337,51147308774.1294,8089.012088155,1.55454940856943,6323060.0,-2.33543749400836,10230.0,0.06635185974697383,0.08399141727759711,True
LBN,Lebanon,2020,6,0,1080,11273,0,0.053224518761642865,31712128253.7961,5561.19166950397,-21.3998996914321,5702398.0,-1.60386258157574,10230.0,0.03670873692823749,0.07260628176321982,True
LBR,Liberia,1988,8,0,738,8454,0,0.09462976105985332,1038300000.0,424.325719336919,-2.04189816424886,2446941.0,2.89031493513992,96320.0,0.005298075348705224,0.04782078150965037,True
LBR,Liberia,1996,5,0,841,10339,0,0.04836057645807138,159400000.0,71.4065248720036,12.1212036605122,2232289.0,2.86865985716056,96320.0,0.0004971173942932489,0.03834014568038663,True
LBR,Liberia,2000,8,0,925,10647,0,0.07513853667699821,874000000.0,298.485340578945,28.6159342546183,2928117.0,3.70256844774732,96320.0,0.0025731760601495185,0.04752257498932129,True
LBR,Liberia,2004,2,0,927,10557,0,0.01894477597802406,897000000.0,284.140223992458,2.61984689477413,3156892.0,1.19050087276777,96320.0,0.0020264363777755447,0.04862476222218845,True
LBR,Liberia,2008,3,0,957,10899,0,0.027525461051472612,1726000000.0,451.713856283285,7.14569112811476,3821003.0,4.05801806274783,96320.0,0.0026810171390770823,0.055943744655519906,True
LBR,Liberia,2012,3,0,962,10517,0,0.02852524484168489,2791614000.0,638.368751462083,7.99381444555367,4373043.0,3.53448694358844,96320.0,0.0036705077905544465,0.06093574678311766,True
LBR,Liberia,2016,2,0,973,11179,0,0.01789068789694964,3398419600.0,714.613063145659,-1.5549586174878,4755608.0,2.04312155500225,96320.0,0.004408667162848297,0.063170404193014,True
LBR,Liberia,2020,3,0,1080,11273,0,0.026612259380821433,3176126300.0,616.787867006715,-2.98249127649473,5149463.0,2.07483340649162,96320.0,0.0036765613415933296,0.06556598846788232,True
LBY,Libya,1988,6,0,738,8454,0,0.07097232079488999,24308959591.195,5736.28243992278,7.57902335976675,4237755.0,2.58194390370826,1759540.0,0.12403996875930043,0.08281881579753186,True
LBY,Libya,1992,5,0,813,9386,0,0.053270828894097594,33887047909.2746,7302.68908679226,-2.71227407954309,4640352.0,2.08945197161358,1759540.0,0.1322089491856512,0.08472707734591668,True
LBY,Libya,1996,5,0,841,10339,0,0.04836057645807138,27884615384.6154,5591.02027544558,2.13412320029278,4987393.0,1.628256686488,1759540.0,0.08696315772189114,0.08565977531822291,True
LBY,Libya,2000,3,0,925,10647,0,0.02817695125387433,38270954138.1128,7214.10040377084,3.6792704082,5305021.0,1.65322614160708,1759540.0,0.11267494620969339,0.0860991067953993,True
LBY,Libya,2004,8,0,927,10557,0,0.07577910391209625,33122307692.3077,5773.76333234281,4.46163899648637,5736693.0,2.06583711688529,1759540.0,0.07482747962493543,0.08836074628675702,True
LBY,Libya,2008,6,0,957,10899,0,0.055050922102945224,86710767415.1371,13906.1407818125,-0.162048238799883,6235430.0,2.12409959672873,1759540.0,0.13468890705823242,0.09129364822204235,True
LBY,Libya,2012,4,0,962,10517,0,0.03803365978891319,92540938129.1315,14975.8902795144,86.8267484395784,6179328.0,-2.61743182302169,1759540.0,0.12167593168260162,0.08610525126275431,True
LBY,Libya,2016,7,0,973,11179,0,0.06261740763932373,49912073701.298,7525.80299308216,-1.4909411172622,6632126.0,1.52399514586306,1759540.0,0.0647494265736275,0.08809684904201463,True
LBY,Libya,2020,4,0,1080,11273,0,0.03548301250776191,46854285440.642,6650.33810585348,-29.4552967282824,7045399.0,1.3484498033463,1759540.0,0.05423671424497306,0.08970615957151835,True
LCA,St. Lucia,1996,6,0,841,10339,0,0.05803269174968566,788888888.888889,5244.01665086076,2.92258795742219,150436.0,1.49210520637537,610.0,0.002460291021526605,0.002583777528615087,True
LCA,St. Lucia,2000,5,0,925,10647,0,0.04696158542312388,932592592.592592,5879.56191426207,0.0487485535201131,158616.0,1.21402743138722,610.0,0.002745680701524063,0.0025742962984423726,True
LCA,St. Lucia,2004,2,0,927,10557,0,0.01894477597802406,1066666666.66667,6494.60034867886,7.2674088699471,164239.0,0.771973333919315,610.0,0.002409734823070146,0.0025297293422169684,True
LCA,St. Lucia,2008,4,0,957,10899,0,0.036700614735296816,1437731111.11111,8516.96075488787,4.94932194028057,168808.0,0.623950967419395,610.0,0.002233245510007661,0.0024715373549324625,True
LCA,St. Lucia,2012,4,0,962,10517,0,0.03803365978891319,1598207407.40741,9260.30006551714,-0.108756148262358,172587.0,0.456462690189925,610.0,0.002101376744711383,0.0024048969401988334,True
LCA,St. Lucia,2016,5,0,973,11179,0,0.04472671974237409,1868544444.44444,10638.1269396653,3.42787214525211,175646.0,0.422763651310013,610.0,0.002424006304149381,0.0023331672448372817,True
LCA,St. Lucia,2020,5,0,1080,11273,0,0.044353765634702384,1521740740.74074,8537.11495506727,-22.9005138634176,178250.0,0.330981923965865,610.0,0.0017615084070601987,0.002269583730264694,True
LIE,Liechtenstein,1988,12,0,738,8454,0,0.14194464158977999,1161757671.01756,41568.5441182755,5.63379830669763,27948.0,1.40890538804493,160.0,0.005928035902906027,0.0005461902030460517,True
LIE,Liechtenstein,1992,7,0,813,9386,0,0.07457916045173663,1631177029.45063,55057.1110625654,3.60829384387156,29627.0,1.42092267625387,160.0,0.00636397131956769,0.0005409523071800314,True
LIE,Liechtenstein,1996,2,0,841,10339,0,0.019344230583228553,2504012993.42238,80688.7182490376,6.90530179973636,31033.0,0.831598896867056,160.0,0.0078092121365531475,0.0005329998673556329,True
LIE,Liechtenstein,2000,2,0,925,10647,0,0.018784634169249553,2483889858.32312,76087.911114202,3.22019308239609,32645.0,1.30732907481793,160.0,0.007312912951356101,0.0005298198331987394,True
LIE,Liechtenstein,2004,1,0,927,10557,0,0.00947238798901203,3454373797.74442,100280.831356705,3.03917210306501,34447.0,1.07405521315503,160.0,0.007803867030305412,0.0005305779178596308,True
LIE,Liechtenstein,2008,2,0,957,10899,0,0.018350307367648408,5081479840.08716,143249.227302093,1.79808847836411,35473.0,0.596594686745767,160.0,0.00789312545952975,0.0005193642753395528,True
LIE,Liechtenstein,2012,3,0,962,10517,0,0.02852524484168489,5456102482.28614,148842.035144342,,36657.0,0.945614084833038,160.0,0.007173866683321811,0.0005107934383057162,False
LIE,Liechtenstein,2016,3,0,973,11179,0,0.026836031845424456,6237302033.50132,165375.491396259,,37716.0,0.590348742843119,160.0,0.008091463649710641,0.0005009948180219471,False
LIE,Liechtenstein,2020,5,0,1080,11273,0,0.044353765634702384,6405870210.32293,164671.093553454,,38901.0,0.872668968896405,160.0,0.0074151883615389035,0.0004953103881684537,False
LKA,Sri Lanka,1988,6,0,738,8454,0,0.07097232079488999,6978371581.26375,434.015552780537,2.472685037698,16078621.0,1.01294194595377,62710.0,0.03560814644014116,0.3142258933981147,True
LKA,Sri Lanka,1992,11,0,813,9386,0,0.1171958235670147,9703011635.86585,579.655117618283,4.39999125181939,16739284.0,1.58927250831319,62710.0,0.03785590812597377,0.3056385830607819,True
LKA,Sri Lanka,1996,9,0,841,10339,0,0.08704903762452848,13897738375.2488,776.192371057587,3.79996720568178,17905018.0,1.92257845082404,62710.0,0.043342581478500466,0.3075233531724364,True
LKA,Sri Lanka,2000,18,1,925,10647,0,0.16906170752324598,16595882818.6857,860.199884304769,6.00003315828934,19293054.0,1.82192893868799,62710.0,0.048860558771268596,0.3131212330272407,True
LKA,Sri Lanka,2004,7,0,927,10557,1,0.06630671592308421,20662525941.2985,1028.62068132555,5.44506127885352,20087605.0,0.679757715006083,62710.0,0.04667925777500352,0.30940400138435015,True
LKA,Sri Lanka,2008,8,0,957,10899,0,0.07340122947059363,40713826215.0093,1973.58476901287,5.95008814473897,20629378.0,0.665501489405385,62710.0,0.06324128961752361,0.3020370973888793,True
LKA,Sri Lanka,2012,7,0,962,10517,0,0.06655890463059808,70447216891.3366,3327.77612404326,8.6321813769906,21169458.0,0.760628047767682,62710.0,0.09262636540099375,0.294983774964903,True
LKA,Sri Lanka,2016,9,0,973,11179,0,0.08050809553627337,88000210878.1236,4149.19189391879,5.05362488993089,21209000.0,1.13327749793807,61893.0,0.11416001720979628,0.28172656420159814,True
LKA,Sri Lanka,2020,9,0,1080,11273,0,0.0798367781424643,84335574372.2997,3847.60136741182,-4.62451503712715,21919000.0,0.530626559530355,61860.0,0.09762360912985929,0.27908558644416176,True
LSO,Lesotho,1988,6,0,738,8454,0,0.07097232079488999,470395800.600668,270.36712009929,8.60191907664445,1739841.0,2.11733466448557,30360.0,0.0024002623473917527,0.03400186450042384,True
LSO,Lesotho,1992,6,0,813,9386,0,0.06392499467291711,831029861.704746,443.624297195576,6.95636495400254,1873274.0,1.6630030854951,30360.0,0.003242229451560197,0.034203661939459486,True
LSO,Lesotho,1996,9,0,841,10339,0,0.08704903762452848,946112492.844847,479.671394625707,5.59703605867827,1972418.0,1.06941770060456,30360.0,0.002950620935704645,0.03387679348982898,True
LSO,Lesotho,2000,6,0,925,10647,0,0.05635390250774866,887291687.920796,442.779545779081,3.87554677576694,2003913.0,0.0338894483530851,30360.0,0.0026123086152487988,0.03252298518623941,True
LSO,Lesotho,2004,3,0,927,10557,0,0.02841716396703609,1511236655.52047,766.685820928242,1.69237417358596,1971129.0,-0.704216157980622,30360.0,0.0034140746200384945,0.0303607722197212,True
LSO,Lesotho,2008,5,0,957,10899,0,0.04587576841912102,1766902709.19935,898.482517882593,5.52341966978646,1966541.0,0.677229463442686,30360.0,0.002744551822969402,0.028792353096454195,True
LSO,Lesotho,2012,4,0,962,10517,0,0.03803365978891319,2477702216.26888,1217.93071228944,6.33408374679448,2034354.0,1.00510607755205,30360.0,0.0032577660405374606,0.0283475100087565,True
LSO,Lesotho,2016,8,0,973,11179,0,0.07156275158779855,2114426452.2019,992.491840678465,3.60890731687714,2130422.0,1.21894302061673,30360.0,0.002742981610652299,0.028299140476189217,True
LSO,Lesotho,2020,2,0,1080,11273,0,0.017741506253880955,2053699863.99625,918.582574704447,-8.15595785459911,2235727.0,1.18432063043163,30360.0,0.0023772837771609055,0.02846658975884148,True
LTU,Lithuania,1992,47,2,813,9386,0,0.5007457916045174,,,-21.2589694228032,3700114.0,-0.108586324904251,62680.0,,0.06755949657842963,False
LTU,Lithuania,1996,61,1,841,10339,2,0.5899990327884709,8430207164.43677,2340.67545970008,5.02694376847307,3601613.0,-0.760343408174495,62680.0,0.0262911080234447,0.06185864245372097,True
LTU,Lithuania,2000,61,5,925,10647,1,0.5729313421621114,11550695727.2335,3300.63634928559,3.41862206571636,3499536.0,-0.703385440488978,62680.0,0.034006834923785555,0.056796556280992,True
LTU,Lithuania,2004,59,3,927,10557,5,0.5588708913517098,22743164431.1972,6734.57487061946,6.50203536075556,3377075.0,-1.12299127483243,62680.0,0.05137968310937443,0.052016182017470686,True
LTU,Lithuania,2008,71,5,957,10899,3,0.6514359115515185,47831254207.5223,14955.5345462921,2.59946154605602,3198231.0,-1.02848317546539,62675.0,0.07429687851327932,0.046825668133044666,True
LTU,Lithuania,2012,62,5,962,10517,5,0.5895217267281544,42709372066.8627,14288.1853493139,4.38290584355157,2989139.0,-1.2954927649989,62674.0,0.056155715976889356,0.04165186969429332,True
LTU,Lithuania,2016,67,4,973,11179,5,0.5993380445478128,42970749245.0336,14934.2702840428,2.67192215053329,2877325.0,-1.16730651563847,62642.0,0.05574465588639139,0.038220514231758373,True
LTU,Lithuania,2020,42,1,1080,11273,4,0.37257163133150006,57412038533.2718,20428.6478157394,0.0428158336981426,2810369.0,-0.0256161303326233,62620.0,0.06645796214511171,0.03578326933206316,True
LUX,Luxembourg,1988,8,0,738,8454,0,0.09462976105985332,9418167855.18376,25219.3542781732,8.46328242722446,373450.0,0.725614578503426,2574.46,0.04805755845470194,0.00729836594130342,True
LUX,Luxembourg,1992,6,0,813,9386,0,0.06392499467291711,15518702634.8808,39570.8615665986,1.81965480509376,392175.0,1.32834757125223,2574.46,0.060545591742757005,0.007160629529426835,True
LUX,Luxembourg,1996,6,0,841,10339,0,0.05803269174968566,20895314657.9805,50444.3591236175,1.39807630241253,414225.0,1.36114394109864,2574.46,0.06516577400070762,0.007114422390854478,True
LUX,Luxembourg,2000,7,0,925,10647,0,0.06574621959237344,21230200537.942,48659.6390968187,6.93809504692074,436300.0,1.34408299573143,2574.46,0.06250462674645972,0.007081035173062032,True
LUX,Luxembourg,2004,10,0,927,10557,0,0.0947238798901203,35064843792.8993,76544.9170868473,4.23067892192488,458095.0,1.42133256471314,2574.46,0.07921591420618523,0.007055914630647301,True
LUX,Luxembourg,2008,13,0,957,10899,0,0.11927699788971466,58844277701.5258,120422.137934157,-0.302272983306707,488650.0,1.78749663225793,2574.46,0.09140354406396412,0.007154380885311998,True
LUX,Luxembourg,2012,9,0,962,10517,0,0.08557573452505467,59776383527.3602,112584.676270958,1.64971134354685,530946.0,2.40154189982875,2574.46,0.0785959955166961,0.007398415934055345,True
LUX,Luxembourg,2016,10,0,973,11179,0,0.08945343948474818,62216885435.9488,106899.293549552,4.97819047122638,582014.0,2.15531198799205,2574.46,0.08071208740561699,0.0077310955036649035,True
LUX,Luxembourg,2020,12,0,1080,11273,0,0.10644903752328573,73670782100.3909,116860.02817236,-0.510051634039826,630419.0,1.66635867423273,2574.46,0.08527845680294358,0.008026865108834436,True
LVA,Latvia,1992,34,3,813,9386,0,0.3622416364798636,,,-32.1185703106863,2614338.0,-1.37679506583504,62227.0,,0.04773457227692406,False
LVA,Latvia,1996,47,1,841,10339,3,0.454589418705871,5799465288.41246,2360.1714816213,2.29996103802466,2457222.0,-1.12637509582344,62227.0,0.018086669212482732,0.04220342861029688,True
LVA,Latvia,2000,45,3,925,10647,1,0.42265426880811496,7761252607.18424,3278.17896440803,5.84102642353959,2367550.0,-0.963935407092365,62227.0,0.022850193827894192,0.038424718826456594,True
LVA,Latvia,2004,32,4,927,10557,3,0.303116415648385,13827070378.5612,6109.73265186817,8.72514341727928,2263122.0,-1.09131295557421,62227.0,0.03123709968024424,0.03485826221796741,True
LVA,Latvia,2008,47,3,957,10899,4,0.4312322231397376,34135200994.0067,15677.6080864506,-3.38871665849958,2177322.0,-1.0509395443743,62227.0,0.05302262972814196,0.031878421974765765,True
LVA,Latvia,2012,45,2,962,10517,3,0.42787867262527335,27116149948.6683,13329.3499931271,7.30524057200897,2034319.0,-1.24035915329271,62227.0,0.035653224133576335,0.028347022304625207,True
LVA,Latvia,2016,32,0,973,11179,2,0.2862510063511942,27117105059.5075,13838.5266823272,2.55168601974034,1959537.0,-0.913885332226604,62227.0,0.035178201840454934,0.026029215259366637,True
LVA,Latvia,2020,32,2,1080,11273,0,0.2838641000620953,33379927434.6149,17564.2321549354,-3.46922750780554,1900449.0,-0.701211570733301,62230.0,0.03863931695389309,0.024197633271235947,True
MAR,Morocco,1988,27,3,738,8454,2,0.319375443577005,25705296183.5037,1086.03527832031,11.8752359788597,23500524.0,1.91664251827313,446300.0,0.13116497740632516,0.4592727914429873,True
MAR,Morocco,1992,44,3,813,9386,3,0.4687832942680588,33711069430.78,1327.02954101563,-2.097738754022,25212468.0,1.65347397517767,446300.0,0.13152237625715799,0.4603484232052761,True
MAR,Morocco,1996,34,2,841,10339,3,0.3288519199148854,43161571527.6353,1596.83239746094,12.3728762700496,26808107.0,1.53619606424248,446300.0,0.13460707635771482,0.4604362283715919,True
MAR,Morocco,2000,55,5,925,10647,2,0.5165774396543628,43017455401.8445,1499.107421875,2.58218091499747,28423435.0,1.40392630100829,446300.0,0.12664929795031563,0.46130493461893746,True
MAR,Morocco,2004,55,3,927,10557,5,0.5209813393956616,66114145451.0067,2183.55541992188,4.57138016516208,29953018.0,1.28219021585352,446300.0,0.1493602111788891,0.4613583163715866,True
MAR,Morocco,2008,47,2,957,10899,3,0.4312322231397376,101822906949.063,3183.20043945313,5.68453936284732,31606767.0,1.33869604527126,446300.0,0.1581627802323806,0.46275831304882853,True
MAR,Morocco,2012,63,1,962,10517,2,0.5990301416753827,106937392311.129,3164.17724609375,3.06234368502997,33355241.0,1.3359712863904,446300.0,0.14060487287267373,0.46478539531074,True
MAR,Morocco,2016,48,1,973,11179,1,0.4293765095267913,111572947004.917,3140.85546875,0.52118550608968,35023457.0,1.19450726277516,446300.0,0.14474021622367964,0.4652288277180636,True
MAR,Morocco,2020,44,1,1080,11273,1,0.390313137585381,121353645057.144,3268.0302734375,-7.17820744246774,36584208.0,1.02565486360782,446300.0,0.14047430043274226,0.4658116312001092,True
MCO,Monaco,1988,9,0,738,8454,0,0.10645848119233499,2000704744.91538,67180.5763713568,4.59860147535215,29781.0,1.13125288324776,2.027,0.010208884223320568,0.0005820126820135417,True
MCO,Monaco,1992,2,0,813,9386,0,0.021308331557639035,2737049230.70442,88614.926367223,1.36663952678862,30887.0,0.851871454058648,2.027,0.010678487061771696,0.0005639583458287924,True
MCO,Monaco,1996,3,0,841,10339,0,0.02901634587484283,3137886994.52207,98561.0137425657,1.11073179729593,31837.0,0.71872452628236,2.027,0.009786061520097148,0.0005468087770116096,True
MCO,Monaco,2000,4,0,925,10647,0,0.03756926833849911,2654462465.88236,81789.014508777,3.91022992758094,32455.0,0.138749733197593,2.027,0.007815102139329459,0.0005267361827681142,True
MCO,Monaco,2004,3,0,927,10557,0,0.02841716396703609,4043553260.57916,125160.282928751,2.47048260499609,32307.0,-0.207170649691514,2.027,0.00913489790714663,0.0004976160708419047,True
MCO,Monaco,2008,5,0,957,10899,0,0.04587576841912102,6502945305.07812,204263.893236529,0.746871215179652,31836.0,-0.0031410487964548,2.027,0.010101105340321718,0.00046611453978265174,True
MCO,Monaco,2012,6,0,962,10517,0,0.05705048968336978,5742748405.54688,165444.625782803,1.01221841230461,34711.0,2.22856128605207,2.027,0.007550758364786088,0.00048367708860598833,True
MCO,Monaco,2016,3,0,973,11179,0,0.026836031845424456,6471287668.59924,173604.669723126,3.00844358752744,37276.0,1.40210042123736,2.027,0.008395006151064626,0.0004951501441453521,True
MCO,Monaco,2020,6,0,1080,11273,0,0.053224518761642865,6730733230.81714,176891.806328966,-13.2391048292108,38050.0,-0.15493904017385,2.027,0.007791237268177865,0.00048447495616589964,True
MDA,Moldova,1996,40,2,841,10339,0,0.38688461166457105,1695122173.91304,575.145455139019,-5.87706028626823,2947293.0,-0.200220624729015,32930.0,0.0052865415188479165,0.05062052582922003,True
MDA,Moldova,2000,34,2,925,10647,2,0.31933878087724243,1288429391.79951,440.538683980372,2.10771608200733,2924668.0,-0.203371722054682,32880.0,0.0037933131191893637,0.04746659861913589,True
MDA,Moldova,2004,33,0,927,10557,2,0.312588803637397,2598249555.89984,897.178494749468,7.39999973358189,2896023.0,-0.247447154059097,32880.0,0.005869774156760968,0.04460666686253089,True
MDA,Moldova,2008,29,1,957,10899,0,0.2660794568309019,6054824248.24221,2110.55305353857,7.80000014541523,2868833.0,-0.190349156188775,32890.0,0.009405033362477912,0.0420029141069319,True
MDA,Moldova,2012,20,2,962,10517,1,0.19016829894456594,8709138634.82921,3044.8084324815,-0.589733954762579,2860324.0,-0.0131095435392298,32860.0,0.011451067808142291,0.039856909475089596,True
MDA,Moldova,2016,23,0,973,11179,2,0.20574291081492083,7980917075.7748,2847.08794770479,4.64601436259409,2803186.0,-1.16302237797705,32880.0,0.010353402811525574,0.03723569996690184,True
MDA,Moldova,2020,20,1,1080,11273,0,0.17741506253880954,11530746234.4492,4375.7788930524,-8.27597831976949,2635130.0,-1.09803165876287,32884.6,0.013347547244987953,0.033552023422902685,True
MDG,Madagascar,1992,13,0,813,9386,0,0.13850415512465375,3714966678.33381,290.2120463948,1.18088494825233,12800870.0,3.00913797217694,581540.0,0.01449379249904498,0.2337280237760033,True
MDG,Madagascar,1996,11,0,841,10339,0,0.10639326820775703,4931861038.70763,339.877283663608,2.15420447175147,14510711.0,3.2173927391356,581540.0,0.015380890267118776,0.2492252453271009,True
MDG,Madagascar,2000,11,0,925,10647,0,0.10331548793087254,4629247203.84524,280.282905559649,4.45685893956946,16516338.0,3.17297260783499,581540.0,0.013629139681291385,0.2680558567686936,True
MDG,Madagascar,2004,8,0,927,10557,0,0.07577910391209625,5064732626.29389,272.20074858856,5.25700362208742,18606608.0,2.91610861061954,581540.0,0.011441871167924873,0.2865926011284103,True
MDG,Madagascar,2008,6,0,957,10899,0,0.055050922102945224,10725137723.6549,512.579800058444,6.71263253913001,20923840.0,2.93532927308935,581540.0,0.016659489024380622,0.30634834941845207,True
MDG,Madagascar,2012,7,0,962,10517,0,0.06655890463059808,11578975061.9479,493.511162904211,3.01114811621208,23462438.0,2.76626312576328,581795.0,0.01522442507148747,0.3269350840782031,True
MDG,Madagascar,2016,6,0,973,11179,0,0.05367206369084891,11848613858.442,453.970714522463,3.99314606199499,26099952.0,2.61335935661539,581800.0,0.015370849097910836,0.34669479007905274,True
MDG,Madagascar,2020,6,0,1080,11273,0,0.053224518761642865,13051441204.053,450.771615205157,-7.13767162064489,28953556.0,2.56778870397591,581800.0,0.015107845107702286,0.36865368656890724,True
MDV,Maldives,1988,7,0,738,8454,0,0.08280104092737166,168514513.375071,799.082501719284,8.73034178146668,210885.0,3.34675148443986,300.0,0.0008598695841389967,0.004121343959115736,True
MDV,Maldives,1992,7,0,813,9386,0,0.07457916045173663,284875809.039634,1194.2325242813,6.67082544437399,238543.0,2.86660285823986,300.0,0.0011114314667473339,0.00435549958523125,True
MDV,Maldives,1996,6,0,841,10339,0,0.05803269174968566,450382327.952421,1716.74281753716,7.85864699857959,262347.0,2.19586623197496,300.0,0.0014045977999211732,0.004505878136214617,True
MDV,Maldives,2000,4,0,925,10647,0,0.03756926833849911,624337145.284622,2213.81235053178,3.84581040832157,282019.0,1.64706787778788,300.0,0.0018381343200325872,0.00457709479365524,True
MDV,Maldives,2004,4,0,927,10557,0,0.03788955195604812,1226829562.5,4070.2609459446,5.92489251113133,301413.0,1.64645534671167,300.0,0.0027715630488076436,0.004642583736053209,True
MDV,Maldives,2008,4,0,957,10899,0,0.036700614735296816,2271646187.5,6757.43280929292,8.97645459033633,336170.0,3.53961652894355,300.0,0.0035285761081150706,0.004921903657454895,True
MDV,Maldives,2012,5,0,962,10517,0,0.047542074736141485,2886163997.20531,7461.29703686309,2.38928797963442,386818.0,3.45705386277423,300.0,0.003794825300546513,0.005390078190210343,True
MDV,Maldives,2016,4,0,973,11179,0,0.03578137579389928,4409942623.85538,9947.80744731739,6.37528306716864,443308.0,3.47818441091268,300.0,0.005720885447999498,0.005888615197467211,True
MDV,Maldives,2020,4,0,1080,11273,0,0.03548301250776191,3712604583.36665,7393.8886543933,-32.9088287752921,502118.0,2.90711274683574,300.0,0.0042975679171914655,0.0063932613939581915,True
MEX,Mexico,1988,83,2,738,8454,6,0.9817837709959782,181611150496.787,2278.81222720992,1.21826122938586,79695531.0,1.97542817137593,1943950.0,0.9266970620215945,1.5574967174306893,True
MEX,Mexico,1992,102,1,813,9386,2,1.0867249094395908,363157832923.734,4220.56643677057,3.56861354412243,86044809.0,1.89386319441602,1943950.0,1.416845622195508,1.571071588396231,True
MEX,Mexico,1996,98,1,841,10339,1,0.9478672985781991,432157945024.428,4674.36792733681,6.21829715869302,92452702.0,1.73503044582092,1943950.0,1.3477618039753372,1.5878992653842636,True
MEX,Mexico,2000,78,6,925,10647,1,0.7326007326007326,742061329749.127,7524.0271380091,5.02928399378261,98625552.0,1.54272528221216,1943950.0,2.1847304907015688,1.6006669783971084,True
MEX,Mexico,2004,109,4,927,10557,6,1.0324902908023113,819459227375.022,7849.66759649565,3.56544102622887,104394131.0,1.3653083154997,1943950.0,1.8512619715235072,1.6079548483974087,True
MEX,Mexico,2008,83,3,957,10899,4,0.7615377557574089,1161553459984.65,10523.7685427665,0.943331872912935,110374288.0,1.46015632826518,1943950.0,1.8042553500423708,1.6160026528131002,True
MEX,Mexico,2012,99,7,962,10517,3,0.9413330797756014,1255110424741.85,10744.1335236186,3.55321076010608,116818208.0,1.35716327923769,1943950.0,1.650261315504601,1.6277920757572175,True
MEX,Mexico,2016,123,5,973,11179,7,1.1002773056624027,1112233497452.7,9097.92397674769,1.7724932254128,122251351.0,0.969124204799117,1943950.0,1.442866942516349,1.6239074490185115,True
MEX,Mexico,2020,160,4,1080,11273,5,1.4193205003104763,1121064767168.8,8841.27074929751,-8.35403459379062,126799054.0,0.820454117563552,1943950.0,1.297701349091545,1.614480055940277,True
MHL,Marshall Islands,2008,5,0,957,10899,0,0.04587576841912102,146600000.0,2817.60522775322,-7.56634669678148,52030.0,-0.0096093787610558,180.0,0.00022771559246158765,0.000761777217768921,True
MHL,Marshall Islands,2012,4,0,962,10517,0,0.03803365978891319,180700000.0,3514.26515490383,-1.29068462401796,51419.0,-0.944590187330327,180.0,0.00023759042537871945,0.0007164931064801162,True
MHL,Marshall Islands,2016,5,0,973,11179,0,0.04472671974237409,201800000.0,4229.80988911945,2.5040827436037,47709.0,-2.26102535172131,180.0,0.00026178904849265413,0.000633735331769251,True
MHL,Marshall Islands,2020,2,0,1080,11273,0,0.017741506253880955,241800000.0,5661.96787336674,-2.77288732394366,42706.0,-3.00092865880133,180.0,0.0002798983568119653,0.0005437578837850436,True
MKD,North Macedonia,1996,11,0,841,10339,0,0.10639326820775703,4642021256.30689,2306.53366957635,1.18510388873231,2012553.0,0.699015358344186,25430.0,0.014476973094034847,0.03456612258067802,True
MKD,North Macedonia,2000,10,1,925,10647,0,0.09392317084624777,3772859034.20508,1861.89899780644,4.54913578288874,2026350.0,0.455448702114895,25430.0,0.011107815269033577,0.03288713184261803,True
MKD,North Macedonia,2004,10,0,927,10557,1,0.0947238798901203,5682784471.69722,2818.5814561242,4.67408957960916,2016186.0,-0.323800435972555,25430.0,0.01283812840636034,0.031054773126766848,True
MKD,North Macedonia,2008,7,0,957,10899,0,0.06422607578676943,9909552434.51136,5026.4202989873,5.47200139015595,1971493.0,-0.578593804248589,25230.0,0.015392630311418298,0.02886485589834525,True
MKD,North Macedonia,2012,4,0,962,10517,0,0.03803365978891319,9745261300.57788,5049.8265386157,-0.456183223607937,1929821.0,-0.391858319665176,25220.0,0.012813396667576488,0.026890904981438073,True
MKD,North Macedonia,2016,6,0,973,11179,0,0.05367206369084891,10672467073.2873,5598.48622617967,2.84820519363306,1906313.0,-0.320367473371963,25220.0,0.013845069376536491,0.025322222253894154,True
MKD,North Macedonia,2020,8,1,1080,11273,0,0.07096602501552382,12361036913.8409,6659.59651070776,-4.68845000956652,1856124.0,-1.07910572041332,25220.0,0.01430865972157202,0.023633261328212203,True
MLI,Mali,1988,6,0,738,8454,0,0.07097232079488999,2712207900.69838,307.019371606958,10.8056984434684,8833996.0,1.74518393142561,1220190.0,0.013839431589380365,0.17264355477844598,True
MLI,Mali,1992,5,0,813,9386,0,0.053270828894097594,3680775036.92681,385.278654501558,-5.05918121761043,9553540.0,2.01579765286114,1220190.0,0.014360395190626301,0.1744358019622884,True
MLI,Mali,1996,3,0,841,10339,0,0.02901634587484283,3743103419.72181,359.662096056414,6.36569576896082,10407278.0,2.15534830365536,1220190.0,0.011673537130378012,0.1787477135157154,True
MLI,Mali,2000,5,0,925,10647,0,0.04696158542312388,3521570875.85064,304.652870189314,-0.736019992224286,11559290.0,2.91308874187569,1220190.0,0.010367988411737573,0.1876042609801151,True
MLI,Mali,2004,21,0,927,10557,0,0.19892014776925263,6485774930.41503,495.006294675661,1.47732490290102,13102409.0,3.23794608826987,1220190.0,0.014652185347890376,0.20181289767368094,True
MLI,Mali,2008,17,0,957,10899,0,0.15597761262501147,11462490840.2195,767.194838946144,3.63871070923719,14940782.0,3.2862188900418,1220190.0,0.01780482873646729,0.2187497086921387,True
MLI,Mali,2012,6,0,962,10517,0,0.05705048968336978,14795114602.6122,872.506092463946,-1.07239924147837,16957033.0,2.91998728475051,1220190.0,0.019453113292537554,0.23628614424348673,True
MLI,Mali,2016,6,0,973,11179,0,0.05367206369084891,16743796799.8329,872.468587171653,6.00506308559498,19191289.0,3.16701291267986,1220190.0,0.02172122216245095,0.2549246033556473,True
MLI,Mali,2020,4,0,1080,11273,0,0.03548301250776191,20698560938.7775,953.242943290974,-1.16910834857605,21713836.0,3.01751361469378,1220190.0,0.023959856059289297,0.2764733178526553,True
MLT,Malta,1988,6,0,738,8454,0,0.07097232079488999,2019503068.03393,5814.44775940093,8.41423629574032,347325.0,0.821039289346079,320.0,0.010304805375503354,0.00678780278635215,True
MLT,Malta,1992,6,0,813,9386,0,0.06392499467291711,3021942758.83978,8220.33403924666,4.69093194898397,367618.0,1.03164027783494,320.0,0.011789987658855573,0.006712249139666818,True
MLT,Malta,1996,7,0,841,10339,0,0.06770480704129993,3822547151.38465,10061.8500714248,3.77733599690488,379905.0,0.656524533590292,320.0,0.01192129660890476,0.006524967441360542,True
MLT,Malta,2000,7,0,925,10647,0,0.06574621959237344,4036809766.6603,10348.485765125,19.6812693530689,390087.0,0.645267230900854,320.0,0.011884922483922252,0.006331010239638434,True
MLT,Malta,2004,7,0,927,10557,0,0.06630671592308421,6104141501.07928,15212.1312964883,0.407354423655889,401268.0,0.67162845452858,320.0,0.01379002719384222,0.006180623565004161,True
MLT,Malta,2008,6,0,957,10899,0,0.055050922102945224,9172399572.85742,22405.6426266551,4.41059689827608,409379.0,0.650655460565174,320.0,0.014247601657760168,0.005993765051566849,True
MLT,Malta,2012,5,0,962,10517,0,0.047542074736141485,9609530618.89688,22878.3095862582,4.10167460261891,420028.0,0.899209211902256,320.0,0.012634933411364353,0.005852839738785863,True
MLT,Malta,2016,7,0,973,11179,0,0.06261740763932373,12025777078.0922,26459.0644285369,4.07800422216982,454505.0,2.28889794467689,320.0,0.015600677594938194,0.006037348864276834,True
MLT,Malta,2020,6,0,1080,11273,0,0.053224518761642865,16404655807.6687,31823.422001724,-3.45728232537419,515490.0,2.2716254974907,320.0,0.01898939704149021,0.006563521554637572,True
MMR,Myanmar,1988,2,0,738,8454,0,0.02365744026496333,1541088312.25453,39.9236088878004,-11.3524394768121,38600927.0,1.64379378529744,653540.0,0.007863625153937652,0.754381285097174,True
MMR,Myanmar,1992,4,0,813,9386,0,0.04261666311527807,2411552288.76212,58.8896739558883,9.66094245346783,40950342.0,1.36750903862328,653540.0,0.009408573885134185,0.7477025005809345,True
MMR,Myanmar,1996,3,0,841,10339,0,0.02901634587484283,6123556716.81329,141.897267580367,6.44271534713997,43154860.0,1.28154909567186,653540.0,0.019097406266431274,0.7411959738262787,True
MMR,Myanmar,2000,7,0,925,10647,0,0.06574621959237344,8905066163.58643,196.619580625284,13.7459305561226,45290841.0,1.11707426022512,653540.0,0.026217738062000135,0.7350585334369928,True
MMR,Myanmar,2004,2,0,927,10557,0,0.01894477597802406,10567354056.4049,224.508811413327,13.5646616163416,47068772.0,0.856837524813252,653420.0,0.023872988491340973,0.7249876925122563,True
MMR,Myanmar,2008,6,0,957,10899,0,0.055050922102945224,31862554101.9378,658.442487229705,10.2553053929808,48390793.0,0.550688224031359,653310.0,0.049492499213248,0.7084951692710317,True
MMR,Myanmar,2012,6,0,962,10517,0,0.05705048968336978,59937796648.2158,1202.6658960055,7.33267044704149,49837446.0,0.841507088171189,653150.0,0.07880822690599212,0.6944550944898781,True
MMR,Myanmar,2016,7,0,973,11179,0,0.06261740763932373,63298361996.2153,1229.19713515893,5.86247291518572,51495696.0,0.792792538685626,652780.0,0.0821150543019464,0.6840353390188119,True
MMR,Myanmar,2020,2,0,1080,11273,0,0.017741506253880955,79006113643.1906,1490.21683548367,-9.04834717984643,53016522.0,0.711376906349628,652670.0,0.09145443088018379,0.675037507806004,True
MNE,Montenegro,2008,19,0,957,10899,0,0.17432791999265987,4559410049.1032,7390.01481290503,6.89860030860218,616969.0,0.177475866720179,13450.0,0.007082187998682481,0.009033114131648538,True
MNE,Montenegro,2012,33,1,962,10517,0,0.31377769325853383,4071828832.31109,6552.47970337373,-2.48732882965353,621418.0,0.172818849821581,13450.0,0.005353777223785979,0.00865908931022892,True
MNE,Montenegro,2016,35,0,973,11179,1,0.31308703819661865,4357467226.269,6968.01202883651,3.4393056210999,625353.0,0.11231965238542,13450.0,0.0056528106987258995,0.00830678259715979,True
MNE,Montenegro,2020,34,0,1080,11273,0,0.3016056063159762,4734192593.29169,7555.48699036321,-14.9926187023533,626590.0,-0.0260104378320954,13450.0,0.005480118807666339,0.007978112031116716,True
MNG,Mongolia,1988,28,1,738,8454,0,0.33120416370948663,3204461566.66667,1543.33555521093,5.10797231165017,2076322.0,2.61153690252887,1547438.742,0.01635122684410094,0.04057774204841076,True
MNG,Mongolia,1992,33,2,813,9386,1,0.3515874707010441,1317611863.84977,607.813424662797,-9.25646570382904,2167790.0,0.112989877088484,1547438.742,0.005140609486565761,0.03958115914475986,True
MNG,Mongolia,1996,16,1,841,10339,2,0.15475384466582842,1345719472.35883,595.5810149554,2.23509384338665,2259507.0,1.54144516833781,1547438.742,0.004196866734935429,0.038807621927919436,True
MNG,Mongolia,2000,20,0,925,10647,1,0.18784634169249553,1136896123.61298,476.02755082717,1.14606213709108,2388299.0,1.32711144076984,1547438.742,0.0033471783617365076,0.03876146968321998,True
MNG,Mongolia,2004,20,1,927,10557,0,0.1894477597802406,1992066808.09598,794.154552001815,10.6254059599309,2508412.0,1.12405283429406,1554444.019,0.0045003307100166205,0.03863639841188238,True
MNG,Mongolia,2008,28,4,957,10899,1,0.25690430314707774,5623216608.04288,2127.42678594737,8.90036794067551,2643201.0,1.57679522082476,1557465.087,0.008734611878856232,0.038699410028522584,True
MNG,Mongolia,2012,29,5,962,10517,4,0.2757440334696206,12292770631.565,4328.89001905655,12.3198198494032,2839705.0,1.89795214519602,1557251.947,0.016162947445692074,0.03956959600414474,True
MNG,Mongolia,2016,43,2,973,11179,5,0.3846497897844172,11181350649.3573,3619.90026383792,1.48978448679577,3088856.0,2.02736957640078,1557255.4,0.014505228678681705,0.04103035448128114,True
MNG,Mongolia,2020,43,4,1080,11273,2,0.38144238445844053,13312981429.0891,4001.25193077703,-4.55775197583431,3327204.0,1.80542008661223,1557506.803,0.015410593987883574,0.042363916216951535,True
MOZ,Mozambique,1988,8,0,738,8454,0,0.09462976105985332,,,8.19999518020626,12800558.0,-0.17184476447208,786380.0,,0.25016242210973094,False
MOZ,Mozambique,1992,6,0,813,9386,0,0.06392499467291711,2798696511.18156,205.585216062094,-7.57664724880097,13613316.0,1.93755044660082,786380.0,0.010919001437466403,0.24856228097920266,True
MOZ,Mozambique,1996,3,1,841,10339,0,0.02901634587484283,4030146134.5706,244.362651012498,10.6959109797718,16492480.0,3.2785719951388,786380.0,0.01256873114829828,0.28326264468035406,True
MOZ,Mozambique,2000,4,1,925,10647,1,0.03756926833849911,5930685214.61595,327.12623979157,0.766234955773442,18129653.0,2.20366517231952,786380.0,0.017460751961707634,0.2942395383186101,True
MOZ,Mozambique,2004,4,0,927,10557,1,0.03788955195604812,7937255565.35765,400.056973161545,8.20470494788577,19840313.0,2.28307737180822,786380.0,0.01793126356448399,0.30559502892046814,True
MOZ,Mozambique,2008,4,0,957,10899,0,0.036700614735296816,12920340964.6544,592.159111184122,6.87802942560995,21819036.0,2.46564120587285,786380.0,0.02006932535860844,0.31945501707630075,True
MOZ,Mozambique,2012,6,0,962,10517,0,0.05705048968336978,16688114144.0745,685.685748199513,7.9945031610722,24337846.0,2.87101074780924,786380.0,0.02194209263010119,0.3391333725971853,True
MOZ,Mozambique,2016,6,0,973,11179,0,0.05367206369084891,12069051237.1711,441.489734819071,4.69699024225795,27337105.0,2.93066434696089,786380.0,0.015656815855243374,0.36312832603462347,True
MOZ,Mozambique,2020,10,0,1080,11273,0,0.08870753126940477,14235420174.1884,462.433876479921,-1.21952250011192,30783688.0,2.96490034295304,786380.0,0.01647837351233761,0.39195600248159607,True
MRT,Mauritania,1988,6,0,738,8454,0,0.07097232079488999,1414951290.06682,762.423918016846,1.72039797622089,1855859.0,2.88879526231512,1030700.0,0.007219992824349102,0.03626921439941471,True
MRT,Mauritania,1992,6,0,813,9386,0,0.06392499467291711,2164298425.48412,1036.47437808576,1.87412573649613,2088135.0,3.82669577865452,1030700.0,0.008443922920742261,0.03812675755065903,True
MRT,Mauritania,1996,4,0,841,10339,0,0.038688461166457105,2132087009.28942,904.120879798142,5.81882663043594,2358188.0,1.97732237962951,1030700.0,0.006649294469664005,0.04050249383558293,True
MRT,Mauritania,2000,2,0,925,10647,0,0.018784634169249553,1779520886.47015,680.911061879778,-3.91802587923293,2613441.0,2.78353822069134,1030700.0,0.005239153940046956,0.042415465605598,True
MRT,Mauritania,2004,2,0,927,10557,0,0.01894477597802406,2362501023.24249,823.554457141893,4.7327579245203,2868664.0,2.34965515386841,1030700.0,0.005337188423668372,0.04418526351086829,True
MRT,Mauritania,2008,2,0,957,10899,0,0.018350307367648408,5206437193.80413,1635.5630623124,-0.331079195278377,3183269.0,2.87480873438379,1030700.0,0.00808722326194511,0.0466066077691727,True
MRT,Mauritania,2012,2,0,962,10517,0,0.019016829894456595,6728208836.22143,1859.11733247641,4.47001318233693,3619034.0,3.26413503920642,1030700.0,0.008846474817015542,0.05042908094512069,True
MRT,Mauritania,2016,2,0,973,11179,0,0.01789068789694964,6407900701.25829,1568.00551190332,1.26090922448303,4086657.0,2.99795842489143,1030700.0,0.008312776151723583,0.05428449411478195,True
MRT,Mauritania,2020,2,0,1080,11273,0,0.017741506253880955,8260567356.81635,1795.72437324423,-0.36065738652286,4600131.0,2.92092559048913,1030700.0,0.009562114265953084,0.0585715706854769,True
MUS,Mauritius,1988,8,0,738,8454,0,0.09462976105985332,2163252449.13108,2073.59238787189,6.79134674767185,1043239.0,0.688400517657601,2030.0,0.011038307304023477,0.02038811082136682,True
MUS,Mauritius,1992,13,0,813,9386,0,0.13850415512465375,3267677814.23984,3013.23706337167,6.51269858283476,1084441.0,1.31574311449685,2030.0,0.012748713055635501,0.019800548855794395,True
MUS,Mauritius,1996,26,0,841,10339,0,0.25147499758197117,4481489761.54368,3951.94494649336,5.5878439266625,1133996.0,1.02276454116174,2030.0,0.013976326931056887,0.019476677007760068,True
MUS,Mauritius,2000,20,0,925,10647,0,0.18784634169249553,4726108622.47661,3981.98343249582,8.20279174865273,1186873.0,0.982676166064297,2030.0,0.013914313003458847,0.019262639144986597,True
MUS,Mauritius,2004,9,0,927,10557,0,0.08525149190110827,6667418752.07307,5460.60800184198,4.33001985464323,1221003.0,0.627103982385528,2030.0,0.01506254170018249,0.018806782287002142,True
MUS,Mauritius,2008,11,1,957,10899,0,0.10092669052206625,10127741914.5324,8140.47983639243,5.4630565042284,1244121.0,0.361630847401639,2030.0,0.015731546728279668,0.01821531873818735,True
MUS,Mauritius,2012,11,0,962,10517,1,0.10459256441951127,11832323837.1071,9421.52514098225,3.51062090167264,1255882.0,0.277321025514609,1997.0,0.015557536544975305,0.017499966851795275,True
MUS,Mauritius,2016,11,0,973,11179,0,0.098398783433223,12757680846.5663,10095.1225574156,3.88576121076034,1263747.0,0.0687082325715694,1997.0,0.016550154260632062,0.016786793358012024,True
MUS,Mauritius,2020,8,0,1080,11273,0,0.07096602501552382,11566111137.5568,9135.84773751062,-14.1974358137792,1266014.0,0.0022906802096937,1997.0,0.013388484293245325,0.01611963409081249,True
MWI,Malawi,1988,16,0,738,8454,0,0.18925952211970665,2008189508.37875,229.421843922728,3.17729140008842,8753262.0,5.39936640972062,94280.0,0.010247076307300314,0.1710657631707202,True
MWI,Malawi,1992,4,0,813,9386,0,0.04261666311527807,2618837835.02508,258.393430877557,-7.33297833747964,10135079.0,2.91173826494271,94280.0,0.01021729007446324,0.18505398347797233,True
MWI,Malawi,1996,2,0,841,10339,0,0.019344230583228553,3319573749.6119,320.662735559137,7.3166817822397,10352228.0,1.97165297305688,94280.0,0.010352684144111278,0.17780221541053937,True
MWI,Malawi,2000,2,0,925,10647,0,0.018784634169249553,2537307580.32808,224.22415918428,1.57607762616895,11315942.0,2.39808527580859,94280.0,0.00747018206285597,0.18365478642752672,True
MWI,Malawi,2004,4,0,927,10557,0,0.03788955195604812,5058726350.48896,404.674248445428,5.42049754993828,12500737.0,2.58631203946607,94280.0,0.011428302231708527,0.1925455049545925,True
MWI,Malawi,2008,4,0,957,10899,0,0.036700614735296816,7743617352.21427,554.048820396119,7.63973639944591,13976417.0,2.90426164632368,94280.0,0.01202825656995432,0.2046303297451134,True
MWI,Malawi,2012,3,0,962,10517,0,0.02852524484168489,8773203178.16512,558.46208832772,1.90000000072909,15709577.0,2.87064589887138,94280.0,0.0115353020201117,0.2189035886776986,True
MWI,Malawi,2016,5,0,973,11179,0,0.04472671974237409,7909868618.46366,450.506105510719,2.49999999914311,17557739.0,2.72595787740448,94280.0,0.010261233792514897,0.23322558742130245,True
MWI,Malawi,2020,5,0,1080,11273,0,0.044353765634702384,11769313597.8545,602.507478176106,0.793596429787286,19533888.0,2.63573735113183,94280.0,0.013623703626320073,0.24871693909460166,True
MYS,Malaysia,1988,9,0,738,8454,0,0.10645848119233499,35272109220.1988,2099.95467656701,9.93771967651989,16796605.0,3.14398721440995,328550.0,0.17998101931654964,0.3282575173691973,True
MYS,Malaysia,1992,26,1,813,9386,0,0.2770083102493075,59167550162.956,3141.43321987651,8.88511797832156,18834572.0,2.64753082839941,328550.0,0.23083980799616283,0.3438959455276748,True
MYS,Malaysia,1996,35,2,841,10339,1,0.33852403520649965,100855393910.486,4837.16897250768,10.0027006861844,20850087.0,2.52310298452386,328550.0,0.31453557478795485,0.35810568122171255,True
MYS,Malaysia,2000,40,0,925,10647,2,0.37569268338499107,93789736842.1053,4083.52874483605,8.85886816969386,22967816.0,2.34480241175698,328550.0,0.2761298690272639,0.3727616615732682,True
MYS,Malaysia,2004,26,0,927,10557,0,0.2462820877143128,124749473684.211,4939.24851854427,6.78343772370305,25256772.0,2.31172452935085,328550.0,0.2818248289654829,0.3890232966474707,True
MYS,Malaysia,2008,32,1,957,10899,0,0.2936049178823745,230811614370.384,8371.82156086005,4.83176988913097,27570059.0,2.09531674831339,328550.0,0.3585225341975954,0.4036564066643283,True
MYS,Malaysia,2012,29,2,962,10517,1,0.2757440334696206,314443047642.111,10600.5744240026,5.47345419253853,29662831.0,1.70269513202166,328550.0,0.4134402736395689,0.4133338635559753,True
MYS,Malaysia,2016,32,5,973,11179,2,0.2862510063511942,301256033870.334,9476.53409809923,4.44978139761541,31789685.0,1.76731054757933,328550.0,0.39081035906633066,0.4222735033288265,True
MYS,Malaysia,2020,30,2,1080,11273,5,0.2661225938082143,337456163961.211,9957.52626697613,-5.45684658426701,33889558.0,1.33363323143911,328550.0,0.3906262439570393,0.43150176416640507,True
NAM,Namibia,1992,6,2,813,9386,0,0.06392499467291711,3429521699.4026,2346.86242963741,7.18934252280525,1461322.0,3.17286989481137,823290.0,0.013380140438946619,0.02668192889705127,True
NAM,Namibia,1996,8,2,841,10339,2,0.07737692233291421,3989163196.56767,2423.3982907313,3.19132430111469,1646103.0,2.70517158693344,823290.0,0.012440918530039194,0.028272248272925897,True
NAM,Namibia,2000,11,0,925,10647,2,0.10331548793087254,3922232164.83175,2156.67590512714,3.49218336365178,1818647.0,2.35219877188535,823290.0,0.011547590284775148,0.029516166340554078,True
NAM,Namibia,2004,8,0,927,10557,0,0.07577910391209625,6609205994.77406,3403.15496192955,12.2695481036769,1942082.0,1.27571138513782,823290.0,0.014931031723547783,0.02991336905601845,True
NAM,Namibia,2008,10,0,957,10899,0,0.09175153683824204,8607431497.49471,4204.78555422749,2.64981203780268,2047056.0,1.39984615902945,823290.0,0.0133700297614225,0.029971182477362607,True
NAM,Namibia,2012,9,0,962,10517,0,0.08557573452505467,13042053591.6857,5942.64680978673,5.0616820696264,2194654.0,2.22673258326321,823290.0,0.017148129832101056,0.030581194930065014,True
NAM,Namibia,2016,10,0,973,11179,0,0.08945343948474818,10722018732.0936,4395.68776162376,0.0337944502063294,2439213.0,2.69727890929136,823290.0,0.013909351247746272,0.03240091931943386,True
NAM,Namibia,2020,11,1,1080,11273,0,0.09757828439634525,10583748541.5258,3878.58982993966,-8.10140201443319,2728762.0,2.91019887709682,823290.0,0.012251339229462803,0.03474420106010966,True
NER,Niger,1988,6,0,738,8454,0,0.07097232079488999,2280356192.76273,292.587878484489,6.87115013671369,7793748.0,3.02985788052672,1266700.0,0.011635846028261116,0.1523138973311063,True
NER,Niger,1992,3,0,813,9386,0,0.031962497336458555,3386232579.22522,384.029657304316,2.00075236142851,8817633.0,3.11848225510655,1266700.0,0.013211249684427504,0.16099905205443624,True
NER,Niger,1996,3,0,841,10339,0,0.02901634587484283,2405686940.0464,239.494513213973,0.100530504281409,10044852.0,3.34376645351566,1266700.0,0.007502564762366159,0.17252295245728622,True
NER,Niger,2000,4,0,925,10647,0,0.03756926833849911,2241753192.81158,194.771959898935,-1.20847774100575,11509630.0,3.46716382832898,1266700.0,0.006600029346117284,0.1867982921359843,True
NER,Niger,2004,4,0,927,10557,0,0.03788955195604812,3760443737.53797,283.468281798296,0.363801578722132,13265836.0,3.59824904350361,1266700.0,0.008495317710507442,0.20433011999730988,True
NER,Niger,2008,4,0,957,10899,0,0.036700614735296816,7297600226.00536,475.044955398162,7.73141422777337,15361915.0,3.70203244818704,1266700.0,0.011335452653564983,0.2249155654103912,True
NER,Niger,2012,6,0,962,10517,0,0.05705048968336978,9426912647.59111,528.510104469655,10.5489445763446,17836769.0,3.77324639644684,1266700.0,0.012394821172934159,0.2485447408619039,True
NER,Niger,2016,6,1,973,11179,0,0.05367206369084891,10341025540.2322,499.910520068193,4.28137558478143,20685753.0,3.67426137513091,1266700.0,0.013415100280553136,0.2747760913109011,True
NER,Niger,2020,7,0,1080,11273,1,0.06209527188858334,13648332189.7307,575.451340306915,4.45481803846413,23717613.0,3.29977391625444,1266700.0,0.015798783098136787,0.3019865839299546,True
NGA,Nigeria,1988,69,0,738,8454,2,0.8161816891412349,49648470440.4593,539.539468397166,7.33402548758716,92020090.0,2.67440624256127,910770.0,0.25333847379516267,1.7983566495425771,True
NGA,Nigeria,1992,55,4,813,9386,0,0.5859791178350735,52058181853.8055,508.515905682785,4.63119294610988,102372770.0,2.62528760714312,910770.0,0.20310289458774197,1.8691999231751684,True
NGA,Nigeria,1996,65,6,841,10339,4,0.628687493954928,185730236700.0,1632.72469370276,4.19592404666709,113754779.0,2.61429682326517,910770.0,0.5792329442269282,1.9537679927196638,True
NGA,Nigeria,2000,83,3,925,10647,6,0.7795623180238564,69171451627.2465,547.318298903379,5.01593475936546,126382494.0,2.67439784501828,910770.0,0.2036502555755391,2.0511549055083687,True
NGA,Nigeria,2004,70,2,927,10557,3,0.6630671592308421,135764731645.611,962.48104194733,9.25055822923169,141057045.0,2.77053967849452,910770.0,0.30670968899175116,2.1726638962908886,True
NGA,Nigeria,2008,74,4,957,10899,2,0.678961372602991,339476276257.793,2154.10543545364,6.76447277784263,157595014.0,2.78453384410814,910770.0,0.5273126969624621,2.307366736482302,True
NGA,Nigeria,2012,49,0,962,10517,4,0.46591233241418656,463971018239.281,2633.19734671361,4.23006117492493,176200625.0,2.77422930277333,910770.0,0.6100446684386739,2.4552506499540643,True
NGA,Nigeria,2016,71,1,973,11179,0,0.6351194203417121,404649125252.16,2070.4127339595,-1.61686894903467,195443700.0,2.47183239057048,910770.0,0.5249390955061833,2.5961470175797015,True
NGA,Nigeria,2020,53,2,1080,11273,1,0.4701499157278453,598586817817.392,2797.184580679,-6.36889840468527,213996181.0,2.13029714344341,910770.0,0.6929010203324699,2.7247251093204974,True
NIC,Nicaragua,1992,8,0,813,9386,0,0.08523332623055614,1792800000.0,411.473330661786,0.386346578416166,4357026.0,2.26057691432804,120340.0,0.006994536813434373,0.0795538956743303,True
NIC,Nicaragua,1996,26,0,841,10339,0,0.25147499758197117,4308351902.78601,910.861645917295,6.3442683605154,4729974.0,1.85738578138211,120340.0,0.013436365568452584,0.08123853686706384,True
NIC,Nicaragua,2000,6,0,925,10647,0,0.05635390250774866,5109587049.97449,1017.3124434882,4.10159025073438,5022633.0,1.3755333704478,120340.0,0.015043326171904303,0.081516023228013,True
NIC,Nicaragua,2004,5,0,927,10557,0,0.04736193994506015,5792932838.40051,1098.62118662335,5.31217056950739,5272912.0,1.18180960798577,120340.0,0.013086967489125233,0.08121725172052897,True
NIC,Nicaragua,2008,6,0,957,10899,0,0.055050922102945224,8496967596.77008,1523.68437086409,3.43571693608081,5576593.0,1.43313226086457,120340.0,0.013198444818727225,0.08164753988409842,True
NIC,Nicaragua,2012,6,0,962,10517,0,0.05705048968336978,10532017231.8253,1784.69836017555,6.4961364710876,5901287.0,1.40332726881517,120340.0,0.013847849774241153,0.08223091570938225,True
NIC,Nicaragua,2016,5,0,973,11179,0,0.04472671974237409,13286093388.4752,2131.68704828322,4.56314739524967,6232666.0,1.34468900607336,120340.0,0.01723564790066138,0.08279068216304955,True
NIC,Nicaragua,2020,8,0,1080,11273,0,0.07096602501552382,12726422432.4868,1938.44704754382,-2.23654176262323,6565267.0,1.25084741191992,120340.0,0.014731615909627748,0.08359283684736997,True
NLD,Netherlands,1988,147,9,738,8454,13,1.7388218594748048,262295966105.474,17770.6162376388,3.44121890433911,14760094.0,0.646096227552241,33760.0,1.3384029587674395,0.2884578051681268,True
NLD,Netherlands,1992,201,15,813,9386,9,2.1414873215427233,363497050125.313,23939.2173482108,1.70607100505794,15184166.0,0.756056593396787,33760.0,1.418169064411145,0.27724405543269953,True
NLD,Netherlands,1996,239,19,841,10339,15,2.311635554695812,451372549019.608,29063.6236532536,3.42063535269868,15530498.0,0.461395747607711,33760.0,1.4076859813307985,0.26674035297802084,True
NLD,Netherlands,2000,231,25,925,10647,19,2.1696252465483234,417649282153.726,26225.1697734149,4.21970034558892,15925513.0,0.714770362784392,33760.0,1.2296168585544616,0.2584669211598823,True
NLD,Netherlands,2004,210,22,927,10557,25,1.9892014776925262,661224886143.245,40611.3414353091,2.01628331561487,16281779.0,0.347475412048658,33760.0,1.493790594393717,0.25078388251141354,True
NLD,Netherlands,2008,237,16,957,10899,22,2.1745114230663365,957901566041.406,58246.7026905874,2.11674514240192,16445593.0,0.389292461499527,33760.0,1.4879203453683587,0.24078181972131546,True
NLD,Netherlands,2012,173,20,962,10517,16,1.6449557858704953,845689017065.625,50473.9442002689,-0.977826121310997,16754962.0,0.370055034770235,33720.0,1.1119403060472217,0.23347040534308916,True
NLD,Netherlands,2016,237,19,973,11179,20,2.120046515788532,797163949289.885,46808.5291492503,2.42428065449427,17030314.0,0.532178879608489,33670.0,1.0341367283312457,0.2262196166954772,True
NLD,Netherlands,2020,267,36,1080,11273,19,2.3684910848931073,932560861701.17,53467.9277413737,-3.86799714191608,17441500.0,0.55554079025497,33670.0,1.079496496349495,0.2220754257021692,True
NOR,Norway,1988,69,5,738,8454,3,0.8161816891412349,101497621605.033,24111.6310594146,-0.330025653077698,4209488.0,0.537922759339233,365244.0,0.517906238060133,0.0822663913496464,True
NOR,Norway,1992,83,7,813,9386,5,0.88429575964202,129998873602.06,30328.210916818,3.56422602983729,4286401.0,0.577180268126687,365244.0,0.507185356489631,0.07826437069054559,True
NOR,Norway,1996,97,7,841,10339,7,0.9381951832865848,162427517132.314,37072.6000316602,4.96949434701779,4381336.0,0.506881682762136,365244.0,0.5065592476683688,0.07525058830407821,True
NOR,Norway,2000,93,10,925,10647,7,0.8734854888701042,170620327660.251,37991.8907576589,3.443416131481,4490967.0,0.649044821192665,365244.0,0.5023296825059779,0.07288722275512462,True
NOR,Norway,2004,52,6,927,10557,10,0.4925641754286256,265662977688.108,57854.5698169407,4.33015597691212,4591910.0,0.590930939690253,365244.0,0.6001662455020679,0.07072796025194697,True
NOR,Norway,2008,84,9,957,10899,6,0.7707129094412332,472060283687.943,99001.5300678626,0.822805797014865,4768212.0,1.24633301535167,365244.0,0.7332570748812078,0.0698119406321811,True
NOR,Norway,2012,61,4,962,10517,9,0.5800133117809261,525082939406.962,104627.93694681,2.82395673492459,5018573.0,1.31344098868985,365244.0,0.6903966736735387,0.06993082243659418,True
NOR,Norway,2016,62,4,973,11179,4,0.5546113248054387,383284047619.048,73222.4006864905,1.29158732771135,5234519.0,0.880969815359919,365145.73,0.4972228252160739,0.06953194649054577,True
NOR,Norway,2020,93,8,1080,11273,4,0.8249800408054644,382252517921.94,71057.5879471399,-1.36055723261586,5379475.0,0.588757324043059,364285.0,0.4424807760694265,0.0684946363947583,True
NPL,Nepal,1988,16,0,738,8454,0,0.18925952211970665,3487009748.35638,187.084777621975,7.6968087109188,18638661.0,2.10452210347206,143000.0,0.01779296965083477,0.3642569785350123,True
NPL,Nepal,1992,2,0,813,9386,0,0.021308331557639035,3401211581.29176,165.02959412726,4.10640661731669,20609707.0,2.82065681366559,143000.0,0.013269689656193972,0.37630771093780824,True
NPL,Nepal,1996,6,0,841,10339,0,0.05803269174968566,4521580381.47139,198.821907435345,5.32828417508708,22741862.0,2.20703682810923,143000.0,0.014101356695887902,0.39059741015757765,True
NPL,Nepal,2000,5,0,925,10647,0,0.04696158542312388,5494252207.90502,223.830289183078,6.19999998192236,24546509.0,1.73127486408485,143350.0,0.016175833237762966,0.39838343709576834,True
NPL,Nepal,2004,6,0,927,10557,0,0.05683432793407218,7273938314.71988,279.587750044428,4.68260325152944,26016656.0,1.26834840063401,143350.0,0.016432746054229324,0.4007275864414977,True
NPL,Nepal,2008,8,0,957,10899,0,0.07340122947059363,12545438605.3959,464.817391891529,6.10463914373472,26990037.0,0.749540559520267,143350.0,0.019486984888937253,0.39516423781165166,True
NPL,Nepal,2012,5,0,962,10517,0,0.047542074736141485,21703100877.1309,788.202937148377,4.67014192446953,27534915.0,0.256079255262795,143350.0,0.02853596551983835,0.38368262286345417,True
NPL,Nepal,2016,7,0,973,11179,0,0.06261740763932373,24524109483.5293,877.256454696737,0.433113719381524,27955462.0,0.472697719209503,143350.0,0.03181438695155011,0.3713421783171454,True
NPL,Nepal,2020,5,0,1080,11273,0,0.044353765634702384,33433659301.2466,1154.21517578318,-2.3696206292072,28966574.0,1.92583106605859,143350.0,0.038701514890942944,0.36881943939359496,True
NRU,Naoero,1996,3,0,841,10339,0,0.02901634587484283,37458801.2139605,3678.56242894634,-11.8595716961284,10183.0,0.176921610921852,20.0,0.00011682196770911438,0.00017489568038160698,True
NRU,Naoero,2000,2,0,925,10647,0,0.018784634169249553,26930980.3429002,2648.60152860938,-6.85616110197874,10168.0,-0.186686372077639,20.0,7.928850560035248e-05,0.00016502398725577524,True
NRU,Naoero,2004,3,0,927,10557,0,0.02841716396703609,30587565.7988334,3040.51349889,-4.31476539773472,10060.0,0.0099408519391914,20.0,6.910117730474814e-05,0.00015495148644781507,True
NRU,Naoero,2008,1,0,957,10899,0,0.009175153683824204,37602264.7306872,3756.84531228766,19.9999999999999,10009.0,-0.109840741983694,20.0,5.840806269471962e-05,0.00014654292086582993,True
NRU,Naoero,2012,2,0,962,10517,0,0.019016829894456595,101055722.95058,9842.77032731856,24.3589743589745,10267.0,1.65974838801037,20.0,0.00013287145657322815,0.000143064523313004,True
NRU,Naoero,2016,2,0,973,11179,0,0.01789068789694964,97541943.0355053,8748.15632605428,4.13223140495909,11150.0,1.77348115445981,20.0,0.00012653821831213878,0.0001481093493728049,True
NRU,Naoero,2020,2,0,1080,11273,0,0.017741506253880955,124685688.161094,10709.068810538,1.57480314960559,11643.0,0.482136103995375,20.0,0.00014433134505483593,0.00014824551681050116,True
NZL,New Zealand,1988,83,13,738,8454,11,0.9817837709959782,45176811594.2029,13759.1556295922,-0.334621133273799,3283400.0,0.274482468222468,263310.0,0.2305211902536326,0.06416777274514834,True
NZL,New Zealand,1992,134,10,813,9386,13,1.4276582143618155,41649829859.6342,11793.1392416214,1.10092234546755,3531700.0,1.04173538422176,263310.0,0.16249512953284784,0.06448446563161025,True
NZL,New Zealand,1996,95,6,841,10339,10,0.9188509527033563,70140835299.0148,18794.436039393,3.59083953715972,3732000.0,1.58266192727998,263310.0,0.2187467332333637,0.06409807317923572,True
NZL,New Zealand,2000,147,4,925,10647,6,1.3806706114398422,52623281956.7031,13641.1027183822,2.86879087314065,3857700.0,0.587564086381346,263310.0,0.15493017086668942,0.06260946455906807,True
NZL,New Zealand,2004,148,5,927,10557,4,1.4019134223737804,103905210084.034,25420.234882944,4.09053577279863,4087500.0,1.48621908244575,263310.0,0.23473500284804555,0.06295866807708192,True
NZL,New Zealand,2008,178,9,957,10899,5,1.6331773557207083,133437126590.286,31324.7397977102,-1.02561134479848,4259800.0,0.848701402422591,263310.0,0.20726953845756374,0.06236822203059869,True
NZL,New Zealand,2012,178,13,962,10517,9,1.692497860606637,176508049114.249,40041.7524816244,2.30256429520961,4408100.0,0.548220797298334,263310.0,0.23207870764705213,0.06142424517542154,True
NZL,New Zealand,2016,195,18,973,11179,13,1.7443420699525898,188980351890.848,40088.3205470499,3.7435247472109,4714100.0,2.24603210015584,263310.0,0.24515850597280503,0.06261903891285557,True
NZL,New Zealand,2020,215,20,1080,11273,18,1.9072119222922026,213318129988.602,42054.6743136586,-0.240916114758988,5072400.0,2.03338779187545,263310.0,0.24692884227465225,0.06458477707374269,True
OMN,Oman,1988,8,0,738,8454,0,0.09462976105985332,8386215864.75943,5279.10411437183,5.96402764822645,1588568.0,5.67040937337118,309500.0,0.04279187473948049,0.03104552305969873,True
OMN,Oman,1992,5,0,813,9386,0,0.053270828894097594,14183615084.5254,7317.78815838166,8.41388425937097,1938238.0,4.57977744514796,309500.0,0.055336801570892456,0.03538982407817227,True
OMN,Oman,1996,4,0,841,10339,0,0.038688461166457105,17402080624.1873,8068.00076784612,3.04593990978547,2156926.0,1.70189456325344,309500.0,0.05427149921691986,0.037045766503268,True
OMN,Oman,2000,6,0,925,10647,0,0.05635390250774866,22259557867.3602,9753.84755185404,6.19241063695442,2282131.0,1.2887385532573,309500.0,0.06553519612563403,0.03703839074154304,True
OMN,Oman,2004,2,0,927,10557,0,0.01894477597802406,28378933680.104,11800.8507411171,1.99251510973346,2404821.0,1.72066711093441,309500.0,0.06411159818488557,0.037040813975240665,True
OMN,Oman,2008,4,0,957,10899,0,0.036700614735296816,69804681404.4213,26576.779241509,8.95005895005896,2626529.0,2.16896017651993,309500.0,0.10842847464256593,0.038455313357858664,True
OMN,Oman,2012,3,0,962,10517,0,0.02852524484168489,87408842652.7958,24642.2978768596,8.86312225557018,3547106.0,14.2253989455262,309500.0,0.11492808028632713,0.04942680715210835,True
OMN,Oman,2016,4,0,973,11179,0,0.03578137579389928,75128738621.5865,17110.1897460545,5.04642394571691,4390877.0,4.80473653238819,309500.0,0.09746224478790114,0.05832555476645861,True
OMN,Oman,2020,5,0,1080,11273,0,0.044353765634702384,75909492847.8544,16784.8630630058,-3.37972052697999,4522497.0,-1.50860829621662,309500.0,0.08786990204526088,0.057583088983847903,True
PAK,Pakistan,1988,30,1,738,8454,1,0.35486160397445,38472742808.3167,353.85454278549,7.62527877959378,108724739.0,3.36148582370259,770880.0,0.19631271334856873,2.124817062778695,True
PAK,Pakistan,1992,27,1,813,9386,1,0.287662476028127,48884671947.4657,395.67720859593,7.70589781716029,123546848.0,2.86254207102062,770880.0,0.19072157382263022,2.2558123492226905,True
PAK,Pakistan,1996,24,0,841,10339,1,0.23213076699874263,63320170084.4076,456.996961832943,4.84658128681654,138557092.0,2.9106898704011,770880.0,0.19747526950166897,2.379754186098096,True
PAK,Pakistan,2000,27,0,925,10647,0,0.25359256128486896,99484802344.5277,642.338346499898,4.2600880111325,154879127.0,2.82475983542412,770880.0,0.2928969241895256,2.513647824570574,True
PAK,Pakistan,2004,26,0,927,10557,0,0.2462820877143128,132216048339.413,771.902247348954,7.83125556961251,171286000.0,2.4680911760913,770880.0,0.29869276486144525,2.638272396391695,True
PAK,Pakistan,2008,21,0,957,10899,0,0.1926782273603083,202203748583.854,1067.04324565284,2.1204410433083,189499113.0,2.67715693120755,770880.0,0.3140855825833985,2.7744783215609914,True
PAK,Pakistan,2012,21,0,962,10517,0,0.19967671389179423,250106966104.704,1204.36475491585,3.02758391088629,207667125.0,1.90619981284679,770880.0,0.3288490341283763,2.8937175655894634,True
PAK,Pakistan,2016,7,0,973,11179,0,0.06261740763932373,313630000130.435,1424.69161195897,6.57383828511043,220138869.0,1.30216393815952,770880.0,0.4068627319766976,2.924181583789698,True
PAK,Pakistan,2020,10,0,1080,11273,0,0.08870753126940477,300425609817.981,1278.39735206896,-1.27408744338709,235001746.0,1.80375141301202,770880.0,0.3477611022840592,2.992180304658604,True
PAN,Panama,1988,6,0,738,8454,0,0.07097232079488999,5902783400.0,2508.78229277879,-13.3798437826627,2352848.0,2.18612312048078,74340.0,0.03011980277404065,0.045981913799073154,True
PAN,Panama,1992,5,0,813,9386,0,0.053270828894097594,8042337700.0,3139.89952899581,8.20167952936097,2561336.0,2.09377182912446,74340.0,0.03137685581700197,0.04676682143528785,True
PAN,Panama,1996,7,0,841,10339,0,0.06770480704129993,9197503300.0,3308.18429574276,4.0797027065703,2780227.0,2.02267329531161,74340.0,0.02868405818381153,0.04775112371406403,True
PAN,Panama,2000,6,0,925,10647,0,0.05635390250774866,11966497000.0,3975.09308659503,4.20900547865375,3010369.0,1.96400557919623,74340.0,0.035231010988845575,0.04885750349047806,True
PAN,Panama,2004,4,0,927,10557,0,0.03788955195604812,15100203400.0,4644.56582353041,8.17565333965649,3251155.0,1.90499044238143,74340.0,0.03411326809539572,0.050076669972390284,True
PAN,Panama,2008,5,1,957,10899,0,0.04587576841912102,25721328000.0,7347.59050324397,10.1974325907958,3500648.0,1.82065403181381,74340.0,0.03995325678321162,0.05125339023310278,True
PAN,Panama,2012,8,0,962,10517,1,0.07606731957782638,41595439700.0,11064.8063606203,9.62729346439019,3759256.0,1.76451937667994,74340.0,0.054691080310668924,0.05238299090791373,True
PAN,Panama,2016,10,0,973,11179,0,0.08945343948474818,59760858700.0,14832.3611608191,4.57196707937275,4029086.0,1.72866876171939,74120.0,0.07752595805835953,0.05351975838807866,True
PAN,Panama,2020,10,0,1080,11273,0,0.08870753126940477,57059846500.0,13290.5608347594,-17.8211174074602,4293261.0,1.37340966978709,74180.0,0.06605027822701807,0.05466432154490845,True
PER,Peru,1988,21,1,738,8454,1,0.248403122782115,15439408447.2,733.299784874657,-9.44127344629392,21054702.0,2.2691453247117,1280000.0,0.07878180611836802,0.41147387864799306,True
PER,Peru,1992,16,1,813,9386,1,0.17046665246111228,35966302303.263,1567.40910765128,-0.540509124723926,22946340.0,2.0364508690957,1280000.0,0.14032107625127316,0.4189717340377846,True
PER,Peru,1996,29,0,841,10339,1,0.280491343456814,55252414130.3019,2226.91682429265,2.79897307912609,24811171.0,1.88065410074516,1280000.0,0.1723145303693047,0.42613833183829875,True
PER,Peru,2000,21,0,925,10647,0,0.19723865877712032,51744749133.213,1945.41338451698,2.69437139806912,26598331.0,1.56043059120612,1280000.0,0.15234364955151744,0.43168397285295945,True
PER,Peru,2004,12,0,927,10557,0,0.11366865586814436,66768703497.5687,2397.25147277714,4.95820320611745,27852190.0,0.980296012446146,1280000.0,0.15083894054000274,0.4289998251816074,True
PER,Peru,2008,13,0,957,10899,0,0.11927699788971466,120550599815.441,4197.58444634142,9.1265683014642,28719041.0,0.657968680657885,1280000.0,0.18725273709804163,0.4204787843546333,True
PER,Peru,2012,16,0,962,10517,0,0.15213463915565276,192650021648.583,6519.37852981527,6.13972470560435,29550366.0,0.83691693370644,1280000.0,0.2533027149568697,0.4117667308381028,True
PER,Peru,2016,29,0,973,11179,0,0.2594149745057697,191898104390.379,6217.03599995447,3.95331871520767,30866494.0,1.33357065112944,1280000.0,0.24894361821556657,0.41001043441790014,True
PER,Peru,2020,35,0,1080,11273,0,0.3104763594429167,201409694755.934,6133.32552410183,-10.9333065010382,32838579.0,1.19250495254373,1280000.0,0.2331440968080456,0.41812008203877615,True
PHL,Philippines,1988,31,1,738,8454,0,0.36669032410693164,43152128958.6116,722.343718454247,6.69693110468185,59739052.0,2.68311652440946,298170.0,0.22018995538839348,1.1674855067145642,True
PHL,Philippines,1992,26,1,813,9386,1,0.2770083102493075,60422328242.1803,916.515694532029,0.417629066097945,65926125.0,2.36968384705809,298170.0,0.2357352740090057,1.2037293489786058,True
PHL,Philippines,1996,12,1,841,10339,1,0.11606538349937132,94648084429.0341,1311.09249403865,5.8603478716379,72190242.0,2.30364180162275,298170.0,0.29517697055338055,1.239886231120776,True
PHL,Philippines,2000,20,0,925,10647,1,0.18784634169249553,83669788376.9213,1050.79273107952,4.38250500083399,79625397.0,2.37926588939747,298170.0,0.24633535058268918,1.292299419725024,True
PHL,Philippines,2004,16,0,927,10557,0,0.1515582078241925,95001999685.3314,1099.63013023758,6.56922851180626,86394504.0,1.94326756715565,298170.0,0.21462152522160136,1.3307114130936089,True
PHL,Philippines,2008,15,0,957,10899,0,0.13762730525736305,181624626327.361,1959.29233534978,4.34448730509183,92699095.0,1.76733466433421,298170.0,0.282119777556272,1.357218117985718,True
PHL,Philippines,2012,11,0,962,10517,0,0.10459256441951127,261920540962.63,2614.61644401308,6.89695171050985,100175512.0,1.94226237851608,298170.0,0.34438191888619574,1.3958860301856544,True
PHL,Philippines,2016,13,1,973,11179,0,0.11628947133017264,318627003016.731,2985.19564024046,7.14945675000752,106735719.0,1.34190709540685,298170.0,0.41334519298224015,1.4178078830429175,True
PHL,Philippines,2020,19,4,1080,11273,1,0.16854430941186907,361751145451.597,3227.57910235199,-9.51829474045297,112081264.0,1.1455140860985,298170.0,0.41874917777811516,1.4270845062659296,True
PLW,Palau,2000,5,0,925,10647,0,0.04696158542312388,149551484.375,7798.07510558974,-2.60392518285772,19178.0,1.45489580126701,460.0,0.000440300113676859,0.00031125393662384516,True
PLW,Palau,2004,4,0,927,10557,0,0.03788955195604812,166363734.375,8393.73029137235,3.47251267849076,19820.0,0.815628017637243,460.0,0.0003758367037682139,0.000305282153220248,True
PLW,Palau,2008,5,0,957,10899,0,0.04587576841912102,199046109.375,10471.1510008417,-5.55349767521281,19009.0,-1.52961662609278,460.0,0.00030918078256140586,0.00027831295661290446,True
PLW,Palau,2012,5,0,962,10517,0,0.047542074736141485,214928296.875,12098.4124331551,2.06132919740671,17765.0,-1.74654999032287,460.0,0.0002825949390174596,0.000247544682639088,True
PLW,Palau,2016,5,0,973,11179,0,0.04472671974237409,303326125.0,17043.6660673147,1.66650688235592,17797.0,0.151826160128869,460.0,0.00039349582580135715,0.00023640377495854787,True
PLW,Palau,2020,3,0,1080,11273,0,0.026612259380821433,258985859.375,14556.30954221,-6.00740723664144,17792.0,-0.0337173366498603,460.0,0.0002997920449817916,0.0002265381976374162,True
PNG,Papua New Guinea,1988,11,0,738,8454,0,0.13011592145729833,3656177880.70625,984.993556016427,2.90924048446031,3711880.0,2.16055328455361,452860.0,0.01865617441996638,0.07254159477896731,True
PNG,Papua New Guinea,1992,13,0,813,9386,0,0.13850415512465375,4377980510.05598,1050.7071689258,13.8490852689481,4166699.0,3.53853521817667,452860.0,0.017080514193487696,0.07607876050139163,True
PNG,Papua New Guinea,1996,11,0,841,10339,0,0.10639326820775703,5155311077.38998,1071.04185150251,7.73369579796399,4813361.0,3.5759668470744,452860.0,0.016077759156607457,0.08267073033656998,True
PNG,Papua New Guinea,2000,5,0,925,10647,0,0.04696158542312388,3521339699.07407,635.957919047725,-2.49484199260023,5537064.0,3.44925161413658,452860.0,0.010367307795550923,0.08986510414736545,True
PNG,Papua New Guinea,2004,4,0,927,10557,0,0.03788955195604812,3927157866.96465,620.596147680561,2.72117574098235,6328041.0,3.27757216652727,452860.0,0.008871946000986154,0.09746912119808332,True
PNG,Papua New Guinea,2008,7,0,957,10899,0,0.06422607578676943,11670892800.5309,1624.79319935188,-0.296457845880582,7183002.0,3.10574391860633,452860.0,0.018128542077957513,0.10516715892347868,True
PNG,Papua New Guinea,2012,8,0,962,10517,0,0.07606731957782638,21295168665.7247,2635.0873631547,4.65711959686239,8081390.0,2.7860490568137,452860.0,0.027999602555623185,0.11260935113046434,True
PNG,Papua New Guinea,2016,8,0,973,11179,0,0.07156275158779855,20758876952.6232,2316.39479758492,5.48957315278187,8961718.0,2.46804330802257,452860.0,0.026929864446002552,0.11904163428184344,True
PNG,Papua New Guinea,2020,8,0,1080,11273,0,0.07096602501552382,23848447849.6081,2429.61134585269,-3.16743204434815,9815746.0,2.12866309675902,452860.0,0.0276060436957037,0.1249798452847728,True
POL,Poland,1988,143,16,738,8454,0,1.6915069789448782,,,,37824487.0,0.414457482867701,306290.0,,0.7392072504165859,False
POL,Poland,1992,201,19,813,9386,16,2.1414873215427233,94337050693.2727,2459.02068468253,2.51497861350261,38363667.0,0.306681390812185,306290.0,0.36805219430216446,0.7004730204049157,True
POL,Poland,1996,165,17,841,10339,19,1.5958990231163555,160813026223.063,4163.51195431959,6.09387747385628,38624370.0,0.0760741823645528,306290.0,0.5015241691619886,0.6633836266778875,True
POL,Poland,2000,187,14,925,10647,17,1.7563632948248333,172953527033.013,4520.64100449111,4.65633252988236,38258629.0,-1.04433539837844,306290.0,0.5091989419677021,0.6209275673209513,True
POL,Poland,2004,194,10,927,10557,14,1.8376432698683338,256268656145.134,6711.72715262967,5.09079546409544,38182222.0,-0.0585127351273288,306330.0,0.5789432857259218,0.5881105422246985,True
POL,Poland,2008,257,10,957,10899,10,2.3580144967428205,535612030671.888,14048.5604672654,4.38377069274605,38125759.0,0.0136373796827091,306300.0,0.8319727891814668,0.5582036251460388,True
POL,Poland,2012,210,10,962,10517,10,1.9967671389179424,498148649702.66,13087.420943321,1.51178167644575,38063164.0,-0.0002390760032983,306220.0,0.6549825654935788,0.530387495222041,True
POL,Poland,2016,234,11,973,11179,10,2.093210483943108,473259623976.262,12464.0121044827,3.03117767594847,37970087.0,-0.04298513087435,306190.0,0.6139454244337806,0.5043699445021343,True
POL,Poland,2020,206,14,1080,11273,11,1.8273751441497383,605914237903.742,16150.9304813473,-2.03556882399977,37515748.0,-1.19164026205913,306130.0,0.7013829592978974,0.477672545803704,True
PRI,Puerto Rico (US),1988,47,0,738,8454,2,0.5559498462266382,26385800000.0,7595.44465611829,5.88837273658802,3473898.0,0.926818889529725,8870.0,0.1346373461772766,0.06789069178407302,True
PRI,Puerto Rico (US),1992,71,1,813,9386,0,0.7564457702961858,34630430000.0,9659.33889995916,4.56405181441349,3585176.0,0.645450037357204,8870.0,0.13510922439762502,0.065460871125881,True
PRI,Puerto Rico (US),1996,69,1,841,10339,1,0.667375955121385,45340835000.0,12173.163688986,2.31370752929453,3724655.0,1.12186266889252,8870.0,0.1414034990607286,0.0639719208889084,True
PRI,Puerto Rico (US),2000,29,0,925,10647,1,0.27237719545411854,61701800000.0,16192.1269719638,3.27196451910478,3810605.0,0.276558688867414,8870.0,0.18165857508939767,0.061845124995750726,True
PRI,Puerto Rico (US),2004,43,0,927,10557,0,0.40731268352751726,80322313000.0,20988.9923326534,8.7486769008168,3826878.0,0.0204626359646878,8870.0,0.18145825753653683,0.058944377192290426,True
PRI,Puerto Rico (US),2008,22,0,957,10899,0,0.2018533810441325,93639300000.0,24898.3345857045,-1.84413421831884,3760866.0,-0.58667739163101,8870.0,0.14545108238191232,0.055063271917773035,True
PRI,Puerto Rico (US),2012,25,2,962,10517,0,0.23771037368070744,101564800000.0,27742.024476618,0.0292751500944064,3661045.0,-0.881614530044632,8870.0,0.13354080816549288,0.05101447918111004,True
PRI,Puerto Rico (US),2016,40,1,973,11179,2,0.3578137579389927,104336700000.0,29978.0889268918,-1.26369434781117,3480432.0,-1.5604116086776,8870.0,0.13535285141656844,0.04623179543105741,True
PRI,Puerto Rico (US),2020,37,1,1080,11273,1,0.3282178656967977,103130900000.0,31427.1034994916,-4.1808743093346,3281591.0,-0.640922494785493,8870.0,0.11938035337691941,0.04178314470116717,True
PRK,"Korea, Dem. People's Rep.",1992,64,9,813,9386,0,0.6818666098444491,,,,21750911.0,1.49273900122265,120410.0,,0.39714468183472934,False
PRK,"Korea, Dem. People's Rep.",1996,24,5,841,10339,9,0.23213076699874263,,,,22895746.0,0.993936643105458,120410.0,,0.3932404079853144,False
PRK,"Korea, Dem. People's Rep.",2000,31,4,925,10647,5,0.29116182962336806,,,,23665910.0,0.713737031349431,120410.0,,0.38409154506651494,False
PRK,"Korea, Dem. People's Rep.",2004,36,5,927,10557,4,0.3410059676044331,,,,24254943.0,0.680784098097041,120410.0,,0.37359239279890927,False
PRK,"Korea, Dem. People's Rep.",2008,58,6,957,10899,5,0.5321589136618038,,,,24764618.0,0.478578548402947,120410.0,,0.36258162212473843,False
PRK,"Korea, Dem. People's Rep.",2012,52,6,962,10517,6,0.49443757725587145,,,,25211728.0,0.452614172409074,120410.0,,0.35131039721604324,False
PRK,"Korea, Dem. People's Rep.",2016,31,7,973,11179,6,0.27730566240271937,,,,25698326.0,0.479685660941037,120410.0,,0.34135985146459513,False
PRT,Portugal,1988,65,1,738,8454,3,0.7688668086113083,56347250696.3788,5623.69699982123,7.4891073628233,10019610.0,-0.103951995334113,91500.0,0.2875199652140978,0.19581411265000176,True
PRT,Portugal,1992,90,0,813,9386,1,0.9588749200937566,107592098307.098,10810.5665079626,1.08947689832507,9952494.0,-0.0777492667122609,91500.0,0.4197662273782056,0.1817202076313977,True
PRT,Portugal,1996,107,2,841,10339,0,1.0349163362027276,122630089680.27,12185.0914010629,3.50424653058748,10063945.0,0.375996187340096,91500.0,0.3824438559837092,0.17285087971109414,True
PRT,Portugal,2000,61,2,925,10647,2,0.5729313421621114,118605192877.388,11526.3720667968,3.81617714108242,10289898.0,0.702859953319024,91500.0,0.34918998045939476,0.16700235999362972,True
PRT,Portugal,2004,81,3,927,10557,2,0.7672634271099744,189382122532.169,18064.1580932987,1.78873552917291,10483861.0,0.239128989611917,91500.0,0.42783815206190967,0.16148010394257226,True
PRT,Portugal,2008,77,2,957,10899,3,0.7064868336544637,263416394624.084,24949.0413566739,0.319247344434558,10558177.0,0.144191279853498,91470.0,0.40916794246874943,0.15458348452377116,True
PRT,Portugal,2012,76,1,962,10517,2,0.7226395359893506,216536676771.973,20593.4274224109,-4.05090267621935,10514844.0,-0.405421787747567,91590.0,0.28470969089290177,0.14651808167630276,True
PRT,Portugal,2016,90,1,973,11179,1,0.8050809553627337,206305431241.638,19980.2808866516,2.00414129666575,10325452.0,-0.315459016997883,91605.6,0.2676338084420966,0.13715658992826252,True
PRT,Portugal,2020,92,4,1080,11273,1,0.8161092876785239,229618773422.577,22299.4044062173,-8.20463159324387,10297081.0,0.10511412524675,91605.6,0.2657978386028051,0.1311084853117403,True
PRY,Paraguay,1988,10,0,738,8454,0,0.11828720132481665,4255683528.33333,1113.89406863138,5.91537206556045,3820546.0,2.80445454879684,397300.0,0.021715238364012023,0.0746652639003428,True
PRY,Paraguay,1992,27,0,813,9386,0,0.287662476028127,7157424031.06045,1682.67444777611,1.69642801124701,4253600.0,2.60163442704891,397300.0,0.02792440086714199,0.07766546507648367,True
PRY,Paraguay,1996,7,0,841,10339,0,0.06770480704129993,9788391780.52421,2088.17109102236,1.57378513175006,4687543.0,2.32519254374256,397300.0,0.030526849537362927,0.08050977337749574,True
PRY,Paraguay,2000,5,0,925,10647,0,0.04696158542312388,8855705139.55857,1736.11729210765,-2.31414056819045,5100868.0,1.93460053752763,397300.0,0.026072412426607742,0.08278575686717071,True
PRY,Paraguay,2004,22,1,927,10557,0,0.20839253575826466,9624440836.29309,1786.21533938543,4.05741836363771,5388175.0,1.15243910027232,397300.0,0.021742828346056637,0.08299261684800756,True
PRY,Paraguay,2008,7,0,957,10899,1,0.06422607578676943,24615267663.5456,4384.9546943793,6.4962921197091,5613574.0,0.969992282647573,397300.0,0.0382351995880276,0.08218898296098315,True
PRY,Paraguay,2012,8,0,962,10517,0,0.07606731957782638,33271921136.315,5642.1699167298,-0.708043112316886,5897008.0,1.40686361602641,397300.0,0.04374703871579572,0.0821712903957311,True
PRY,Paraguay,2016,11,0,973,11179,0,0.098398783433223,36089700222.9461,5775.1596339946,4.26802583314583,6249126.0,1.45104639106418,397300.0,0.046818078700446915,0.08300932609943308,True
PRY,Paraguay,2020,8,0,1080,11273,0,0.07096602501552382,35432178068.1814,5365.47220721191,-0.819785390971916,6603739.0,1.35198907049682,397300.0,0.041014923157787125,0.08408268495548074,True
PSE,West Bank and Gaza,1996,1,0,841,10339,0,0.009672115291614276,3409600000.0,1317.46675131385,1.21453753437805,2587997.0,4.47787800224899,6020.0,0.010633447099010422,0.04444952333698887,True
PSE,West Bank and Gaza,2000,2,0,925,10647,0,0.018784634169249553,4313600000.0,1476.17185000238,-8.5555726838292,2922153.0,2.55523569844846,6020.0,0.012699830953158997,0.047425780825277875,True
PSE,West Bank and Gaza,2004,3,0,927,10557,0,0.02841716396703609,4603100000.0,1422.19088643544,21.9244861205987,3236626.0,2.55527589181892,6020.0,0.01039898471631952,0.04985288367551152,True
PSE,West Bank and Gaza,2008,4,0,957,10899,0,0.036700614735296816,7310400000.0,2035.20234121766,7.42918225547835,3591977.0,2.75135880229092,6020.0,0.01135533470075846,0.05259054863251885,True
PSE,West Bank and Gaza,2012,5,0,962,10517,0,0.047542074736141485,12208400000.0,3067.43872735614,6.09645656326154,3979998.0,2.46768715003228,6020.0,0.016052014107324618,0.05545889906074894,True
PSE,West Bank and Gaza,2016,6,0,973,11179,0,0.05367206369084891,15405400000.0,3527.61382413178,8.86461881995935,4367088.0,2.24610527580178,6020.0,0.01998496039469145,0.058009557159980615,True
PSE,West Bank and Gaza,2020,5,0,1080,11273,0,0.044353765634702384,15531700000.0,3233.56863835858,-11.3184661065134,4803269.0,2.48654993848325,6020.0,0.017978897057470643,0.061158043054613,True
QAT,Qatar,1988,10,0,738,8454,0,0.11828720132481665,6038186813.18681,14682.0213127986,5.90444950002646,411264.0,3.52864689870194,11610.0,0.03081071819880765,0.008037368243363796,True
QAT,Qatar,1992,28,1,813,9386,0,0.2983166418069465,7646153846.15385,16280.293589053,11.3305277401187,469657.0,3.20283512184474,11610.0,0.02983116050764498,0.008575354836238972,True
QAT,Qatar,1996,12,0,841,10339,1,0.11606538349937132,9059340659.34066,17124.7926054464,4.3739105695453,529019.0,2.81689866772079,11610.0,0.028253173291005726,0.009086039275242791,True
QAT,Qatar,2000,17,1,925,10647,0,0.15966939043862122,17759890109.8901,27535.182940934,8.02812548837973,644989.0,5.16843199678991,11610.0,0.052287556134617164,0.01046800319788702,True
QAT,Qatar,2004,15,0,927,10557,1,0.14208581983518045,31734065934.0659,41035.5008380177,19.2185032411244,773332.0,3.77511702353838,11610.0,0.07169126602398974,0.01191142573734212,True
QAT,Qatar,2008,20,0,957,10899,0,0.18350307367648408,115269780219.78,80781.2113909506,17.6630346842674,1426938.0,16.6072361839519,11610.0,0.17904997473167938,0.020891963474317675,True
QAT,Qatar,2012,12,2,962,10517,0,0.11410097936673956,186833502362.637,108470.378825036,4.62623675511804,1722438.0,5.83800010216327,11610.0,0.2456549601623404,0.024001146528314407,True
QAT,Qatar,2016,37,1,973,11179,2,0.3309777260935683,151732181868.132,61253.6375482797,3.06419188430156,2477113.0,5.49972976958708,11490.0,0.19683757937052837,0.0329043582738042,True
QAT,Qatar,2020,15,3,1080,11273,1,0.13306129690410715,144411363351.648,51683.5054376677,-3.5576039896784,2794148.0,5.72571544841687,11490.0,0.16716502608396172,0.03557673402946219,True
ROU,Romania,1988,68,24,738,8454,52,0.8043529690087533,40424528301.8868,1753.19285632198,,23057662.0,0.470502241971901,230340.0,0.20627198004359346,0.4506179007280388,False
ROU,Romania,1992,173,18,813,9386,24,1.8431706797357768,25121666666.6667,1102.10378473246,-8.7672284522824,22794284.0,-0.9034629284532,229460.0,0.09801116818096128,0.41619537990066074,True
ROU,Romania,1996,165,19,841,10339,18,1.5958990231163555,36937074278.3004,1633.01064354117,3.90770208816159,22619004.0,-0.288129485530899,229520.0,0.11519486899651746,0.3884872919703712,True
ROU,Romania,2000,145,26,925,10647,19,1.3618859772705927,37253739511.1273,1659.92904910528,2.4612634592269,22442971.0,-0.129440039806255,229710.0,0.10968012661450685,0.36424356415083925,True
ROU,Romania,2004,108,19,927,10557,26,1.0230179028132993,74973656851.8076,3494.99056448955,10.4281130180976,21451748.0,-0.569786272532879,230000.0,0.16937496724566736,0.3304155307657996,True
ROU,Romania,2008,101,8,957,10899,19,0.9266905220662446,214315932061.275,10435.1561230787,9.30746717077338,20537875.0,-1.66638264306554,229900.0,0.3328995869255839,0.3006973914354388,True
ROU,Romania,2012,105,9,962,10517,8,0.9983835694589712,179117323107.087,8929.95366231474,1.90361696799603,20058035.0,-0.445177936198383,230020.0,0.23550946867576278,0.27949675814459435,True
ROU,Romania,2016,95,4,973,11179,9,0.8498076751051078,185290759248.844,9404.54005870715,2.85993252302089,19702267.0,-0.573660845379617,230080.0,0.24037210881187476,0.2617121028286354,True
ROU,Romania,2020,102,4,1080,11273,4,0.9048168189479286,250624575871.819,13009.1525348396,-3.59802546034757,19265250.0,-0.550759892541776,230080.0,0.2901133455881632,0.24529648224113268,True
RUS,Russian Federation,1988,481,131,738,8454,0,5.689614383723681,554828660436.137,3778.01977539063,,146857000.0,0.648303809439665,16389950.0,2.831093179824558,2.870039167336983,False
RUS,Russian Federation,1992,475,112,813,9386,131,5.060728744939271,460290556900.726,3098.802734375,-14.5310737729264,148538197.0,0.0969789790408762,16389950.0,1.7958050229352616,2.7121234134914785,True
RUS,Russian Federation,1996,390,63,841,10339,112,3.7721249637295675,391724890744.498,2643.92919921875,-3.7550694383594,148160129.0,-0.145451546598357,16377960.0,1.2216640964034657,2.5446888507199903,True
RUS,Russian Federation,2000,435,89,925,10647,63,4.085657931811778,259710142196.943,1771.59411621094,10.0000668136515,146596869.0,-0.420614990249978,16381340.0,0.7646223346443948,2.3792289380008413,True
RUS,Russian Federation,2004,446,90,927,10557,89,4.224685043099365,591016690732.385,4102.36474609375,7.19994786954857,144067316.0,-0.402681471328549,16381230.0,1.3351814068814087,2.219030294507663,True
RUS,Russian Federation,2008,454,72,957,10899,90,4.1655197724561885,1660848058303.11,11635.2841796875,5.19996926404957,142742366.0,-0.0439492591634852,16376870.0,2.579815822545499,2.089907407826889,True
RUS,Russian Federation,2012,429,82,962,10517,72,4.07911001236094,2208293553878.42,15401.8515625,4.0240861571798,143378447.0,0.251575708072649,16376870.0,2.9035384882515656,1.9978931697101208,True
RUS,Russian Federation,2016,284,56,973,11179,82,2.5404776813668484,1276786350881.14,8663.158203125,0.193671130698817,145015460.0,0.258751057379474,16376870.0,1.656336392099017,1.9262910699191045,True
RUS,Russian Federation,2020,334,71,1080,11273,56,2.9628315443981195,1493075894362.14,10108.3271484375,-2.65365449695453,145245148.0,-0.143202031827637,16376870.0,1.7283270861353122,1.8493465626967045,True
RWA,Rwanda,1988,6,0,738,8454,0,0.07097232079488999,2395492686.81271,343.781325823561,4.4988249932594,6968071.0,3.18710379833714,24670.0,0.01222334657806613,0.13617761966256275,True
RWA,Rwanda,1992,10,0,813,9386,0,0.10654165778819519,2029026961.55894,264.083914517464,5.87272524167311,7683266.0,2.05526782083456,24670.0,0.007916166765994475,0.14028691630532594,True
RWA,Rwanda,1996,4,0,841,10339,0,0.038688461166457105,1382334879.40812,206.04911417485,12.7456957642204,6708764.0,16.7499598547072,24670.0,0.004311058427177146,0.11522477111849466,True
RWA,Rwanda,2000,5,0,925,10647,0,0.04696158542312388,2068836754.37431,251.86926386091,8.37089593573039,8213931.0,0.806991709703052,24670.0,0.006090939598070257,0.13330995718566258,True
RWA,Rwanda,2004,5,0,927,10557,0,0.04736193994506015,2376496067.01198,269.540446333402,7.44766737037035,8816844.0,2.6429108159401,24670.0,0.005368804996469994,0.13580348743325046,True
RWA,Rwanda,2008,4,0,957,10899,0,0.036700614735296816,5120655375.24365,522.288339420679,11.161247324054,9804269.0,2.62837643087324,24670.0,0.007953977302627703,0.14354543073377055,True
RWA,Rwanda,2012,7,0,962,10517,0,0.06655890463059808,7556673275.95438,697.760143509565,8.64150815708138,10829901.0,2.39380128171382,24670.0,0.00993576767062536,0.1509082131189272,True
RWA,Rwanda,2016,7,0,973,11179,0,0.06261740763932373,8596812240.52305,721.258515833094,5.65874584202778,11919183.0,2.36997866838859,24670.0,0.011152385017425825,0.15832667616012527,True
RWA,Rwanda,2020,5,0,1080,11273,0,0.044353765634702384,10487146253.4025,802.638686936204,-2.77710485515125,13065837.0,2.24244883430144,24670.0,0.012139516145467816,0.16636191347820736,True
SAU,Saudi Arabia,1988,9,0,738,8454,0,0.10645848119233499,88256074766.3551,9165.49615323397,6.60034126267189,9629165.0,5.32095708351149,2149690.0,0.45033933746808347,0.18818361194053004,True
SAU,Saudi Arabia,1992,9,0,813,9386,0,0.09588749200937567,137087850467.29,11730.2687665244,4.58058206179402,11686676.0,4.60467680578702,2149690.0,0.5348427135029263,0.213384222009164,True
SAU,Saudi Arabia,1996,29,0,841,10339,0,0.280491343456814,158662483311.081,11471.5045960191,3.30468254228352,13831009.0,3.99580388744035,2149690.0,0.49481731666060647,0.2375511862338338,True
SAU,Saudi Arabia,2000,18,2,925,10647,0,0.16906170752324598,189514933333.333,11714.5623675159,4.71813422138024,16177722.0,4.45983244526442,2149690.0,0.5579579971329114,0.2625602074307115,True
SAU,Saudi Arabia,2004,16,0,927,10557,2,0.1515582078241925,258742133333.333,13154.4978989446,8.63100545880309,19669480.0,4.59154568390222,2149690.0,0.5845311833332401,0.3029637339617863,True
SAU,Saudi Arabia,2008,14,0,957,10899,0,0.12845215157353887,519796800000.0,22320.4888964331,6.2379875365458,23287877.0,4.02875655811595,2149690.0,0.8074067958501868,0.34096048719594174,True
SAU,Saudi Arabia,2012,18,1,962,10517,0,0.17115146905010933,751921333333.333,28733.4375513452,5.76157382270968,26168861.0,4.20264227505544,2149690.0,0.9886514080686247,0.3646474748815878,True
SAU,Saudi Arabia,2016,10,0,973,11179,1,0.08945343948474818,689279466666.667,22267.7217050387,1.70404739202878,30954198.0,3.74506540506437,2149690.0,0.8941814456104603,0.41117543732170214,True
SAU,Saudi Arabia,2020,31,1,1080,11273,0,0.2749933469351548,767951200000.0,24338.8307301067,-3.80478901996312,31552510.0,4.833138517103,2149690.0,0.8889506988907234,0.40174509590470725,True
SDN,Sudan,1988,8,0,738,8454,0,0.09462976105985332,14372555555.5556,553.07861328125,-0.331091817526797,21138431.0,2.07221777730043,1868000.0,0.07333803552613448,0.41311020180209507,True
SDN,Sudan,1992,6,0,813,9386,0,0.06392499467291711,7031933491.84899,252.610092163086,6.57786138499603,22927355.0,2.01195688460037,1868000.0,0.02743480459524759,0.4186250914633824,True
SDN,Sudan,1996,4,0,841,10339,0,0.038688461166457105,9018300724.66086,294.826965332031,5.9191237633176,25231528.0,2.24195302329294,1868000.0,0.028125182918421112,0.4333580729281712,True
SDN,Sudan,2000,3,0,925,10647,0,0.02817695125387433,12257299147.2936,362.116882324219,6.34586743997545,27816745.0,2.49754561643296,1868000.0,0.0360871724575595,0.45145851419916894,True
SDN,Sudan,2004,4,0,927,10557,0,0.03788955195604812,26646007250.7319,705.113342285156,5.14088851762675,30556637.0,2.18560495236388,1868000.0,0.06019669834487631,0.47065569821036823,True
SDN,Sudan,2008,9,1,957,10899,0,0.08257638315441784,64833083257.1431,1527.58239746094,3.84674473121058,33623980.0,2.59050308685206,1868000.0,0.10070602977497803,0.49229256072876887,True
SDN,Sudan,2012,6,0,962,10517,1,0.05705048968336978,37632919966.6667,1019.22210693359,-17.0046884048945,36923178.0,2.14168968629865,1868000.0,0.049481026359289686,0.5145024700273884,True
SDN,Sudan,2016,6,0,973,11179,0,0.05367206369084891,42630376000.0,1033.21594238281,3.46764218409288,41259892.0,3.04008474256183,1868000.0,0.055303099950069774,0.5480695748262061,True
SDN,Sudan,2020,4,0,1080,11273,0,0.03548301250776191,27034593750.0,577.795227050781,-3.62980082410752,46789231.0,2.6882512565735,1868000.0,0.03129420334038059,0.5957479799674416,True
SEN,Senegal,1988,23,1,738,8454,0,0.2720605630470783,6418419388.63499,880.487755138196,-0.816575488243529,7289618.0,2.89611580449774,192530.0,0.03275090969910305,0.14246164074524664,True
SEN,Senegal,1992,20,0,813,9386,1,0.21308331557639038,7769817839.95644,951.204960087807,1.32023303661357,8168395.0,2.79707003044845,192530.0,0.03031363058637576,0.14914477068916304,True
SEN,Senegal,1996,11,0,841,10339,0,0.10639326820775703,6559712165.96508,723.469950081149,2.01997720854131,9067014.0,2.44401329997373,192530.0,0.020457635001620355,0.1557283298202451,True
SEN,Senegal,2000,26,0,925,10647,0,0.2442002442002442,6013185003.97525,603.233162455158,3.88721095816793,9968260.0,2.41009917724256,192530.0,0.01770364267446133,0.1617822591662327,True
SEN,Senegal,2004,15,0,927,10557,0,0.14208581983518045,10076816666.6196,918.102079522155,4.64329393683312,10975704.0,2.34632515714346,192530.0,0.022764802525543883,0.16905582998123556,True
SEN,Senegal,2008,15,0,957,10899,0,0.13762730525736305,16853989627.548,1398.79218010021,3.70316906391386,12048959.0,2.3395118470328,192530.0,0.026179510459608087,0.1764101953494484,True
SEN,Senegal,2012,31,0,962,10517,0,0.2947608633640772,17660870411.5235,1326.83798848379,4.00299555090457,13310495.0,2.67702425205872,192530.0,0.023221105222093568,0.18547381145759456,True
SEN,Senegal,2016,22,0,973,11179,0,0.196797566866446,19040312333.1864,1266.43957151587,6.35606857208136,15034521.0,2.97843134010735,192530.0,0.024700422441564993,0.19970880030867913,True
SEN,Senegal,2020,9,0,1080,11273,0,0.0798367781424643,24530513037.7518,1461.08720350553,1.34207377285524,16789219.0,2.63303572524896,192530.0,0.02839557605881398,0.2137702007643808,True
SGP,Singapore,1988,8,0,738,8454,0,0.09462976105985332,25371462488.1292,8914.44122574729,11.26359213382,2846108.0,2.53777386733667,670.0,0.12946154287677608,0.05562173702629855,True
SGP,Singapore,1992,14,0,813,9386,0,0.14915832090347325,52131320032.8797,16136.2405377661,6.63980556949564,3230698.0,3.00425639462047,670.0,0.20338824024035354,0.05898854210355126,True
SGP,Singapore,1996,14,0,841,10339,0,0.13540961408259986,96293086513.0872,26232.866096827,7.47139086002002,3670704.0,4.06431846839031,670.0,0.3003072036125489,0.06304529839531438,True
SGP,Singapore,2000,14,0,925,10647,0,0.13149243918474687,96076539925.7409,23852.8389514753,9.03831632555163,4027887.0,1.73204223254257,670.0,0.2828625314404072,0.06537155516873552,True
SGP,Singapore,2004,16,0,927,10557,0,0.1515582078241925,115033593101.049,27608.080013423,9.93998268434957,4166664.0,1.2519166730553,689.0,0.2598754266735737,0.06417800997302177,True
SGP,Singapore,2008,25,1,957,10899,0,0.2293788420956051,193617323539.203,40008.5720489092,1.86348345462035,4839396.0,5.32151708302623,700.0,0.30074818240488754,0.07085415376824995,True
SGP,Singapore,2012,23,2,962,10517,1,0.21869354378625083,295092888076.589,55547.5553077786,4.43549759378537,5312437.0,2.45339033031018,706.0,0.3879980343350948,0.0740256420605206,True
SGP,Singapore,2016,25,1,973,11179,2,0.22363359871187047,320759207438.623,57204.0340105222,3.91095306322606,5607283.0,1.29743609938602,709.0,0.41611123741632794,0.07448350106539817,True
SGP,Singapore,2020,23,0,1080,11273,1,0.20402732191963097,351226533656.292,61772.5036492256,-3.61084281729929,5685807.0,-0.311904961250833,718.0,0.4065662929659163,0.07239503540322642,True
SLB,Solomon Islands,1988,4,0,738,8454,0,0.04731488052992666,176494394.043362,567.022935580171,1.25019632877232,311265.0,3.21599043746711,27990.0,0.0009005880749935494,0.006083079059364865,True
SLB,Solomon Islands,1992,1,0,813,9386,0,0.010654165778819518,269034595.812985,763.857968549522,12.6999978113729,352205.0,3.01690308400192,27990.0,0.0010496276129525661,0.006430826858957808,True
SLB,Solomon Islands,1996,4,0,841,10339,0,0.038688461166457105,510586430.190127,1289.33036923435,1.60990760846707,396009.0,2.88873510615365,27990.0,0.001592355054815607,0.006801557840738466,True
SLB,Solomon Islands,2000,2,0,925,10647,0,0.018784634169249553,419842674.227652,953.17190137706,-14.2769995149354,440469.0,2.28927444576947,27990.0,0.0012360745061232809,0.007148696955405593,True
SLB,Solomon Islands,2004,2,0,927,10557,0,0.01894477597802406,468000121.313434,986.070953503889,7.68364102152745,474611.0,1.79794695108568,27990.0,0.0010572714276844042,0.00731030615650934,True
SLB,Solomon Islands,2008,3,0,957,10899,0,0.027525461051472612,776335523.470373,1525.84666261203,6.22590636247851,508790.0,1.71153079844048,27990.0,0.0012058915666850803,0.007449252943083785,True
SLB,Solomon Islands,2012,4,0,962,10517,0,0.03803365978891319,1185217634.37393,2066.25738638356,2.46591837712438,573606.0,3.668421041016,27990.0,0.0015583639287064838,0.007992857598079184,True
SLB,Solomon Islands,2016,3,0,973,11179,0,0.026836031845424456,1379486290.71433,2082.62383124213,5.55494348257992,662379.0,3.52842038261052,27990.0,0.0017895659239582026,0.008798611903875259,True
SLB,Solomon Islands,2020,3,0,1080,11273,0,0.026612259380821433,1536143427.82958,2063.32780991967,-3.38125925839405,744498.0,2.22072148638778,27990.0,0.0017781804023035536,0.009479385963616293,True
SLE,Sierra Leone,1988,12,0,738,8454,0,0.14194464158977999,1055083933.07498,268.160979625957,-7.08000000523833,3934517.0,2.69969584969167,72180.0,0.005383717785456519,0.07689260909969022,True
SLE,Sierra Leone,1992,11,0,813,9386,0,0.1171958235670147,679940813.948366,163.197571684381,-19.012909778472,4166366.0,-1.89960509806835,72180.0,0.0026527616321499205,0.07607268033403446,True
SLE,Sierra Leone,1996,14,0,841,10339,0,0.13540961408259986,941709422.502965,224.258711163044,1.75382062624389,4199210.0,0.478159659694952,72180.0,0.0029368891737520334,0.07212252676178413,True
SLE,Sierra Leone,2000,3,0,925,10647,0,0.02817695125387433,635866403.776065,143.743743239644,6.65273028404766,4423611.0,2.41540405213567,72180.0,0.0018720780407894026,0.07179405244772888,True
SLE,Sierra Leone,2004,2,0,927,10557,0,0.01894477597802406,2237350687.46606,417.749983329227,6.47884588417347,5355717.0,3.38061570413438,72180.0,0.00505445799656895,0.08249267496459571,True
SLE,Sierra Leone,2008,3,0,957,10899,0,0.027525461051472612,4157895298.19572,705.359014080005,3.68605969932123,5894722.0,2.49702214618885,72180.0,0.0064585101720456214,0.08630530318434076,True
SLE,Sierra Leone,2012,2,0,962,10517,0,0.019016829894456595,6141666509.36295,937.504428180231,10.578331663387,6551080.0,2.53259491687101,72180.0,0.008075269277774091,0.0912853937260499,True
SLE,Sierra Leone,2016,4,0,973,11179,0,0.03578137579389928,6084297211.10217,844.416411175476,6.43743652764257,7205328.0,2.35457342669593,72180.0,0.007892975112194977,0.09571089166795099,True
SLE,Sierra Leone,2020,3,0,1080,11273,0,0.026612259380821433,6688307705.64217,845.277558236182,-1.2533490322766,7912558.0,2.30847202655897,72180.0,0.007742127116054794,0.10074733745624542,True
SLV,El Salvador,1988,6,0,738,8454,0,0.07097232079488999,4189880000.0,806.392353256927,1.878176962178,5195833.0,2.0099674797558,20720.0,0.021379466379690883,0.10154261776382481,True
SLV,El Salvador,1992,4,0,813,9386,0,0.04261666311527807,5813399300.0,1040.78164082019,7.02196331575217,5585609.0,1.63408681572402,20720.0,0.022680742645606655,0.10198629883402127,True
SLV,El Salvador,1996,8,0,841,10339,0,0.07737692233291421,9586327800.0,1651.31016800895,0.811461899328009,5805286.0,0.746151024345767,20720.0,0.029896676893205354,0.09970730087202373,True
SLV,El Salvador,2000,8,0,925,10647,0,0.07513853667699821,11784927700.0,1982.87093542615,1.12790697674419,5943366.0,0.497012728838862,20720.0,0.034696446027726466,0.09645927960664909,True
SLV,El Salvador,2004,7,0,927,10557,0,0.06630671592308421,13724810900.0,2285.68907438892,0.889404485692197,6004671.0,0.101172439142576,20720.0,0.031006082592921196,0.09248833966998889,True
SLV,El Salvador,2008,11,0,957,10899,0,0.10092669052206625,17986890000.0,2983.24829577976,2.15440298282768,6029297.0,0.32349566022278,20720.0,0.027939258614538925,0.0882756312466366,True
SLV,El Salvador,2012,10,0,962,10517,0,0.09508414947228297,21386150000.0,3497.91256915509,2.82262371802327,6113975.0,0.390819912101065,20720.0,0.02811922786780908,0.08519459617440574,True
SLV,El Salvador,2016,8,0,973,11179,0,0.07156275158779855,24191430000.0,3901.34014965811,2.53906241135864,6200800.0,0.276539934558171,20720.0,0.031382811899785173,0.08236739494088688,True
SLV,El Salvador,2020,5,0,1080,11273,0,0.044353765634702384,24921190000.0,3997.19279583709,-7.893101359867,6234673.0,0.198362574897496,20720.0,0.02884780864681051,0.0793835197998349,True
SMR,San Marino,1988,11,0,738,8454,0,0.13011592145729833,,,,22843.0,0.689673053688166,60.0,,0.00044642274252830103,False
SMR,San Marino,1992,17,0,813,9386,0,0.1811208182399318,,,,24125.0,1.36891249128106,60.0,,0.00044049260508044214,False
SMR,San Marino,1996,7,0,841,10339,0,0.06770480704129993,,,,25482.0,1.27963831425084,60.0,,0.00043765999484278787,False
SMR,San Marino,2000,4,0,925,10647,0,0.03756926833849911,1007661290.98039,37600.7049136309,2.17937971500419,26799.0,1.27682083101072,60.0,0.002966693261659151,0.00043494077837013384,True
SMR,San Marino,2004,5,0,927,10557,0,0.04736193994506015,1715341294.5946,58232.0431338765,4.5488441461596,29457.0,5.63499845738975,60.0,0.003875172797845144,0.0004537182839257742,True
SMR,San Marino,2008,4,0,957,10899,0,0.036700614735296816,2403214435.9375,75902.1677701187,-0.500939261114581,31662.0,1.43466268697041,60.0,0.0037329426950323875,0.0004635669857582083,True
SMR,San Marino,2012,4,0,962,10517,0,0.03803365978891319,1604701051.17188,47945.8917557105,-7.04453441295546,33469.0,2.56940400817854,60.0,0.0021099148054986453,0.00046637055914706645,True
SMR,San Marino,2016,4,0,973,11179,0,0.03578137579389928,1468342400.08249,44359.4574206971,2.34441211810459,33101.0,0.618202520367254,60.0,0.0019048362724430879,0.00043969215906629734,True
SMR,San Marino,2020,5,3,1080,11273,0,0.044353765634702384,1544713784.67674,44426.6259613672,-6.64791226034481,34770.0,0.308211037123611,60.0,0.0017881011169388397,0.00044271206901151986,True
SOM,"Somalia, Fed. Rep.",1988,5,0,738,8454,0,0.05914360066240833,1051596967.1287,145.341346820158,3.41524772059694,7235360.0,0.09759631496132,627340.0,0.00536592503931209,0.1414012719161042,True
SOM,"Somalia, Fed. Rep.",1996,4,0,841,10339,0,0.038688461166457105,1792234297.39194,237.241440951671,8.04601505009022,7554474.0,3.63215700093217,627340.0,0.0055894030356491405,0.1297500609010272,True
SOM,"Somalia, Fed. Rep.",2000,2,0,925,10647,0,0.018784634169249553,3412797450.20112,386.119274401275,7.11031431133236,8838713.0,4.00097862828906,627340.0,0.010047744504573044,0.14345000604538305,True
SOM,"Somalia, Fed. Rep.",2004,2,0,927,10557,0,0.01894477597802406,3859592813.10255,375.410326225387,7.11031431125608,10280998.0,3.68380578936556,627340.0,0.008719308004316674,0.1583554594698821,True
SOM,"Somalia, Fed. Rep.",2008,2,0,957,10899,0,0.018350307367648408,5913620292.90573,507.03744334738,6.69435192582009,11663084.0,2.96295013077131,627340.0,0.009185699512905156,0.17076055506679258,True
SOM,"Somalia, Fed. Rep.",2012,2,0,962,10517,0,0.019016829894456595,4364670159.99578,350.261946720512,6.69435192556698,12461160.0,0.905528519522503,627340.0,0.005738814830941897,0.17363883464761595,True
SOM,"Somalia, Fed. Rep.",2016,2,0,973,11179,0,0.01789068789694964,6613743069.99912,460.928490585175,7.03487260042162,14348740.0,3.8489103342184,627340.0,0.008579809243161323,0.19059933145466731,True
SOM,"Somalia, Fed. Rep.",2020,2,0,1080,11273,0,0.017741506253880955,8628000000.0,518.16113333875,-2.76455696202532,16651191.0,3.79592066888979,627340.0,0.009987440126441838,0.21201274717043422,True
SRB,Serbia,1988,155,12,738,8454,18,1.833451620534658,,,,7884218.0,0.205570770411982,87460.0,,0.1540819604365012,False
SRB,Serbia,1996,68,4,841,10339,0,0.6577038398297708,23277430167.5978,3053.90516860949,6.16496253825672,7622185.0,-0.079722247154375,87460.0,0.07259482704365924,0.13091301498276334,True
SRB,Serbia,2000,109,3,925,10647,4,1.0237625622241007,7326373882.11044,974.725469278615,6.0550897288645,7516346.0,-0.319524801286905,87460.0,0.021569851122598717,0.12198833462962207,True
SRB,Serbia,2004,85,2,927,10557,3,0.8051529790660226,26845632341.8075,3597.08798057009,6.68686836863701,7463157.0,-0.233328451597809,87460.0,0.060647676657554515,0.1149530090202203,True
SRB,Serbia,2008,87,3,957,10899,2,0.7982383704927057,54220641201.6474,7376.73517910716,5.16089327231823,7350222.0,-0.425705551624613,87460.0,0.08422159232524085,0.10761544618765932,True
SRB,Serbia,2012,116,4,962,10517,3,1.1029761338784825,45103269969.4112,6263.04086072815,-0.443956070983248,7201497.0,-0.485136859373739,87460.0,0.0593032932927705,0.10034856681065826,True
SRB,Serbia,2016,103,8,973,11179,4,0.9213704266929064,42225495909.5633,5982.37030126471,2.97519807160826,7058322.0,-0.523694463062603,87460.0,0.05477786123040157,0.09375815955908118,True
SRB,Serbia,2020,87,8,1080,11273,8,0.7717555220438215,55874017668.998,8098.70955668849,-0.950023991851594,6899126.0,-0.666107601320794,84090.0,0.06467760849476946,0.08784372579324622,True
SSD,South Sudan,2016,3,0,973,11179,0,0.026836031845424456,,,,10830102.0,-2.52965683465808,631930.0,,0.1438600323642254,False
SSD,South Sudan,2020,2,0,1080,11273,0,0.017741506253880955,,,,10698467.0,2.60487164966918,631930.0,,0.13621916769690734,False
STP,Sao Tome and Principe,1996,2,0,841,10339,0,0.019344230583228553,135188165.74708,987.048712395264,1.50000107570656,136962.0,1.5206817055962,960.0,0.0004216084610757356,0.002352358065052112,True
STP,Sao Tome and Principe,2000,2,0,925,10647,0,0.018784634169249553,76198394.8202671,529.089383412262,0.448368261692949,144018.0,1.10033924534294,960.0,0.0002243385416170851,0.0023373745669357042,True
STP,Sao Tome and Principe,2004,2,0,927,10557,0,0.01894477597802406,114582283.916382,726.560882130444,3.5379059435684,157705.0,2.49821189998236,960.0,0.0002588558621814517,0.0024290878896871446,True
STP,Sao Tome and Principe,2008,3,0,957,10899,0,0.027525461051472612,188021165.00338,1081.8684584729,6.2287850696102,173793.0,2.38327636004872,960.0,0.00029205560016413784,0.0025445233136212587,True
STP,Sao Tome and Principe,2012,2,0,962,10517,0,0.019016829894456595,229371348.441006,1210.7926479817,2.94294277416023,189439.0,2.02092788368455,960.0,0.00030158514801211455,0.002639719512213126,True
STP,Sao Tome and Principe,2016,3,0,973,11179,0,0.026836031845424456,292267272.196925,1434.87018050521,5.17682468684113,203689.0,1.6823011731644,960.0,0.00037914950988095415,0.0027056722210221755,True
STP,Sao Tome and Principe,2020,3,0,1080,11273,0,0.026612259380821433,471229484.607144,2167.22001796925,2.62485949543812,217435.0,1.87691054092554,960.0,0.0005454770819805165,0.002768510173296515,True
SUR,Suriname,1988,6,1,738,8454,0,0.07097232079488999,1161000000.0,2886.42980207694,7.79999999163023,402227.0,1.33045316714963,160507.61,0.005924169777373364,0.007860757363697016,True
SUR,Suriname,1992,6,1,813,9386,1,0.06392499467291711,404600000.0,968.895253466926,0.400000008536168,417589.0,0.618785018405407,160507.61,0.001578530563763692,0.007624657677220177,True
SUR,Suriname,1996,7,0,841,10339,1,0.06770480704129993,861372806.2082,1962.88495820295,1.00000122281456,438830.0,2.12435847636189,160507.61,0.0026863450748888583,0.007537019682005361,True
SUR,Suriname,2000,4,0,925,10647,0,0.03756926833849911,947671969.69697,1988.22172925433,2.09999886750489,476643.0,2.06184130338408,160507.61,0.0027900764591521545,0.007735791537918419,True
SUR,Suriname,2004,4,0,927,10557,0,0.03788955195604812,1484092538.40527,2887.7721728844,8.50000018479413,513923.0,1.47189322083765,160507.61,0.0033527526285503776,0.007915818366771419,True
SUR,Suriname,2008,4,0,957,10899,0,0.036700614735296816,3532969034.60838,6576.08546307249,4.14340681165626,537245.0,1.16620762103283,160507.61,0.005487804480656826,0.007865865872770786,True
SUR,Suriname,2012,5,0,962,10517,0,0.047542074736141485,4980000000.0,8851.24050668908,2.69034974668847,562633.0,1.1375560373964,160507.61,0.006547871158749435,0.007839955385717872,True
SUR,Suriname,2016,6,0,973,11179,0,0.05367206369084891,3317421648.09918,5644.2061057532,-4.91166050905851,587757.0,1.04842483742266,160507.61,0.00430359096484052,0.007807381781104188,True
SUR,Suriname,2020,2,0,1080,11273,0,0.017741506253880955,2911807496.20227,4755.39221710693,-15.9751917148622,612317.0,1.07530477821816,160507.61,0.003370596085772449,0.007796379809057429,True
SVK,Slovak Republic,1996,71,3,841,10339,0,0.6867201857046136,21864845213.7406,4069.11897669644,6.11957878556568,5373361.0,0.211674396431709,48100.0,0.06818942835181896,0.09228887636560856,True
SVK,Slovak Republic,2000,108,5,925,10647,3,1.0143702451394758,20626538612.3376,3827.72506501314,0.78922447792516,5388720.0,-0.135376487794425,48100.0,0.060727363113291515,0.08745751972904614,True
SVK,Slovak Republic,2004,64,6,927,10557,5,0.60623283129677,42960730480.0495,7996.74076556872,5.38949856996771,5372280.0,-0.0203617202597358,48100.0,0.09705372024591187,0.08274779041887356,True
SVK,Slovak Republic,2008,57,6,957,10899,6,0.5229837599779796,96685492864.2317,17973.8436435514,5.36337721231949,5379233.0,0.0857552995195914,48100.0,0.1501827714189572,0.07875796941131591,True
SVK,Slovak Republic,2012,47,4,962,10517,6,0.44689550251973,94724394278.052,17516.9691054078,1.56917104702706,5407579.0,0.170183855326072,48088.0,0.1245468131171218,0.07535138910221204,True
SVK,Slovak Republic,2016,51,4,973,11179,4,0.4562125413722158,90347173228.6356,16636.0769133073,1.94781841524558,5430798.0,0.128922329956911,48080.0,0.11720466062202929,0.0721391890901462,True
SVK,Slovak Republic,2020,41,4,1080,11273,4,0.36370087820455954,107732602896.441,19735.4858280801,-2.58551241733207,5458827.0,0.0857694756149868,48080.0,0.12470710721997438,0.06950499268179315,True
SVN,Slovenia,1992,35,2,813,9386,0,0.37289580225868313,14277261540.7456,7151.15243829224,-5.46369702570964,1996498.0,-0.14669940294923,20140.0,0.05570215943874155,0.036453579484264975,True
SVN,Slovenia,1996,37,2,841,10339,2,0.3578682657897282,21470699362.6062,10796.7399446283,2.91361775262531,1988628.0,-0.0625361337459717,20140.0,0.06696021405766947,0.03415520446684811,True
SVN,Slovenia,2000,74,2,925,10647,2,0.6950314642622335,20159190701.6789,10135.7219109212,3.49791942086068,1988925.0,0.29607496005045,20140.0,0.059351426665387785,0.032279733856480405,True
SVN,Slovenia,2004,79,4,927,10557,2,0.7483186511319504,34156553313.4031,17103.8297783905,4.54602214352336,1997012.0,0.0640662022616923,20140.0,0.07716397120814923,0.030759441138580923,True
SVN,Slovenia,2008,61,5,957,10899,4,0.5596843747132765,55509332322.3578,27461.9764165315,3.37223866114127,2021316.0,0.158140843634363,20146.2,0.08622333217553113,0.029594320175125973,True
SVN,Slovenia,2012,65,4,962,10517,5,0.6180469715698393,46167053954.3367,22442.1417859955,-2.91553782040462,2057159.0,0.210024305900448,20145.7,0.06070199218313862,0.028665284086301354,True
SVN,Slovenia,2016,63,4,973,11179,4,0.5635566687539136,44290685824.0682,21447.8377796036,3.03441486663654,2065042.0,0.0731972072415279,20142.0,0.05745696976694698,0.02743067507152608,True
SVN,Slovenia,2020,53,5,1080,11273,4,0.4701499157278453,53384760135.1581,25392.0651093612,-4.08500094942896,2102419.0,0.669754656164979,20136.4,0.06179613995298454,0.02676923397811707,True
SWE,Sweden,1988,185,11,738,8454,19,2.188313224509108,206686590775.558,24499.1240758517,2.55903868133913,8436489.0,0.459598369773659,407339.7,1.0546481089241146,0.16487504078666743,True
SWE,Sweden,1992,187,12,813,9386,11,1.99232900063925,283908914454.48,32753.4287003642,-1.15859275987265,8668067.0,0.586529928761034,407339.7,1.1076591665629465,0.158268162231785,True
SWE,Sweden,1996,177,8,841,10339,12,1.711964406615727,291949597375.485,33022.2444768661,1.70471985374236,8840998.0,0.159147080582875,407339.7,0.9104970082325234,0.15184644608292514,True
SWE,Sweden,2000,150,12,925,10647,8,1.4088475626937165,262903560280.282,29632.5890811623,4.63112136551369,8872109.0,0.160575484575313,407339.7,0.7740241961570911,0.14399201441265233,True
SWE,Sweden,2004,115,7,927,10557,12,1.0893246187363834,384545442175.019,42758.0048564929,4.17958419343711,8993531.0,0.393298991357658,407339.7,0.8687367591206696,0.13852494998653128,True
SWE,Sweden,2008,123,5,957,10899,7,1.128543903110377,514614100832.941,55817.1759726485,-0.923113250067971,9219637.0,0.779033290770134,407339.7,0.7993564451586656,0.13498576634056125,True
SWE,Sweden,2012,133,8,962,10517,5,1.2646191879813635,549739674655.127,57749.5615420853,-0.414397702454409,9519374.0,0.739763272434863,407339.7,0.7228161768061454,0.1326468007741506,True
SWE,Sweden,2016,150,11,973,11179,8,1.3418015922712228,513058312950.939,51703.5088332851,2.13117914731151,9923085.0,1.25645398510305,407310.64,0.6655750622828183,0.13181180835166276,True
SWE,Sweden,2020,133,9,1080,11273,11,1.1798101658830835,544265668451.678,52568.5726980146,-1.93379704032216,10353442.0,0.722703912882934,407280.0,0.6300209523109618,0.13182610667848055,True
SWZ,Eswatini,1988,11,0,738,8454,0,0.13011592145729833,692026454.737872,865.25154443731,6.56982157105428,799798.0,4.60388194208911,17200.0,0.003531164692765666,0.0156305221130609,True
SWZ,Eswatini,1992,6,0,813,9386,0,0.06392499467291711,1284759927.54594,1361.8169795148,3.22620638317446,943416.0,3.80548239176343,17200.0,0.005012438983514811,0.017225607109412244,True
SWZ,Eswatini,1996,6,0,841,10339,0,0.05803269174968566,1602741833.70552,1619.19119707662,3.84205383650107,989841.0,1.98019605226475,17200.0,0.004998436914030563,0.01700077729201711,True
SWZ,Eswatini,2000,6,0,925,10647,0,0.05635390250774866,1697161557.89452,1629.67038842815,1.76017328388222,1041414.0,1.02616676195214,17200.0,0.004996676763135286,0.016901877523995468,True
SWZ,Eswatini,2004,3,0,927,10557,0,0.02841716396703609,2710331785.24986,2525.5640452625,3.61711931922247,1073159.0,0.603686468671865,17200.0,0.0061229820796785414,0.01652958074004481,True
SWZ,Eswatini,2008,4,0,957,10899,0,0.036700614735296816,3235921170.5095,2946.8606613746,1.44055358727118,1098091.0,0.6748941459051,17200.0,0.005026396360856515,0.01607727670261565,True
SWZ,Eswatini,2012,3,0,962,10517,0,0.02852524484168489,4747813067.26006,4224.54789174487,4.09048190124592,1123863.0,0.537986822820009,17200.0,0.006242583985993141,0.015660360802972888,True
SWZ,Eswatini,2016,2,0,973,11179,0,0.01789068789694964,3722306116.72872,3238.17611961364,2.94916821059911,1149507.0,0.584038792817515,17200.0,0.004828835364206135,0.015269303486052453,True
SWZ,Eswatini,2020,4,0,1080,11273,0,0.03548301250776191,4134677809.50096,3466.56936278145,-2.95183453409287,1192729.0,1.0836305772053,17200.0,0.004786143609703122,0.015186526412425684,True
SYC,Seychelles,1992,11,0,813,9386,0,0.1171958235670147,461409398.855893,6520.48950519188,7.17304395387974,70763.0,0.458917817927268,460.0,0.0018001701396486878,0.0012920446927795783,True
SYC,Seychelles,1996,9,0,841,10339,0,0.08704903762452848,535250347.089479,7004.33603896356,9.99794595219808,76417.0,1.46719302641952,460.0,0.0016692738885801686,0.0013124819019661455,True
SYC,Seychelles,2000,9,0,925,10647,0,0.08453085376162299,654212394.27164,8063.65500575169,4.25319834931828,81131.0,0.892658566766174,460.0,0.0019260911569712609,0.00131673496361608,True
SYC,Seychelles,2004,9,0,927,10557,0,0.08525149190110827,893012218.181818,10827.671636033,-2.8504539768538,82475.0,-0.370334934558794,460.0,0.0020174274746060953,0.001270340342423812,True
SYC,Seychelles,2008,9,0,957,10899,0,0.08257638315441784,979597394.293453,11265.4376270005,-2.72594626154864,86956.0,2.23628271543202,460.0,0.001521620743624564,0.0012731328031580684,True
SYC,Seychelles,2012,6,0,962,10517,0,0.05705048968336978,1089407839.19709,12337.1554669388,3.1106784939243,88303.0,0.980980190128322,460.0,0.0014323899940550536,0.0012304496544373422,True
SYC,Seychelles,2016,10,0,973,11179,0,0.08945343948474818,1568513348.14463,16566.9946042294,12.1175272453913,94677.0,1.33763477950025,460.0,0.0020347850196174916,0.0012576277013963274,True
SYC,Seychelles,2020,5,0,1080,11273,0,0.044353765634702384,1382551751.56908,14041.4754074575,-11.7398608281732,98462.0,0.853707878128979,460.0,0.0016003885999656328,0.0012536760350593118,True
SYR,Syrian Arab Republic,1988,13,0,738,8454,1,0.15377336172226166,10577041644.9944,897.70876335774,18.0111401002195,11782264.0,3.39541335503712,183780.0,0.05397087893823883,0.2302618136003358,True
SYR,Syrian Arab Republic,1992,8,0,813,9386,0,0.08523332623055614,13253565861.1424,990.138251191708,12.972790068566,13385571.0,3.07043753248059,183780.0,0.05170825207777641,0.24440393949343914,True
SYR,Syrian Arab Republic,1996,7,1,841,10339,0,0.06770480704129993,13789560878.2435,918.195857362788,9.82556940470964,15018104.0,2.70847861472762,183780.0,0.043005210616314515,0.25793985241301515,True
SYR,Syrian Arab Republic,2000,8,0,925,10647,1,0.07513853667699821,18937031609.7969,1138.18722723683,0.675642589410501,16637888.0,2.49405999884142,183780.0,0.05575322241261337,0.2700285815573383,True
SYR,Syrian Arab Republic,2004,6,1,927,10557,0,0.05683432793407218,25086910447.9968,1368.11263904001,6.9025333036284,18336875.0,2.47115145720736,183570.0,0.05667450160291874,0.28243797595007747,True
SYR,Syrian Arab Republic,2008,7,0,957,10899,1,0.06422607578676943,52557913397.4638,2429.1247629459,4.47662154277957,21636564.0,3.53953603606328,183640.0,0.08163885667017928,0.31678342352487404,True
SYR,Syrian Arab Republic,2012,10,0,962,10517,0,0.09508414947228297,43190318032.5627,1897.66115018696,-26.338904668983,22759763.0,-0.518583748688814,183630.0,0.05678807987603071,0.3171437269223674,True
SYR,Syrian Arab Republic,2016,7,0,973,11179,0,0.06261740763932373,12597854088.3602,656.349017520952,-6.40568496867387,19193834.0,-1.19521490586433,183630.0,0.016342815831720068,0.25495840948068355,True
SYR,Syrian Arab Republic,2020,6,1,1080,11273,0,0.053224518761642865,12501503673.2425,593.911771822527,0.954914586675713,21049429.0,3.36188761247899,183630.0,0.014471258626217221,0.26801369755827115,True
TCD,Chad,1988,6,0,738,8454,0,0.07097232079488999,1482597297.98821,263.544647841815,15.4823590700135,5625602.0,3.38597976291247,1259200.0,0.007565166326233562,0.1099416308371359,True
TCD,Chad,1992,6,0,813,9386,0,0.06392499467291711,1881847669.69794,290.648286132566,8.00144334899822,6474656.0,4.2431121638925,1259200.0,0.007341952701348689,0.1182191953757395,True
TCD,Chad,1996,4,0,841,10339,0,0.038688461166457105,1607345355.78298,216.912541056484,2.21447303497622,7410108.0,4.429169919678,1259200.0,0.005012793820553263,0.12727053720526257,True
TCD,Chad,2000,2,0,925,10647,0,0.018784634169249553,1388506771.58756,163.121663683369,-0.879681024156014,8512093.0,3.45886279310456,1259200.0,0.004087954672774148,0.13814904865774721,True
TCD,Chad,2004,1,0,927,10557,0,0.00947238798901203,4422855660.82592,445.850767157087,33.6293718498522,9920036.0,4.4546309402426,1259200.0,0.00999178997184854,0.1527956584309978,True
TCD,Chad,2008,2,0,957,10899,0,0.018350307367648408,13385593990.3378,1166.36883453841,3.08119033854541,11476296.0,3.49922011538019,1259200.0,0.020792008635470934,0.16802577046266765,True
TCD,Chad,2012,2,0,962,10517,0,0.019016829894456595,17892228569.8861,1354.34344701937,9.06180392253447,13210998.0,3.51265481153462,1259200.0,0.023525302694479888,0.1840873800875669,True
TCD,Chad,2016,2,0,973,11179,0,0.01789068789694964,13026289835.7789,861.831767630746,-4.12250332637034,15114655.0,3.13868697646131,1259200.0,0.016898612594143166,0.20077324825510426,True
TCD,Chad,2020,3,0,1080,11273,0,0.026612259380821433,14932897821.2387,866.947814890409,-0.393646582380399,17224679.0,3.18197036099619,1259200.0,0.017285746743613273,0.2193147333376266,True
TGO,Togo,1988,6,0,738,8454,0,0.07097232079488999,1947208354.22555,556.09976573928,6.64236977029414,3501545.0,3.0130879101746,54390.0,0.009935911182043008,0.06843099951785055,True
TGO,Togo,1992,6,0,813,9386,0,0.06392499467291711,2390796915.91958,607.946006940374,-3.98068681380465,3932581.0,2.83557163245535,54390.0,0.009327597636013424,0.07180405593284353,True
TGO,Togo,1996,5,0,841,10339,0,0.04836057645807138,2069506014.46659,482.27462715388,8.83621162979911,4291136.0,4.30189881851522,54390.0,0.0064541244503503,0.07370137978297235,True
TGO,Togo,2000,3,0,925,10647,0,0.02817695125387433,2106848752.27753,440.420399069497,-0.783479610048047,4783722.0,2.49694541999729,54390.0,0.006202852141551972,0.0776385600278493,True
TGO,Togo,2004,3,0,927,10557,0,0.02841716396703609,3191561508.69088,604.311329116751,-0.978665332738743,5281320.0,2.43812237847062,54390.0,0.0072101408507462645,0.08134675789329769,True
TGO,Togo,2008,4,1,957,10899,0,0.036700614735296816,4578847112.70688,771.351190404751,4.03561315398862,5936138.0,3.21297180409526,54390.0,0.007112379829884564,0.08691167960661864,True
TGO,Togo,2012,6,0,962,10517,1,0.05705048968336978,5413541649.14901,813.611525037432,6.30271426865185,6653718.0,2.32840848204104,54390.0,0.0071179062713155935,0.09271559305825991,True
TGO,Togo,2016,5,0,973,11179,0,0.04472671974237409,6071167584.1951,843.114204338675,4.21490387414525,7200884.0,1.81308919594096,54390.0,0.007875942443537566,0.09565186046179738,True
TGO,Togo,2020,4,0,1080,11273,0,0.03548301250776191,7486031561.86885,961.219781201934,2.15900131150536,7788054.0,2.18244940997049,54390.0,0.008665541493836233,0.09916207937628539,True
THA,Thailand,1988,14,1,738,8454,1,0.16560208185474332,61667253471.3736,1164.20096229495,13.2881140717644,52969595.0,1.70502694404775,510890.0,0.3146660458817693,1.0351894177872163,True
THA,Thailand,1992,46,1,813,9386,1,0.4900916258256979,111452746517.655,1971.60879910694,8.08338802345332,56528834.0,1.58945961673195,510890.0,0.4348283904931434,1.0321464601376111,True
THA,Thailand,1996,37,2,841,10339,1,0.3578682657897282,183035237429.281,3054.65690806473,5.65194446499471,59920064.0,1.38103987322343,510890.0,0.5708281072439794,1.0291427243238176,True
THA,Thailand,2000,52,3,925,10647,2,0.4884004884004884,126392224253.794,2005.97694514234,4.45524704335014,63007815.0,1.13127017975852,510890.0,0.37211607052507106,1.022600399250024,True
THA,Thailand,2004,42,8,927,10557,3,0.39784029553850525,172895685154.658,2641.56268717857,6.28934214285795,65452047.0,0.896077275303913,510890.0,0.3905932061960158,1.0081403552387929,True
THA,Thailand,2008,47,4,957,10899,8,0.4312322231397376,291382982430.951,4309.13509292986,1.72569884866334,67619830.0,0.768156179389423,510890.0,0.45260878906881574,0.9900297129234561,True
THA,Thailand,2012,37,3,962,10517,4,0.351811353047447,397558325278.579,5725.52802835463,7.24279620249642,69436098.0,0.619591346751357,510890.0,0.522723030524565,0.9675506244360603,True
THA,Thailand,2016,54,6,973,11179,3,0.4830485732176402,413366349747.508,5833.57715617098,3.43515771692182,70859841.0,0.451266062797186,510890.0,0.5362476877070456,0.941256049073579,True
THA,Thailand,2020,41,2,1080,11273,6,0.36370087820455954,500274927778.532,6983.03412836245,-6.09306312966953,71641484.0,0.166540794566251,510890.0,0.5790989670778979,0.9121814670318003,True
TJK,Tajikistan,1996,8,0,841,10339,0,0.07737692233291421,1043654822.33503,172.035088688368,-16.6999984353389,6066523.0,1.96324157737844,139960.0,0.0032548241268555438,0.10419411446878793,True
TJK,Tajikistan,2000,4,0,925,10647,0,0.03756926833849911,860541842.263697,136.925716400723,8.32432449473859,6284735.0,1.22252956506886,139960.0,0.002533553395045662,0.10199960941639699,True
TJK,Tajikistan,2004,9,0,927,10557,0,0.08525149190110827,2076176869.41089,305.745158587502,10.2999989410117,6790547.0,1.96260002776105,139960.0,0.004690345969755155,0.10459297728069099,True
TJK,Tajikistan,2008,15,2,957,10899,0,0.13762730525736305,5161299725.27673,703.327375898643,7.89999827154939,7338403.0,1.98075956919701,139960.0,0.008017110674032879,0.10744240284849324,True
TJK,Tajikistan,2012,16,1,962,10517,2,0.15213463915565276,7633036903.07634,952.452819695469,7.49999946321525,8014084.0,2.39042338057157,139960.0,0.010036173130787886,0.1116714821515898,True
TJK,Tajikistan,2016,7,1,973,11179,1,0.06261740763932373,6992416096.89018,788.710481734485,6.89999999999999,8865631.0,2.53351872618566,138790.0,0.009071050330374622,0.11776527705734258,True
TJK,Tajikistan,2020,10,0,1080,11273,1,0.08870753126940477,8133963550.65742,834.311715460625,4.40000111553493,9749310.0,2.27553632959872,138790.0,0.009415562581461666,0.12413394309849585,True
TKM,Turkmenistan,1996,7,0,841,10339,0,0.06770480704129993,2378759975.44506,557.894220051334,6.69999198681985,4263819.0,1.7177432660259,469930.0,0.00741858820980126,0.0732322031846237,True
TKM,Turkmenistan,2000,8,0,925,10647,0,0.07513853667699821,2904663310.9825,633.835487638011,5.46906425232281,4582677.0,1.99474439724003,469930.0,0.008551727797042111,0.07437565212877009,True
TKM,Turkmenistan,2004,9,0,927,10557,0,0.08525149190110827,6838351088.46688,1379.23009682692,5.00040735874585,4958093.0,1.91878016561315,469930.0,0.015448699453367087,0.07636817895591519,True
TKM,Turkmenistan,2008,10,0,957,10899,0,0.09175153683824204,19271523178.8079,3605.50395120549,14.7000000144534,5345029.0,1.90736323009162,469930.0,0.029934695213502456,0.07825718471101668,True
TKM,Turkmenistan,2012,10,0,962,10517,0,0.09508414947228297,35164210526.3158,6053.8748468749,11.0508311776258,5808546.0,2.17776450077759,469930.0,0.04623508432238083,0.08093862517109732,True
TKM,Turkmenistan,2016,9,0,973,11179,0,0.08050809553627337,33313947368.4211,5238.00827202546,6.22909997062793,6360041.0,2.2945212778352,469930.0,0.04321717831076967,0.0844826488335752,True
TKM,Turkmenistan,2020,9,1,1080,11273,0,0.0798367781424643,27350527267.6636,3935.37749365223,5.87065623130427,6949912.0,2.12265535789649,469930.0,0.03165991579884157,0.08849036298441157,True
TLS,Timor-Leste,2004,2,0,927,10557,0,0.01894477597802406,440772000.0,474.420767344689,0.400003981151968,929074.0,1.3213970309566,14870.0,0.0009957596600946293,0.014310278063620015,True
TLS,Timor-Leste,2008,1,0,957,10899,0,0.009175153683824204,648523600.0,628.153219252849,11.3948048266465,1032429.0,2.7037190705407,14870.0,0.0010073597257798206,0.01511591180403516,True
TLS,Timor-Leste,2012,2,0,962,10517,0,0.019016829894456595,1160555000.0,1022.61903188429,4.86062186827468,1134885.0,2.19848397897983,14870.0,0.0015259366692053113,0.015813945801118005,True
TLS,Timor-Leste,2016,3,0,973,11179,0,0.026836031845424456,1640464600.0,1335.54390089814,3.00993062553351,1228312.0,1.90525943887907,14870.0,0.0021281252067387635,0.016316097860700336,True
TLS,Timor-Leste,2020,3,0,1080,11273,0,0.026612259380821433,2162619200.0,1630.86935439232,31.7257416721413,1326053.0,1.91159373351817,14870.0,0.002503364600868515,0.01688408591455085,True
TON,Tonga,1988,5,0,738,8454,0,0.05914360066240833,106657267.367342,1077.6835915018,-1.88187195516706,98969.0,0.600979791546612,720.0,0.0005442340739662687,0.0019341598041099429,True
TON,Tonga,1992,5,0,813,9386,0,0.053270828894097594,137066290.550071,1370.36142598699,0.251973395838817,100022.0,0.127052743972781,720.0,0.0005347585983564053,0.001826277775973305,True
TON,Tonga,1996,5,1,841,10339,0,0.04836057645807138,222100576.345483,2214.91474789811,0.0929181768768501,100275.0,0.0498753127545872,720.0,0.0006926603499617021,0.0017222492733247215,True
TON,Tonga,2000,3,0,925,10647,1,0.02817695125387433,204848487.806485,1995.07667546271,3.75409745006452,102677.0,0.616444657597358,720.0,0.000603102087850661,0.0016664209224489805,True
TON,Tonga,2004,5,0,927,10557,0,0.04736193994506015,230678011.42199,2195.44890047673,-1.96794740326561,105071.0,0.579379767566292,720.0,0.0005211307847251317,0.0016183804803735961,True
TON,Tonga,2008,3,0,957,10899,0,0.027525461051472612,344438844.333518,3218.45303993196,4.86284132376997,107020.0,0.275093040718062,720.0,0.0005350211153082649,0.0015668921361835465,True
TON,Tonga,2012,3,0,962,10517,0,0.02852524484168489,471122971.305043,4384.17058724217,0.919761024923076,107460.0,-0.102311314323862,720.0,0.000619448296392094,0.001497391027098024,True
TON,Tonga,2016,7,0,973,11179,0,0.06261740763932373,420828254.541601,3987.98618837043,6.59869879417958,105524.0,-0.539650395978897,720.0,0.0005459277915523796,0.0014017121958041134,True
TON,Tonga,2020,6,0,1080,11273,0,0.053224518761642865,506571486.576395,4792.35872413906,1.80618715298932,105704.0,0.0331168127621577,720.0,0.0005863876207631409,0.001345885434075171,True
TTO,Trinidad and Tobago,1988,6,0,738,8454,0,0.07097232079488999,4496910569.10569,3655.81977035897,-3.91972405050394,1230069.0,1.03823999487909,5130.0,0.02294613409564753,0.02403934581618197,True
TTO,Trinidad and Tobago,1992,7,0,813,9386,0,0.07457916045173663,5439552941.17647,4277.47436935604,10.092979512969,1271674.0,0.750088861459708,5130.0,0.021222196171175833,0.02321919142271777,True
TTO,Trinidad and Tobago,1996,12,2,841,10339,0,0.11606538349937132,5759570336.11287,4427.27832448289,7.13447746480871,1300928.0,0.443666738699283,5130.0,0.01796224967212749,0.022343777637973405,True
TTO,Trinidad and Tobago,2000,19,2,925,10647,2,0.17845402460787077,8154342116.10311,6178.58975559687,6.90135959072803,1319774.0,0.384592207827917,5130.0,0.024007503340303764,0.02141958770225251,True
TTO,Trinidad and Tobago,2004,19,1,927,10557,2,0.17997537179122858,13280291989.5755,9871.03419820086,7.95005151069972,1345380.0,0.497078430407533,5130.0,0.03000185818858078,0.02072252791621883,True
TTO,Trinidad and Tobago,2008,28,2,957,10899,1,0.25690430314707774,27871587349.5413,21298.9945258063,3.39173707807387,1308587.0,0.413435896307233,5130.0,0.043293281215182056,0.01915917286312856,True
TTO,Trinidad and Tobago,2012,25,4,962,10517,2,0.23771037368070744,27147349937.4689,20332.1389531925,6.71074625448722,1335194.0,0.538824146577348,5130.0,0.03569424692611061,0.018605132282106075,True
TTO,Trinidad and Tobago,2016,28,1,973,11179,4,0.25046963055729493,23624322192.6274,17449.1538801956,-7.53636305379372,1353895.0,0.312772812072739,5130.0,0.03064712005991982,0.017984260768528583,True
TTO,Trinidad and Tobago,2020,25,0,1080,11273,1,0.22176882817351193,20888515184.2239,15283.6270531554,-8.78879817831519,1366725.0,0.200680476473799,5130.0,0.02417973976966938,0.017401945715265155,True
TUN,Tunisia,1988,41,0,738,8454,0,0.48497752543174827,10096245762.4352,1266.07583258953,0.0721590773964209,7974440.0,2.34022356945689,155360.0,0.05151754867420544,0.1558451768562529,True
TUN,Tunisia,1992,13,0,813,9386,0,0.13850415512465375,15496708060.4184,1784.81850188268,7.80572887722397,8682512.0,2.10298061493524,155360.0,0.060459780798550695,0.15853191003200828,True
TUN,Tunisia,1996,51,1,841,10339,0,0.4932778798723281,19587161806.7655,2107.40815649257,7.14608096782061,9294432.0,1.44320056827616,155360.0,0.061086065489206455,0.1596342932731592,True
TUN,Tunisia,2000,47,0,925,10647,1,0.4414389029773645,21473528160.7782,2199.04465936314,4.7099729138049,9764935.0,1.12222559070037,155360.0,0.06322101669366245,0.158482347461986,True
TUN,Tunisia,2004,54,0,927,10557,0,0.5115089514066496,31183885241.4396,3067.41936376975,6.23579072222647,10166163.0,0.934209359397325,155360.0,0.07044833829836246,0.15658668671180706,True
TUN,Tunisia,2008,26,1,957,10899,0,0.23855399577942932,44859439902.2191,4255.05008019523,4.23778147502819,10542635.0,0.961991588143559,155360.0,0.06968072261138342,0.15435593231315103,True
TUN,Tunisia,2012,83,3,962,10517,1,0.7891984406199487,47311401812.6733,4297.26782454273,4.21667711535632,11009647.0,1.12911133130148,155360.0,0.06220661915847575,0.15341286645558047,True
TUN,Tunisia,2016,61,3,973,11179,3,0.5456659808569639,44360072680.4476,3847.80354448809,1.117231963992,11528674.0,1.10253911569433,155360.0,0.057546983241225765,0.15313940854449976,True
TUN,Tunisia,2020,63,2,1080,11273,3,0.55885744699725,42491780918.361,3548.65363663803,-8.97512622934723,11974057.0,0.830022185577052,155360.0,0.04918684721696967,0.15246072904607053,True
TUR,Turkiye,1988,41,2,738,8454,3,0.48497752543174827,90875175808.7201,1685.69479240535,2.32073679394847,53909626.0,1.99711197505007,769630.0,0.46370367789794203,1.053560525657532,True
TUR,Turkiye,1992,41,6,813,9386,2,0.43682079693160025,159104772991.851,2743.65320297936,5.03563493261181,57990118.0,1.70479077867469,769630.0,0.6207408477714307,1.0588276952017508,True
TUR,Turkiye,1996,53,6,841,10339,6,0.5126221104555566,250366965174.129,4041.36210281686,7.15779847930847,61951134.0,1.5070440949697,769630.0,0.7808141364145018,1.0640268812081022,True
TUR,Turkiye,2000,57,5,925,10647,6,0.5353620738236123,274748463178.502,4199.3798635759,6.98528697817062,65425961.0,1.28297648712556,769630.0,0.8088972174070858,1.061846277956417,True
TUR,Turkiye,2004,64,11,927,10557,5,0.60623283129677,410156784495.948,5979.6054216148,9.92540551918624,68592617.0,1.11548254617054,769630.0,0.9265960186109626,1.056513714065176,True
TUR,Turkiye,2008,67,7,957,10899,11,0.6147352968162216,775415944332.866,10913.4079047769,0.920118221365883,71051678.0,1.26560336535681,769630.0,1.2044631730417465,1.0402757944388479,True
TUR,Turkiye,2012,112,5,962,10517,7,1.0649424740895692,885327622479.052,11776.7593362033,4.80762696633448,75175827.0,1.27471801981307,769630.0,1.1640584749547775,1.047530325744215,True
TUR,Turkiye,2016,100,8,973,11179,5,0.8945343948474819,870818016909.84,10984.3643169061,3.32366508200445,79277962.0,1.34542593504869,769630.0,1.1296859269429487,1.053076894297933,True
TUR,Turkiye,2020,105,13,1080,11273,8,0.9314290783287501,733628247119.077,8798.11791709313,1.80306247087255,83384680.0,0.970386031353162,769630.0,0.8492197720408274,1.0617027381841673,True
TUV,Tuvalu,2008,3,0,957,10899,0,0.027525461051472612,31602915.0009478,3062.00125965971,6.57919977159274,10321.0,1.3559199103652,30.0,4.9089198587680924e-05,0.0001511109487717285,True
TUV,Tuvalu,2012,3,0,962,10517,0,0.02852524484168489,38912985.1801769,3558.89749224226,-2.8527626821171,10934.0,1.41846349919564,30.0,5.1164099068699696e-05,0.0001523587706150176,True
TUV,Tuvalu,2016,1,0,973,11179,0,0.00894534394847482,41306141.62505,3779.15293916285,4.77650497336539,10930.0,-0.301466450395575,30.0,5.358521066860582e-05,0.0001451870124345074,True
TUV,Tuvalu,2020,2,0,1080,11273,0,0.017741506253880955,52302514.9939611,5029.57159284173,-3.03030303030303,10399.0,-1.73502922439289,30.0,6.054337470613271e-05,0.00013240617790194982,True
TWN,TWN,1988,61,0,738,8454,1,0.7215519280813816,,,,,,,,,False
TWN,TWN,1992,31,1,813,9386,0,0.33027913914340506,,,,,,,,,False
TWN,TWN,1996,74,1,841,10339,1,0.7157365315794564,,,,,,,,,False
TWN,TWN,2000,55,5,925,10647,1,0.5165774396543628,,,,,,,,,False
TWN,TWN,2004,88,5,927,10557,5,0.8335701430330587,,,,,,,,,False
TWN,TWN,2008,79,4,957,10899,5,0.7248371410221122,,,,,,,,,False
TWN,TWN,2012,44,2,962,10517,4,0.4183702576780451,,,,,,,,,False
TWN,TWN,2016,55,3,973,11179,2,0.491993917166115,,,,,,,,,False
TWN,TWN,2020,68,12,1080,11273,3,0.6032112126319524,,,,,,,,,False
TZA,Tanzania,1988,10,0,738,8454,0,0.11828720132481665,7406614407.46127,307.50634765625,7.25543546092405,24769686.0,3.03017868342338,885800.0,0.03779331716222239,0.4840761351698491,True
TZA,Tanzania,1992,9,0,813,9386,0,0.09588749200937567,6681997469.31292,250.329925537109,0.584322131924068,27457588.0,2.49709386912698,885800.0,0.02606954333243225,0.5013415323252015,True
TZA,Tanzania,1996,7,0,841,10339,0,0.06770480704129993,9433528150.36609,313.658386230469,4.54436680394173,30945762.0,1.83364600544135,885800.0,0.02942014387140529,0.5315015319569163,True
TZA,Tanzania,2000,4,0,925,10647,0,0.03756926833849911,13371767081.7428,401.698150634766,4.52078463603256,34260139.0,2.84152432501121,885800.0,0.03936831914946907,0.55603311779279,True
TZA,Tanzania,2004,8,0,927,10557,0,0.07577910391209625,16673062473.3981,450.385284423828,7.50381465859829,38109668.0,2.71326096371365,885800.0,0.03766655554628563,0.5869930123889395,True
TZA,Tanzania,2008,9,0,957,10899,0,0.08257638315441784,27947821397.9272,675.977233886719,5.68641685905224,42570728.0,2.70285900109119,885800.0,0.04341169650504522,0.6232829278154431,True
TZA,Tanzania,2012,6,0,962,10517,0,0.05705048968336978,39650394362.9287,861.969909667969,4.50015356010131,47374260.0,2.8799437394168,885800.0,0.052133669414068676,0.6601320662517106,True
TZA,Tanzania,2016,7,0,973,11179,0,0.06261740763932373,49774409374.4538,953.0107421875,6.86711619644551,53824013.0,3.40729531415315,885800.0,0.06457083879792916,0.7149631879877483,True
TZA,Tanzania,2020,3,0,1080,11273,0,0.026612259380821433,66068737786.0639,1117.41528320313,1.99196460647855,60972798.0,2.99305168844906,885800.0,0.07647862342001609,0.7763414885246321,True
UGA,Uganda,1988,24,0,738,8454,0,0.28388928317955997,6508931651.66667,395.187660960924,8.26707354577805,16470483.0,3.18496327397902,199810.0,0.03321276156226751,0.3218840866622492,True
UGA,Uganda,1992,8,0,813,9386,0,0.08523332623055614,2857457761.90922,152.113542415537,3.41835689468401,18785032.0,3.40647506748478,199810.0,0.01114825608462061,0.34299140651604015,True
UGA,Uganda,1996,10,1,841,10339,0,0.09672115291614276,6044585326.938,284.698259285733,9.07211457909349,21231550.0,2.70145587024081,199810.0,0.018851119870204668,0.36465740771934674,True
UGA,Uganda,2000,13,0,925,10647,1,0.1221001221001221,6193246837.09687,258.050338731086,3.141907338187,24000150.0,3.14418360294887,199810.0,0.01823376944601189,0.389516173066158,True
UGA,Uganda,2004,11,0,927,10557,0,0.10419626787913233,7939487547.77384,292.38185796262,6.80723334361883,27154515.0,2.99944519470383,199810.0,0.017936305894877217,0.41825372395819993,True
UGA,Uganda,2008,11,0,957,10899,0,0.10092669052206625,14440404132.2047,472.842681495852,8.70875190154499,30539553.0,2.9444861420196,199810.0,0.022430458269780025,0.4471331100566309,True
UGA,Uganda,2012,15,1,962,10517,0,0.14262622420842447,27305915910.7877,795.222867553127,3.83745560605229,34337438.0,2.90422608403173,200520.0,0.03590273479025785,0.47847172487190315,True
UGA,Uganda,2016,21,0,973,11179,1,0.18785222291797118,29203988696.2626,752.696571725656,4.78100029254482,38799152.0,3.32192491389275,200520.0,0.03788545298803178,0.5153827048373598,True
UGA,Uganda,2020,25,4,1080,11273,0,0.22176882817351193,37600368241.6657,845.766463890124,2.95130642218098,44457152.0,3.33341751069644,200520.0,0.04352473650275862,0.5660545799332651,True
UKR,Ukraine,1996,231,23,841,10339,0,2.2342586323628977,44558831005.0621,869.846069335938,-10.0,51226109.0,-0.854165873072084,579350.0,0.1389646798117296,0.879821780109728,True
UKR,Ukraine,2000,230,23,925,10647,23,2.1602329294636986,32375083934.8241,653.294311523438,5.90000000024899,49556660.0,-0.843515300409476,579350.0,0.09531669442382226,0.8042916628913047,True
UKR,Ukraine,2004,239,22,927,10557,23,2.263900729373875,67220154164.3166,1401.01806640625,11.7953525281136,47979507.0,-0.697090406399135,579340.0,0.15185882465802836,0.7390154998691202,True
UKR,Ukraine,2008,243,27,957,10899,22,2.2295623451692816,188110390659.515,4017.806640625,2.24349159628288,46819175.0,-0.518999631278387,579320.0,0.292194195478937,0.6854849292665044,True
UKR,Ukraine,2012,230,20,962,10517,27,2.186935437862508,182591753827.949,3951.34228515625,0.152314967200653,46210056.0,-0.211412120058561,579320.0,0.24007776681034218,0.6439095776670128,True
UKR,Ukraine,2016,204,11,973,11179,20,1.8248501654888631,93355869403.9223,2158.46118164063,2.44098194492067,45616832.0,-0.36774838525265,579290.0,0.12110775135013531,0.6059443325532329,True
UKR,Ukraine,2020,149,19,1080,11273,11,1.3217422159141312,156617722013.342,3709.76928710938,-3.75281793983162,44680014.0,-0.619037730087783,579400.0,0.1812946362248453,0.5688921898591796,True
URY,Uruguay,1988,15,0,738,8454,0,0.177430801987225,8213538368.84635,2677.19777690993,1.48093746177193,3067961.0,0.590567988250426,175020.0,0.04191076293713701,0.059957429566601106,True
URY,Uruguay,1992,16,0,813,9386,0,0.17046665246111228,12878148790.7348,4101.71054155291,7.93158841395443,3139702.0,0.554068643934089,175020.0,0.05024357753551981,0.05732706790285075,True
URY,Uruguay,1996,14,0,841,10339,0,0.13540961408259986,20515458113.5857,6398.43575184095,5.57795776385868,3206324.0,0.527975679567825,175020.0,0.06398112346397751,0.055069450800734124,True
URY,Uruguay,2000,15,1,925,10647,0,0.14088475626937166,22823270892.1094,6987.70098766257,-1.92993063549235,3266206.0,0.373944815859448,175020.0,0.06719484470696024,0.05300967125479314,True
URY,Uruguay,2004,15,0,927,10557,1,0.14208581983518045,13686329890.1191,4168.66065438387,5.00416035564457,3283148.0,0.0597775816533495,175020.0,0.030919149127730347,0.050569449585305286,True
URY,Uruguay,2008,12,0,957,10899,0,0.11010184420589045,31119602538.8322,9423.96562595893,7.17614466455107,3302177.0,0.212934707039678,175020.0,0.04833846336493384,0.048347553481463044,True
URY,Uruguay,2012,27,0,962,10517,0,0.25672720357516404,54232266358.7811,16259.5940814256,3.53817872056869,3335401.0,0.257451630638359,175020.0,0.07130640416953413,0.04647682420597223,True
URY,Uruguay,2016,17,0,973,11179,0,0.15207084712407193,57480787465.2716,17009.7584207276,1.68979822971775,3379283.0,0.333941294134426,175020.0,0.07456809047146648,0.04488819789027626,True
URY,Uruguay,2020,11,0,1080,11273,0,0.09757828439634525,53559354501.4278,15757.5341990356,-7.35732706897301,3398968.0,0.0518527053450753,175020.0,0.06199824365946724,0.04327765762967925,True
USA,United States,1988,527,94,738,8454,173,6.233735509817838,5236438000000.0,21417.0119305191,4.17698239478443,244499000.0,0.907999040167679,9158960.0,26.719679363212254,4.7782652946384925,True
USA,United States,1992,545,108,813,9386,94,5.806520349456638,6520327000000.0,25418.9907763319,3.52249717254271,256514000.0,1.38688569247935,9158960.0,25.438792524057398,4.683627776149411,True
USA,United States,1996,648,101,841,10339,108,6.267530708966051,8073122000000.0,29967.7127181749,3.77277269047364,269394000.0,1.16341161998189,9158960.0,25.177474105718332,4.626912198833608,True
USA,United States,2000,586,91,925,10647,101,5.503897811590119,10250952000000.0,36329.9702595751,4.07758575997799,282162411.0,1.11276899679534,9161920.0,30.180210846844197,4.579422316770537,True
USA,United States,2004,533,101,927,10557,91,5.048782798143412,12217196000000.0,41724.6411982614,3.84777169267127,292805298.0,0.925483968943482,9161920.0,27.60018997638113,4.510001606848455,True
USA,United States,2008,588,110,957,10899,101,5.394990366088632,14769862000000.0,48570.0594269601,0.113587247501258,304093966.0,0.945865287282592,9147420.0,22.942209249016983,4.452274752254408,True
USA,United States,2012,530,103,962,10517,110,5.039459922030997,16253970000000.0,51708.3940614082,2.28911339009767,314339099.0,0.79838290137163,9147420.0,21.371265336983644,4.380127920237087,True
USA,United States,2016,555,121,973,11179,103,4.964665891403524,18804913000000.0,57976.628204291,1.81945147909089,324353340.0,0.785625485688815,9147420.0,24.39504599235452,4.30849884791894,True
USA,United States,2020,615,113,1080,11273,121,5.455513173068393,21375281000000.0,64465.2971415748,-2.081375977796,331578104.0,0.408543376643957,9147420.0,24.743201109569984,4.221847237870489,True
UZB,Uzbekistan,1996,71,2,841,10339,0,0.6867201857046136,13948892215.5689,597.33228695111,1.700000003062,23351981.0,1.87771255752777,425400.0,0.0435021138737829,0.4010763630809544,True
UZB,Uzbekistan,2000,70,4,925,10647,2,0.6574621959237343,13760513969.314,555.149231099186,3.83500000014025,24787054.0,1.26281282930164,435965.0,0.040512843388091316,0.4022874196896354,True
UZB,Uzbekistan,2004,69,5,927,10557,4,0.6535947712418301,12030023547.8807,462.171492867885,7.4490006055965,26029350.0,1.22957581560979,435853.0,0.027177343749076776,0.4009231087246954,True
UZB,Uzbekistan,2008,56,6,957,10899,5,0.5138086062941555,29549438883.8338,1074.72928796701,9.02916101784781,27494774.0,1.53479281387558,435967.0,0.045899508747201154,0.402554150315304,True
UZB,Uzbekistan,2012,53,3,962,10517,6,0.5039459922030998,75318846931.3239,2573.95586785056,7.35682138899483,29261903.0,1.51059514364954,435800.0,0.09903174809877091,0.4077471709288363,True
UZB,Uzbekistan,2016,70,13,973,11179,3,0.6261740763932373,97871364319.3985,3128.42307170099,6.71108022628,31284568.0,1.7256215086876,440591.0,0.12696556659986738,0.41556385756854464,True
UZB,Uzbekistan,2020,67,5,1080,11273,13,0.594340459505012,70127127133.2164,2087.96374711792,1.62162281640448,33586372.0,1.86830671569358,440650.0,0.08117645844719212,0.42764142187836,True
VCT,St. Vincent and the Grenadines,1988,6,0,738,8454,0,0.07097232079488999,200726712.592593,1813.93765107441,14.07469453936,110658.0,0.595490726853875,390.0,0.0010242369717937546,0.0021625989512190492,True
VCT,St. Vincent and the Grenadines,1992,6,0,813,9386,0,0.06392499467291711,277955555.555556,2470.51840791008,6.37794062708292,112509.0,0.255416614554016,390.0,0.0010844323771931836,0.0020542749224868586,True
VCT,St. Vincent and the Grenadines,1996,8,0,841,10339,0,0.07737692233291421,331488888.888889,2930.44394742606,1.28791200314089,113119.0,0.0636700498150164,390.0,0.001033807356848236,0.001942848322605028,True
VCT,St. Vincent and the Grenadines,2000,4,0,925,10647,0,0.03756926833849911,427946037.037037,3768.95536604022,1.63903190394467,113545.0,0.157771141222912,390.0,0.001259931919381651,0.0018428057270807436,True
VCT,St. Vincent and the Grenadines,2004,3,0,927,10557,0,0.02841716396703609,549900185.185185,4873.48947742443,4.11469880444737,112835.0,-0.270825385911129,390.0,0.0012422940238626169,0.0017379672935724864,True
VCT,St. Vincent and the Grenadines,2008,2,0,957,10899,0,0.018350307367648408,732663259.259259,6598.90531450859,0.404640808638888,111028.0,-0.452015740934878,390.0,0.0011380548987521143,0.0016255737254362438,True
VCT,St. Vincent and the Grenadines,2012,3,0,962,10517,0,0.02852524484168489,730032592.592593,6713.80768643865,1.16911218376478,108736.0,-0.562167608407819,390.0,0.0009598713570249228,0.0015151713262844847,True
VCT,St. Vincent and the Grenadines,2016,4,0,973,11179,0,0.03578137579389928,814303703.703704,7656.90042881178,4.1496810046981,106349.0,-0.572879410655285,390.0,0.0010563716143539984,0.001412670959322729,True
VCT,St. Vincent and the Grenadines,2020,3,0,1080,11273,0,0.026612259380821433,864566666.666667,8351.20324040982,-4.26892434422649,103526.0,-0.617259161571258,390.0,0.0010007890378593805,0.001318153858397659,True
VEN,"Venezuela, RB",1988,17,0,738,8454,3,0.20108824225218833,60226413793.1035,3191.47633742656,6.43274853801171,18871020.0,2.5550534835076,882050.0,0.307313953826603,0.36879799075018255,True
VEN,"Venezuela, RB",1992,26,0,813,9386,0,0.2770083102493075,60416519620.0849,2907.30334439434,6.01092896174865,20780948.0,2.31745661857209,882050.0,0.23571261190443102,0.37943435940150066,True
VEN,"Venezuela, RB",1996,39,0,841,10339,0,0.3772124963729568,70543211119.099,3112.825848106,-0.25316455696202,22662113.0,2.08805824636671,882050.0,0.22000161415686975,0.38922770028673875,True
VEN,"Venezuela, RB",2000,50,0,925,10647,0,0.46961585423123886,117146466002.661,4776.2816763938,3.53535353535352,24526708.0,1.89379499634952,882050.0,0.34489528815694137,0.39806207203167987,True
VEN,"Venezuela, RB",2004,48,2,927,10557,0,0.4546746234725774,112451400424.964,4269.08970872392,18.2072829131653,26340838.0,1.71593189812023,882050.0,0.25404192703784995,0.40572087498818016,True
VEN,"Venezuela, RB",2008,108,1,957,10899,2,0.990916597853014,315953388510.678,11262.4514256759,5.21582733812949,28053696.0,1.45176982660994,882050.0,0.49077430460406013,0.41073739163972917,True
VEN,"Venezuela, RB",2012,68,1,962,10517,1,0.6465722164115242,371846610182.327,12582.0125686037,5.67986230636832,29553826.0,1.25510683013417,882050.0,0.48891640447622553,0.4118149438750817,True
VEN,"Venezuela, RB",2016,85,3,973,11179,1,0.7603542356203596,112948035494.959,3671.23004093383,-17.1122994652406,30765720.0,0.62520243689416,882050.0,0.14652407701357703,0.4086718181332638,True
VEN,"Venezuela, RB",2020,44,4,1080,11273,3,0.390313137585381,42837965906.8675,1506.04169391285,-29.8245614035088,28444077.0,-1.72190477685565,882050.0,0.04958757761165924,0.3621667005980151,True
VGB,British Virgin Islands,1988,3,0,738,8454,0,0.035486160397444996,,,,14680.0,3.36666830835784,150.0,,0.0002868925211362544,False
VGB,British Virgin Islands,1992,4,0,813,9386,0,0.04261666311527807,,,,16593.0,2.47724687288271,150.0,,0.00030296761849118244,False
VGB,British Virgin Islands,1996,7,0,841,10339,0,0.06770480704129993,,,,18287.0,2.47472977406325,150.0,,0.0003140839936304082,False
VGB,British Virgin Islands,2000,1,0,925,10647,0,0.009392317084624777,,,,20241.0,2.55699302788739,150.0,,0.00032850614929623786,False
VGB,British Virgin Islands,2004,1,0,927,10557,0,0.00947238798901203,,,,22881.0,3.31919840076176,150.0,,0.0003524299166413973,False
VGB,British Virgin Islands,2008,2,0,957,10899,0,0.018350307367648408,,,,26288.0,3.57028666496744,150.0,,0.0003848856333021218,False
VGB,British Virgin Islands,2012,2,0,962,10517,0,0.019016829894456595,,,,30345.0,5.53862651548459,150.0,,0.00042283948182848997,False
VGB,British Virgin Islands,2016,4,0,973,11179,0,0.03578137579389928,,,,33878.0,-1.8135515178247,150.0,,0.0004500133217983753,False
VGB,British Virgin Islands,2020,3,0,1080,11273,0,0.026612259380821433,,,,37135.0,2.01285185510385,150.0,,0.00047282463856033335,False
VIR,Virgin Islands (U.S.),1988,22,1,738,8454,0,0.26023184291459667,,,,100952.0,0.0505318237382963,350.0,,0.0019729137461680624,False
VIR,Virgin Islands (U.S.),1992,25,0,813,9386,1,0.26635414447048794,,,,105712.0,0.859785173807118,350.0,,0.0019301701251093761,False
VIR,Virgin Islands (U.S.),1996,12,0,841,10339,0,0.11606538349937132,,,,108095.0,0.256584968919025,350.0,,0.001856559812515939,False
VIR,Virgin Islands (U.S.),2000,9,0,925,10647,0,0.08453085376162299,,,,108642.0,0.0395873712251061,350.0,,0.0017632313162315042,False
VIR,Virgin Islands (U.S.),2004,6,0,927,10557,0,0.05683432793407218,3797000000.0,35006.3614404514,3.28589367936377,108466.0,-0.0359495051596945,350.0,0.008577902927997485,0.001670672756366671,True
VIR,Virgin Islands (U.S.),2008,7,0,957,10899,0,0.06422607578676943,4244000000.0,39152.3750657306,1.21862495452891,108397.0,0.0553674103119773,350.0,0.0065922576698975305,0.001587052951652849,True
VIR,Virgin Islands (U.S.),2012,7,0,962,10517,0,0.06655890463059808,4089000000.0,37795.3192590675,-14.8125,108188.0,-0.0942359108531572,350.0,0.005376354451431011,0.0015075352730288573,True
VIR,Virgin Islands (U.S.),2016,7,0,973,11179,0,0.06261740763932373,3798000000.0,35324.9748874586,1.6008537886873,107516.0,-0.182132486647949,350.0,0.0049270307540887045,0.0014281726284454254,True
VIR,Virgin Islands (U.S.),2020,4,0,1080,11273,0,0.03548301250776191,4229000000.0,39787.3741650202,-1.61493817814787,106290.0,-0.35593743409178,350.0,0.004895327340602983,0.0013533467303777523,True
VNM,Viet Nam,1988,9,0,738,8454,0,0.10645848119233499,25423812648.5941,404.559305078888,5.13501167157808,62843228.0,2.02305132101298,325490.0,0.12972866711318162,1.2281506891866794,True
VNM,Viet Nam,1992,7,0,813,9386,0,0.07457916045173663,9866990236.43587,144.549392371677,8.64604745934572,68260337.0,2.02528655896492,325490.0,0.03849566401525447,1.246349167618607,True
VNM,Viet Nam,1996,6,0,841,10339,0,0.05803269174968566,24657470574.7501,337.051231790277,9.34001749939179,73156447.0,1.52407678637018,325490.0,0.07689872974894747,1.2564810539493245,True
VNM,Viet Nam,2000,7,1,925,10647,0,0.06574621959237344,31172518403.3162,404.029784055118,6.78731640463151,77154011.0,1.12950984166849,311060.0,0.09177617630432901,1.2521894697084917,True
VNM,Viet Nam,2004,11,0,927,10557,1,0.10419626787913233,45427854693.2554,565.452284586212,7.53641060890386,80338971.0,0.969589431962946,310070.0,0.10262726567972603,1.2374396596558557,True
VNM,Viet Nam,2008,13,1,957,10899,0,0.11927699788971466,99130304099.1274,1163.83195772873,5.66177120891362,85175788.0,1.82745521345807,312792.0,0.1539803269360856,1.247068514393916,True
VNM,Viet Nam,2012,18,0,962,10517,1,0.17115146905010933,195590661129.249,2185.11767654291,5.5045447041189,89510356.0,1.1709874078049,313457.0,0.2571691664515951,1.2472734404127095,True
VNM,Viet Nam,2016,22,2,973,11179,0,0.196797566866446,257096001177.982,2735.0604380416,6.69000892660424,94000117.0,1.25988366517733,313387.0,0.3335228816632815,1.24863642778812,True
VNM,Viet Nam,2020,18,0,1080,11273,2,0.1596735562849286,346615738537.796,3534.03953482647,2.86541320912272,98079191.0,0.927434295850725,313429.0,0.4012290143171832,1.2488018859530066,True
VUT,Vanuatu,1988,4,0,738,8454,0,0.04731488052992666,158351368.433149,1125.00616977712,-1.69288283840025,140756.0,2.56829362697183,12190.0,0.0008080106727625978,0.002750806791897454,True
VUT,Vanuatu,1992,6,0,813,9386,0,0.06392499467291711,209088824.608438,1343.68942861831,2.58541372753479,155608.0,2.48222737130955,12190.0,0.0008157516069842941,0.002841209255600308,True
VUT,Vanuatu,1996,4,0,841,10339,0,0.038688461166457105,261370044.486614,1529.27573115021,2.32733541644214,170911.0,2.23291177885691,12190.0,0.000815129206157441,0.00293544099280181,True
VUT,Vanuatu,2000,3,0,925,10647,0,0.02817695125387433,272014627.835262,1460.23817692229,5.92480905652918,186281.0,2.29858977943606,12190.0,0.0008008484306134748,0.003023292030880514,True
VUT,Vanuatu,2004,2,0,927,10557,0,0.01894477597802406,364996869.129618,1774.31867585894,3.98739280216959,205711.0,2.44318438167928,12190.0,0.0008245740617373886,0.003168511454141798,True
VUT,Vanuatu,2008,3,0,957,10899,0,0.027525461051472612,590748429.401902,2603.60883136724,5.60099182147225,226896.0,2.50809716109013,12190.0,0.0009176168389973157,0.0033220104478742475,True
VUT,Vanuatu,2012,5,0,962,10517,0,0.047542074736141485,747839697.746593,3004.78416664293,1.01004768692017,248883.0,2.19727458776971,12190.0,0.000983284736594942,0.00346803620879618,True
VUT,Vanuatu,2016,4,0,973,11179,0,0.03578137579389928,908725512.790966,3339.83436471043,3.61980830670927,272087.0,2.22459321328248,12190.0,0.00117886217707902,0.003614226775138867,True
VUT,Vanuatu,2020,3,0,1080,11273,0,0.026612259380821433,1017403362.80118,3404.30359167624,-5.72530282073851,298858.0,2.32661131084294,12190.0,0.001177706904313557,0.003805235649141352,True
WSM,Samoa,1988,11,0,738,8454,0,0.13011592145729833,133016065.416065,790.134992313838,-1.44229968442642,168346.0,0.407730165725868,2830.0,0.0006787336387967018,0.003290000569700537,True
WSM,Samoa,1992,5,0,813,9386,0,0.053270828894097594,132303041.36253,776.740824409711,-0.199987145070338,170331.0,0.566974044499184,2830.0,0.0005161749739734195,0.0031100329913349963,True
WSM,Samoa,1996,5,0,841,10339,0,0.04836057645807138,249907868.772424,1419.35849045228,7.17896881783187,176071.0,0.855578710009327,2830.0,0.0007793823622178583,0.003024065338355094,True
WSM,Samoa,2000,5,0,925,10647,0,0.04696158542312388,258856139.798489,1424.75240002471,5.09304469244418,181685.0,0.779095553168233,2830.0,0.000762108034270239,0.002948700149937601,True
WSM,Samoa,2004,3,0,927,10557,0,0.02841716396703609,407747565.096959,2189.26042607992,3.0872602379675,186249.0,0.440703577844664,2830.0,0.0009211532874714378,0.002868743479067506,True
WSM,Samoa,2008,6,0,957,10899,0,0.055050922102945224,641346191.664776,3373.60639884263,3.55610467395,190107.0,0.714778949876493,2830.0,0.0009962109686761761,0.002783378465085456,True
WSM,Samoa,2012,8,0,962,10517,0,0.07606731957782638,773141661.165548,3934.60320799981,-3.73213020890266,196498.0,0.912557360248924,2830.0,0.0010165526073842408,0.0027380824682924575,True
WSM,Samoa,2016,8,0,973,11179,0,0.07156275158779855,843924796.697421,4147.07097674888,7.9838628784713,203499.0,0.847318414943751,2830.0,0.001094798164156464,0.002703148384575464,True
WSM,Samoa,2020,8,0,1080,11273,0,0.07096602501552382,868884902.953089,4099.59660548583,-3.10864485863991,211944.0,1.0262726301153,2780.0,0.0010057876616844231,0.00269859553507557,True
XKX,Kosovo,2016,8,1,973,11179,0,0.07156275158779855,6682674062.9615,3759.44777525332,5.57177504731632,1777568.0,-0.600477091754396,,0.008669231339589844,0.02361205739425274,False
XKX,Kosovo,2020,11,2,1080,11273,1,0.09757828439634525,7734497455.75411,4320.58382547288,-5.34027547826166,1790151.0,0.0704099058940516,,0.008953156032389999,0.02279325432996955,False
YEM,"Yemen, Rep.",1988,13,0,738,8454,0,0.15377336172226166,,,,12859708.0,3.88319400927246,527970.0,,0.2513183957218024,False
YEM,"Yemen, Rep.",1992,8,0,813,9386,0,0.08523332623055614,17959367194.005,1198.13031674085,8.20759813722687,14989494.0,3.80262537048437,527970.0,0.07006774597526413,0.2736895859439443,True
YEM,"Yemen, Rep.",1996,4,0,841,10339,0,0.038688461166457105,6496163615.66086,375.214994663363,4.63496731668951,17313177.0,3.36633580657249,527970.0,0.020259447487578026,0.29735832966534315,True
YEM,"Yemen, Rep.",2000,2,0,925,10647,0,0.018784634169249553,9679316770.18633,493.235182634814,6.1819155928913,19624141.0,3.07742893586094,527970.0,0.028497238205546026,0.31849468865947445,True
YEM,"Yemen, Rep.",2004,3,0,927,10557,0,0.02841716396703609,13867634371.4773,627.632023395762,3.972696401183,22095167.0,2.93369063852526,527970.0,0.031328738867393645,0.340325941348182,True
YEM,"Yemen, Rep.",2008,5,0,957,10899,0,0.04587576841912102,26910855807.288,1071.63583282105,3.64756947012633,25111941.0,3.21232812061682,527970.0,0.041800965032775875,0.36766681813871416,True
YEM,"Yemen, Rep.",2012,4,0,962,10517,0,0.03803365978891319,35401331609.5916,1245.05068272078,2.39299021364694,28433647.0,3.03772906888376,527970.0,0.04654685908188143,0.3962059174155281,True
YEM,"Yemen, Rep.",2016,3,0,973,11179,0,0.026836031845424456,31317825274.1507,975.359417003225,-9.37512379736752,32109010.0,3.00213847021681,527970.0,0.040627669372542655,0.4265152089780167,True
YEM,"Yemen, Rep.",2020,5,0,1080,11273,0,0.044353765634702384,,,,36134863.0,2.87320414785733,527970.0,,0.4600903066487724,False
ZAF,South Africa,1992,93,2,813,9386,0,0.9908374174302153,146956150986.636,3462.39400202835,-2.13703284500521,42443509.0,1.79631209038171,1213090.0,0.5733434895340503,0.7749658797166918,True
ZAF,South Africa,1996,84,5,841,10339,2,0.8124576844955992,163234925380.563,3617.55336002932,4.29999999726792,45123018.0,1.29699420436442,1213090.0,0.5090772946225746,0.7749996007052439,True
ZAF,South Africa,2000,127,5,925,10647,5,1.1928242697473466,151752757215.309,3217.84693448467,4.20000000067826,47159719.0,0.914659168313889,1213090.0,0.44678096330447964,0.7653899358027086,True
ZAF,South Africa,2004,106,6,927,10557,5,1.0040731268352752,255806908594.573,5221.46333731721,4.55455990721774,48991421.0,1.00742279739678,1213090.0,0.5779001396458711,0.7546017402724357,True
ZAF,South Africa,2008,134,1,957,10899,6,1.2294705936324433,316131258616.309,6184.75474328399,3.1910438863288,51114599.0,1.15309551684298,1213090.0,0.4910505924382005,0.7483747263808201,True
ZAF,South Africa,2012,124,6,962,10517,1,1.1790434534563088,434400545085.811,8076.97678479741,2.39623238465745,53782567.0,1.47479434391075,1213090.0,0.5711644177735773,0.7494280033509984,True
ZAF,South Africa,2016,135,10,973,11179,6,1.2076214330441006,323585509674.481,5651.20585165749,0.664552307858116,57259551.0,0.940521897823675,1213090.0,0.41977771399253183,0.7605986407164969,True
ZAF,South Africa,2020,177,3,1080,11273,10,1.5701233034684645,337974655408.055,5580.60383075189,-6.1689177146757,60562381.0,1.62216431400652,1213090.0,0.3912264296642051,0.7711158181413276,True
ZMB,Zambia,1988,29,0,738,8454,1,0.3430328838419683,3728878148.80792,504.486020154114,6.28074900897693,7391440.0,2.74531148561589,743390.0,0.019027138012640672,0.14445155697734036,True
ZMB,Zambia,1992,9,0,813,9386,0,0.09588749200937567,3182810841.01704,389.254665832226,-1.73092217352566,8176680.0,2.41410432516202,743390.0,0.01241760798621804,0.14929604452265904,True
ZMB,Zambia,1996,8,1,841,10339,0,0.07737692233291421,3597220962.00017,399.511304742449,6.21854648894293,9004053.0,2.45422388426954,743390.0,0.011218576608071384,0.15464695822714813,True
ZMB,Zambia,2000,8,0,925,10647,1,0.07513853667699821,3600632111.41414,359.429500988221,3.89732294341896,10017631.0,2.8105009556372,743390.0,0.01060075554976714,0.1625835376157611,True
ZMB,Zambia,2004,6,0,927,10557,0,0.05683432793407218,6221110219.45542,548.685974566277,7.03239511515218,11338198.0,3.17745831747123,743390.0,0.014054274313105535,0.17463922800592882,True
ZMB,Zambia,2008,8,0,957,10899,0,0.07340122947059363,17910858637.9048,1375.50211006997,7.77389581542363,13021324.0,3.56663855229215,743390.0,0.027821158159796973,0.19064670321713775,True
ZMB,Zambia,2012,7,0,962,10517,0,0.06655890463059808,25503060420.026,1710.05061343728,7.59738104901994,14913629.0,3.24260026203654,743390.0,0.033532279876331825,0.2078125278807824,True
ZMB,Zambia,2016,7,0,973,11179,0,0.06261740763932373,20958412538.3093,1239.08527877713,3.75510031678988,16914423.0,3.09409054089327,743390.0,0.027188715938159087,0.22468019601313066,True
ZMB,Zambia,2020,27,0,1080,11273,0,0.2395103344273929,18137764930.651,951.644316655957,-2.78505506545167,19059395.0,2.9041649369132,743390.0,0.020995577338010357,0.24267541543163118,True
ZWE,Zimbabwe,1988,29,0,738,8454,0,0.3430328838419683,7818774176.83792,815.89246404532,7.55237451045024,9583094.0,3.16386516916123,386850.0,0.03989642176962146,0.18728324236687416,True
ZWE,Zimbabwe,1992,19,0,813,9386,0,0.20242914979757085,6755000000.0,631.149149280088,-9.01556538665926,10702700.0,2.82272702015968,386850.0,0.02635435975833846,0.19541803956039164,True
ZWE,Zimbabwe,1996,13,0,841,10339,0,0.12573749879098559,8557500000.0,766.913775859535,10.3607384594087,11158360.0,1.66055720411375,386850.0,0.02668809348597539,0.19164774272246962,True
ZWE,Zimbabwe,2000,16,0,925,10647,0,0.15027707335399643,6693250000.0,562.833757496076,-3.05911780575599,11892055.0,0.917384654947152,386850.0,0.01970584744232925,0.193004950114573,True
ZWE,Zimbabwe,2004,12,3,927,10557,0,0.11366865586814436,5808500000.0,469.719298949304,-5.80753964196205,12365896.0,1.08604865181957,386850.0,0.01312213567481522,0.19046858513509848,True
ZWE,Zimbabwe,2008,13,4,957,10899,3,0.11927699788971466,4418000000.0,340.917447588572,-17.6689987958491,12959149.0,1.20398732561507,386850.0,0.006862534021113876,0.18973639188685174,True
ZWE,Zimbabwe,2012,7,0,962,10517,4,0.06655890463059808,17123500000.0,1239.22709745709,16.6654290410337,13817887.0,1.62306467591426,386850.0,0.022514552567639748,0.19254401644569544,True
ZWE,Zimbabwe,2016,30,0,973,11179,0,0.2683603184542446,20559250000.0,1408.13945253431,0.75579405855224,14600294.0,1.38820029316449,386850.0,0.02667089442627651,0.193940811210015,True
ZWE,Zimbabwe,2020,5,0,1080,11273,0,0.044353765634702384,31979753644.6558,2059.63704025274,-7.81695060188729,15526888.0,1.65935280874134,386850.0,0.0370185297617478,0.19769746079350417,True
