Year,ISO3,Country,Actual,Medals_Last_Games,Classifier,Regressor,Predicted
2016,ABW,Aruba,0,0,none,linear,0.0
2016,AFG,Afghanistan,0,1,none,linear,0.0
2016,AGO,Angola,0,0,none,linear,0.5543486911373421
2016,ALB,Albania,0,0,none,linear,0.0
2016,AND,Andorra,0,0,none,linear,0.0
2016,ARE,United Arab Emirates,1,0,none,linear,0.0
2016,ARG,Argentina,4,4,none,linear,11.942289041587284
2016,ARM,Armenia,4,3,none,linear,1.6290327932359583
2016,ASM,American Samoa,0,0,none,linear,0.0
2016,ATG,Antigua and Barbuda,0,0,none,linear,0.0
2016,AUS,Australia,29,35,none,linear,38.78948572882328
2016,AUT,Austria,1,0,none,linear,1.9002705846237475
2016,AZE,Azerbaijan,18,10,none,linear,6.582271829166027
2016,BDI,Burundi,1,0,none,linear,0.0
2016,BEL,Belgium,6,3,none,linear,5.097458470750052
2016,BEN,Benin,0,0,none,linear,0.0
2016,BFA,Burkina Faso,0,0,none,linear,0.0
2016,BGD,Bangladesh,0,0,none,linear,0.40946499994883023
2016,BGR,Bulgaria,3,2,none,linear,1.9847058427047175
2016,BHR,Bahrain,2,1,none,linear,0.5814010215878529
2016,BHS,"Bahamas, The",2,1,none,linear,0.0845368958937538
2016,BIH,Bosnia and Herzegovina,0,0,none,linear,0.0
2016,BLR,Belarus,9,12,none,linear,10.43527542483245
2016,BLZ,Belize,0,0,none,linear,0.0
2016,BMU,Bermuda,0,0,none,linear,0.0
2016,BOL,Bolivia,0,0,none,linear,0.0
2016,BRA,Brazil,19,17,none,linear,33.91982598671414
2016,BRB,Barbados,0,0,none,linear,0.0
2016,BRN,Brunei Darussalam,0,0,none,linear,0.0
2016,BTN,Bhutan,0,0,none,linear,0.0
2016,BWA,Botswana,0,1,none,linear,0.0
2016,CAF,Central African Republic,0,0,none,linear,0.0
2016,CAN,Canada,22,18,none,linear,25.953968847666815
2016,CHE,Switzerland,7,4,none,linear,5.241424379387717
2016,CHL,Chile,0,0,none,linear,1.094503140378726
2016,CHN,China,70,88,none,linear,90.98952375732969
2016,CIV,Cote d'Ivoire,2,0,none,linear,0.0
2016,CMR,Cameroon,0,0,none,linear,0.11667266203786575
2016,COD,"Congo, Dem. Rep.",0,0,none,linear,0.09171227041930408
2016,COG,"Congo, Rep.",0,0,none,linear,0.0
2016,COL,Colombia,8,8,none,linear,10.182850493780084
2016,COM,Comoros,0,0,none,linear,0.0
2016,CPV,Cabo Verde,0,0,none,linear,0.0
2016,CRI,Costa Rica,0,0,none,linear,0.0
2016,CUB,Cuba,11,14,none,linear,11.357995595349813
2016,CYM,Cayman Islands,0,0,none,linear,0.0
2016,CYP,Cyprus,0,1,none,linear,0.0
2016,CZE,Czechia,10,10,none,linear,8.688583647707624
2016,DEU,Germany,42,44,none,linear,46.110863906918304
2016,DJI,Djibouti,0,0,none,linear,0.0
2016,DMA,Dominica,0,0,none,linear,0.0
2016,DNK,Denmark,15,9,none,linear,8.425383829467009
2016,DOM,Dominican Republic,1,2,none,linear,1.0610247170032423
2016,DZA,Algeria,2,1,none,linear,3.1572029009785876
2016,ECU,Ecuador,0,0,none,linear,0.6422842277542538
2016,EGY,"Egypt, Arab Rep.",3,2,none,linear,6.511819225002686
2016,ESP,Spain,17,17,none,linear,23.246618359821845
2016,EST,Estonia,1,2,none,linear,1.5609241548700283
2016,ETH,Ethiopia,8,7,none,linear,5.12191577940902
2016,FIN,Finland,1,3,none,linear,2.4824785377651803
2016,FJI,Fiji,1,0,none,linear,0.998988757561261
2016,FRA,France,42,35,none,linear,38.475834249067844
2016,FSM,"Micronesia, Fed. Sts.",0,0,none,linear,0.0
2016,GAB,Gabon,0,1,none,linear,0.0
2016,GBR,United Kingdom,67,65,none,linear,53.114431018932436
2016,GEO,Georgia,7,7,none,linear,4.1685555217837935
2016,GHA,Ghana,0,0,none,linear,0.0
2016,GIN,Guinea,0,0,none,linear,0.0
2016,GMB,"Gambia, The",0,0,none,linear,0.0
2016,GNB,Guinea-Bissau,0,0,none,linear,0.0
2016,GNQ,Equatorial Guinea,0,0,none,linear,0.0
2016,GRC,Greece,6,2,none,linear,3.935015630294709
2016,GRD,Grenada,1,1,none,linear,0.0
2016,GTM,Guatemala,0,1,none,linear,0.42851604257866427
2016,GUM,Guam,0,0,none,linear,0.0
2016,GUY,Guyana,0,0,none,linear,0.0
2016,HKG,"Hong Kong SAR, China",0,1,none,linear,0.771991132467666
2016,HND,Honduras,0,0,none,linear,0.0
2016,HRV,Croatia,10,6,none,linear,5.493295131866308
2016,HTI,Haiti,0,0,none,linear,0.0
2016,HUN,Hungary,15,18,none,linear,15.05213016305726
2016,IDN,Indonesia,3,2,none,linear,4.428049782417643
2016,IND,India,2,6,none,linear,18.74283170983724
2016,IRL,Ireland,2,5,none,linear,4.275112523032776
2016,IRN,"Iran, Islamic Rep.",8,12,none,linear,9.415929589370712
2016,IRQ,Iraq,0,0,none,linear,0.2520727135098424
2016,ISL,Iceland,0,0,none,linear,0.0
2016,ISR,Israel,2,0,none,linear,0.8737895295025795
2016,ITA,Italy,28,28,none,linear,30.130295488963554
2016,JAM,Jamaica,11,12,none,linear,7.478073113561685
2016,JOR,Jordan,1,0,none,linear,0.0
2016,JPN,Japan,41,38,none,linear,42.149797552876855
2016,KAZ,Kazakhstan,18,13,none,linear,10.897202765307306
2016,KEN,Kenya,13,11,none,linear,8.606418933318793
2016,KGZ,Kyrgyz Republic,0,0,none,linear,0.0
2016,KHM,Cambodia,0,0,none,linear,0.0
2016,KIR,Kiribati,0,0,none,linear,0.0
2016,KNA,St. Kitts and Nevis,0,0,none,linear,0.0
2016,KOR,"Korea, Rep.",21,28,none,linear,25.05175910848253
2016,LAO,Lao PDR,0,0,none,linear,0.0
2016,LBN,Lebanon,0,0,none,linear,0.0
2016,LBR,Liberia,0,0,none,linear,0.0
2016,LBY,Libya,0,0,none,linear,0.0
2016,LCA,St. Lucia,0,0,none,linear,0.0
2016,LKA,Sri Lanka,0,0,none,linear,0.0
2016,LSO,Lesotho,0,0,none,linear,0.0
2016,LTU,Lithuania,4,5,none,linear,4.109639152407896
2016,LUX,Luxembourg,0,0,none,linear,0.0
2016,LVA,Latvia,0,2,none,linear,0.9825963655401901
2016,MAR,Morocco,1,1,none,linear,1.855860906307789
2016,MCO,Monaco,0,0,none,linear,0.0
2016,MDA,Moldova,0,2,none,linear,0.7199004811970493
2016,MDG,Madagascar,0,0,none,linear,0.0
2016,MDV,Maldives,0,0,none,linear,0.0
2016,MEX,Mexico,5,7,none,linear,10.692542818203433
2016,MHL,Marshall Islands,0,0,none,linear,0.0
2016,MKD,North Macedonia,0,0,none,linear,0.0
2016,MLI,Mali,0,0,none,linear,0.0
2016,MLT,Malta,0,0,none,linear,0.0
2016,MMR,Myanmar,0,0,none,linear,0.0
2016,MNE,Montenegro,0,1,none,linear,0.7012263888368002
2016,MNG,Mongolia,2,5,none,linear,3.6715606887397385
2016,MOZ,Mozambique,0,0,none,linear,0.0
2016,MRT,Mauritania,0,0,none,linear,0.0
2016,MUS,Mauritius,0,0,none,linear,0.0
2016,MWI,Malawi,0,0,none,linear,0.0
2016,MYS,Malaysia,5,2,none,linear,1.8745996887710188
2016,NAM,Namibia,0,0,none,linear,0.0
2016,NER,Niger,1,0,none,linear,0.0
2016,NGA,Nigeria,1,0,none,linear,3.9037194612003754
2016,NIC,Nicaragua,0,0,none,linear,0.0
2016,NLD,Netherlands,19,20,none,linear,20.413659126309703
2016,NOR,Norway,4,4,none,linear,3.1553769629460398
2016,NPL,Nepal,0,0,none,linear,0.0
2016,NRU,Naoero,0,0,none,linear,0.0
2016,NZL,New Zealand,18,13,none,linear,14.044809329672029
2016,OMN,Oman,0,0,none,linear,0.0
2016,PAK,Pakistan,0,0,none,linear,0.9805201601411486
2016,PAN,Panama,0,0,none,linear,0.0
2016,PER,Peru,0,0,none,linear,0.7396911453127473
2016,PHL,Philippines,1,0,none,linear,0.5039036729086508
2016,PLW,Palau,0,0,none,linear,0.0
2016,PNG,Papua New Guinea,0,0,none,linear,0.0
2016,POL,Poland,11,10,none,linear,15.193489261454518
2016,PRI,Puerto Rico (US),1,2,none,linear,1.1599453265930495
2016,PRT,Portugal,1,1,none,linear,3.3050841964131283
2016,PRY,Paraguay,0,0,none,linear,0.0
2016,PSE,West Bank and Gaza,0,0,none,linear,0.0
2016,QAT,Qatar,1,2,none,linear,0.9599755198423359
2016,ROU,Romania,4,9,none,linear,7.940265481313832
2016,RUS,Russian Federation,56,82,none,linear,60.74609746665539
2016,RWA,Rwanda,0,0,none,linear,0.0
2016,SAU,Saudi Arabia,0,1,none,linear,1.3017502362808098
2016,SDN,Sudan,0,0,none,linear,0.0
2016,SEN,Senegal,0,0,none,linear,0.0
2016,SGP,Singapore,1,2,none,linear,0.5721549442236711
2016,SLB,Solomon Islands,0,0,none,linear,0.0
2016,SLE,Sierra Leone,0,0,none,linear,0.0
2016,SLV,El Salvador,0,0,none,linear,0.0
2016,SMR,San Marino,0,0,none,linear,0.0
2016,SOM,"Somalia, Fed. Rep.",0,0,none,linear,0.0
2016,SRB,Serbia,8,4,none,linear,5.385844070772854
2016,STP,Sao Tome and Principe,0,0,none,linear,0.0
2016,SUR,Suriname,0,0,none,linear,0.0
2016,SVK,Slovak Republic,4,4,none,linear,3.0047038775421644
2016,SVN,Slovenia,4,4,none,linear,3.353474533402221
2016,SWE,Sweden,11,8,none,linear,9.779172789916865
2016,SWZ,Eswatini,0,0,none,linear,0.0
2016,SYC,Seychelles,0,0,none,linear,0.0
2016,SYR,Syrian Arab Republic,0,0,none,linear,0.0
2016,TCD,Chad,0,0,none,linear,0.0
2016,TGO,Togo,0,0,none,linear,0.0
2016,THA,Thailand,6,3,none,linear,3.8058981121195967
2016,TJK,Tajikistan,1,1,none,linear,0.0
2016,TKM,Turkmenistan,0,0,none,linear,0.0
2016,TLS,Timor-Leste,0,0,none,linear,0.0
2016,TON,Tonga,0,0,none,linear,0.0
2016,TTO,Trinidad and Tobago,1,4,none,linear,1.8326328457599148
2016,TUN,Tunisia,3,3,none,linear,3.162526248284432
2016,TUR,Turkiye,8,5,none,linear,7.719709463008241
2016,TUV,Tuvalu,0,0,none,linear,0.0
2016,TZA,Tanzania,0,0,none,linear,0.0
2016,UGA,Uganda,0,1,none,linear,0.64506199054677
2016,UKR,Ukraine,11,20,none,linear,18.74400657264437
2016,URY,Uruguay,0,0,none,linear,0.0
2016,USA,United States,121,103,none,linear,111.60039585793042
2016,UZB,Uzbekistan,13,3,none,linear,3.869453126931798
2016,VCT,St. Vincent and the Grenadines,0,0,none,linear,0.0
2016,VEN,"Venezuela, RB",3,1,none,linear,3.5148422909682298
2016,VIR,Virgin Islands (U.S.),0,0,none,linear,0.0
2016,VNM,Viet Nam,2,0,none,linear,0.7324660018915612
2016,VUT,Vanuatu,0,0,none,linear,0.0
2016,WSM,Samoa,0,0,none,linear,0.0
2016,YEM,"Yemen, Rep.",0,0,none,linear,0.0
2016,ZAF,South Africa,10,6,none,linear,8.923115129148297
2016,ZMB,Zambia,0,0,none,linear,0.0
2016,ZWE,Zimbabwe,0,0,none,linear,0.2951396716832031
2016,ABW,Aruba,0,0,none,weighted_lr,0.0
2016,AFG,Afghanistan,0,1,none,weighted_lr,0.0
2016,AGO,Angola,0,0,none,weighted_lr,0.5401561872332712
2016,ALB,Albania,0,0,none,weighted_lr,0.0
2016,AND,Andorra,0,0,none,weighted_lr,0.0
2016,ARE,United Arab Emirates,1,0,none,weighted_lr,0.0
2016,ARG,Argentina,4,4,none,weighted_lr,13.082324952108547
2016,ARM,Armenia,4,3,none,weighted_lr,1.803649152499034
2016,ASM,American Samoa,0,0,none,weighted_lr,0.0
2016,ATG,Antigua and Barbuda,0,0,none,weighted_lr,0.0
2016,AUS,Australia,29,35,none,weighted_lr,40.763054551508716
2016,AUT,Austria,1,0,none,weighted_lr,2.1765646472647378
2016,AZE,Azerbaijan,18,10,none,weighted_lr,6.697927570428834
2016,BDI,Burundi,1,0,none,weighted_lr,0.0
2016,BEL,Belgium,6,3,none,weighted_lr,5.539918982935611
2016,BEN,Benin,0,0,none,weighted_lr,0.0
2016,BFA,Burkina Faso,0,0,none,weighted_lr,0.0
2016,BGD,Bangladesh,0,0,none,weighted_lr,0.28438944951456513
2016,BGR,Bulgaria,3,2,none,weighted_lr,2.3328368171383733
2016,BHR,Bahrain,2,1,none,weighted_lr,0.5234175554381748
2016,BHS,"Bahamas, The",2,1,none,weighted_lr,0.1836316844889163
2016,BIH,Bosnia and Herzegovina,0,0,none,weighted_lr,0.0
2016,BLR,Belarus,9,12,none,weighted_lr,10.944054499921833
2016,BLZ,Belize,0,0,none,weighted_lr,0.0
2016,BMU,Bermuda,0,0,none,weighted_lr,0.0
2016,BOL,Bolivia,0,0,none,weighted_lr,0.0
2016,BRA,Brazil,19,17,none,weighted_lr,36.30477182399448
2016,BRB,Barbados,0,0,none,weighted_lr,0.0
2016,BRN,Brunei Darussalam,0,0,none,weighted_lr,0.0
2016,BTN,Bhutan,0,0,none,weighted_lr,0.0
2016,BWA,Botswana,0,1,none,weighted_lr,0.0
2016,CAF,Central African Republic,0,0,none,weighted_lr,0.0
2016,CAN,Canada,22,18,none,weighted_lr,27.612390876327648
2016,CHE,Switzerland,7,4,none,weighted_lr,5.567968840806291
2016,CHL,Chile,0,0,none,weighted_lr,1.269013938266193
2016,CHN,China,70,88,none,weighted_lr,90.31414477020282
2016,CIV,Cote d'Ivoire,2,0,none,weighted_lr,0.0
2016,CMR,Cameroon,0,0,none,weighted_lr,0.08942395895722832
2016,COD,"Congo, Dem. Rep.",0,0,none,weighted_lr,0.0
2016,COG,"Congo, Rep.",0,0,none,weighted_lr,0.0
2016,COL,Colombia,8,8,none,weighted_lr,10.818597217379889
2016,COM,Comoros,0,0,none,weighted_lr,0.0
2016,CPV,Cabo Verde,0,0,none,weighted_lr,0.0
2016,CRI,Costa Rica,0,0,none,weighted_lr,0.0
2016,CUB,Cuba,11,14,none,weighted_lr,11.822089928768445
2016,CYM,Cayman Islands,0,0,none,weighted_lr,0.0
2016,CYP,Cyprus,0,1,none,weighted_lr,0.0
2016,CZE,Czechia,10,10,none,weighted_lr,9.101729008123758
2016,DEU,Germany,42,44,none,weighted_lr,47.397487767872796
2016,DJI,Djibouti,0,0,none,weighted_lr,0.0
2016,DMA,Dominica,0,0,none,weighted_lr,0.0
2016,DNK,Denmark,15,9,none,weighted_lr,8.858910277101337
2016,DOM,Dominican Republic,1,2,none,weighted_lr,1.1224991330300167
2016,DZA,Algeria,2,1,none,weighted_lr,3.4675686941236217
2016,ECU,Ecuador,0,0,none,weighted_lr,0.7700916968212517
2016,EGY,"Egypt, Arab Rep.",3,2,none,weighted_lr,7.0001987154279615
2016,ESP,Spain,17,17,none,weighted_lr,24.589400945675443
2016,EST,Estonia,1,2,none,weighted_lr,1.7952965439044952
2016,ETH,Ethiopia,8,7,none,weighted_lr,5.066291140672897
2016,FIN,Finland,1,3,none,weighted_lr,2.698488073356402
2016,FJI,Fiji,1,0,none,weighted_lr,1.3110499689956456
2016,FRA,France,42,35,none,weighted_lr,39.89500123391274
2016,FSM,"Micronesia, Fed. Sts.",0,0,none,weighted_lr,0.0
2016,GAB,Gabon,0,1,none,weighted_lr,0.0
2016,GBR,United Kingdom,67,65,none,weighted_lr,53.86699809829851
2016,GEO,Georgia,7,7,none,weighted_lr,4.312075639256363
2016,GHA,Ghana,0,0,none,weighted_lr,0.0
2016,GIN,Guinea,0,0,none,weighted_lr,0.0
2016,GMB,"Gambia, The",0,0,none,weighted_lr,0.0
2016,GNB,Guinea-Bissau,0,0,none,weighted_lr,0.0
2016,GNQ,Equatorial Guinea,0,0,none,weighted_lr,0.0
2016,GRC,Greece,6,2,none,weighted_lr,4.431458087791864
2016,GRD,Grenada,1,1,none,weighted_lr,0.0
2016,GTM,Guatemala,0,1,none,weighted_lr,0.431295602392173
2016,GUM,Guam,0,0,none,weighted_lr,0.0
2016,GUY,Guyana,0,0,none,weighted_lr,0.0
2016,HKG,"Hong Kong SAR, China",0,1,none,weighted_lr,0.8781000422360661
2016,HND,Honduras,0,0,none,weighted_lr,0.0
2016,HRV,Croatia,10,6,none,weighted_lr,5.956581174809227
2016,HTI,Haiti,0,0,none,weighted_lr,0.0
2016,HUN,Hungary,15,18,none,weighted_lr,15.677668005393055
2016,IDN,Indonesia,3,2,none,weighted_lr,4.323923759896661
2016,IND,India,2,6,none,weighted_lr,18.1519428914511
2016,IRL,Ireland,2,5,none,weighted_lr,4.48803113933058
2016,IRN,"Iran, Islamic Rep.",8,12,none,weighted_lr,9.511552137593668
2016,IRQ,Iraq,0,0,none,weighted_lr,0.2297220512035496
2016,ISL,Iceland,0,0,none,weighted_lr,0.0
2016,ISR,Israel,2,0,none,weighted_lr,0.9770731618353778
2016,ITA,Italy,28,28,none,weighted_lr,31.263953130126335
2016,JAM,Jamaica,11,12,none,weighted_lr,7.6243175518579545
2016,JOR,Jordan,1,0,none,weighted_lr,0.0
2016,JPN,Japan,41,38,none,weighted_lr,42.94281418068139
2016,KAZ,Kazakhstan,18,13,none,weighted_lr,11.306961496636253
2016,KEN,Kenya,13,11,none,weighted_lr,8.769865309360938
2016,KGZ,Kyrgyz Republic,0,0,none,weighted_lr,0.0
2016,KHM,Cambodia,0,0,none,weighted_lr,0.0
2016,KIR,Kiribati,0,0,none,weighted_lr,0.0
2016,KNA,St. Kitts and Nevis,0,0,none,weighted_lr,0.0
2016,KOR,"Korea, Rep.",21,28,none,weighted_lr,25.610681434981892
2016,LAO,Lao PDR,0,0,none,weighted_lr,0.0
2016,LBN,Lebanon,0,0,none,weighted_lr,0.0
2016,LBR,Liberia,0,0,none,weighted_lr,0.0
2016,LBY,Libya,0,0,none,weighted_lr,0.0
2016,LCA,St. Lucia,0,0,none,weighted_lr,0.0
2016,LKA,Sri Lanka,0,0,none,weighted_lr,0.0
2016,LSO,Lesotho,0,0,none,weighted_lr,0.0
2016,LTU,Lithuania,4,5,none,weighted_lr,4.491362352417397
2016,LUX,Luxembourg,0,0,none,weighted_lr,0.0
2016,LVA,Latvia,0,2,none,weighted_lr,1.200077993654408
2016,MAR,Morocco,1,1,none,weighted_lr,2.044258109053805
2016,MCO,Monaco,0,0,none,weighted_lr,0.0
2016,MDA,Moldova,0,2,none,weighted_lr,0.9142300206776919
2016,MDG,Madagascar,0,0,none,weighted_lr,0.0
2016,MDV,Maldives,0,0,none,weighted_lr,0.0
2016,MEX,Mexico,5,7,none,weighted_lr,11.14037823387608
2016,MHL,Marshall Islands,0,0,none,weighted_lr,0.0
2016,MKD,North Macedonia,0,0,none,weighted_lr,0.0
2016,MLI,Mali,0,0,none,weighted_lr,0.0
2016,MLT,Malta,0,0,none,weighted_lr,0.0
2016,MMR,Myanmar,0,0,none,weighted_lr,0.0
2016,MNE,Montenegro,0,1,none,weighted_lr,0.8959030889304
2016,MNG,Mongolia,2,5,none,weighted_lr,3.8136295017247797
2016,MOZ,Mozambique,0,0,none,weighted_lr,0.0
2016,MRT,Mauritania,0,0,none,weighted_lr,0.0
2016,MUS,Mauritius,0,0,none,weighted_lr,0.0
2016,MWI,Malawi,0,0,none,weighted_lr,0.0
2016,MYS,Malaysia,5,2,none,weighted_lr,1.9036207596868717
2016,NAM,Namibia,0,0,none,weighted_lr,0.0
2016,NER,Niger,1,0,none,weighted_lr,0.0
2016,NGA,Nigeria,1,0,none,weighted_lr,4.030313416509955
2016,NIC,Nicaragua,0,0,none,weighted_lr,0.0
2016,NLD,Netherlands,19,20,none,weighted_lr,21.318097561721974
2016,NOR,Norway,4,4,none,weighted_lr,3.3273835419811233
2016,NPL,Nepal,0,0,none,weighted_lr,0.0
2016,NRU,Naoero,0,0,none,weighted_lr,0.0
2016,NZL,New Zealand,18,13,none,weighted_lr,14.792667350897425
2016,OMN,Oman,0,0,none,weighted_lr,0.0
2016,PAK,Pakistan,0,0,none,weighted_lr,0.8118976515909666
2016,PAN,Panama,0,0,none,weighted_lr,0.0
2016,PER,Peru,0,0,none,weighted_lr,0.8649319971392804
2016,PHL,Philippines,1,0,none,weighted_lr,0.42899059863436495
2016,PLW,Palau,0,0,none,weighted_lr,0.0
2016,PNG,Papua New Guinea,0,0,none,weighted_lr,0.0
2016,POL,Poland,11,10,none,weighted_lr,16.314302295972944
2016,PRI,Puerto Rico (US),1,2,none,weighted_lr,1.4314027187345686
2016,PRT,Portugal,1,1,none,weighted_lr,3.795609572781094
2016,PRY,Paraguay,0,0,none,weighted_lr,0.0
2016,PSE,West Bank and Gaza,0,0,none,weighted_lr,0.0
2016,QAT,Qatar,1,2,none,weighted_lr,0.7629823770181634
2016,ROU,Romania,4,9,none,weighted_lr,8.373970132444658
2016,RUS,Russian Federation,56,82,none,weighted_lr,61.74329043579029
2016,RWA,Rwanda,0,0,none,weighted_lr,0.0
2016,SAU,Saudi Arabia,0,1,none,weighted_lr,1.1449302434816957
2016,SDN,Sudan,0,0,none,weighted_lr,0.0
2016,SEN,Senegal,0,0,none,weighted_lr,0.0
2016,SGP,Singapore,1,2,none,weighted_lr,0.5470738787443059
2016,SLB,Solomon Islands,0,0,none,weighted_lr,0.0
2016,SLE,Sierra Leone,0,0,none,weighted_lr,0.0
2016,SLV,El Salvador,0,0,none,weighted_lr,0.0
2016,SMR,San Marino,0,0,none,weighted_lr,0.0
2016,SOM,"Somalia, Fed. Rep.",0,0,none,weighted_lr,0.0
2016,SRB,Serbia,8,4,none,weighted_lr,5.949590772798013
2016,STP,Sao Tome and Principe,0,0,none,weighted_lr,0.0
2016,SUR,Suriname,0,0,none,weighted_lr,0.0
2016,SVK,Slovak Republic,4,4,none,weighted_lr,3.225121443996625
2016,SVN,Slovenia,4,4,none,weighted_lr,3.6453511831303516
2016,SWE,Sweden,11,8,none,weighted_lr,10.369156379846384
2016,SWZ,Eswatini,0,0,none,weighted_lr,0.0
2016,SYC,Seychelles,0,0,none,weighted_lr,0.0
2016,SYR,Syrian Arab Republic,0,0,none,weighted_lr,0.0
2016,TCD,Chad,0,0,none,weighted_lr,0.0
2016,TGO,Togo,0,0,none,weighted_lr,0.0
2016,THA,Thailand,6,3,none,weighted_lr,3.993376362047729
2016,TJK,Tajikistan,1,1,none,weighted_lr,0.0
2016,TKM,Turkmenistan,0,0,none,weighted_lr,0.0
2016,TLS,Timor-Leste,0,0,none,weighted_lr,0.0
2016,TON,Tonga,0,0,none,weighted_lr,0.0
2016,TTO,Trinidad and Tobago,1,4,none,weighted_lr,1.9124488079335626
2016,TUN,Tunisia,3,3,none,weighted_lr,3.4101371392817317
2016,TUR,Turkiye,8,5,none,weighted_lr,8.042171893893396
2016,TUV,Tuvalu,0,0,none,weighted_lr,0.0
2016,TZA,Tanzania,0,0,none,weighted_lr,0.0
2016,UGA,Uganda,0,1,none,weighted_lr,0.5546697504651892
2016,UKR,Ukraine,11,20,none,weighted_lr,19.627277379736565
2016,URY,Uruguay,0,0,none,weighted_lr,0.0
2016,USA,United States,121,103,none,weighted_lr,111.72252684750414
2016,UZB,Uzbekistan,13,3,none,weighted_lr,4.12913607629602
2016,VCT,St. Vincent and the Grenadines,0,0,none,weighted_lr,0.0
2016,VEN,"Venezuela, RB",3,1,none,weighted_lr,3.9511904029385505
2016,VIR,Virgin Islands (U.S.),0,0,none,weighted_lr,0.0
2016,VNM,Viet Nam,2,0,none,weighted_lr,0.7280762748644349
2016,VUT,Vanuatu,0,0,none,weighted_lr,0.0
2016,WSM,Samoa,0,0,none,weighted_lr,0.0
2016,YEM,"Yemen, Rep.",0,0,none,weighted_lr,0.0
2016,ZAF,South Africa,10,6,none,weighted_lr,9.53851898809916
2016,ZMB,Zambia,0,0,none,weighted_lr,0.0
2016,ZWE,Zimbabwe,0,0,none,weighted_lr,0.4086779692421283
2016,ABW,Aruba,0,0,none,ridge,0.0
2016,AFG,Afghanistan,0,1,none,ridge,0.12215700502039084
2016,AGO,Angola,0,0,none,ridge,1.0126442763462453
2016,ALB,Albania,0,0,none,ridge,0.0
2016,AND,Andorra,0,0,none,ridge,0.0
2016,ARE,United Arab Emirates,1,0,none,ridge,0.0
2016,ARG,Argentina,4,4,none,ridge,13.37188043355545
2016,ARM,Armenia,4,3,none,ridge,2.0132142072239687
2016,ASM,American Samoa,0,0,none,ridge,0.0
2016,ATG,Antigua and Barbuda,0,0,none,ridge,0.0
2016,AUS,Australia,29,35,none,ridge,40.3440424663233
2016,AUT,Austria,1,0,none,ridge,2.5382351533091407
2016,AZE,Azerbaijan,18,10,none,ridge,6.760040654729631
2016,BDI,Burundi,1,0,none,ridge,0.0
2016,BEL,Belgium,6,3,none,ridge,5.781837582589475
2016,BEN,Benin,0,0,none,ridge,0.0
2016,BFA,Burkina Faso,0,0,none,ridge,0.0
2016,BGD,Bangladesh,0,0,none,ridge,0.512295349400917
2016,BGR,Bulgaria,3,2,none,ridge,2.537620379203202
2016,BHR,Bahrain,2,1,none,ridge,0.9623870941999262
2016,BHS,"Bahamas, The",2,1,none,ridge,0.522552099363943
2016,BIH,Bosnia and Herzegovina,0,0,none,ridge,0.0
2016,BLR,Belarus,9,12,none,ridge,10.917098579343465
2016,BLZ,Belize,0,0,none,ridge,0.0
2016,BMU,Bermuda,0,0,none,ridge,0.0
2016,BOL,Bolivia,0,0,none,ridge,0.07251816930827548
2016,BRA,Brazil,19,17,none,ridge,36.23649212595494
2016,BRB,Barbados,0,0,none,ridge,0.0
2016,BRN,Brunei Darussalam,0,0,none,ridge,0.0
2016,BTN,Bhutan,0,0,none,ridge,0.0
2016,BWA,Botswana,0,1,none,ridge,0.27035396845098614
2016,CAF,Central African Republic,0,0,none,ridge,0.0
2016,CAN,Canada,22,18,none,ridge,27.6830176629564
2016,CHE,Switzerland,7,4,none,ridge,5.825098245658937
2016,CHL,Chile,0,0,none,ridge,1.6346495351038866
2016,CHN,China,70,88,none,ridge,86.7043444920937
2016,CIV,Cote d'Ivoire,2,0,none,ridge,0.0
2016,CMR,Cameroon,0,0,none,ridge,0.5087271472228885
2016,COD,"Congo, Dem. Rep.",0,0,none,ridge,0.445412365245498
2016,COG,"Congo, Rep.",0,0,none,ridge,0.0
2016,COL,Colombia,8,8,none,ridge,10.932827665429443
2016,COM,Comoros,0,0,none,ridge,0.0
2016,CPV,Cabo Verde,0,0,none,ridge,0.0
2016,CRI,Costa Rica,0,0,none,ridge,0.0
2016,CUB,Cuba,11,14,none,ridge,11.719730397247817
2016,CYM,Cayman Islands,0,0,none,ridge,0.0
2016,CYP,Cyprus,0,1,none,ridge,0.0
2016,CZE,Czechia,10,10,none,ridge,9.125151996223545
2016,DEU,Germany,42,44,none,ridge,46.18035336999093
2016,DJI,Djibouti,0,0,none,ridge,0.0
2016,DMA,Dominica,0,0,none,ridge,0.0
2016,DNK,Denmark,15,9,none,ridge,8.960895584478124
2016,DOM,Dominican Republic,1,2,none,ridge,1.4033308162892029
2016,DZA,Algeria,2,1,none,ridge,3.8788744085625453
2016,ECU,Ecuador,0,0,none,ridge,1.1355091189151865
2016,EGY,"Egypt, Arab Rep.",3,2,none,ridge,7.284709505725428
2016,ESP,Spain,17,17,none,ridge,24.332608120962323
2016,EST,Estonia,1,2,none,ridge,2.062722881037061
2016,ETH,Ethiopia,8,7,none,ridge,5.23624476045152
2016,FIN,Finland,1,3,none,ridge,2.961270065266156
2016,FJI,Fiji,1,0,none,ridge,1.6282647473852396
2016,FRA,France,42,35,none,ridge,39.021227555082234
2016,FSM,"Micronesia, Fed. Sts.",0,0,none,ridge,0.0
2016,GAB,Gabon,0,1,none,ridge,0.0
2016,GBR,United Kingdom,67,65,none,ridge,52.095897403853115
2016,GEO,Georgia,7,7,none,ridge,4.418080483694936
2016,GHA,Ghana,0,0,none,ridge,0.014576962075536493
2016,GIN,Guinea,0,0,none,ridge,0.0
2016,GMB,"Gambia, The",0,0,none,ridge,0.0
2016,GNB,Guinea-Bissau,0,0,none,ridge,0.0
2016,GNQ,Equatorial Guinea,0,0,none,ridge,0.0
2016,GRC,Greece,6,2,none,ridge,4.673250160071245
2016,GRD,Grenada,1,1,none,ridge,0.0
2016,GTM,Guatemala,0,1,none,ridge,0.7711740745941271
2016,GUM,Guam,0,0,none,ridge,0.0
2016,GUY,Guyana,0,0,none,ridge,0.0
2016,HKG,"Hong Kong SAR, China",0,1,none,ridge,1.1930429062701813
2016,HND,Honduras,0,0,none,ridge,0.3252387200323845
2016,HRV,Croatia,10,6,none,ridge,6.057117195223096
2016,HTI,Haiti,0,0,none,ridge,0.0
2016,HUN,Hungary,15,18,none,ridge,15.447587226271438
2016,IDN,Indonesia,3,2,none,ridge,4.458428103894874
2016,IND,India,2,6,none,ridge,17.495658789718377
2016,IRL,Ireland,2,5,none,ridge,4.738446099979656
2016,IRN,"Iran, Islamic Rep.",8,12,none,ridge,9.491812167101369
2016,IRQ,Iraq,0,0,none,ridge,0.5954246720555876
2016,ISL,Iceland,0,0,none,ridge,0.0
2016,ISR,Israel,2,0,none,ridge,1.3628787368666138
2016,ITA,Italy,28,28,none,ridge,30.611025850435666
2016,JAM,Jamaica,11,12,none,ridge,7.59153579705335
2016,JOR,Jordan,1,0,none,ridge,0.0
2016,JPN,Japan,41,38,none,ridge,41.71224525440017
2016,KAZ,Kazakhstan,18,13,none,ridge,11.381394158475743
2016,KEN,Kenya,13,11,none,ridge,8.825596997507178
2016,KGZ,Kyrgyz Republic,0,0,none,ridge,0.14395213471712065
2016,KHM,Cambodia,0,0,none,ridge,0.0
2016,KIR,Kiribati,0,0,none,ridge,0.0
2016,KNA,St. Kitts and Nevis,0,0,none,ridge,0.0
2016,KOR,"Korea, Rep.",21,28,none,ridge,24.99224999615998
2016,LAO,Lao PDR,0,0,none,ridge,0.0
2016,LBN,Lebanon,0,0,none,ridge,0.0
2016,LBR,Liberia,0,0,none,ridge,0.0
2016,LBY,Libya,0,0,none,ridge,0.0
2016,LCA,St. Lucia,0,0,none,ridge,0.0
2016,LKA,Sri Lanka,0,0,none,ridge,0.0
2016,LSO,Lesotho,0,0,none,ridge,0.0
2016,LTU,Lithuania,4,5,none,ridge,4.622200902702965
2016,LUX,Luxembourg,0,0,none,ridge,0.0
2016,LVA,Latvia,0,2,none,ridge,1.427676613032033
2016,MAR,Morocco,1,1,none,ridge,2.362455889161782
2016,MCO,Monaco,0,0,none,ridge,0.0
2016,MDA,Moldova,0,2,none,ridge,1.1182423944662778
2016,MDG,Madagascar,0,0,none,ridge,0.0
2016,MDV,Maldives,0,0,none,ridge,0.0
2016,MEX,Mexico,5,7,none,ridge,11.20713501032845
2016,MHL,Marshall Islands,0,0,none,ridge,0.0
2016,MKD,North Macedonia,0,0,none,ridge,0.0
2016,MLI,Mali,0,0,none,ridge,0.0
2016,MLT,Malta,0,0,none,ridge,0.0
2016,MMR,Myanmar,0,0,none,ridge,0.0
2016,MNE,Montenegro,0,1,none,ridge,1.1843133365361225
2016,MNG,Mongolia,2,5,none,ridge,4.111009653869517
2016,MOZ,Mozambique,0,0,none,ridge,0.0
2016,MRT,Mauritania,0,0,none,ridge,0.0
2016,MUS,Mauritius,0,0,none,ridge,0.0
2016,MWI,Malawi,0,0,none,ridge,0.0
2016,MYS,Malaysia,5,2,none,ridge,2.194952239161457
2016,NAM,Namibia,0,0,none,ridge,0.0
2016,NER,Niger,1,0,none,ridge,0.0
2016,NGA,Nigeria,1,0,none,ridge,4.3326466280410045
2016,NIC,Nicaragua,0,0,none,ridge,0.0
2016,NLD,Netherlands,19,20,none,ridge,21.04055726791795
2016,NOR,Norway,4,4,none,ridge,3.6046668957768278
2016,NPL,Nepal,0,0,none,ridge,0.0
2016,NRU,Naoero,0,0,none,ridge,0.0
2016,NZL,New Zealand,18,13,none,ridge,14.839946994944192
2016,OMN,Oman,0,0,none,ridge,0.0
2016,PAK,Pakistan,0,0,none,ridge,1.0423716247339794
2016,PAN,Panama,0,0,none,ridge,0.0
2016,PER,Peru,0,0,none,ridge,1.2417000917998235
2016,PHL,Philippines,1,0,none,ridge,0.7075653536713955
2016,PLW,Palau,0,0,none,ridge,0.0
2016,PNG,Papua New Guinea,0,0,none,ridge,0.0
2016,POL,Poland,11,10,none,ridge,16.301539680511777
2016,PRI,Puerto Rico (US),1,2,none,ridge,1.6474829544989866
2016,PRT,Portugal,1,1,none,ridge,4.067445257309321
2016,PRY,Paraguay,0,0,none,ridge,0.0
2016,PSE,West Bank and Gaza,0,0,none,ridge,0.0
2016,QAT,Qatar,1,2,none,ridge,1.2627781755301544
2016,ROU,Romania,4,9,none,ridge,8.390015330285422
2016,RUS,Russian Federation,56,82,none,ridge,60.09217973066015
2016,RWA,Rwanda,0,0,none,ridge,0.0
2016,SAU,Saudi Arabia,0,1,none,ridge,1.5914479228590457
2016,SDN,Sudan,0,0,none,ridge,0.22821288847843402
2016,SEN,Senegal,0,0,none,ridge,0.3695839535170604
2016,SGP,Singapore,1,2,none,ridge,0.8684718806828622
2016,SLB,Solomon Islands,0,0,none,ridge,0.0
2016,SLE,Sierra Leone,0,0,none,ridge,0.0
2016,SLV,El Salvador,0,0,none,ridge,0.0
2016,SMR,San Marino,0,0,none,ridge,0.0
2016,SOM,"Somalia, Fed. Rep.",0,0,none,ridge,0.0
2016,SRB,Serbia,8,4,none,ridge,6.125853707822253
2016,STP,Sao Tome and Principe,0,0,none,ridge,0.0
2016,SUR,Suriname,0,0,none,ridge,0.0
2016,SVK,Slovak Republic,4,4,none,ridge,3.4296024773767932
2016,SVN,Slovenia,4,4,none,ridge,3.8562710668577003
2016,SWE,Sweden,11,8,none,ridge,10.514138659080631
2016,SWZ,Eswatini,0,0,none,ridge,0.0
2016,SYC,Seychelles,0,0,none,ridge,0.0
2016,SYR,Syrian Arab Republic,0,0,none,ridge,0.0
2016,TCD,Chad,0,0,none,ridge,0.0
2016,TGO,Togo,0,0,none,ridge,0.0
2016,THA,Thailand,6,3,none,ridge,4.1812398292899084
2016,TJK,Tajikistan,1,1,none,ridge,0.03816129149209946
2016,TKM,Turkmenistan,0,0,none,ridge,0.0
2016,TLS,Timor-Leste,0,0,none,ridge,0.0
2016,TON,Tonga,0,0,none,ridge,0.0
2016,TTO,Trinidad and Tobago,1,4,none,ridge,2.1428039525081366
2016,TUN,Tunisia,3,3,none,ridge,3.674217260430856
2016,TUR,Turkiye,8,5,none,ridge,8.180016877663633
2016,TUV,Tuvalu,0,0,none,ridge,0.0
2016,TZA,Tanzania,0,0,none,ridge,0.057225533560659514
2016,UGA,Uganda,0,1,none,ridge,0.9372580531307233
2016,UKR,Ukraine,11,20,none,ridge,19.332425069934352
2016,URY,Uruguay,0,0,none,ridge,0.0
2016,USA,United States,121,103,none,ridge,107.73124853211367
2016,UZB,Uzbekistan,13,3,none,ridge,4.403503754709279
2016,VCT,St. Vincent and the Grenadines,0,0,none,ridge,0.0
2016,VEN,"Venezuela, RB",3,1,none,ridge,4.29509387892864
2016,VIR,Virgin Islands (U.S.),0,0,none,ridge,0.0
2016,VNM,Viet Nam,2,0,none,ridge,1.0173488036216316
2016,VUT,Vanuatu,0,0,none,ridge,0.0
2016,WSM,Samoa,0,0,none,ridge,0.0
2016,YEM,"Yemen, Rep.",0,0,none,ridge,0.0
2016,ZAF,South Africa,10,6,none,ridge,9.706291630190194
2016,ZMB,Zambia,0,0,none,ridge,0.0
2016,ZWE,Zimbabwe,0,0,none,ridge,0.7771195401762037
2016,ABW,Aruba,0,0,none,lasso,0.0
2016,AFG,Afghanistan,0,1,none,lasso,0.30217493828380615
2016,AGO,Angola,0,0,none,lasso,1.0206786268173809
2016,ALB,Albania,0,0,none,lasso,0.0
2016,AND,Andorra,0,0,none,lasso,0.0
2016,ARE,United Arab Emirates,1,0,none,lasso,0.0
2016,ARG,Argentina,4,4,none,lasso,12.834132400612809
2016,ARM,Armenia,4,3,none,lasso,2.335458188453207
2016,ASM,American Samoa,0,0,none,lasso,0.0
2016,ATG,Antigua and Barbuda,0,0,none,lasso,0.0
2016,AUS,Australia,29,35,none,lasso,39.821730675565334
2016,AUT,Austria,1,0,none,lasso,2.7391599432849523
2016,AZE,Azerbaijan,18,10,none,lasso,7.168564702357353
2016,BDI,Burundi,1,0,none,lasso,0.0
2016,BEL,Belgium,6,3,none,lasso,5.953499062833642
2016,BEN,Benin,0,0,none,lasso,0.0
2016,BFA,Burkina Faso,0,0,none,lasso,0.0
2016,BGD,Bangladesh,0,0,none,lasso,0.6335659966833793
2016,BGR,Bulgaria,3,2,none,lasso,2.80474757901794
2016,BHR,Bahrain,2,1,none,lasso,1.2148067867833907
2016,BHS,"Bahamas, The",2,1,none,lasso,0.9308531398043711
2016,BIH,Bosnia and Herzegovina,0,0,none,lasso,0.0
2016,BLR,Belarus,9,12,none,lasso,11.23204948219648
2016,BLZ,Belize,0,0,none,lasso,0.0
2016,BMU,Bermuda,0,0,none,lasso,0.0
2016,BOL,Bolivia,0,0,none,lasso,0.21174801820163136
2016,BRA,Brazil,19,17,none,lasso,34.52382787166944
2016,BRB,Barbados,0,0,none,lasso,0.0
2016,BRN,Brunei Darussalam,0,0,none,lasso,0.0
2016,BTN,Bhutan,0,0,none,lasso,0.0
2016,BWA,Botswana,0,1,none,lasso,0.5102819405699783
2016,CAF,Central African Republic,0,0,none,lasso,0.0
2016,CAN,Canada,22,18,none,lasso,26.713300705599515
2016,CHE,Switzerland,7,4,none,lasso,6.203510015417203
2016,CHL,Chile,0,0,none,lasso,1.7142876512687977
2016,CHN,China,70,88,none,lasso,83.73088869731795
2016,CIV,Cote d'Ivoire,2,0,none,lasso,0.12222143692790599
2016,CMR,Cameroon,0,0,none,lasso,0.6058783149956692
2016,COD,"Congo, Dem. Rep.",0,0,none,lasso,0.4310219812579197
2016,COG,"Congo, Rep.",0,0,none,lasso,0.0
2016,COL,Colombia,8,8,none,lasso,10.885988884425856
2016,COM,Comoros,0,0,none,lasso,0.0
2016,CPV,Cabo Verde,0,0,none,lasso,0.0
2016,CRI,Costa Rica,0,0,none,lasso,0.0
2016,CUB,Cuba,11,14,none,lasso,12.120100594656332
2016,CYM,Cayman Islands,0,0,none,lasso,0.0
2016,CYP,Cyprus,0,1,none,lasso,0.34941839126268537
2016,CZE,Czechia,10,10,none,lasso,9.4644997961015
2016,DEU,Germany,42,44,none,lasso,45.62401739562124
2016,DJI,Djibouti,0,0,none,lasso,0.0
2016,DMA,Dominica,0,0,none,lasso,0.0
2016,DNK,Denmark,15,9,none,lasso,9.402220820895089
2016,DOM,Dominican Republic,1,2,none,lasso,1.6605523316202357
2016,DZA,Algeria,2,1,none,lasso,3.745419444389353
2016,ECU,Ecuador,0,0,none,lasso,1.2606561364172064
2016,EGY,"Egypt, Arab Rep.",3,2,none,lasso,7.048518642143469
2016,ESP,Spain,17,17,none,lasso,23.96973220609164
2016,EST,Estonia,1,2,none,lasso,2.389512587583304
2016,ETH,Ethiopia,8,7,none,lasso,5.433153995724906
2016,FIN,Finland,1,3,none,lasso,3.3535797932476203
2016,FJI,Fiji,1,0,none,lasso,1.7968635847431056
2016,FRA,France,42,35,none,lasso,38.59905922319133
2016,FSM,"Micronesia, Fed. Sts.",0,0,none,lasso,0.0
2016,GAB,Gabon,0,1,none,lasso,0.15539853324377084
2016,GBR,United Kingdom,67,65,none,lasso,52.63236216251849
2016,GEO,Georgia,7,7,none,lasso,4.82183188338579
2016,GHA,Ghana,0,0,none,lasso,0.17019664529798373
2016,GIN,Guinea,0,0,none,lasso,0.0
2016,GMB,"Gambia, The",0,0,none,lasso,0.0
2016,GNB,Guinea-Bissau,0,0,none,lasso,0.0
2016,GNQ,Equatorial Guinea,0,0,none,lasso,0.0
2016,GRC,Greece,6,2,none,lasso,4.813143237971015
2016,GRD,Grenada,1,1,none,lasso,0.04747507503684911
2016,GTM,Guatemala,0,1,none,lasso,0.9691394319700275
2016,GUM,Guam,0,0,none,lasso,0.0
2016,GUY,Guyana,0,0,none,lasso,0.0
2016,HKG,"Hong Kong SAR, China",0,1,none,lasso,1.5570521344261303
2016,HND,Honduras,0,0,none,lasso,0.49076161858342715
2016,HRV,Croatia,10,6,none,lasso,6.3807408638235055
2016,HTI,Haiti,0,0,none,lasso,0.0
2016,HUN,Hungary,15,18,none,lasso,15.89528403570532
2016,IDN,Indonesia,3,2,none,lasso,4.214792832940029
2016,IND,India,2,6,none,lasso,16.368926248067186
2016,IRL,Ireland,2,5,none,lasso,5.226247731992953
2016,IRN,"Iran, Islamic Rep.",8,12,none,lasso,9.665963553035159
2016,IRQ,Iraq,0,0,none,lasso,0.6868013943246174
2016,ISL,Iceland,0,0,none,lasso,0.0
2016,ISR,Israel,2,0,none,lasso,1.5865482856604722
2016,ITA,Italy,28,28,none,lasso,30.406486990297758
2016,JAM,Jamaica,11,12,none,lasso,8.109000044883343
2016,JOR,Jordan,1,0,none,lasso,0.0
2016,JPN,Japan,41,38,none,lasso,40.662942454479065
2016,KAZ,Kazakhstan,18,13,none,lasso,11.542643272550041
2016,KEN,Kenya,13,11,none,lasso,9.096212659743067
2016,KGZ,Kyrgyz Republic,0,0,none,lasso,0.3030274086694167
2016,KHM,Cambodia,0,0,none,lasso,0.0
2016,KIR,Kiribati,0,0,none,lasso,0.0
2016,KNA,St. Kitts and Nevis,0,0,none,lasso,0.0
2016,KOR,"Korea, Rep.",21,28,none,lasso,25.176478448603085
2016,LAO,Lao PDR,0,0,none,lasso,0.0
2016,LBN,Lebanon,0,0,none,lasso,0.0
2016,LBR,Liberia,0,0,none,lasso,0.0
2016,LBY,Libya,0,0,none,lasso,0.08812142563942427
2016,LCA,St. Lucia,0,0,none,lasso,0.0
2016,LKA,Sri Lanka,0,0,none,lasso,0.0
2016,LSO,Lesotho,0,0,none,lasso,0.0
2016,LTU,Lithuania,4,5,none,lasso,4.9852608372307206
2016,LUX,Luxembourg,0,0,none,lasso,0.0
2016,LVA,Latvia,0,2,none,lasso,1.7890291709518347
2016,MAR,Morocco,1,1,none,lasso,2.454636139348332
2016,MCO,Monaco,0,0,none,lasso,0.0
2016,MDA,Moldova,0,2,none,lasso,1.4503666581468826
2016,MDG,Madagascar,0,0,none,lasso,0.0
2016,MDV,Maldives,0,0,none,lasso,0.0
2016,MEX,Mexico,5,7,none,lasso,10.84741154291692
2016,MHL,Marshall Islands,0,0,none,lasso,0.0
2016,MKD,North Macedonia,0,0,none,lasso,0.0
2016,MLI,Mali,0,0,none,lasso,0.0
2016,MLT,Malta,0,0,none,lasso,0.0
2016,MMR,Myanmar,0,0,none,lasso,0.08975272818960622
2016,MNE,Montenegro,0,1,none,lasso,1.4435679914537447
2016,MNG,Mongolia,2,5,none,lasso,4.279549052007594
2016,MOZ,Mozambique,0,0,none,lasso,0.0
2016,MRT,Mauritania,0,0,none,lasso,0.0
2016,MUS,Mauritius,0,0,none,lasso,0.0
2016,MWI,Malawi,0,0,none,lasso,0.0
2016,MYS,Malaysia,5,2,none,lasso,2.3291336558010363
2016,NAM,Namibia,0,0,none,lasso,0.0
2016,NER,Niger,1,0,none,lasso,0.008084599145699478
2016,NGA,Nigeria,1,0,none,lasso,4.120332165446423
2016,NIC,Nicaragua,0,0,none,lasso,0.0
2016,NLD,Netherlands,19,20,none,lasso,21.274280069229007
2016,NOR,Norway,4,4,none,lasso,4.123534869962707
2016,NPL,Nepal,0,0,none,lasso,0.0
2016,NRU,Naoero,0,0,none,lasso,0.0
2016,NZL,New Zealand,18,13,none,lasso,15.079889050026381
2016,OMN,Oman,0,0,none,lasso,0.0
2016,PAK,Pakistan,0,0,none,lasso,1.0766926158547672
2016,PAN,Panama,0,0,none,lasso,0.0
2016,PER,Peru,0,0,none,lasso,1.2857439108361093
2016,PHL,Philippines,1,0,none,lasso,0.7869257284747788
2016,PLW,Palau,0,0,none,lasso,0.0
2016,PNG,Papua New Guinea,0,0,none,lasso,0.0
2016,POL,Poland,11,10,none,lasso,16.123979500353343
2016,PRI,Puerto Rico (US),1,2,none,lasso,2.0861495828904744
2016,PRT,Portugal,1,1,none,lasso,4.190373559746138
2016,PRY,Paraguay,0,0,none,lasso,0.0
2016,PSE,West Bank and Gaza,0,0,none,lasso,0.0
2016,QAT,Qatar,1,2,none,lasso,1.6823155175643052
2016,ROU,Romania,4,9,none,lasso,8.679095681325627
2016,RUS,Russian Federation,56,82,none,lasso,60.504357103053266
2016,RWA,Rwanda,0,0,none,lasso,0.0
2016,SAU,Saudi Arabia,0,1,none,lasso,1.5175753555674016
2016,SDN,Sudan,0,0,none,lasso,0.26119561069382335
2016,SEN,Senegal,0,0,none,lasso,0.4921771076305239
2016,SGP,Singapore,1,2,none,lasso,1.362874980204002
2016,SLB,Solomon Islands,0,0,none,lasso,0.0
2016,SLE,Sierra Leone,0,0,none,lasso,0.0
2016,SLV,El Salvador,0,0,none,lasso,0.0
2016,SMR,San Marino,0,0,none,lasso,0.0
2016,SOM,"Somalia, Fed. Rep.",0,0,none,lasso,0.0
2016,SRB,Serbia,8,4,none,lasso,6.277921457191704
2016,STP,Sao Tome and Principe,0,0,none,lasso,0.0
2016,SUR,Suriname,0,0,none,lasso,0.0
2016,SVK,Slovak Republic,4,4,none,lasso,3.7639053073030366
2016,SVN,Slovenia,4,4,none,lasso,4.207366045135141
2016,SWE,Sweden,11,8,none,lasso,10.709267846405318
2016,SWZ,Eswatini,0,0,none,lasso,0.0
2016,SYC,Seychelles,0,0,none,lasso,0.0
2016,SYR,Syrian Arab Republic,0,0,none,lasso,0.0
2016,TCD,Chad,0,0,none,lasso,0.0
2016,TGO,Togo,0,0,none,lasso,0.0
2016,THA,Thailand,6,3,none,lasso,4.240932993852604
2016,TJK,Tajikistan,1,1,none,lasso,0.2529505996123982
2016,TKM,Turkmenistan,0,0,none,lasso,0.0
2016,TLS,Timor-Leste,0,0,none,lasso,0.0
2016,TON,Tonga,0,0,none,lasso,0.0
2016,TTO,Trinidad and Tobago,1,4,none,lasso,2.5704322515746223
2016,TUN,Tunisia,3,3,none,lasso,3.846262095029487
2016,TUR,Turkiye,8,5,none,lasso,7.999441810681438
2016,TUV,Tuvalu,0,0,none,lasso,0.0
2016,TZA,Tanzania,0,0,none,lasso,0.14017152989004877
2016,UGA,Uganda,0,1,none,lasso,1.0714708692762884
2016,UKR,Ukraine,11,20,none,lasso,19.599623319813553
2016,URY,Uruguay,0,0,none,lasso,0.09258757290808273
2016,USA,United States,121,103,none,lasso,102.75170684803327
2016,UZB,Uzbekistan,13,3,none,lasso,4.483472369746621
2016,VCT,St. Vincent and the Grenadines,0,0,none,lasso,0.0
2016,VEN,"Venezuela, RB",3,1,none,lasso,4.275791529809009
2016,VIR,Virgin Islands (U.S.),0,0,none,lasso,0.0
2016,VNM,Viet Nam,2,0,none,lasso,1.0947697521641722
2016,VUT,Vanuatu,0,0,none,lasso,0.0
2016,WSM,Samoa,0,0,none,lasso,0.0
2016,YEM,"Yemen, Rep.",0,0,none,lasso,0.0
2016,ZAF,South Africa,10,6,none,lasso,9.597366438618085
2016,ZMB,Zambia,0,0,none,lasso,0.0
2016,ZWE,Zimbabwe,0,0,none,lasso,0.9121812656783623
2016,ABW,Aruba,0,0,none,poisson,1.9878040106848658
2016,AFG,Afghanistan,0,1,none,poisson,1.148459167768427
2016,AGO,Angola,0,0,none,poisson,1.0554516547966364
2016,ALB,Albania,0,0,none,poisson,3.03698488763506
2016,AND,Andorra,0,0,none,poisson,2.433865647328384
2016,ARE,United Arab Emirates,1,0,none,poisson,0.7989324210770401
2016,ARG,Argentina,4,4,none,poisson,7.370543620357051
2016,ARM,Armenia,4,3,none,poisson,2.829583065163748
2016,ASM,American Samoa,0,0,none,poisson,2.941114270572299
2016,ATG,Antigua and Barbuda,0,0,none,poisson,1.942528044828835
2016,AUS,Australia,29,35,none,poisson,34.347304907027286
2016,AUT,Austria,1,0,none,poisson,3.00903891765449
2016,AZE,Azerbaijan,18,10,none,poisson,2.4770523243813054
2016,BDI,Burundi,1,0,none,poisson,1.415719596637741
2016,BEL,Belgium,6,3,none,poisson,4.32109513608121
2016,BEN,Benin,0,0,none,poisson,1.0475932810948476
2016,BFA,Burkina Faso,0,0,none,poisson,1.030719011909168
2016,BGD,Bangladesh,0,0,none,poisson,1.7828077225576455
2016,BGR,Bulgaria,3,2,none,poisson,3.9883788720880555
2016,BHR,Bahrain,2,1,none,poisson,1.1199665946845272
2016,BHS,"Bahamas, The",2,1,none,poisson,2.4043059487902045
2016,BIH,Bosnia and Herzegovina,0,0,none,poisson,2.981615142105289
2016,BLR,Belarus,9,12,none,poisson,4.902051853061501
2016,BLZ,Belize,0,0,none,poisson,1.2235569130879438
2016,BMU,Bermuda,0,0,none,poisson,3.4856666784059587
2016,BOL,Bolivia,0,0,none,poisson,1.5389634440108795
2016,BRA,Brazil,19,17,none,poisson,44.57243893630888
2016,BRB,Barbados,0,0,none,poisson,2.2448396235745576
2016,BRN,Brunei Darussalam,0,0,none,poisson,1.741738449709187
2016,BTN,Bhutan,0,0,none,poisson,1.5888088771485587
2016,BWA,Botswana,0,1,none,poisson,1.5731546692535443
2016,CAF,Central African Republic,0,0,none,poisson,1.349882084469196
2016,CAN,Canada,22,18,none,poisson,16.019611147385227
2016,CHE,Switzerland,7,4,none,poisson,4.446856648296732
2016,CHL,Chile,0,0,none,poisson,2.118410676480077
2016,CHN,China,70,88,none,poisson,55.7236403327691
2016,CIV,Cote d'Ivoire,2,0,none,poisson,1.0879731287018117
2016,CMR,Cameroon,0,0,none,poisson,1.1491753469179902
2016,COD,"Congo, Dem. Rep.",0,0,none,poisson,0.9355816297559806
2016,COG,"Congo, Rep.",0,0,none,poisson,1.280864842144335
2016,COL,Colombia,8,8,none,poisson,4.4761026270880855
2016,COM,Comoros,0,0,none,poisson,1.266888502489487
2016,CPV,Cabo Verde,0,0,none,poisson,2.0669829950764167
2016,CRI,Costa Rica,0,0,none,poisson,1.773153738872939
2016,CUB,Cuba,11,14,none,poisson,5.0654114390997105
2016,CYM,Cayman Islands,0,0,none,poisson,1.674946993643964
2016,CYP,Cyprus,0,1,none,poisson,1.7313141013476905
2016,CZE,Czechia,10,10,none,poisson,4.395870837173155
2016,DEU,Germany,42,44,none,poisson,39.35826287968715
2016,DJI,Djibouti,0,0,none,poisson,1.392726039291427
2016,DMA,Dominica,0,0,none,poisson,2.774555711731211
2016,DNK,Denmark,15,9,none,poisson,4.884921600829253
2016,DOM,Dominican Republic,1,2,none,poisson,1.8775429499214191
2016,DZA,Algeria,2,1,none,poisson,1.9487183438960922
2016,ECU,Ecuador,0,0,none,poisson,1.892621246475424
2016,EGY,"Egypt, Arab Rep.",3,2,none,poisson,2.912277417590559
2016,ESP,Spain,17,17,none,poisson,18.481768560316755
2016,EST,Estonia,1,2,none,poisson,2.9531612730211076
2016,ETH,Ethiopia,8,7,none,poisson,1.434506943275398
2016,FIN,Finland,1,3,none,poisson,3.2864977326400773
2016,FJI,Fiji,1,0,none,poisson,2.8645723337460756
2016,FRA,France,42,35,none,poisson,35.756883013977095
2016,FSM,"Micronesia, Fed. Sts.",0,0,none,poisson,1.946625514737
2016,GAB,Gabon,0,1,none,poisson,1.098130583055705
2016,GBR,United Kingdom,67,65,none,poisson,30.96961959490816
2016,GEO,Georgia,7,7,none,poisson,2.724958756734589
2016,GHA,Ghana,0,0,none,poisson,1.2926463017200307
2016,GIN,Guinea,0,0,none,poisson,1.0946068555715485
2016,GMB,"Gambia, The",0,0,none,poisson,1.109388652991245
2016,GNB,Guinea-Bissau,0,0,none,poisson,1.1303139216058582
2016,GNQ,Equatorial Guinea,0,0,none,poisson,0.9199192278792758
2016,GRC,Greece,6,2,none,poisson,4.493818359620226
2016,GRD,Grenada,1,1,none,poisson,1.974371922186185
2016,GTM,Guatemala,0,1,none,poisson,1.5292516155972975
2016,GUM,Guam,0,0,none,poisson,2.69603196137084
2016,GUY,Guyana,0,0,none,poisson,1.8306323190834441
2016,HKG,"Hong Kong SAR, China",0,1,none,poisson,2.6832841767121725
2016,HND,Honduras,0,0,none,poisson,1.5046269215036177
2016,HRV,Croatia,10,6,none,poisson,4.9666242243444945
2016,HTI,Haiti,0,0,none,poisson,1.5543253624321813
2016,HUN,Hungary,15,18,none,poisson,7.221953425649285
2016,IDN,Indonesia,3,2,none,poisson,2.083508808148709
2016,IND,India,2,6,none,poisson,5.510736936054105
2016,IRL,Ireland,2,5,none,poisson,3.346794584989731
2016,IRN,"Iran, Islamic Rep.",8,12,none,poisson,2.386000209855994
2016,IRQ,Iraq,0,0,none,poisson,1.2732757761773779
2016,ISL,Iceland,0,0,none,poisson,1.9740941123874118
2016,ISR,Israel,2,0,none,poisson,1.999289374937438
2016,ITA,Italy,28,28,none,poisson,21.6968597338883
2016,JAM,Jamaica,11,12,none,poisson,3.0030004819610556
2016,JOR,Jordan,1,0,none,poisson,0.7070787090092209
2016,JPN,Japan,41,38,none,poisson,25.94388737594178
2016,KAZ,Kazakhstan,18,13,none,poisson,3.0928362404965646
2016,KEN,Kenya,13,11,none,poisson,2.1867513306150896
2016,KGZ,Kyrgyz Republic,0,0,none,poisson,1.3418464988908154
2016,KHM,Cambodia,0,0,none,poisson,1.4581139570624437
2016,KIR,Kiribati,0,0,none,poisson,1.4409528312729827
2016,KNA,St. Kitts and Nevis,0,0,none,poisson,2.285624844423154
2016,KOR,"Korea, Rep.",21,28,none,poisson,9.548766908704975
2016,LAO,Lao PDR,0,0,none,poisson,1.4175947887972224
2016,LBN,Lebanon,0,0,none,poisson,3.8381679159404523
2016,LBR,Liberia,0,0,none,poisson,1.27865062929597
2016,LBY,Libya,0,0,none,poisson,1.5436225682577482
2016,LCA,St. Lucia,0,0,none,poisson,1.9513027236582006
2016,LKA,Sri Lanka,0,0,none,poisson,1.6452835344861978
2016,LSO,Lesotho,0,0,none,poisson,1.5799584259493642
2016,LTU,Lithuania,4,5,none,poisson,4.522277511164082
2016,LUX,Luxembourg,0,0,none,poisson,2.0389221623291522
2016,LVA,Latvia,0,2,none,poisson,3.300572642270701
2016,MAR,Morocco,1,1,none,poisson,2.1594616002796876
2016,MCO,Monaco,0,0,none,poisson,3.1619932466473437
2016,MDA,Moldova,0,2,none,poisson,3.1142647022215546
2016,MDG,Madagascar,0,0,none,poisson,1.129654309855482
2016,MDV,Maldives,0,0,none,poisson,0.9266236055163981
2016,MEX,Mexico,5,7,none,poisson,4.01752062637027
2016,MHL,Marshall Islands,0,0,none,poisson,3.5902207887046234
2016,MKD,North Macedonia,0,0,none,poisson,2.296536707944559
2016,MLI,Mali,0,0,none,poisson,0.9821398307751177
2016,MLT,Malta,0,0,none,poisson,1.3609495836590242
2016,MMR,Myanmar,0,0,none,poisson,1.7573004434154047
2016,MNE,Montenegro,0,1,none,poisson,2.5361652511710586
2016,MNG,Mongolia,2,5,none,poisson,1.7397386033193294
2016,MOZ,Mozambique,0,0,none,poisson,1.0456855059050953
2016,MRT,Mauritania,0,0,none,poisson,1.0128933598457004
2016,MUS,Mauritius,0,0,none,poisson,2.1981709726827368
2016,MWI,Malawi,0,0,none,poisson,1.0949642644893016
2016,MYS,Malaysia,5,2,none,poisson,1.7131726051605618
2016,NAM,Namibia,0,0,none,poisson,1.166091912983026
2016,NER,Niger,1,0,none,poisson,0.8772518994433945
2016,NGA,Nigeria,1,0,none,poisson,1.9783505758944497
2016,NIC,Nicaragua,0,0,none,poisson,1.5072812685382475
2016,NLD,Netherlands,19,20,none,poisson,11.647477118126925
2016,NOR,Norway,4,4,none,poisson,3.4654630219357574
2016,NPL,Nepal,0,0,none,poisson,1.9187746078705494
2016,NRU,Naoero,0,0,none,poisson,1.37422910110227
2016,NZL,New Zealand,18,13,none,poisson,5.50103816501416
2016,OMN,Oman,0,0,none,poisson,0.7035271414849277
2016,PAK,Pakistan,0,0,none,poisson,1.6633674843303325
2016,PAN,Panama,0,0,none,poisson,1.501982455376602
2016,PER,Peru,0,0,none,poisson,1.8232374463437913
2016,PHL,Philippines,1,0,none,poisson,1.6359792673397842
2016,PLW,Palau,0,0,none,poisson,2.1572376348638085
2016,PNG,Papua New Guinea,0,0,none,poisson,1.177096698404801
2016,POL,Poland,11,10,none,poisson,10.718092958133337
2016,PRI,Puerto Rico (US),1,2,none,poisson,4.423614606578874
2016,PRT,Portugal,1,1,none,poisson,4.301305698449438
2016,PRY,Paraguay,0,0,none,poisson,1.556280219251742
2016,PSE,West Bank and Gaza,0,0,none,poisson,1.209222235313715
2016,QAT,Qatar,1,2,none,poisson,0.9203981860766987
2016,ROU,Romania,4,9,none,poisson,4.7470581620116405
2016,RUS,Russian Federation,56,82,none,poisson,22.954721225853138
2016,RWA,Rwanda,0,0,none,poisson,1.1884352294763798
2016,SAU,Saudi Arabia,0,1,none,poisson,0.979810489860355
2016,SDN,Sudan,0,0,none,poisson,1.0347410368478072
2016,SEN,Senegal,0,0,none,poisson,1.1376406227904419
2016,SGP,Singapore,1,2,none,poisson,2.2369825751869072
2016,SLB,Solomon Islands,0,0,none,poisson,0.8817439764672763
2016,SLE,Sierra Leone,0,0,none,poisson,1.163654641627784
2016,SLV,El Salvador,0,0,none,poisson,2.0115776686338673
2016,SMR,San Marino,0,0,none,poisson,2.161077446662654
2016,SOM,"Somalia, Fed. Rep.",0,0,none,poisson,0.8065578955347579
2016,SRB,Serbia,8,4,none,poisson,4.710822524350331
2016,STP,Sao Tome and Principe,0,0,none,poisson,1.3619893182598588
2016,SUR,Suriname,0,0,none,poisson,1.720219179594329
2016,SVK,Slovak Republic,4,4,none,poisson,3.0069614534926465
2016,SVN,Slovenia,4,4,none,poisson,3.353556647328855
2016,SWE,Sweden,11,8,none,poisson,5.26497514494878
2016,SWZ,Eswatini,0,0,none,poisson,1.7862011230810007
2016,SYC,Seychelles,0,0,none,poisson,1.6052639391011
2016,SYR,Syrian Arab Republic,0,0,none,poisson,2.920281926565184
2016,TCD,Chad,0,0,none,poisson,1.0054143345547057
2016,TGO,Togo,0,0,none,poisson,1.3444104782559887
2016,THA,Thailand,6,3,none,poisson,2.729214685167576
2016,TJK,Tajikistan,1,1,none,poisson,1.1433700121383272
2016,TKM,Turkmenistan,0,0,none,poisson,1.2447258479478847
2016,TLS,Timor-Leste,0,0,none,poisson,1.3045635986320097
2016,TON,Tonga,0,0,none,poisson,2.3761931146980153
2016,TTO,Trinidad and Tobago,1,4,none,poisson,2.587939759005624
2016,TUN,Tunisia,3,3,none,poisson,2.415302074987635
2016,TUR,Turkiye,8,5,none,poisson,3.0777959574416474
2016,TUV,Tuvalu,0,0,none,poisson,2.174034853440625
2016,TZA,Tanzania,0,0,none,poisson,0.9437982084541587
2016,UGA,Uganda,0,1,none,poisson,1.0644077157277574
2016,UKR,Ukraine,11,20,none,poisson,9.822198372582926
2016,URY,Uruguay,0,0,none,poisson,2.237069314809672
2016,USA,United States,121,103,none,poisson,109.77890137010417
2016,UZB,Uzbekistan,13,3,none,poisson,2.1682606331843743
2016,VCT,St. Vincent and the Grenadines,0,0,none,poisson,2.4124944219490208
2016,VEN,"Venezuela, RB",3,1,none,poisson,3.417544008318748
2016,VIR,Virgin Islands (U.S.),0,0,none,poisson,2.5667171437230683
2016,VNM,Viet Nam,2,0,none,poisson,1.765370032650765
2016,VUT,Vanuatu,0,0,none,poisson,1.224888731562889
2016,WSM,Samoa,0,0,none,poisson,1.7142790201690603
2016,YEM,"Yemen, Rep.",0,0,none,poisson,1.076550623672481
2016,ZAF,South Africa,10,6,none,poisson,4.277080429827733
2016,ZMB,Zambia,0,0,none,poisson,1.0155608102403269
2016,ZWE,Zimbabwe,0,0,none,poisson,1.7919409680126104
2016,ABW,Aruba,0,0,none,svr,0.03151515647170555
2016,AFG,Afghanistan,0,1,none,svr,0.8357604965464347
2016,AGO,Angola,0,0,none,svr,0.5387287927580999
2016,ALB,Albania,0,0,none,svr,0.5907473805895762
2016,AND,Andorra,0,0,none,svr,0.0717370210272179
2016,ARE,United Arab Emirates,1,0,none,svr,0.40997590119107485
2016,ARG,Argentina,4,4,none,svr,7.1693990788985715
2016,ARM,Armenia,4,3,none,svr,2.3091380535194546
2016,ASM,American Samoa,0,0,none,svr,0.09216292277648108
2016,ATG,Antigua and Barbuda,0,0,none,svr,0.21402230146475176
2016,AUS,Australia,29,35,none,svr,32.86520187218459
2016,AUT,Austria,1,0,none,svr,1.5569422339811538
2016,AZE,Azerbaijan,18,10,none,svr,6.571785257477682
2016,BDI,Burundi,1,0,none,svr,0.45008988194017263
2016,BEL,Belgium,6,3,none,svr,4.044633577155274
2016,BEN,Benin,0,0,none,svr,0.40693135625718213
2016,BFA,Burkina Faso,0,0,none,svr,0.5199055092260991
2016,BGD,Bangladesh,0,0,none,svr,0.592817575065375
2016,BGR,Bulgaria,3,2,none,svr,2.336827041842014
2016,BHR,Bahrain,2,1,none,svr,1.164991922811602
2016,BHS,"Bahamas, The",2,1,none,svr,0.9276080146511845
2016,BIH,Bosnia and Herzegovina,0,0,none,svr,0.5844462739612482
2016,BLR,Belarus,9,12,none,svr,9.50115885107234
2016,BLZ,Belize,0,0,none,svr,0.11513915638965955
2016,BMU,Bermuda,0,0,none,svr,0.6378810284654577
2016,BOL,Bolivia,0,0,none,svr,0.5023583765950264
2016,BRA,Brazil,19,17,none,svr,32.781705746829694
2016,BRB,Barbados,0,0,none,svr,0.1494147234623071
2016,BRN,Brunei Darussalam,0,0,none,svr,0.0
2016,BTN,Bhutan,0,0,none,svr,0.5925878219238925
2016,BWA,Botswana,0,1,none,svr,1.109389090211394
2016,CAF,Central African Republic,0,0,none,svr,0.5127658575166905
2016,CAN,Canada,22,18,none,svr,18.869084719560483
2016,CHE,Switzerland,7,4,none,svr,4.758402008126929
2016,CHL,Chile,0,0,none,svr,0.6207428534031081
2016,CHN,China,70,88,none,svr,81.74358414203797
2016,CIV,Cote d'Ivoire,2,0,none,svr,0.6343973471208599
2016,CMR,Cameroon,0,0,none,svr,0.67707152720984
2016,COD,"Congo, Dem. Rep.",0,0,none,svr,0.3255193154137075
2016,COG,"Congo, Rep.",0,0,none,svr,0.15858794011077038
2016,COL,Colombia,8,8,none,svr,7.692727980471005
2016,COM,Comoros,0,0,none,svr,0.3610013934984906
2016,CPV,Cabo Verde,0,0,none,svr,0.4306614392863395
2016,CRI,Costa Rica,0,0,none,svr,0.2962622408844311
2016,CUB,Cuba,11,14,none,svr,10.704367893124921
2016,CYM,Cayman Islands,0,0,none,svr,0.3227475960693198
2016,CYP,Cyprus,0,1,none,svr,0.8590425261865988
2016,CZE,Czechia,10,10,none,svr,7.900748789031862
2016,DEU,Germany,42,44,none,svr,45.198081873949604
2016,DJI,Djibouti,0,0,none,svr,0.5855066349009022
2016,DMA,Dominica,0,0,none,svr,0.2415325123055112
2016,DNK,Denmark,15,9,none,svr,7.456288254412211
2016,DOM,Dominican Republic,1,2,none,svr,1.8791536650289586
2016,DZA,Algeria,2,1,none,svr,1.6470721275897375
2016,ECU,Ecuador,0,0,none,svr,0.6515599445354923
2016,EGY,"Egypt, Arab Rep.",3,2,none,svr,3.6029645166627375
2016,ESP,Spain,17,17,none,svr,20.514595087424933
2016,EST,Estonia,1,2,none,svr,1.9876392070932027
2016,ETH,Ethiopia,8,7,none,svr,5.099751973381167
2016,FIN,Finland,1,3,none,svr,2.446200145701816
2016,FJI,Fiji,1,0,none,svr,1.2759939301501788
2016,FRA,France,42,35,none,svr,36.73913431932214
2016,FSM,"Micronesia, Fed. Sts.",0,0,none,svr,0.2589424572270502
2016,GAB,Gabon,0,1,none,svr,0.7854007636601565
2016,GBR,United Kingdom,67,65,none,svr,50.76186716302
2016,GEO,Georgia,7,7,none,svr,4.88705831122212
2016,GHA,Ghana,0,0,none,svr,0.44706170822714597
2016,GIN,Guinea,0,0,none,svr,0.7977262174471704
2016,GMB,"Gambia, The",0,0,none,svr,0.3273228644262858
2016,GNB,Guinea-Bissau,0,0,none,svr,0.5071980246546843
2016,GNQ,Equatorial Guinea,0,0,none,svr,0.155189585220171
2016,GRC,Greece,6,2,none,svr,3.0538724091858
2016,GRD,Grenada,1,1,none,svr,0.8123997307819621
2016,GTM,Guatemala,0,1,none,svr,1.0721353962004443
2016,GUM,Guam,0,0,none,svr,0.04202628034403233
2016,GUY,Guyana,0,0,none,svr,0.33369348453656755
2016,HKG,"Hong Kong SAR, China",0,1,none,svr,1.2368903904229995
2016,HND,Honduras,0,0,none,svr,0.6769864315202838
2016,HRV,Croatia,10,6,none,svr,5.27153571904946
2016,HTI,Haiti,0,0,none,svr,0.367550013765495
2016,HUN,Hungary,15,18,none,svr,14.315572895777525
2016,IDN,Indonesia,3,2,none,svr,1.4428465937879196
2016,IND,India,2,6,none,svr,12.286620816841761
2016,IRL,Ireland,2,5,none,svr,4.1750954187556175
2016,IRN,"Iran, Islamic Rep.",8,12,none,svr,8.080544070172515
2016,IRQ,Iraq,0,0,none,svr,1.0004400332988865
2016,ISL,Iceland,0,0,none,svr,0.16563171096133544
2016,ISR,Israel,2,0,none,svr,0.928594147922368
2016,ITA,Italy,28,28,none,svr,27.48260519696098
2016,JAM,Jamaica,11,12,none,svr,8.097431569629094
2016,JOR,Jordan,1,0,none,svr,0.4193839960451129
2016,JPN,Japan,41,38,none,svr,40.804050643502904
2016,KAZ,Kazakhstan,18,13,none,svr,8.920380412591747
2016,KEN,Kenya,13,11,none,svr,8.18167139430577
2016,KGZ,Kyrgyz Republic,0,0,none,svr,0.663472335185638
2016,KHM,Cambodia,0,0,none,svr,0.6247857721356596
2016,KIR,Kiribati,0,0,none,svr,0.5483414647252118
2016,KNA,St. Kitts and Nevis,0,0,none,svr,0.1596683879318732
2016,KOR,"Korea, Rep.",21,28,none,svr,22.67064922360021
2016,LAO,Lao PDR,0,0,none,svr,0.5488060349013963
2016,LBN,Lebanon,0,0,none,svr,0.5753799028899351
2016,LBR,Liberia,0,0,none,svr,0.12483906497064368
2016,LBY,Libya,0,0,none,svr,0.12874331097199132
2016,LCA,St. Lucia,0,0,none,svr,0.22144157138465204
2016,LKA,Sri Lanka,0,0,none,svr,0.4291554726676807
2016,LSO,Lesotho,0,0,none,svr,0.4524866953215394
2016,LTU,Lithuania,4,5,none,svr,4.169299482028855
2016,LUX,Luxembourg,0,0,none,svr,0.44642824019443594
2016,LVA,Latvia,0,2,none,svr,1.7697366032943478
2016,MAR,Morocco,1,1,none,svr,1.4448193985473097
2016,MCO,Monaco,0,0,none,svr,0.23861254387599473
2016,MDA,Moldova,0,2,none,svr,1.9666511480231748
2016,MDG,Madagascar,0,0,none,svr,0.4332922011557159
2016,MDV,Maldives,0,0,none,svr,0.33318626918840266
2016,MEX,Mexico,5,7,none,svr,5.981360015740513
2016,MHL,Marshall Islands,0,0,none,svr,0.6474671177725355
2016,MKD,North Macedonia,0,0,none,svr,0.34530297299564694
2016,MLI,Mali,0,0,none,svr,0.5902128208596267
2016,MLT,Malta,0,0,none,svr,0.10274581908529967
2016,MMR,Myanmar,0,0,none,svr,0.5185944814964856
2016,MNE,Montenegro,0,1,none,svr,1.4151072707918502
2016,MNG,Mongolia,2,5,none,svr,3.6108556136850396
2016,MOZ,Mozambique,0,0,none,svr,0.483858976085763
2016,MRT,Mauritania,0,0,none,svr,0.31073460913622597
2016,MUS,Mauritius,0,0,none,svr,0.3744445206575264
2016,MWI,Malawi,0,0,none,svr,0.35394593472052094
2016,MYS,Malaysia,5,2,none,svr,1.737830420545606
2016,NAM,Namibia,0,0,none,svr,0.27694539481798586
2016,NER,Niger,1,0,none,svr,0.5339685220676103
2016,NGA,Nigeria,1,0,none,svr,0.9120797316414411
2016,NIC,Nicaragua,0,0,none,svr,0.41576505554666454
2016,NLD,Netherlands,19,20,none,svr,18.397589046444857
2016,NOR,Norway,4,4,none,svr,3.1688569800449073
2016,NPL,Nepal,0,0,none,svr,0.24568232919772015
2016,NRU,Naoero,0,0,none,svr,0.20866693355188914
2016,NZL,New Zealand,18,13,none,svr,12.525132624953248
2016,OMN,Oman,0,0,none,svr,0.19576087081669868
2016,PAK,Pakistan,0,0,none,svr,0.4675663257343601
2016,PAN,Panama,0,0,none,svr,0.24564631169119622
2016,PER,Peru,0,0,none,svr,0.5541458703738655
2016,PHL,Philippines,1,0,none,svr,0.5693775551799618
2016,PLW,Palau,0,0,none,svr,0.07939406522691428
2016,PNG,Papua New Guinea,0,0,none,svr,0.5021207028166117
2016,POL,Poland,11,10,none,svr,12.8436632360675
2016,PRI,Puerto Rico (US),1,2,none,svr,1.7612081951159695
2016,PRT,Portugal,1,1,none,svr,2.5199485688346357
2016,PRY,Paraguay,0,0,none,svr,0.39928156663189185
2016,PSE,West Bank and Gaza,0,0,none,svr,0.6217246454353145
2016,QAT,Qatar,1,2,none,svr,1.9595753562254004
2016,ROU,Romania,4,9,none,svr,7.1306455295113835
2016,RUS,Russian Federation,56,82,none,svr,67.658487157972
2016,RWA,Rwanda,0,0,none,svr,0.535149487555195
2016,SAU,Saudi Arabia,0,1,none,svr,0.5726881834314241
2016,SDN,Sudan,0,0,none,svr,0.477277803068084
2016,SEN,Senegal,0,0,none,svr,0.7961367640311607
2016,SGP,Singapore,1,2,none,svr,1.5622735460754456
2016,SLB,Solomon Islands,0,0,none,svr,0.4659962049815505
2016,SLE,Sierra Leone,0,0,none,svr,0.532669826100161
2016,SLV,El Salvador,0,0,none,svr,0.3463972676673208
2016,SMR,San Marino,0,0,none,svr,0.04429267973642226
2016,SOM,"Somalia, Fed. Rep.",0,0,none,svr,0.5781982695139973
2016,SRB,Serbia,8,4,none,svr,4.8053857063987735
2016,STP,Sao Tome and Principe,0,0,none,svr,0.44129672144268994
2016,SUR,Suriname,0,0,none,svr,0.0
2016,SVK,Slovak Republic,4,4,none,svr,3.131761895452435
2016,SVN,Slovenia,4,4,none,svr,3.4383602864514273
2016,SWE,Sweden,11,8,none,svr,7.856086040236466
2016,SWZ,Eswatini,0,0,none,svr,0.27933081761335643
2016,SYC,Seychelles,0,0,none,svr,0.574138913968568
2016,SYR,Syrian Arab Republic,0,0,none,svr,0.10578847190632246
2016,TCD,Chad,0,0,none,svr,0.17527997956787544
2016,TGO,Togo,0,0,none,svr,0.4261460758097755
2016,THA,Thailand,6,3,none,svr,2.653023420683091
2016,TJK,Tajikistan,1,1,none,svr,1.167478458508306
2016,TKM,Turkmenistan,0,0,none,svr,0.4750284370937905
2016,TLS,Timor-Leste,0,0,none,svr,0.3271906602435024
2016,TON,Tonga,0,0,none,svr,0.6516238759401958
2016,TTO,Trinidad and Tobago,1,4,none,svr,2.3050348449816838
2016,TUN,Tunisia,3,3,none,svr,2.983472443585981
2016,TUR,Turkiye,8,5,none,svr,4.837466359509577
2016,TUV,Tuvalu,0,0,none,svr,0.4189328815916724
2016,TZA,Tanzania,0,0,none,svr,0.5611752512369748
2016,UGA,Uganda,0,1,none,svr,1.2542317774248701
2016,UKR,Ukraine,11,20,none,svr,17.465701217773717
2016,URY,Uruguay,0,0,none,svr,0.25465545852820526
2016,USA,United States,121,103,none,svr,92.64955379496188
2016,UZB,Uzbekistan,13,3,none,svr,3.3780905358582984
2016,VCT,St. Vincent and the Grenadines,0,0,none,svr,0.3730125231572643
2016,VEN,"Venezuela, RB",3,1,none,svr,2.331668346758768
2016,VIR,Virgin Islands (U.S.),0,0,none,svr,0.08406525711209412
2016,VNM,Viet Nam,2,0,none,svr,0.6807702852283981
2016,VUT,Vanuatu,0,0,none,svr,0.3318040518784997
2016,WSM,Samoa,0,0,none,svr,0.6384620581930704
2016,YEM,"Yemen, Rep.",0,0,none,svr,0.07449081371502331
2016,ZAF,South Africa,10,6,none,svr,6.144726658482181
2016,ZMB,Zambia,0,0,none,svr,0.44288907141808664
2016,ZWE,Zimbabwe,0,0,none,svr,0.6620071320005252
2016,ABW,Aruba,0,0,none,rf,0.03301191249035575
2016,AFG,Afghanistan,0,1,none,rf,0.28965053943579927
2016,AGO,Angola,0,0,none,rf,0.587674324605282
2016,ALB,Albania,0,0,none,rf,0.17383009564579485
2016,AND,Andorra,0,0,none,rf,0.0033147797172408625
2016,ARE,United Arab Emirates,1,0,none,rf,0.42674096998869154
2016,ARG,Argentina,4,4,none,rf,11.082528490028489
2016,ARM,Armenia,4,3,none,rf,3.3537458577127945
2016,ASM,American Samoa,0,0,none,rf,0.007950078568401233
2016,ATG,Antigua and Barbuda,0,0,none,rf,0.06422904404382751
2016,AUS,Australia,29,35,none,rf,35.905
2016,AUT,Austria,1,0,none,rf,1.9726841662190648
2016,AZE,Azerbaijan,18,10,none,rf,8.470366324758341
2016,BDI,Burundi,1,0,none,rf,0.04556585815432777
2016,BEL,Belgium,6,3,none,rf,4.06128483000878
2016,BEN,Benin,0,0,none,rf,0.027893963927602693
2016,BFA,Burkina Faso,0,0,none,rf,0.05016491654808397
2016,BGD,Bangladesh,0,0,none,rf,0.30491738929456635
2016,BGR,Bulgaria,3,2,none,rf,2.828474270539604
2016,BHR,Bahrain,2,1,none,rf,1.238695468568844
2016,BHS,"Bahamas, The",2,1,none,rf,1.5540139559179174
2016,BIH,Bosnia and Herzegovina,0,0,none,rf,0.2991048544972429
2016,BLR,Belarus,9,12,none,rf,9.748405966255966
2016,BLZ,Belize,0,0,none,rf,0.005206851342500254
2016,BMU,Bermuda,0,0,none,rf,0.0859725061591168
2016,BOL,Bolivia,0,0,none,rf,0.18795707109516419
2016,BRA,Brazil,19,17,none,rf,45.48
2016,BRB,Barbados,0,0,none,rf,0.058695564616603774
2016,BRN,Brunei Darussalam,0,0,none,rf,0.10854613213593335
2016,BTN,Bhutan,0,0,none,rf,0.018082594682034627
2016,BWA,Botswana,0,1,none,rf,0.436540183085534
2016,CAF,Central African Republic,0,0,none,rf,0.042543266383005145
2016,CAN,Canada,22,18,none,rf,22.270833333333336
2016,CHE,Switzerland,7,4,none,rf,5.097078592167592
2016,CHL,Chile,0,0,none,rf,1.1785435153274229
2016,CHN,China,70,88,none,rf,79.28
2016,CIV,Cote d'Ivoire,2,0,none,rf,0.16214706240685767
2016,CMR,Cameroon,0,0,none,rf,0.34431716426121567
2016,COD,"Congo, Dem. Rep.",0,0,none,rf,0.6056451177772554
2016,COG,"Congo, Rep.",0,0,none,rf,0.12523171094578706
2016,COL,Colombia,8,8,none,rf,7.569847393347393
2016,COM,Comoros,0,0,none,rf,0.006276138753825635
2016,CPV,Cabo Verde,0,0,none,rf,0.02592547204186303
2016,CRI,Costa Rica,0,0,none,rf,0.13193579607792943
2016,CUB,Cuba,11,14,none,rf,12.312672632922634
2016,CYM,Cayman Islands,0,0,none,rf,0.00990728416119865
2016,CYP,Cyprus,0,1,none,rf,0.4429131602911779
2016,CZE,Czechia,10,10,none,rf,8.151130883453465
2016,DEU,Germany,42,44,none,rf,42.83285714285714
2016,DJI,Djibouti,0,0,none,rf,0.021199381432019947
2016,DMA,Dominica,0,0,none,rf,0.004542144397309167
2016,DNK,Denmark,15,9,none,rf,7.304225322830511
2016,DOM,Dominican Republic,1,2,none,rf,1.5703298855889047
2016,DZA,Algeria,2,1,none,rf,1.8031824079102277
2016,ECU,Ecuador,0,0,none,rf,1.2606959775038549
2016,EGY,"Egypt, Arab Rep.",3,2,none,rf,3.2946556881657494
2016,ESP,Spain,17,17,none,rf,20.7762181372549
2016,EST,Estonia,1,2,none,rf,2.1505055534962234
2016,ETH,Ethiopia,8,7,none,rf,5.71674179355179
2016,FIN,Finland,1,3,none,rf,3.239192362994521
2016,FJI,Fiji,1,0,none,rf,2.3888199447481377
2016,FRA,France,42,35,none,rf,36.903333333333336
2016,FSM,"Micronesia, Fed. Sts.",0,0,none,rf,0.013571287986948314
2016,GAB,Gabon,0,1,none,rf,0.378648574458208
2016,GBR,United Kingdom,67,65,none,rf,48.787444444444446
2016,GEO,Georgia,7,7,none,rf,6.498364416748563
2016,GHA,Ghana,0,0,none,rf,0.24611094907471812
2016,GIN,Guinea,0,0,none,rf,0.04589586623444165
2016,GMB,"Gambia, The",0,0,none,rf,0.03569104524824306
2016,GNB,Guinea-Bissau,0,0,none,rf,0.02015345102714061
2016,GNQ,Equatorial Guinea,0,0,none,rf,0.11650338075045767
2016,GRC,Greece,6,2,none,rf,3.7779846747793293
2016,GRD,Grenada,1,1,none,rf,0.061407635638479265
2016,GTM,Guatemala,0,1,none,rf,0.649334112807382
2016,GUM,Guam,0,0,none,rf,0.019516044164965166
2016,GUY,Guyana,0,0,none,rf,0.03668751915109456
2016,HKG,"Hong Kong SAR, China",0,1,none,rf,1.003603456856449
2016,HND,Honduras,0,0,none,rf,0.4131170964982169
2016,HRV,Croatia,10,6,none,rf,4.830184277582722
2016,HTI,Haiti,0,0,none,rf,0.06776799412667495
2016,HUN,Hungary,15,18,none,rf,13.157905913978492
2016,IDN,Indonesia,3,2,none,rf,4.6192544351073765
2016,IND,India,2,6,none,rf,13.029307307307308
2016,IRL,Ireland,2,5,none,rf,4.987857622760832
2016,IRN,"Iran, Islamic Rep.",8,12,none,rf,6.029424038200265
2016,IRQ,Iraq,0,0,none,rf,0.7360507184548288
2016,ISL,Iceland,0,0,none,rf,0.25204366216462143
2016,ISR,Israel,2,0,none,rf,1.3353721295156404
2016,ITA,Italy,28,28,none,rf,30.139563492063488
2016,JAM,Jamaica,11,12,none,rf,8.372091078975227
2016,JOR,Jordan,1,0,none,rf,0.1273366688121311
2016,JPN,Japan,41,38,none,rf,32.45952380952381
2016,KAZ,Kazakhstan,18,13,none,rf,10.593866778149389
2016,KEN,Kenya,13,11,none,rf,8.46169868925375
2016,KGZ,Kyrgyz Republic,0,0,none,rf,0.5245458616959685
2016,KHM,Cambodia,0,0,none,rf,0.055879638956148385
2016,KIR,Kiribati,0,0,none,rf,0.015428238359107308
2016,KNA,St. Kitts and Nevis,0,0,none,rf,0.018734868868033782
2016,KOR,"Korea, Rep.",21,28,none,rf,22.71811111111111
2016,LAO,Lao PDR,0,0,none,rf,0.05728598874034931
2016,LBN,Lebanon,0,0,none,rf,0.2635206858584842
2016,LBR,Liberia,0,0,none,rf,0.0572365401651378
2016,LBY,Libya,0,0,none,rf,0.27550807394163085
2016,LCA,St. Lucia,0,0,none,rf,0.005184400029763903
2016,LKA,Sri Lanka,0,0,none,rf,0.1937293343356436
2016,LSO,Lesotho,0,0,none,rf,0.06387998296062397
2016,LTU,Lithuania,4,5,none,rf,4.609282156327803
2016,LUX,Luxembourg,0,0,none,rf,0.16284707059885423
2016,LVA,Latvia,0,2,none,rf,2.5424380239886504
2016,MAR,Morocco,1,1,none,rf,1.9004409243496294
2016,MCO,Monaco,0,0,none,rf,0.007837612821559826
2016,MDA,Moldova,0,2,none,rf,2.171969294350321
2016,MDG,Madagascar,0,0,none,rf,0.0915935312751931
2016,MDV,Maldives,0,0,none,rf,0.01688853177836727
2016,MEX,Mexico,5,7,none,rf,5.950227854991014
2016,MHL,Marshall Islands,0,0,none,rf,0.020231362956639364
2016,MKD,North Macedonia,0,0,none,rf,0.08260163679002672
2016,MLI,Mali,0,0,none,rf,0.06064889478174158
2016,MLT,Malta,0,0,none,rf,0.07311998068542179
2016,MMR,Myanmar,0,0,none,rf,0.22368609857746985
2016,MNE,Montenegro,0,1,none,rf,1.6602107420985865
2016,MNG,Mongolia,2,5,none,rf,4.699781823649559
2016,MOZ,Mozambique,0,0,none,rf,0.07926910744142951
2016,MRT,Mauritania,0,0,none,rf,0.02874503189328427
2016,MUS,Mauritius,0,0,none,rf,0.30834970988096927
2016,MWI,Malawi,0,0,none,rf,0.03825053719453976
2016,MYS,Malaysia,5,2,none,rf,1.5102657687950807
2016,NAM,Namibia,0,0,none,rf,0.14756534743444008
2016,NER,Niger,1,0,none,rf,0.04942041819910159
2016,NGA,Nigeria,1,0,none,rf,2.713592766543826
2016,NIC,Nicaragua,0,0,none,rf,0.10187470717348082
2016,NLD,Netherlands,19,20,none,rf,18.981787581699347
2016,NOR,Norway,4,4,none,rf,4.330578348471738
2016,NPL,Nepal,0,0,none,rf,0.1122243963721904
2016,NRU,Naoero,0,0,none,rf,0.015076183720643153
2016,NZL,New Zealand,18,13,none,rf,11.406682539682539
2016,OMN,Oman,0,0,none,rf,0.14731262811922488
2016,PAK,Pakistan,0,0,none,rf,0.6185951553465456
2016,PAN,Panama,0,0,none,rf,0.12850751085573028
2016,PER,Peru,0,0,none,rf,0.9388469954920461
2016,PHL,Philippines,1,0,none,rf,0.6496335175046254
2016,PLW,Palau,0,0,none,rf,0.006456881349965979
2016,PNG,Papua New Guinea,0,0,none,rf,0.0685660975565204
2016,POL,Poland,11,10,none,rf,12.525442343604109
2016,PRI,Puerto Rico (US),1,2,none,rf,2.435033381380342
2016,PRT,Portugal,1,1,none,rf,2.74427385754291
2016,PRY,Paraguay,0,0,none,rf,0.04605988465255868
2016,PSE,West Bank and Gaza,0,0,none,rf,0.06857342428018869
2016,QAT,Qatar,1,2,none,rf,2.025140754519413
2016,ROU,Romania,4,9,none,rf,8.042454145527675
2016,RUS,Russian Federation,56,82,none,rf,57.9475
2016,RWA,Rwanda,0,0,none,rf,0.03689107571163026
2016,SAU,Saudi Arabia,0,1,none,rf,1.155295021037683
2016,SDN,Sudan,0,0,none,rf,0.24267888851315791
2016,SEN,Senegal,0,0,none,rf,0.43511768949575674
2016,SGP,Singapore,1,2,none,rf,1.6220775651363888
2016,SLB,Solomon Islands,0,0,none,rf,0.006285125820992876
2016,SLE,Sierra Leone,0,0,none,rf,0.0632263640721926
2016,SLV,El Salvador,0,0,none,rf,0.07231578839321773
2016,SMR,San Marino,0,0,none,rf,0.026838923162150898
2016,SOM,"Somalia, Fed. Rep.",0,0,none,rf,0.06800839989088922
2016,SRB,Serbia,8,4,none,rf,4.366713349625765
2016,STP,Sao Tome and Principe,0,0,none,rf,0.014984507241282535
2016,SUR,Suriname,0,0,none,rf,0.034808830527046676
2016,SVK,Slovak Republic,4,4,none,rf,3.841089710190227
2016,SVN,Slovenia,4,4,none,rf,4.241231026038874
2016,SWE,Sweden,11,8,none,rf,7.9393656019513426
2016,SWZ,Eswatini,0,0,none,rf,0.009128396394529453
2016,SYC,Seychelles,0,0,none,rf,0.08524788358739045
2016,SYR,Syrian Arab Republic,0,0,none,rf,0.8594214342047004
2016,TCD,Chad,0,0,none,rf,0.037886253056784364
2016,TGO,Togo,0,0,none,rf,0.06124296059911246
2016,THA,Thailand,6,3,none,rf,4.325584452162808
2016,TJK,Tajikistan,1,1,none,rf,0.07223546933852969
2016,TKM,Turkmenistan,0,0,none,rf,0.03930623486384309
2016,TLS,Timor-Leste,0,0,none,rf,0.01950025571481168
2016,TON,Tonga,0,0,none,rf,0.04269864768180506
2016,TTO,Trinidad and Tobago,1,4,none,rf,2.9435211464780435
2016,TUN,Tunisia,3,3,none,rf,3.5437734157222742
2016,TUR,Turkiye,8,5,none,rf,5.639057517158909
2016,TUV,Tuvalu,0,0,none,rf,0.012679779340819385
2016,TZA,Tanzania,0,0,none,rf,0.23634025787064686
2016,UGA,Uganda,0,1,none,rf,0.5490296296970422
2016,UKR,Ukraine,11,20,none,rf,19.740458333333333
2016,URY,Uruguay,0,0,none,rf,0.4624761715397901
2016,USA,United States,121,103,none,rf,102.01
2016,UZB,Uzbekistan,13,3,none,rf,2.602593811284688
2016,VCT,St. Vincent and the Grenadines,0,0,none,rf,0.014032162085100825
2016,VEN,"Venezuela, RB",3,1,none,rf,4.5347955362265076
2016,VIR,Virgin Islands (U.S.),0,0,none,rf,0.023366904026087786
2016,VNM,Viet Nam,2,0,none,rf,0.7224470547135387
2016,VUT,Vanuatu,0,0,none,rf,0.0068511144912116635
2016,WSM,Samoa,0,0,none,rf,0.09924664805274004
2016,YEM,"Yemen, Rep.",0,0,none,rf,0.17898702531892222
2016,ZAF,South Africa,10,6,none,rf,4.749310124664176
2016,ZMB,Zambia,0,0,none,rf,0.10164940687512378
2016,ZWE,Zimbabwe,0,0,none,rf,0.5682444715256204
2016,ABW,Aruba,0,0,logreg,linear,0.0
2016,AFG,Afghanistan,0,1,logreg,linear,0.0
2016,AGO,Angola,0,0,logreg,linear,0.0
2016,ALB,Albania,0,0,logreg,linear,0.0
2016,AND,Andorra,0,0,logreg,linear,0.0
2016,ARE,United Arab Emirates,1,0,logreg,linear,0.0
2016,ARG,Argentina,4,4,logreg,linear,12.163751708021609
2016,ARM,Armenia,4,3,logreg,linear,0.9758891747273104
2016,ASM,American Samoa,0,0,logreg,linear,0.0
2016,ATG,Antigua and Barbuda,0,0,logreg,linear,0.0
2016,AUS,Australia,29,35,logreg,linear,37.78310547953201
2016,AUT,Austria,1,0,logreg,linear,0.0
2016,AZE,Azerbaijan,18,10,logreg,linear,6.212633747162178
2016,BDI,Burundi,1,0,logreg,linear,0.0
2016,BEL,Belgium,6,3,logreg,linear,3.356827521049091
2016,BEN,Benin,0,0,logreg,linear,0.0
2016,BFA,Burkina Faso,0,0,logreg,linear,0.0
2016,BGD,Bangladesh,0,0,logreg,linear,0.0
2016,BGR,Bulgaria,3,2,logreg,linear,1.0893573755353518
2016,BHR,Bahrain,2,1,logreg,linear,0.0
2016,BHS,"Bahamas, The",2,1,logreg,linear,0.0
2016,BIH,Bosnia and Herzegovina,0,0,logreg,linear,0.0
2016,BLR,Belarus,9,12,logreg,linear,10.171129465452328
2016,BLZ,Belize,0,0,logreg,linear,0.0
2016,BMU,Bermuda,0,0,logreg,linear,0.0
2016,BOL,Bolivia,0,0,logreg,linear,0.0
2016,BRA,Brazil,19,17,logreg,linear,35.188340319933715
2016,BRB,Barbados,0,0,logreg,linear,0.0
2016,BRN,Brunei Darussalam,0,0,logreg,linear,0.0
2016,BTN,Bhutan,0,0,logreg,linear,0.0
2016,BWA,Botswana,0,1,logreg,linear,0.0
2016,CAF,Central African Republic,0,0,logreg,linear,0.0
2016,CAN,Canada,22,18,logreg,linear,24.89662319623027
2016,CHE,Switzerland,7,4,logreg,linear,1.674207693994365
2016,CHL,Chile,0,0,logreg,linear,0.3784722025325973
2016,CHN,China,70,88,logreg,linear,89.68094017257752
2016,CIV,Cote d'Ivoire,2,0,logreg,linear,0.0
2016,CMR,Cameroon,0,0,logreg,linear,0.0
2016,COD,"Congo, Dem. Rep.",0,0,logreg,linear,0.0
2016,COG,"Congo, Rep.",0,0,logreg,linear,0.0
2016,COL,Colombia,8,8,logreg,linear,10.176403237217803
2016,COM,Comoros,0,0,logreg,linear,0.0
2016,CPV,Cabo Verde,0,0,logreg,linear,0.0
2016,CRI,Costa Rica,0,0,logreg,linear,0.0
2016,CUB,Cuba,11,14,logreg,linear,10.838623109824745
2016,CYM,Cayman Islands,0,0,logreg,linear,0.0
2016,CYP,Cyprus,0,1,logreg,linear,0.0
2016,CZE,Czechia,10,10,logreg,linear,7.740985273847304
2016,DEU,Germany,42,44,logreg,linear,45.8070938875848
2016,DJI,Djibouti,0,0,logreg,linear,0.0
2016,DMA,Dominica,0,0,logreg,linear,0.0
2016,DNK,Denmark,15,9,logreg,linear,6.068221940203683
2016,DOM,Dominican Republic,1,2,logreg,linear,0.46423003760153847
2016,DZA,Algeria,2,1,logreg,linear,2.986725006066882
2016,ECU,Ecuador,0,0,logreg,linear,0.32638925028963506
2016,EGY,"Egypt, Arab Rep.",3,2,logreg,linear,6.735623127477856
2016,ESP,Spain,17,17,logreg,linear,23.13404259694513
2016,EST,Estonia,1,2,logreg,linear,0.3864612255869897
2016,ETH,Ethiopia,8,7,logreg,linear,4.8380104892329525
2016,FIN,Finland,1,3,logreg,linear,0.2478548262700997
2016,FJI,Fiji,1,0,logreg,linear,0.5470421517344715
2016,FRA,France,42,35,logreg,linear,38.232538230012565
2016,FSM,"Micronesia, Fed. Sts.",0,0,logreg,linear,0.0
2016,GAB,Gabon,0,1,logreg,linear,0.0
2016,GBR,United Kingdom,67,65,logreg,linear,51.91229417259558
2016,GEO,Georgia,7,7,logreg,linear,3.5109477006126006
2016,GHA,Ghana,0,0,logreg,linear,0.0
2016,GIN,Guinea,0,0,logreg,linear,0.0
2016,GMB,"Gambia, The",0,0,logreg,linear,0.0
2016,GNB,Guinea-Bissau,0,0,logreg,linear,0.0
2016,GNQ,Equatorial Guinea,0,0,logreg,linear,0.0
2016,GRC,Greece,6,2,logreg,linear,3.0387720508493086
2016,GRD,Grenada,1,1,logreg,linear,0.0
2016,GTM,Guatemala,0,1,logreg,linear,0.0
2016,GUM,Guam,0,0,logreg,linear,0.0
2016,GUY,Guyana,0,0,logreg,linear,0.0
2016,HKG,"Hong Kong SAR, China",0,1,logreg,linear,0.0
2016,HND,Honduras,0,0,logreg,linear,0.0
2016,HRV,Croatia,10,6,logreg,linear,4.533003498806913
2016,HTI,Haiti,0,0,logreg,linear,0.0
2016,HUN,Hungary,15,18,logreg,linear,14.375019756856865
2016,IDN,Indonesia,3,2,logreg,linear,3.6369658054603793
2016,IND,India,2,6,logreg,linear,16.8500677026337
2016,IRL,Ireland,2,5,logreg,linear,1.39581634840588
2016,IRN,"Iran, Islamic Rep.",8,12,logreg,linear,8.78815250674084
2016,IRQ,Iraq,0,0,logreg,linear,0.0
2016,ISL,Iceland,0,0,logreg,linear,0.0
2016,ISR,Israel,2,0,logreg,linear,0.0
2016,ITA,Italy,28,28,logreg,linear,29.618153613669108
2016,JAM,Jamaica,11,12,logreg,linear,6.800019505598933
2016,JOR,Jordan,1,0,logreg,linear,0.0
2016,JPN,Japan,41,38,logreg,linear,41.627510476412226
2016,KAZ,Kazakhstan,18,13,logreg,linear,10.473760572671836
2016,KEN,Kenya,13,11,logreg,linear,8.5323950104498
2016,KGZ,Kyrgyz Republic,0,0,logreg,linear,0.0
2016,KHM,Cambodia,0,0,logreg,linear,0.0
2016,KIR,Kiribati,0,0,logreg,linear,0.0
2016,KNA,St. Kitts and Nevis,0,0,logreg,linear,0.0
2016,KOR,"Korea, Rep.",21,28,logreg,linear,23.980953869073193
2016,LAO,Lao PDR,0,0,logreg,linear,0.0
2016,LBN,Lebanon,0,0,logreg,linear,0.0
2016,LBR,Liberia,0,0,logreg,linear,0.0
2016,LBY,Libya,0,0,logreg,linear,0.0
2016,LCA,St. Lucia,0,0,logreg,linear,0.0
2016,LKA,Sri Lanka,0,0,logreg,linear,0.0
2016,LSO,Lesotho,0,0,logreg,linear,0.0
2016,LTU,Lithuania,4,5,logreg,linear,2.949755587024427
2016,LUX,Luxembourg,0,0,logreg,linear,0.0
2016,LVA,Latvia,0,2,logreg,linear,0.0
2016,MAR,Morocco,1,1,logreg,linear,1.6171469736911366
2016,MCO,Monaco,0,0,logreg,linear,0.0
2016,MDA,Moldova,0,2,logreg,linear,0.0
2016,MDG,Madagascar,0,0,logreg,linear,0.0
2016,MDV,Maldives,0,0,logreg,linear,0.0
2016,MEX,Mexico,5,7,logreg,linear,10.40282745198482
2016,MHL,Marshall Islands,0,0,logreg,linear,0.0
2016,MKD,North Macedonia,0,0,logreg,linear,0.0
2016,MLI,Mali,0,0,logreg,linear,0.0
2016,MLT,Malta,0,0,logreg,linear,0.0
2016,MMR,Myanmar,0,0,logreg,linear,0.0
2016,MNE,Montenegro,0,1,logreg,linear,0.037617353500182915
2016,MNG,Mongolia,2,5,logreg,linear,3.4051720521145317
2016,MOZ,Mozambique,0,0,logreg,linear,0.0
2016,MRT,Mauritania,0,0,logreg,linear,0.0
2016,MUS,Mauritius,0,0,logreg,linear,0.0
2016,MWI,Malawi,0,0,logreg,linear,0.0
2016,MYS,Malaysia,5,2,logreg,linear,1.337068921425665
2016,NAM,Namibia,0,0,logreg,linear,0.0
2016,NER,Niger,1,0,logreg,linear,0.0
2016,NGA,Nigeria,1,0,logreg,linear,3.900032967387318
2016,NIC,Nicaragua,0,0,logreg,linear,0.0
2016,NLD,Netherlands,19,20,logreg,linear,18.93609202663366
2016,NOR,Norway,4,4,logreg,linear,0.0
2016,NPL,Nepal,0,0,logreg,linear,0.0
2016,NRU,Naoero,0,0,logreg,linear,0.0
2016,NZL,New Zealand,18,13,logreg,linear,12.992083905275774
2016,OMN,Oman,0,0,logreg,linear,0.0
2016,PAK,Pakistan,0,0,logreg,linear,0.0
2016,PAN,Panama,0,0,logreg,linear,0.0
2016,PER,Peru,0,0,logreg,linear,0.23084274179841557
2016,PHL,Philippines,1,0,logreg,linear,0.0
2016,PLW,Palau,0,0,logreg,linear,0.0
2016,PNG,Papua New Guinea,0,0,logreg,linear,0.0
2016,POL,Poland,11,10,logreg,linear,15.31312190408105
2016,PRI,Puerto Rico (US),1,2,logreg,linear,0.0
2016,PRT,Portugal,1,1,logreg,linear,2.331830845150483
2016,PRY,Paraguay,0,0,logreg,linear,0.0
2016,PSE,West Bank and Gaza,0,0,logreg,linear,0.0
2016,QAT,Qatar,1,2,logreg,linear,0.0
2016,ROU,Romania,4,9,logreg,linear,7.221048745321868
2016,RUS,Russian Federation,56,82,logreg,linear,58.76795750582334
2016,RWA,Rwanda,0,0,logreg,linear,0.0
2016,SAU,Saudi Arabia,0,1,logreg,linear,0.407254404429251
2016,SDN,Sudan,0,0,logreg,linear,0.0
2016,SEN,Senegal,0,0,logreg,linear,0.0
2016,SGP,Singapore,1,2,logreg,linear,0.0
2016,SLB,Solomon Islands,0,0,logreg,linear,0.0
2016,SLE,Sierra Leone,0,0,logreg,linear,0.0
2016,SLV,El Salvador,0,0,logreg,linear,0.0
2016,SMR,San Marino,0,0,logreg,linear,0.0
2016,SOM,"Somalia, Fed. Rep.",0,0,logreg,linear,0.0
2016,SRB,Serbia,8,4,logreg,linear,5.008465346145364
2016,STP,Sao Tome and Principe,0,0,logreg,linear,0.0
2016,SUR,Suriname,0,0,logreg,linear,0.0
2016,SVK,Slovak Republic,4,4,logreg,linear,1.9418674826208253
2016,SVN,Slovenia,4,4,logreg,linear,2.1235862303332844
2016,SWE,Sweden,11,8,logreg,linear,7.878182350928933
2016,SWZ,Eswatini,0,0,logreg,linear,0.0
2016,SYC,Seychelles,0,0,logreg,linear,0.0
2016,SYR,Syrian Arab Republic,0,0,logreg,linear,0.0
2016,TCD,Chad,0,0,logreg,linear,0.0
2016,TGO,Togo,0,0,logreg,linear,0.0
2016,THA,Thailand,6,3,logreg,linear,3.2583547541320907
2016,TJK,Tajikistan,1,1,logreg,linear,0.0
2016,TKM,Turkmenistan,0,0,logreg,linear,0.0
2016,TLS,Timor-Leste,0,0,logreg,linear,0.0
2016,TON,Tonga,0,0,logreg,linear,0.0
2016,TTO,Trinidad and Tobago,1,4,logreg,linear,0.6907194469257458
2016,TUN,Tunisia,3,3,logreg,linear,2.9497257367589462
2016,TUR,Turkiye,8,5,logreg,linear,7.399457768989901
2016,TUV,Tuvalu,0,0,logreg,linear,0.0
2016,TZA,Tanzania,0,0,logreg,linear,0.0
2016,UGA,Uganda,0,1,logreg,linear,0.0
2016,UKR,Ukraine,11,20,logreg,linear,18.765445223300702
2016,URY,Uruguay,0,0,logreg,linear,0.0
2016,USA,United States,121,103,logreg,linear,111.79613035164729
2016,UZB,Uzbekistan,13,3,logreg,linear,3.781818671924057
2016,VCT,St. Vincent and the Grenadines,0,0,logreg,linear,0.0
2016,VEN,"Venezuela, RB",3,1,logreg,linear,3.49996022544682
2016,VIR,Virgin Islands (U.S.),0,0,logreg,linear,0.0
2016,VNM,Viet Nam,2,0,logreg,linear,0.0
2016,VUT,Vanuatu,0,0,logreg,linear,0.0
2016,WSM,Samoa,0,0,logreg,linear,0.0
2016,YEM,"Yemen, Rep.",0,0,logreg,linear,0.0
2016,ZAF,South Africa,10,6,logreg,linear,8.913036858316772
2016,ZMB,Zambia,0,0,logreg,linear,0.0
2016,ZWE,Zimbabwe,0,0,logreg,linear,0.0
2016,ABW,Aruba,0,0,logreg,weighted_lr,0.0
2016,AFG,Afghanistan,0,1,logreg,weighted_lr,0.0
2016,AGO,Angola,0,0,logreg,weighted_lr,0.0
2016,ALB,Albania,0,0,logreg,weighted_lr,0.0
2016,AND,Andorra,0,0,logreg,weighted_lr,0.0
2016,ARE,United Arab Emirates,1,0,logreg,weighted_lr,0.0
2016,ARG,Argentina,4,4,logreg,weighted_lr,13.241782576496972
2016,ARM,Armenia,4,3,logreg,weighted_lr,1.40735232573096
2016,ASM,American Samoa,0,0,logreg,weighted_lr,0.0
2016,ATG,Antigua and Barbuda,0,0,logreg,weighted_lr,0.0
2016,AUS,Australia,29,35,logreg,weighted_lr,39.80285491592815
2016,AUT,Austria,1,0,logreg,weighted_lr,0.3900501337794715
2016,AZE,Azerbaijan,18,10,logreg,weighted_lr,6.416715080765105
2016,BDI,Burundi,1,0,logreg,weighted_lr,0.0
2016,BEL,Belgium,6,3,logreg,weighted_lr,3.9960438604156625
2016,BEN,Benin,0,0,logreg,weighted_lr,0.0
2016,BFA,Burkina Faso,0,0,logreg,weighted_lr,0.0
2016,BGD,Bangladesh,0,0,logreg,weighted_lr,0.0
2016,BGR,Bulgaria,3,2,logreg,weighted_lr,1.789151706747612
2016,BHR,Bahrain,2,1,logreg,weighted_lr,0.0
2016,BHS,"Bahamas, The",2,1,logreg,weighted_lr,0.0
2016,BIH,Bosnia and Herzegovina,0,0,logreg,weighted_lr,0.0
2016,BLR,Belarus,9,12,logreg,weighted_lr,10.833397104860076
2016,BLZ,Belize,0,0,logreg,weighted_lr,0.0
2016,BMU,Bermuda,0,0,logreg,weighted_lr,0.0
2016,BOL,Bolivia,0,0,logreg,weighted_lr,0.0
2016,BRA,Brazil,19,17,logreg,weighted_lr,37.417449935327866
2016,BRB,Barbados,0,0,logreg,weighted_lr,0.0
2016,BRN,Brunei Darussalam,0,0,logreg,weighted_lr,0.0
2016,BTN,Bhutan,0,0,logreg,weighted_lr,0.0
2016,BWA,Botswana,0,1,logreg,weighted_lr,0.0
2016,CAF,Central African Republic,0,0,logreg,weighted_lr,0.0
2016,CAN,Canada,22,18,logreg,weighted_lr,26.674118514409813
2016,CHE,Switzerland,7,4,logreg,weighted_lr,2.2893052058977226
2016,CHL,Chile,0,0,logreg,weighted_lr,0.6245117772741882
2016,CHN,China,70,88,logreg,weighted_lr,89.85212527886854
2016,CIV,Cote d'Ivoire,2,0,logreg,weighted_lr,0.0
2016,CMR,Cameroon,0,0,logreg,weighted_lr,0.0
2016,COD,"Congo, Dem. Rep.",0,0,logreg,weighted_lr,0.0
2016,COG,"Congo, Rep.",0,0,logreg,weighted_lr,0.0
2016,COL,Colombia,8,8,logreg,weighted_lr,10.817152387423215
2016,COM,Comoros,0,0,logreg,weighted_lr,0.0
2016,CPV,Cabo Verde,0,0,logreg,weighted_lr,0.0
2016,CRI,Costa Rica,0,0,logreg,weighted_lr,0.0
2016,CUB,Cuba,11,14,logreg,weighted_lr,11.507357643575068
2016,CYM,Cayman Islands,0,0,logreg,weighted_lr,0.0
2016,CYP,Cyprus,0,1,logreg,weighted_lr,0.0
2016,CZE,Czechia,10,10,logreg,weighted_lr,8.35229028427922
2016,DEU,Germany,42,44,logreg,weighted_lr,47.24867223246502
2016,DJI,Djibouti,0,0,logreg,weighted_lr,0.0
2016,DMA,Dominica,0,0,logreg,weighted_lr,0.0
2016,DNK,Denmark,15,9,logreg,weighted_lr,6.729101689079137
2016,DOM,Dominican Republic,1,2,logreg,weighted_lr,0.6068544083803395
2016,DZA,Algeria,2,1,logreg,weighted_lr,3.2302619561271175
2016,ECU,Ecuador,0,0,logreg,weighted_lr,0.46217131740147366
2016,EGY,"Egypt, Arab Rep.",3,2,logreg,weighted_lr,7.0753083762301365
2016,ESP,Spain,17,17,logreg,weighted_lr,24.54096083960372
2016,EST,Estonia,1,2,logreg,weighted_lr,0.8498351213077804
2016,ETH,Ethiopia,8,7,logreg,weighted_lr,4.68245121922582
2016,FIN,Finland,1,3,logreg,weighted_lr,0.7561377037840149
2016,FJI,Fiji,1,0,logreg,weighted_lr,1.011253553911132
2016,FRA,France,42,35,logreg,weighted_lr,39.79008831463313
2016,FSM,"Micronesia, Fed. Sts.",0,0,logreg,weighted_lr,0.0
2016,GAB,Gabon,0,1,logreg,weighted_lr,0.0
2016,GBR,United Kingdom,67,65,logreg,weighted_lr,53.02133168991692
2016,GEO,Georgia,7,7,logreg,weighted_lr,3.8733721148949165
2016,GHA,Ghana,0,0,logreg,weighted_lr,0.0
2016,GIN,Guinea,0,0,logreg,weighted_lr,0.0
2016,GMB,"Gambia, The",0,0,logreg,weighted_lr,0.0
2016,GNB,Guinea-Bissau,0,0,logreg,weighted_lr,0.0
2016,GNQ,Equatorial Guinea,0,0,logreg,weighted_lr,0.0
2016,GRC,Greece,6,2,logreg,weighted_lr,3.763195419078418
2016,GRD,Grenada,1,1,logreg,weighted_lr,0.0
2016,GTM,Guatemala,0,1,logreg,weighted_lr,0.0
2016,GUM,Guam,0,0,logreg,weighted_lr,0.0
2016,GUY,Guyana,0,0,logreg,weighted_lr,0.0
2016,HKG,"Hong Kong SAR, China",0,1,logreg,weighted_lr,0.0
2016,HND,Honduras,0,0,logreg,weighted_lr,0.0
2016,HRV,Croatia,10,6,logreg,weighted_lr,5.323248362889397
2016,HTI,Haiti,0,0,logreg,weighted_lr,0.0
2016,HUN,Hungary,15,18,logreg,weighted_lr,15.24319123433123
2016,IDN,Indonesia,3,2,logreg,weighted_lr,3.665421989488074
2016,IND,India,2,6,logreg,weighted_lr,16.39043798371278
2016,IRL,Ireland,2,5,logreg,weighted_lr,1.8346980021546777
2016,IRN,"Iran, Islamic Rep.",8,12,logreg,weighted_lr,8.982747841672168
2016,IRQ,Iraq,0,0,logreg,weighted_lr,0.0
2016,ISL,Iceland,0,0,logreg,weighted_lr,0.0
2016,ISR,Israel,2,0,logreg,weighted_lr,0.0
2016,ITA,Italy,28,28,logreg,weighted_lr,30.96280543204974
2016,JAM,Jamaica,11,12,logreg,weighted_lr,7.1592244639653995
2016,JOR,Jordan,1,0,logreg,weighted_lr,0.0
2016,JPN,Japan,41,38,logreg,weighted_lr,42.78826210669219
2016,KAZ,Kazakhstan,18,13,logreg,weighted_lr,10.93582470438934
2016,KEN,Kenya,13,11,logreg,weighted_lr,8.626151258112193
2016,KGZ,Kyrgyz Republic,0,0,logreg,weighted_lr,0.0
2016,KHM,Cambodia,0,0,logreg,weighted_lr,0.0
2016,KIR,Kiribati,0,0,logreg,weighted_lr,0.0
2016,KNA,St. Kitts and Nevis,0,0,logreg,weighted_lr,0.0
2016,KOR,"Korea, Rep.",21,28,logreg,weighted_lr,24.797800831172566
2016,LAO,Lao PDR,0,0,logreg,weighted_lr,0.0
2016,LBN,Lebanon,0,0,logreg,weighted_lr,0.0
2016,LBR,Liberia,0,0,logreg,weighted_lr,0.0
2016,LBY,Libya,0,0,logreg,weighted_lr,0.0
2016,LCA,St. Lucia,0,0,logreg,weighted_lr,0.0
2016,LKA,Sri Lanka,0,0,logreg,weighted_lr,0.0
2016,LSO,Lesotho,0,0,logreg,weighted_lr,0.0
2016,LTU,Lithuania,4,5,logreg,weighted_lr,3.6922046431065887
2016,LUX,Luxembourg,0,0,logreg,weighted_lr,0.0
2016,LVA,Latvia,0,2,logreg,weighted_lr,0.33365269227063976
2016,MAR,Morocco,1,1,logreg,weighted_lr,1.8333981727994129
2016,MCO,Monaco,0,0,logreg,weighted_lr,0.0
2016,MDA,Moldova,0,2,logreg,weighted_lr,0.4390000056202741
2016,MDG,Madagascar,0,0,logreg,weighted_lr,0.0
2016,MDV,Maldives,0,0,logreg,weighted_lr,0.0
2016,MEX,Mexico,5,7,logreg,weighted_lr,10.928731512968998
2016,MHL,Marshall Islands,0,0,logreg,weighted_lr,0.0
2016,MKD,North Macedonia,0,0,logreg,weighted_lr,0.0
2016,MLI,Mali,0,0,logreg,weighted_lr,0.0
2016,MLT,Malta,0,0,logreg,weighted_lr,0.0
2016,MMR,Myanmar,0,0,logreg,weighted_lr,0.0
2016,MNE,Montenegro,0,1,logreg,weighted_lr,0.41525284398836426
2016,MNG,Mongolia,2,5,logreg,weighted_lr,3.5204775647851285
2016,MOZ,Mozambique,0,0,logreg,weighted_lr,0.0
2016,MRT,Mauritania,0,0,logreg,weighted_lr,0.0
2016,MUS,Mauritius,0,0,logreg,weighted_lr,0.0
2016,MWI,Malawi,0,0,logreg,weighted_lr,0.0
2016,MYS,Malaysia,5,2,logreg,weighted_lr,1.3774098549152267
2016,NAM,Namibia,0,0,logreg,weighted_lr,0.0
2016,NER,Niger,1,0,logreg,weighted_lr,0.0
2016,NGA,Nigeria,1,0,logreg,weighted_lr,3.8753533093490606
2016,NIC,Nicaragua,0,0,logreg,weighted_lr,0.0
2016,NLD,Netherlands,19,20,logreg,weighted_lr,20.012803423375672
2016,NOR,Norway,4,4,logreg,weighted_lr,0.20279179210971954
2016,NPL,Nepal,0,0,logreg,weighted_lr,0.0
2016,NRU,Naoero,0,0,logreg,weighted_lr,0.0
2016,NZL,New Zealand,18,13,logreg,weighted_lr,13.661519971853728
2016,OMN,Oman,0,0,logreg,weighted_lr,0.0
2016,PAK,Pakistan,0,0,logreg,weighted_lr,0.0
2016,PAN,Panama,0,0,logreg,weighted_lr,0.0
2016,PER,Peru,0,0,logreg,weighted_lr,0.4090769480424328
2016,PHL,Philippines,1,0,logreg,weighted_lr,0.0
2016,PLW,Palau,0,0,logreg,weighted_lr,0.0
2016,PNG,Papua New Guinea,0,0,logreg,weighted_lr,0.0
2016,POL,Poland,11,10,logreg,weighted_lr,16.47985307743221
2016,PRI,Puerto Rico (US),1,2,logreg,weighted_lr,0.0
2016,PRT,Portugal,1,1,logreg,weighted_lr,3.040073411842899
2016,PRY,Paraguay,0,0,logreg,weighted_lr,0.0
2016,PSE,West Bank and Gaza,0,0,logreg,weighted_lr,0.0
2016,QAT,Qatar,1,2,logreg,weighted_lr,0.0
2016,ROU,Romania,4,9,logreg,weighted_lr,7.921852128907594
2016,RUS,Russian Federation,56,82,logreg,weighted_lr,60.48702492870321
2016,RWA,Rwanda,0,0,logreg,weighted_lr,0.0
2016,SAU,Saudi Arabia,0,1,logreg,weighted_lr,0.11948802300339523
2016,SDN,Sudan,0,0,logreg,weighted_lr,0.0
2016,SEN,Senegal,0,0,logreg,weighted_lr,0.0
2016,SGP,Singapore,1,2,logreg,weighted_lr,0.0
2016,SLB,Solomon Islands,0,0,logreg,weighted_lr,0.0
2016,SLE,Sierra Leone,0,0,logreg,weighted_lr,0.0
2016,SLV,El Salvador,0,0,logreg,weighted_lr,0.0
2016,SMR,San Marino,0,0,logreg,weighted_lr,0.0
2016,SOM,"Somalia, Fed. Rep.",0,0,logreg,weighted_lr,0.0
2016,SRB,Serbia,8,4,logreg,weighted_lr,5.766057807464457
2016,STP,Sao Tome and Principe,0,0,logreg,weighted_lr,0.0
2016,SUR,Suriname,0,0,logreg,weighted_lr,0.0
2016,SVK,Slovak Republic,4,4,logreg,weighted_lr,2.382206092348989
2016,SVN,Slovenia,4,4,logreg,weighted_lr,2.6416128379391512
2016,SWE,Sweden,11,8,logreg,weighted_lr,8.589154663650426
2016,SWZ,Eswatini,0,0,logreg,weighted_lr,0.0
2016,SYC,Seychelles,0,0,logreg,weighted_lr,0.0
2016,SYR,Syrian Arab Republic,0,0,logreg,weighted_lr,0.0
2016,TCD,Chad,0,0,logreg,weighted_lr,0.0
2016,TGO,Togo,0,0,logreg,weighted_lr,0.0
2016,THA,Thailand,6,3,logreg,weighted_lr,3.5946083421229726
2016,TJK,Tajikistan,1,1,logreg,weighted_lr,0.0
2016,TKM,Turkmenistan,0,0,logreg,weighted_lr,0.0
2016,TLS,Timor-Leste,0,0,logreg,weighted_lr,0.0
2016,TON,Tonga,0,0,logreg,weighted_lr,0.0
2016,TTO,Trinidad and Tobago,1,4,logreg,weighted_lr,0.9984101722579624
2016,TUN,Tunisia,3,3,logreg,weighted_lr,3.2297897717939055
2016,TUR,Turkiye,8,5,logreg,weighted_lr,7.749410487646048
2016,TUV,Tuvalu,0,0,logreg,weighted_lr,0.0
2016,TZA,Tanzania,0,0,logreg,weighted_lr,0.0
2016,UGA,Uganda,0,1,logreg,weighted_lr,0.0
2016,UKR,Ukraine,11,20,logreg,weighted_lr,19.80542710614043
2016,URY,Uruguay,0,0,logreg,weighted_lr,0.0
2016,USA,United States,121,103,logreg,weighted_lr,112.99017448405125
2016,UZB,Uzbekistan,13,3,logreg,weighted_lr,3.987863544072659
2016,VCT,St. Vincent and the Grenadines,0,0,logreg,weighted_lr,0.0
2016,VEN,"Venezuela, RB",3,1,logreg,weighted_lr,3.9950254291725953
2016,VIR,Virgin Islands (U.S.),0,0,logreg,weighted_lr,0.0
2016,VNM,Viet Nam,2,0,logreg,weighted_lr,0.0
2016,VUT,Vanuatu,0,0,logreg,weighted_lr,0.0
2016,WSM,Samoa,0,0,logreg,weighted_lr,0.0
2016,YEM,"Yemen, Rep.",0,0,logreg,weighted_lr,0.0
2016,ZAF,South Africa,10,6,logreg,weighted_lr,9.537418582535892
2016,ZMB,Zambia,0,0,logreg,weighted_lr,0.0
2016,ZWE,Zimbabwe,0,0,logreg,weighted_lr,0.0
2016,ABW,Aruba,0,0,logreg,ridge,0.0
2016,AFG,Afghanistan,0,1,logreg,ridge,0.0
2016,AGO,Angola,0,0,logreg,ridge,0.0
2016,ALB,Albania,0,0,logreg,ridge,0.0
2016,AND,Andorra,0,0,logreg,ridge,0.0
2016,ARE,United Arab Emirates,1,0,logreg,ridge,0.0
2016,ARG,Argentina,4,4,logreg,ridge,14.820627426052749
2016,ARM,Armenia,4,3,logreg,ridge,2.1042849279368703
2016,ASM,American Samoa,0,0,logreg,ridge,0.0
2016,ATG,Antigua and Barbuda,0,0,logreg,ridge,0.0
2016,AUS,Australia,29,35,logreg,ridge,40.377341537980456
2016,AUT,Austria,1,0,logreg,ridge,1.5129356983614404
2016,AZE,Azerbaijan,18,10,logreg,ridge,6.684525716049661
2016,BDI,Burundi,1,0,logreg,ridge,0.0
2016,BEL,Belgium,6,3,logreg,ridge,4.97242043801128
2016,BEN,Benin,0,0,logreg,ridge,0.0
2016,BFA,Burkina Faso,0,0,logreg,ridge,0.0
2016,BGD,Bangladesh,0,0,logreg,ridge,0.0
2016,BGR,Bulgaria,3,2,logreg,ridge,2.651369462051667
2016,BHR,Bahrain,2,1,logreg,ridge,0.4588211613399249
2016,BHS,"Bahamas, The",2,1,logreg,ridge,0.0
2016,BIH,Bosnia and Herzegovina,0,0,logreg,ridge,0.0
2016,BLR,Belarus,9,12,logreg,ridge,11.19198385680647
2016,BLZ,Belize,0,0,logreg,ridge,0.0
2016,BMU,Bermuda,0,0,logreg,ridge,0.0
2016,BOL,Bolivia,0,0,logreg,ridge,0.0
2016,BRA,Brazil,19,17,logreg,ridge,39.53091153793241
2016,BRB,Barbados,0,0,logreg,ridge,0.0
2016,BRN,Brunei Darussalam,0,0,logreg,ridge,0.0
2016,BTN,Bhutan,0,0,logreg,ridge,0.0
2016,BWA,Botswana,0,1,logreg,ridge,0.0
2016,CAF,Central African Republic,0,0,logreg,ridge,0.0
2016,CAN,Canada,22,18,logreg,ridge,28.224986635823896
2016,CHE,Switzerland,7,4,logreg,ridge,3.2694506271949564
2016,CHL,Chile,0,0,logreg,ridge,1.6761572319988822
2016,CHN,China,70,88,logreg,ridge,85.60159606158973
2016,CIV,Cote d'Ivoire,2,0,logreg,ridge,0.0
2016,CMR,Cameroon,0,0,logreg,ridge,0.0
2016,COD,"Congo, Dem. Rep.",0,0,logreg,ridge,0.0
2016,COG,"Congo, Rep.",0,0,logreg,ridge,0.0
2016,COL,Colombia,8,8,logreg,ridge,11.673373683223963
2016,COM,Comoros,0,0,logreg,ridge,0.0
2016,CPV,Cabo Verde,0,0,logreg,ridge,0.0
2016,CRI,Costa Rica,0,0,logreg,ridge,0.0
2016,CUB,Cuba,11,14,logreg,ridge,11.692926391809056
2016,CYM,Cayman Islands,0,0,logreg,ridge,0.0
2016,CYP,Cyprus,0,1,logreg,ridge,0.0
2016,CZE,Czechia,10,10,logreg,ridge,8.797984591805596
2016,DEU,Germany,42,44,logreg,ridge,45.56962423663303
2016,DJI,Djibouti,0,0,logreg,ridge,0.0
2016,DMA,Dominica,0,0,logreg,ridge,0.0
2016,DNK,Denmark,15,9,logreg,ridge,7.3875775243621735
2016,DOM,Dominican Republic,1,2,logreg,ridge,1.3681459484672551
2016,DZA,Algeria,2,1,logreg,ridge,4.524098414985456
2016,ECU,Ecuador,0,0,logreg,ridge,1.4388079603104007
2016,EGY,"Egypt, Arab Rep.",3,2,logreg,ridge,8.341498048215824
2016,ESP,Spain,17,17,logreg,ridge,25.026791312947577
2016,EST,Estonia,1,2,logreg,ridge,1.7235094643776314
2016,ETH,Ethiopia,8,7,logreg,ridge,5.364403468978835
2016,FIN,Finland,1,3,logreg,ridge,1.6559240499485206
2016,FJI,Fiji,1,0,logreg,ridge,2.0134150509650404
2016,FRA,France,42,35,logreg,ridge,38.963621862676085
2016,FSM,"Micronesia, Fed. Sts.",0,0,logreg,ridge,0.0
2016,GAB,Gabon,0,1,logreg,ridge,0.0
2016,GBR,United Kingdom,67,65,logreg,ridge,49.736603180714404
2016,GEO,Georgia,7,7,logreg,ridge,4.3073767669030465
2016,GHA,Ghana,0,0,logreg,ridge,0.0
2016,GIN,Guinea,0,0,logreg,ridge,0.0
2016,GMB,"Gambia, The",0,0,logreg,ridge,0.0
2016,GNB,Guinea-Bissau,0,0,logreg,ridge,0.0
2016,GNQ,Equatorial Guinea,0,0,logreg,ridge,0.0
2016,GRC,Greece,6,2,logreg,ridge,4.775532091942416
2016,GRD,Grenada,1,1,logreg,ridge,0.0
2016,GTM,Guatemala,0,1,logreg,ridge,0.0
2016,GUM,Guam,0,0,logreg,ridge,0.0
2016,GUY,Guyana,0,0,logreg,ridge,0.0
2016,HKG,"Hong Kong SAR, China",0,1,logreg,ridge,0.0
2016,HND,Honduras,0,0,logreg,ridge,0.0
2016,HRV,Croatia,10,6,logreg,ridge,6.0098744974098555
2016,HTI,Haiti,0,0,logreg,ridge,0.0
2016,HUN,Hungary,15,18,logreg,ridge,15.26106147476723
2016,IDN,Indonesia,3,2,logreg,ridge,4.7974635676613175
2016,IND,India,2,6,logreg,ridge,18.790149982269142
2016,IRL,Ireland,2,5,logreg,ridge,2.683152360024554
2016,IRN,"Iran, Islamic Rep.",8,12,logreg,ridge,9.326937723062677
2016,IRQ,Iraq,0,0,logreg,ridge,0.0
2016,ISL,Iceland,0,0,logreg,ridge,0.0
2016,ISR,Israel,2,0,logreg,ridge,0.43865364563099263
2016,ITA,Italy,28,28,logreg,ridge,30.4657613503441
2016,JAM,Jamaica,11,12,logreg,ridge,7.267807523279959
2016,JOR,Jordan,1,0,logreg,ridge,0.0
2016,JPN,Japan,41,38,logreg,ridge,40.91014339146144
2016,KAZ,Kazakhstan,18,13,logreg,ridge,11.491923881118105
2016,KEN,Kenya,13,11,logreg,ridge,8.999023575229009
2016,KGZ,Kyrgyz Republic,0,0,logreg,ridge,0.0
2016,KHM,Cambodia,0,0,logreg,ridge,0.0
2016,KIR,Kiribati,0,0,logreg,ridge,0.0
2016,KNA,St. Kitts and Nevis,0,0,logreg,ridge,0.0
2016,KOR,"Korea, Rep.",21,28,logreg,ridge,23.98473630401464
2016,LAO,Lao PDR,0,0,logreg,ridge,0.0
2016,LBN,Lebanon,0,0,logreg,ridge,0.0
2016,LBR,Liberia,0,0,logreg,ridge,0.0
2016,LBY,Libya,0,0,logreg,ridge,0.0
2016,LCA,St. Lucia,0,0,logreg,ridge,0.0
2016,LKA,Sri Lanka,0,0,logreg,ridge,0.0
2016,LSO,Lesotho,0,0,logreg,ridge,0.0
2016,LTU,Lithuania,4,5,logreg,ridge,4.400931062219614
2016,LUX,Luxembourg,0,0,logreg,ridge,0.0
2016,LVA,Latvia,0,2,logreg,ridge,1.1449341953094763
2016,MAR,Morocco,1,1,logreg,ridge,2.8123197751952755
2016,MCO,Monaco,0,0,logreg,ridge,0.0
2016,MDA,Moldova,0,2,logreg,ridge,1.1816056765372824
2016,MDG,Madagascar,0,0,logreg,ridge,0.0
2016,MDV,Maldives,0,0,logreg,ridge,0.0
2016,MEX,Mexico,5,7,logreg,ridge,11.800547846795217
2016,MHL,Marshall Islands,0,0,logreg,ridge,0.0
2016,MKD,North Macedonia,0,0,logreg,ridge,0.0
2016,MLI,Mali,0,0,logreg,ridge,0.0
2016,MLT,Malta,0,0,logreg,ridge,0.0
2016,MMR,Myanmar,0,0,logreg,ridge,0.0
2016,MNE,Montenegro,0,1,logreg,ridge,1.284123017662532
2016,MNG,Mongolia,2,5,logreg,ridge,4.317207889336428
2016,MOZ,Mozambique,0,0,logreg,ridge,0.0
2016,MRT,Mauritania,0,0,logreg,ridge,0.0
2016,MUS,Mauritius,0,0,logreg,ridge,0.0
2016,MWI,Malawi,0,0,logreg,ridge,0.0
2016,MYS,Malaysia,5,2,logreg,ridge,2.1760008729985216
2016,NAM,Namibia,0,0,logreg,ridge,0.0
2016,NER,Niger,1,0,logreg,ridge,0.0
2016,NGA,Nigeria,1,0,logreg,ridge,5.213431520232023
2016,NIC,Nicaragua,0,0,logreg,ridge,0.0
2016,NLD,Netherlands,19,20,logreg,ridge,20.11398388473615
2016,NOR,Norway,4,4,logreg,ridge,1.1313297238727653
2016,NPL,Nepal,0,0,logreg,ridge,0.0
2016,NRU,Naoero,0,0,logreg,ridge,0.0
2016,NZL,New Zealand,18,13,logreg,ridge,14.292860709528611
2016,OMN,Oman,0,0,logreg,ridge,0.0
2016,PAK,Pakistan,0,0,logreg,ridge,0.0
2016,PAN,Panama,0,0,logreg,ridge,0.0
2016,PER,Peru,0,0,logreg,ridge,1.4949367134010014
2016,PHL,Philippines,1,0,logreg,ridge,0.0
2016,PLW,Palau,0,0,logreg,ridge,0.0
2016,PNG,Papua New Guinea,0,0,logreg,ridge,0.0
2016,POL,Poland,11,10,logreg,ridge,17.352350643895583
2016,PRI,Puerto Rico (US),1,2,logreg,ridge,0.7870743270467209
2016,PRT,Portugal,1,1,logreg,ridge,4.1183110182456275
2016,PRY,Paraguay,0,0,logreg,ridge,0.0
2016,PSE,West Bank and Gaza,0,0,logreg,ridge,0.0
2016,QAT,Qatar,1,2,logreg,ridge,0.0
2016,ROU,Romania,4,9,logreg,ridge,8.415580319851156
2016,RUS,Russian Federation,56,82,logreg,ridge,58.25069656625605
2016,RWA,Rwanda,0,0,logreg,ridge,0.0
2016,SAU,Saudi Arabia,0,1,logreg,ridge,1.108071857511172
2016,SDN,Sudan,0,0,logreg,ridge,0.0
2016,SEN,Senegal,0,0,logreg,ridge,0.0
2016,SGP,Singapore,1,2,logreg,ridge,0.0
2016,SLB,Solomon Islands,0,0,logreg,ridge,0.0
2016,SLE,Sierra Leone,0,0,logreg,ridge,0.0
2016,SLV,El Salvador,0,0,logreg,ridge,0.0
2016,SMR,San Marino,0,0,logreg,ridge,0.0
2016,SOM,"Somalia, Fed. Rep.",0,0,logreg,ridge,0.0
2016,SRB,Serbia,8,4,logreg,ridge,6.65215500986682
2016,STP,Sao Tome and Principe,0,0,logreg,ridge,0.0
2016,SUR,Suriname,0,0,logreg,ridge,0.0
2016,SVK,Slovak Republic,4,4,logreg,ridge,3.1046623489671052
2016,SVN,Slovenia,4,4,logreg,ridge,3.42658623807465
2016,SWE,Sweden,11,8,logreg,ridge,9.423736747525997
2016,SWZ,Eswatini,0,0,logreg,ridge,0.0
2016,SYC,Seychelles,0,0,logreg,ridge,0.0
2016,SYR,Syrian Arab Republic,0,0,logreg,ridge,0.0
2016,TCD,Chad,0,0,logreg,ridge,0.0
2016,TGO,Togo,0,0,logreg,ridge,0.0
2016,THA,Thailand,6,3,logreg,ridge,4.432218511368991
2016,TJK,Tajikistan,1,1,logreg,ridge,0.0
2016,TKM,Turkmenistan,0,0,logreg,ridge,0.0
2016,TLS,Timor-Leste,0,0,logreg,ridge,0.0
2016,TON,Tonga,0,0,logreg,ridge,0.0
2016,TTO,Trinidad and Tobago,1,4,logreg,ridge,1.6515100708789099
2016,TUN,Tunisia,3,3,logreg,ridge,4.051303556011638
2016,TUR,Turkiye,8,5,logreg,ridge,8.540668054699925
2016,TUV,Tuvalu,0,0,logreg,ridge,0.0
2016,TZA,Tanzania,0,0,logreg,ridge,0.0
2016,UGA,Uganda,0,1,logreg,ridge,0.0
2016,UKR,Ukraine,11,20,logreg,ridge,19.93354452961661
2016,URY,Uruguay,0,0,logreg,ridge,0.0
2016,USA,United States,121,103,logreg,ridge,104.90805256747514
2016,UZB,Uzbekistan,13,3,logreg,ridge,4.888972824750012
2016,VCT,St. Vincent and the Grenadines,0,0,logreg,ridge,0.0
2016,VEN,"Venezuela, RB",3,1,logreg,ridge,5.1622023169946445
2016,VIR,Virgin Islands (U.S.),0,0,logreg,ridge,0.0
2016,VNM,Viet Nam,2,0,logreg,ridge,0.0
2016,VUT,Vanuatu,0,0,logreg,ridge,0.0
2016,WSM,Samoa,0,0,logreg,ridge,0.0
2016,YEM,"Yemen, Rep.",0,0,logreg,ridge,0.0
2016,ZAF,South Africa,10,6,logreg,ridge,10.53244074561064
2016,ZMB,Zambia,0,0,logreg,ridge,0.0
2016,ZWE,Zimbabwe,0,0,logreg,ridge,0.0
2016,ABW,Aruba,0,0,logreg,lasso,0.0
2016,AFG,Afghanistan,0,1,logreg,lasso,0.0
2016,AGO,Angola,0,0,logreg,lasso,0.0
2016,ALB,Albania,0,0,logreg,lasso,0.0
2016,AND,Andorra,0,0,logreg,lasso,0.0
2016,ARE,United Arab Emirates,1,0,logreg,lasso,0.0
2016,ARG,Argentina,4,4,logreg,lasso,13.615127904173669
2016,ARM,Armenia,4,3,logreg,lasso,2.3471092388749746
2016,ASM,American Samoa,0,0,logreg,lasso,0.0
2016,ATG,Antigua and Barbuda,0,0,logreg,lasso,0.0
2016,AUS,Australia,29,35,logreg,lasso,39.46953373248725
2016,AUT,Austria,1,0,logreg,lasso,1.3617355265552344
2016,AZE,Azerbaijan,18,10,logreg,lasso,7.296600337325722
2016,BDI,Burundi,1,0,logreg,lasso,0.0
2016,BEL,Belgium,6,3,logreg,lasso,4.8356519298436496
2016,BEN,Benin,0,0,logreg,lasso,0.0
2016,BFA,Burkina Faso,0,0,logreg,lasso,0.0
2016,BGD,Bangladesh,0,0,logreg,lasso,0.0
2016,BGR,Bulgaria,3,2,logreg,lasso,2.698164193158865
2016,BHR,Bahrain,2,1,logreg,lasso,0.6805751526878208
2016,BHS,"Bahamas, The",2,1,logreg,lasso,0.0
2016,BIH,Bosnia and Herzegovina,0,0,logreg,lasso,0.0
2016,BLR,Belarus,9,12,logreg,lasso,11.558131095037904
2016,BLZ,Belize,0,0,logreg,lasso,0.0
2016,BMU,Bermuda,0,0,logreg,lasso,0.0
2016,BOL,Bolivia,0,0,logreg,lasso,0.0
2016,BRA,Brazil,19,17,logreg,lasso,36.78204579455947
2016,BRB,Barbados,0,0,logreg,lasso,0.0
2016,BRN,Brunei Darussalam,0,0,logreg,lasso,0.0
2016,BTN,Bhutan,0,0,logreg,lasso,0.0
2016,BWA,Botswana,0,1,logreg,lasso,0.0
2016,CAF,Central African Republic,0,0,logreg,lasso,0.0
2016,CAN,Canada,22,18,logreg,lasso,26.403333523109154
2016,CHE,Switzerland,7,4,logreg,lasso,3.2634278031558903
2016,CHL,Chile,0,0,logreg,lasso,1.5454697712698273
2016,CHN,China,70,88,logreg,lasso,87.21027902248622
2016,CIV,Cote d'Ivoire,2,0,logreg,lasso,0.0
2016,CMR,Cameroon,0,0,logreg,lasso,0.0
2016,COD,"Congo, Dem. Rep.",0,0,logreg,lasso,0.0
2016,COG,"Congo, Rep.",0,0,logreg,lasso,0.0
2016,COL,Colombia,8,8,logreg,lasso,11.486000458302792
2016,COM,Comoros,0,0,logreg,lasso,0.0
2016,CPV,Cabo Verde,0,0,logreg,lasso,0.0
2016,CRI,Costa Rica,0,0,logreg,lasso,0.0
2016,CUB,Cuba,11,14,logreg,lasso,12.254038902048165
2016,CYM,Cayman Islands,0,0,logreg,lasso,0.0
2016,CYP,Cyprus,0,1,logreg,lasso,0.0
2016,CZE,Czechia,10,10,logreg,lasso,9.165391185821273
2016,DEU,Germany,42,44,logreg,lasso,46.306238720040035
2016,DJI,Djibouti,0,0,logreg,lasso,0.0
2016,DMA,Dominica,0,0,logreg,lasso,0.0
2016,DNK,Denmark,15,9,logreg,lasso,7.656225372223557
2016,DOM,Dominican Republic,1,2,logreg,lasso,1.631410636015124
2016,DZA,Algeria,2,1,logreg,lasso,4.087505542956793
2016,ECU,Ecuador,0,0,logreg,lasso,1.4159662577832748
2016,EGY,"Egypt, Arab Rep.",3,2,logreg,lasso,7.88178728394054
2016,ESP,Spain,17,17,logreg,lasso,24.60228444000527
2016,EST,Estonia,1,2,logreg,lasso,1.853806119636106
2016,ETH,Ethiopia,8,7,logreg,lasso,5.783311358375682
2016,FIN,Finland,1,3,logreg,lasso,1.782074330543706
2016,FJI,Fiji,1,0,logreg,lasso,1.943886984156748
2016,FRA,France,42,35,logreg,lasso,39.244478846268905
2016,FSM,"Micronesia, Fed. Sts.",0,0,logreg,lasso,0.0
2016,GAB,Gabon,0,1,logreg,lasso,0.0
2016,GBR,United Kingdom,67,65,logreg,lasso,52.43413574817717
2016,GEO,Georgia,7,7,logreg,lasso,4.815402347073378
2016,GHA,Ghana,0,0,logreg,lasso,0.0
2016,GIN,Guinea,0,0,logreg,lasso,0.0
2016,GMB,"Gambia, The",0,0,logreg,lasso,0.0
2016,GNB,Guinea-Bissau,0,0,logreg,lasso,0.0
2016,GNQ,Equatorial Guinea,0,0,logreg,lasso,0.0
2016,GRC,Greece,6,2,logreg,lasso,4.587634889541031
2016,GRD,Grenada,1,1,logreg,lasso,0.0
2016,GTM,Guatemala,0,1,logreg,lasso,0.0
2016,GUM,Guam,0,0,logreg,lasso,0.0
2016,GUY,Guyana,0,0,logreg,lasso,0.0
2016,HKG,"Hong Kong SAR, China",0,1,logreg,lasso,0.0
2016,HND,Honduras,0,0,logreg,lasso,0.0
2016,HRV,Croatia,10,6,logreg,lasso,6.183007716699966
2016,HTI,Haiti,0,0,logreg,lasso,0.0
2016,HUN,Hungary,15,18,logreg,lasso,15.920264457957394
2016,IDN,Indonesia,3,2,logreg,lasso,4.616977346557646
2016,IND,India,2,6,logreg,lasso,18.081133704654135
2016,IRL,Ireland,2,5,logreg,lasso,2.9053601275105283
2016,IRN,"Iran, Islamic Rep.",8,12,logreg,lasso,9.814748127344336
2016,IRQ,Iraq,0,0,logreg,lasso,0.0
2016,ISL,Iceland,0,0,logreg,lasso,0.0
2016,ISR,Israel,2,0,logreg,lasso,0.46144128166815435
2016,ITA,Italy,28,28,logreg,lasso,30.787511764101197
2016,JAM,Jamaica,11,12,logreg,lasso,8.063269716679324
2016,JOR,Jordan,1,0,logreg,lasso,0.0
2016,JPN,Japan,41,38,logreg,lasso,41.46338057473213
2016,KAZ,Kazakhstan,18,13,logreg,lasso,11.652787628403589
2016,KEN,Kenya,13,11,logreg,lasso,9.531676591270715
2016,KGZ,Kyrgyz Republic,0,0,logreg,lasso,0.0
2016,KHM,Cambodia,0,0,logreg,lasso,0.0
2016,KIR,Kiribati,0,0,logreg,lasso,0.0
2016,KNA,St. Kitts and Nevis,0,0,logreg,lasso,0.0
2016,KOR,"Korea, Rep.",21,28,logreg,lasso,24.963206772727816
2016,LAO,Lao PDR,0,0,logreg,lasso,0.0
2016,LBN,Lebanon,0,0,logreg,lasso,0.0
2016,LBR,Liberia,0,0,logreg,lasso,0.0
2016,LBY,Libya,0,0,logreg,lasso,0.0
2016,LCA,St. Lucia,0,0,logreg,lasso,0.0
2016,LKA,Sri Lanka,0,0,logreg,lasso,0.0
2016,LSO,Lesotho,0,0,logreg,lasso,0.0
2016,LTU,Lithuania,4,5,logreg,lasso,4.597088835998309
2016,LUX,Luxembourg,0,0,logreg,lasso,0.0
2016,LVA,Latvia,0,2,logreg,lasso,1.32083865245575
2016,MAR,Morocco,1,1,logreg,lasso,2.7640823204958505
2016,MCO,Monaco,0,0,logreg,lasso,0.0
2016,MDA,Moldova,0,2,logreg,lasso,1.4080680852507843
2016,MDG,Madagascar,0,0,logreg,lasso,0.0
2016,MDV,Maldives,0,0,logreg,lasso,0.0
2016,MEX,Mexico,5,7,logreg,lasso,11.416739116550188
2016,MHL,Marshall Islands,0,0,logreg,lasso,0.0
2016,MKD,North Macedonia,0,0,logreg,lasso,0.0
2016,MLI,Mali,0,0,logreg,lasso,0.0
2016,MLT,Malta,0,0,logreg,lasso,0.0
2016,MMR,Myanmar,0,0,logreg,lasso,0.0
2016,MNE,Montenegro,0,1,logreg,lasso,1.3977766544048347
2016,MNG,Mongolia,2,5,logreg,lasso,4.4332234318498465
2016,MOZ,Mozambique,0,0,logreg,lasso,0.0
2016,MRT,Mauritania,0,0,logreg,lasso,0.0
2016,MUS,Mauritius,0,0,logreg,lasso,0.0
2016,MWI,Malawi,0,0,logreg,lasso,0.0
2016,MYS,Malaysia,5,2,logreg,lasso,2.33407455027897
2016,NAM,Namibia,0,0,logreg,lasso,0.0
2016,NER,Niger,1,0,logreg,lasso,0.0
2016,NGA,Nigeria,1,0,logreg,lasso,4.85725926791925
2016,NIC,Nicaragua,0,0,logreg,lasso,0.0
2016,NLD,Netherlands,19,20,logreg,lasso,20.45924707984872
2016,NOR,Norway,4,4,logreg,lasso,1.3037715325172474
2016,NPL,Nepal,0,0,logreg,lasso,0.0
2016,NRU,Naoero,0,0,logreg,lasso,0.0
2016,NZL,New Zealand,18,13,logreg,lasso,14.420472178471051
2016,OMN,Oman,0,0,logreg,lasso,0.0
2016,PAK,Pakistan,0,0,logreg,lasso,0.0
2016,PAN,Panama,0,0,logreg,lasso,0.0
2016,PER,Peru,0,0,logreg,lasso,1.3562853192989621
2016,PHL,Philippines,1,0,logreg,lasso,0.0
2016,PLW,Palau,0,0,logreg,lasso,0.0
2016,PNG,Papua New Guinea,0,0,logreg,lasso,0.0
2016,POL,Poland,11,10,logreg,lasso,16.91821904415117
2016,PRI,Puerto Rico (US),1,2,logreg,lasso,0.9041772243976229
2016,PRT,Portugal,1,1,logreg,lasso,3.8912872525270714
2016,PRY,Paraguay,0,0,logreg,lasso,0.0
2016,PSE,West Bank and Gaza,0,0,logreg,lasso,0.0
2016,QAT,Qatar,1,2,logreg,lasso,0.0
2016,ROU,Romania,4,9,logreg,lasso,8.708829721889721
2016,RUS,Russian Federation,56,82,logreg,lasso,59.927072253143145
2016,RWA,Rwanda,0,0,logreg,lasso,0.0
2016,SAU,Saudi Arabia,0,1,logreg,lasso,0.9991112040927757
2016,SDN,Sudan,0,0,logreg,lasso,0.0
2016,SEN,Senegal,0,0,logreg,lasso,0.0
2016,SGP,Singapore,1,2,logreg,lasso,0.0
2016,SLB,Solomon Islands,0,0,logreg,lasso,0.0
2016,SLE,Sierra Leone,0,0,logreg,lasso,0.0
2016,SLV,El Salvador,0,0,logreg,lasso,0.0
2016,SMR,San Marino,0,0,logreg,lasso,0.0
2016,SOM,"Somalia, Fed. Rep.",0,0,logreg,lasso,0.0
2016,SRB,Serbia,8,4,logreg,lasso,6.5737443267694955
2016,STP,Sao Tome and Principe,0,0,logreg,lasso,0.0
2016,SUR,Suriname,0,0,logreg,lasso,0.0
2016,SVK,Slovak Republic,4,4,logreg,lasso,3.336951256345344
2016,SVN,Slovenia,4,4,logreg,lasso,3.6146394448690717
2016,SWE,Sweden,11,8,logreg,lasso,9.361937712568471
2016,SWZ,Eswatini,0,0,logreg,lasso,0.0
2016,SYC,Seychelles,0,0,logreg,lasso,0.0
2016,SYR,Syrian Arab Republic,0,0,logreg,lasso,0.0
2016,TCD,Chad,0,0,logreg,lasso,0.0
2016,TGO,Togo,0,0,logreg,lasso,0.0
2016,THA,Thailand,6,3,logreg,lasso,4.459101542589815
2016,TJK,Tajikistan,1,1,logreg,lasso,0.0
2016,TKM,Turkmenistan,0,0,logreg,lasso,0.0
2016,TLS,Timor-Leste,0,0,logreg,lasso,0.0
2016,TON,Tonga,0,0,logreg,lasso,0.0
2016,TTO,Trinidad and Tobago,1,4,logreg,lasso,1.970275454834848
2016,TUN,Tunisia,3,3,logreg,lasso,4.137955502038163
2016,TUR,Turkiye,8,5,logreg,lasso,8.387663160091765
2016,TUV,Tuvalu,0,0,logreg,lasso,0.0
2016,TZA,Tanzania,0,0,logreg,lasso,0.0
2016,UGA,Uganda,0,1,logreg,lasso,0.0
2016,UKR,Ukraine,11,20,logreg,lasso,20.36563916399714
2016,URY,Uruguay,0,0,logreg,lasso,0.0
2016,USA,United States,121,103,logreg,lasso,106.02593675858758
2016,UZB,Uzbekistan,13,3,logreg,lasso,4.9172119563453
2016,VCT,St. Vincent and the Grenadines,0,0,logreg,lasso,0.0
2016,VEN,"Venezuela, RB",3,1,logreg,lasso,4.710896842947103
2016,VIR,Virgin Islands (U.S.),0,0,logreg,lasso,0.0
2016,VNM,Viet Nam,2,0,logreg,lasso,0.0
2016,VUT,Vanuatu,0,0,logreg,lasso,0.0
2016,WSM,Samoa,0,0,logreg,lasso,0.0
2016,YEM,"Yemen, Rep.",0,0,logreg,lasso,0.0
2016,ZAF,South Africa,10,6,logreg,lasso,10.210425301160525
2016,ZMB,Zambia,0,0,logreg,lasso,0.0
2016,ZWE,Zimbabwe,0,0,logreg,lasso,0.0
2016,ABW,Aruba,0,0,logreg,poisson,0.0
2016,AFG,Afghanistan,0,1,logreg,poisson,0.0
2016,AGO,Angola,0,0,logreg,poisson,0.0
2016,ALB,Albania,0,0,logreg,poisson,0.0
2016,AND,Andorra,0,0,logreg,poisson,0.0
2016,ARE,United Arab Emirates,1,0,logreg,poisson,0.0
2016,ARG,Argentina,4,4,logreg,poisson,10.252525483295836
2016,ARM,Armenia,4,3,logreg,poisson,5.23773753853452
2016,ASM,American Samoa,0,0,logreg,poisson,0.0
2016,ATG,Antigua and Barbuda,0,0,logreg,poisson,0.0
2016,AUS,Australia,29,35,logreg,poisson,33.743416581945645
2016,AUT,Austria,1,0,logreg,poisson,5.215675167890311
2016,AZE,Azerbaijan,18,10,logreg,poisson,4.660597201611152
2016,BDI,Burundi,1,0,logreg,poisson,0.0
2016,BEL,Belgium,6,3,logreg,poisson,6.878913187260555
2016,BEN,Benin,0,0,logreg,poisson,0.0
2016,BFA,Burkina Faso,0,0,logreg,poisson,0.0
2016,BGD,Bangladesh,0,0,logreg,poisson,0.0
2016,BGR,Bulgaria,3,2,logreg,poisson,6.861746128087591
2016,BHR,Bahrain,2,1,logreg,poisson,2.5123221251750225
2016,BHS,"Bahamas, The",2,1,logreg,poisson,4.428082754404259
2016,BIH,Bosnia and Herzegovina,0,0,logreg,poisson,0.0
2016,BLR,Belarus,9,12,logreg,poisson,7.812983578744943
2016,BLZ,Belize,0,0,logreg,poisson,0.0
2016,BMU,Bermuda,0,0,logreg,poisson,0.0
2016,BOL,Bolivia,0,0,logreg,poisson,0.0
2016,BRA,Brazil,19,17,logreg,poisson,40.132092441980866
2016,BRB,Barbados,0,0,logreg,poisson,0.0
2016,BRN,Brunei Darussalam,0,0,logreg,poisson,0.0
2016,BTN,Bhutan,0,0,logreg,poisson,0.0
2016,BWA,Botswana,0,1,logreg,poisson,0.0
2016,CAF,Central African Republic,0,0,logreg,poisson,0.0
2016,CAN,Canada,22,18,logreg,poisson,18.80526962387369
2016,CHE,Switzerland,7,4,logreg,poisson,6.7819634297098235
2016,CHL,Chile,0,0,logreg,poisson,4.135820960210867
2016,CHN,China,70,88,logreg,poisson,66.68472298970725
2016,CIV,Cote d'Ivoire,2,0,logreg,poisson,0.0
2016,CMR,Cameroon,0,0,logreg,poisson,0.0
2016,COD,"Congo, Dem. Rep.",0,0,logreg,poisson,0.0
2016,COG,"Congo, Rep.",0,0,logreg,poisson,0.0
2016,COL,Colombia,8,8,logreg,poisson,7.351403089255017
2016,COM,Comoros,0,0,logreg,poisson,0.0
2016,CPV,Cabo Verde,0,0,logreg,poisson,0.0
2016,CRI,Costa Rica,0,0,logreg,poisson,0.0
2016,CUB,Cuba,11,14,logreg,poisson,8.161282935835475
2016,CYM,Cayman Islands,0,0,logreg,poisson,0.0
2016,CYP,Cyprus,0,1,logreg,poisson,0.0
2016,CZE,Czechia,10,10,logreg,poisson,7.282167730500727
2016,DEU,Germany,42,44,logreg,poisson,39.04780633384777
2016,DJI,Djibouti,0,0,logreg,poisson,0.0
2016,DMA,Dominica,0,0,logreg,poisson,0.0
2016,DNK,Denmark,15,9,logreg,poisson,7.574838158410768
2016,DOM,Dominican Republic,1,2,logreg,poisson,3.9153853935551672
2016,DZA,Algeria,2,1,logreg,poisson,3.939521400159002
2016,ECU,Ecuador,0,0,logreg,poisson,3.7674728952888747
2016,EGY,"Egypt, Arab Rep.",3,2,logreg,poisson,5.306905372923367
2016,ESP,Spain,17,17,logreg,poisson,21.20579697235106
2016,EST,Estonia,1,2,logreg,poisson,5.36673852313065
2016,ETH,Ethiopia,8,7,logreg,poisson,3.26146534901855
2016,FIN,Finland,1,3,logreg,poisson,5.674294116262221
2016,FJI,Fiji,1,0,logreg,poisson,5.263148826289043
2016,FRA,France,42,35,logreg,poisson,35.45599948392458
2016,FSM,"Micronesia, Fed. Sts.",0,0,logreg,poisson,0.0
2016,GAB,Gabon,0,1,logreg,poisson,0.0
2016,GBR,United Kingdom,67,65,logreg,poisson,34.21493070557087
2016,GEO,Georgia,7,7,logreg,poisson,5.192999369417067
2016,GHA,Ghana,0,0,logreg,poisson,0.0
2016,GIN,Guinea,0,0,logreg,poisson,0.0
2016,GMB,"Gambia, The",0,0,logreg,poisson,0.0
2016,GNB,Guinea-Bissau,0,0,logreg,poisson,0.0
2016,GNQ,Equatorial Guinea,0,0,logreg,poisson,0.0
2016,GRC,Greece,6,2,logreg,poisson,7.232353817184992
2016,GRD,Grenada,1,1,logreg,poisson,0.0
2016,GTM,Guatemala,0,1,logreg,poisson,0.0
2016,GUM,Guam,0,0,logreg,poisson,0.0
2016,GUY,Guyana,0,0,logreg,poisson,0.0
2016,HKG,"Hong Kong SAR, China",0,1,logreg,poisson,4.8429156282165575
2016,HND,Honduras,0,0,logreg,poisson,0.0
2016,HRV,Croatia,10,6,logreg,poisson,8.082598841912308
2016,HTI,Haiti,0,0,logreg,poisson,0.0
2016,HUN,Hungary,15,18,logreg,poisson,10.764444401821077
2016,IDN,Indonesia,3,2,logreg,poisson,4.274733281172099
2016,IND,India,2,6,logreg,poisson,9.214579851396755
2016,IRL,Ireland,2,5,logreg,poisson,5.5644696412846075
2016,IRN,"Iran, Islamic Rep.",8,12,logreg,poisson,4.847118517268341
2016,IRQ,Iraq,0,0,logreg,poisson,0.0
2016,ISL,Iceland,0,0,logreg,poisson,0.0
2016,ISR,Israel,2,0,logreg,poisson,3.896846891191148
2016,ITA,Italy,28,28,logreg,poisson,24.406466952031444
2016,JAM,Jamaica,11,12,logreg,poisson,5.598308709654172
2016,JOR,Jordan,1,0,logreg,poisson,0.0
2016,JPN,Japan,41,38,logreg,poisson,29.12307986339759
2016,KAZ,Kazakhstan,18,13,logreg,poisson,5.614954617042389
2016,KEN,Kenya,13,11,logreg,poisson,4.376018021771274
2016,KGZ,Kyrgyz Republic,0,0,logreg,poisson,0.0
2016,KHM,Cambodia,0,0,logreg,poisson,0.0
2016,KIR,Kiribati,0,0,logreg,poisson,0.0
2016,KNA,St. Kitts and Nevis,0,0,logreg,poisson,0.0
2016,KOR,"Korea, Rep.",21,28,logreg,poisson,13.421172122394228
2016,LAO,Lao PDR,0,0,logreg,poisson,0.0
2016,LBN,Lebanon,0,0,logreg,poisson,0.0
2016,LBR,Liberia,0,0,logreg,poisson,0.0
2016,LBY,Libya,0,0,logreg,poisson,0.0
2016,LCA,St. Lucia,0,0,logreg,poisson,0.0
2016,LKA,Sri Lanka,0,0,logreg,poisson,0.0
2016,LSO,Lesotho,0,0,logreg,poisson,0.0
2016,LTU,Lithuania,4,5,logreg,poisson,7.497002714590514
2016,LUX,Luxembourg,0,0,logreg,poisson,0.0
2016,LVA,Latvia,0,2,logreg,poisson,5.902052884104388
2016,MAR,Morocco,1,1,logreg,poisson,4.209580236737713
2016,MCO,Monaco,0,0,logreg,poisson,0.0
2016,MDA,Moldova,0,2,logreg,poisson,5.7887828323746495
2016,MDG,Madagascar,0,0,logreg,poisson,0.0
2016,MDV,Maldives,0,0,logreg,poisson,0.0
2016,MEX,Mexico,5,7,logreg,poisson,6.832049015978128
2016,MHL,Marshall Islands,0,0,logreg,poisson,0.0
2016,MKD,North Macedonia,0,0,logreg,poisson,0.0
2016,MLI,Mali,0,0,logreg,poisson,0.0
2016,MLT,Malta,0,0,logreg,poisson,0.0
2016,MMR,Myanmar,0,0,logreg,poisson,0.0
2016,MNE,Montenegro,0,1,logreg,poisson,4.842826018132296
2016,MNG,Mongolia,2,5,logreg,poisson,3.608467105639257
2016,MOZ,Mozambique,0,0,logreg,poisson,0.0
2016,MRT,Mauritania,0,0,logreg,poisson,0.0
2016,MUS,Mauritius,0,0,logreg,poisson,0.0
2016,MWI,Malawi,0,0,logreg,poisson,0.0
2016,MYS,Malaysia,5,2,logreg,poisson,3.5949222187830276
2016,NAM,Namibia,0,0,logreg,poisson,0.0
2016,NER,Niger,1,0,logreg,poisson,0.0
2016,NGA,Nigeria,1,0,logreg,poisson,3.862155592667485
2016,NIC,Nicaragua,0,0,logreg,poisson,0.0
2016,NLD,Netherlands,19,20,logreg,poisson,14.793875867658773
2016,NOR,Norway,4,4,logreg,poisson,5.6904193313525875
2016,NPL,Nepal,0,0,logreg,poisson,0.0
2016,NRU,Naoero,0,0,logreg,poisson,0.0
2016,NZL,New Zealand,18,13,logreg,poisson,8.293133348795564
2016,OMN,Oman,0,0,logreg,poisson,0.0
2016,PAK,Pakistan,0,0,logreg,poisson,0.0
2016,PAN,Panama,0,0,logreg,poisson,0.0
2016,PER,Peru,0,0,logreg,poisson,3.7689008777949393
2016,PHL,Philippines,1,0,logreg,poisson,0.0
2016,PLW,Palau,0,0,logreg,poisson,0.0
2016,PNG,Papua New Guinea,0,0,logreg,poisson,0.0
2016,POL,Poland,11,10,logreg,poisson,14.119930441912304
2016,PRI,Puerto Rico (US),1,2,logreg,poisson,7.134870429933584
2016,PRT,Portugal,1,1,logreg,poisson,7.038584360296617
2016,PRY,Paraguay,0,0,logreg,poisson,0.0
2016,PSE,West Bank and Gaza,0,0,logreg,poisson,0.0
2016,QAT,Qatar,1,2,logreg,poisson,2.0626682582389324
2016,ROU,Romania,4,9,logreg,poisson,7.837449927703407
2016,RUS,Russian Federation,56,82,logreg,poisson,29.845762672284078
2016,RWA,Rwanda,0,0,logreg,poisson,0.0
2016,SAU,Saudi Arabia,0,1,logreg,poisson,2.287107094161307
2016,SDN,Sudan,0,0,logreg,poisson,0.0
2016,SEN,Senegal,0,0,logreg,poisson,0.0
2016,SGP,Singapore,1,2,logreg,poisson,4.202276243956352
2016,SLB,Solomon Islands,0,0,logreg,poisson,0.0
2016,SLE,Sierra Leone,0,0,logreg,poisson,0.0
2016,SLV,El Salvador,0,0,logreg,poisson,0.0
2016,SMR,San Marino,0,0,logreg,poisson,0.0
2016,SOM,"Somalia, Fed. Rep.",0,0,logreg,poisson,0.0
2016,SRB,Serbia,8,4,logreg,poisson,7.708506820959771
2016,STP,Sao Tome and Principe,0,0,logreg,poisson,0.0
2016,SUR,Suriname,0,0,logreg,poisson,0.0
2016,SVK,Slovak Republic,4,4,logreg,poisson,5.438774153709156
2016,SVN,Slovenia,4,4,logreg,poisson,5.895952918693687
2016,SWE,Sweden,11,8,logreg,poisson,7.932952128107173
2016,SWZ,Eswatini,0,0,logreg,poisson,0.0
2016,SYC,Seychelles,0,0,logreg,poisson,0.0
2016,SYR,Syrian Arab Republic,0,0,logreg,poisson,0.0
2016,TCD,Chad,0,0,logreg,poisson,0.0
2016,TGO,Togo,0,0,logreg,poisson,0.0
2016,THA,Thailand,6,3,logreg,poisson,5.146732969655719
2016,TJK,Tajikistan,1,1,logreg,poisson,0.0
2016,TKM,Turkmenistan,0,0,logreg,poisson,0.0
2016,TLS,Timor-Leste,0,0,logreg,poisson,0.0
2016,TON,Tonga,0,0,logreg,poisson,0.0
2016,TTO,Trinidad and Tobago,1,4,logreg,poisson,4.63463084456892
2016,TUN,Tunisia,3,3,logreg,poisson,4.5969096390043465
2016,TUR,Turkiye,8,5,logreg,poisson,5.577913924368051
2016,TUV,Tuvalu,0,0,logreg,poisson,0.0
2016,TZA,Tanzania,0,0,logreg,poisson,0.0
2016,UGA,Uganda,0,1,logreg,poisson,0.0
2016,UKR,Ukraine,11,20,logreg,poisson,13.66344233060359
2016,URY,Uruguay,0,0,logreg,poisson,0.0
2016,USA,United States,121,103,logreg,poisson,111.68680083727588
2016,UZB,Uzbekistan,13,3,logreg,poisson,4.3417341080593514
2016,VCT,St. Vincent and the Grenadines,0,0,logreg,poisson,0.0
2016,VEN,"Venezuela, RB",3,1,logreg,poisson,5.428505659404272
2016,VIR,Virgin Islands (U.S.),0,0,logreg,poisson,0.0
2016,VNM,Viet Nam,2,0,logreg,poisson,0.0
2016,VUT,Vanuatu,0,0,logreg,poisson,0.0
2016,WSM,Samoa,0,0,logreg,poisson,0.0
2016,YEM,"Yemen, Rep.",0,0,logreg,poisson,0.0
2016,ZAF,South Africa,10,6,logreg,poisson,7.041386444797695
2016,ZMB,Zambia,0,0,logreg,poisson,0.0
2016,ZWE,Zimbabwe,0,0,logreg,poisson,0.0
2016,ABW,Aruba,0,0,logreg,svr,0.0
2016,AFG,Afghanistan,0,1,logreg,svr,0.0
2016,AGO,Angola,0,0,logreg,svr,0.0
2016,ALB,Albania,0,0,logreg,svr,0.0
2016,AND,Andorra,0,0,logreg,svr,0.0
2016,ARE,United Arab Emirates,1,0,logreg,svr,0.0
2016,ARG,Argentina,4,4,logreg,svr,7.352532910842513
2016,ARM,Armenia,4,3,logreg,svr,2.6090320088185166
2016,ASM,American Samoa,0,0,logreg,svr,0.0
2016,ATG,Antigua and Barbuda,0,0,logreg,svr,0.0
2016,AUS,Australia,29,35,logreg,svr,34.74114762811097
2016,AUT,Austria,1,0,logreg,svr,1.8990272532959125
2016,AZE,Azerbaijan,18,10,logreg,svr,6.473851801419954
2016,BDI,Burundi,1,0,logreg,svr,0.0
2016,BEL,Belgium,6,3,logreg,svr,4.155364224155562
2016,BEN,Benin,0,0,logreg,svr,0.0
2016,BFA,Burkina Faso,0,0,logreg,svr,0.0
2016,BGD,Bangladesh,0,0,logreg,svr,0.0
2016,BGR,Bulgaria,3,2,logreg,svr,2.5604753617080007
2016,BHR,Bahrain,2,1,logreg,svr,2.0390740780186505
2016,BHS,"Bahamas, The",2,1,logreg,svr,1.4202802183912908
2016,BIH,Bosnia and Herzegovina,0,0,logreg,svr,0.0
2016,BLR,Belarus,9,12,logreg,svr,8.796437935368377
2016,BLZ,Belize,0,0,logreg,svr,0.0
2016,BMU,Bermuda,0,0,logreg,svr,0.0
2016,BOL,Bolivia,0,0,logreg,svr,0.0
2016,BRA,Brazil,19,17,logreg,svr,33.787761276492716
2016,BRB,Barbados,0,0,logreg,svr,0.0
2016,BRN,Brunei Darussalam,0,0,logreg,svr,0.0
2016,BTN,Bhutan,0,0,logreg,svr,0.0
2016,BWA,Botswana,0,1,logreg,svr,0.0
2016,CAF,Central African Republic,0,0,logreg,svr,0.0
2016,CAN,Canada,22,18,logreg,svr,19.838775636163685
2016,CHE,Switzerland,7,4,logreg,svr,6.303923541794028
2016,CHL,Chile,0,0,logreg,svr,0.7995799984154601
2016,CHN,China,70,88,logreg,svr,87.79645949650141
2016,CIV,Cote d'Ivoire,2,0,logreg,svr,0.0
2016,CMR,Cameroon,0,0,logreg,svr,0.0
2016,COD,"Congo, Dem. Rep.",0,0,logreg,svr,0.0
2016,COG,"Congo, Rep.",0,0,logreg,svr,0.0
2016,COL,Colombia,8,8,logreg,svr,7.596831791613802
2016,COM,Comoros,0,0,logreg,svr,0.0
2016,CPV,Cabo Verde,0,0,logreg,svr,0.0
2016,CRI,Costa Rica,0,0,logreg,svr,0.0
2016,CUB,Cuba,11,14,logreg,svr,9.886658966588975
2016,CYM,Cayman Islands,0,0,logreg,svr,0.0
2016,CYP,Cyprus,0,1,logreg,svr,0.0
2016,CZE,Czechia,10,10,logreg,svr,7.442770824083539
2016,DEU,Germany,42,44,logreg,svr,46.02590086530758
2016,DJI,Djibouti,0,0,logreg,svr,0.0
2016,DMA,Dominica,0,0,logreg,svr,0.0
2016,DNK,Denmark,15,9,logreg,svr,7.504556550186706
2016,DOM,Dominican Republic,1,2,logreg,svr,2.574892424341847
2016,DZA,Algeria,2,1,logreg,svr,1.6015726208495025
2016,ECU,Ecuador,0,0,logreg,svr,1.3145307463117462
2016,EGY,"Egypt, Arab Rep.",3,2,logreg,svr,4.2627859456289485
2016,ESP,Spain,17,17,logreg,svr,20.460700133563215
2016,EST,Estonia,1,2,logreg,svr,2.2468535323393937
2016,ETH,Ethiopia,8,7,logreg,svr,5.794116275974886
2016,FIN,Finland,1,3,logreg,svr,2.7742673775424507
2016,FJI,Fiji,1,0,logreg,svr,1.7435549796672447
2016,FRA,France,42,35,logreg,svr,36.98703518601185
2016,FSM,"Micronesia, Fed. Sts.",0,0,logreg,svr,0.0
2016,GAB,Gabon,0,1,logreg,svr,0.0
2016,GBR,United Kingdom,67,65,logreg,svr,50.78789710042812
2016,GEO,Georgia,7,7,logreg,svr,4.975407534761466
2016,GHA,Ghana,0,0,logreg,svr,0.0
2016,GIN,Guinea,0,0,logreg,svr,0.0
2016,GMB,"Gambia, The",0,0,logreg,svr,0.0
2016,GNB,Guinea-Bissau,0,0,logreg,svr,0.0
2016,GNQ,Equatorial Guinea,0,0,logreg,svr,0.0
2016,GRC,Greece,6,2,logreg,svr,3.047043891989972
2016,GRD,Grenada,1,1,logreg,svr,0.0
2016,GTM,Guatemala,0,1,logreg,svr,0.0
2016,GUM,Guam,0,0,logreg,svr,0.0
2016,GUY,Guyana,0,0,logreg,svr,0.0
2016,HKG,"Hong Kong SAR, China",0,1,logreg,svr,1.7503938709961702
2016,HND,Honduras,0,0,logreg,svr,0.0
2016,HRV,Croatia,10,6,logreg,svr,5.142264029035388
2016,HTI,Haiti,0,0,logreg,svr,0.0
2016,HUN,Hungary,15,18,logreg,svr,13.233277635969031
2016,IDN,Indonesia,3,2,logreg,svr,1.4863384557142254
2016,IND,India,2,6,logreg,svr,12.389160358291168
2016,IRL,Ireland,2,5,logreg,svr,4.80877578498891
2016,IRN,"Iran, Islamic Rep.",8,12,logreg,svr,8.142224064917116
2016,IRQ,Iraq,0,0,logreg,svr,0.0
2016,ISL,Iceland,0,0,logreg,svr,0.0
2016,ISR,Israel,2,0,logreg,svr,1.2223964031780383
2016,ITA,Italy,28,28,logreg,svr,27.005378126059078
2016,JAM,Jamaica,11,12,logreg,svr,7.738477433699565
2016,JOR,Jordan,1,0,logreg,svr,0.0
2016,JPN,Japan,41,38,logreg,svr,41.59721643255168
2016,KAZ,Kazakhstan,18,13,logreg,svr,8.124481311936016
2016,KEN,Kenya,13,11,logreg,svr,8.253937473939665
2016,KGZ,Kyrgyz Republic,0,0,logreg,svr,0.0
2016,KHM,Cambodia,0,0,logreg,svr,0.0
2016,KIR,Kiribati,0,0,logreg,svr,0.0
2016,KNA,St. Kitts and Nevis,0,0,logreg,svr,0.0
2016,KOR,"Korea, Rep.",21,28,logreg,svr,21.519005307992696
2016,LAO,Lao PDR,0,0,logreg,svr,0.0
2016,LBN,Lebanon,0,0,logreg,svr,0.0
2016,LBR,Liberia,0,0,logreg,svr,0.0
2016,LBY,Libya,0,0,logreg,svr,0.0
2016,LCA,St. Lucia,0,0,logreg,svr,0.0
2016,LKA,Sri Lanka,0,0,logreg,svr,0.0
2016,LSO,Lesotho,0,0,logreg,svr,0.0
2016,LTU,Lithuania,4,5,logreg,svr,4.128654767400931
2016,LUX,Luxembourg,0,0,logreg,svr,0.0
2016,LVA,Latvia,0,2,logreg,svr,2.0641642646372347
2016,MAR,Morocco,1,1,logreg,svr,1.9067711649017411
2016,MCO,Monaco,0,0,logreg,svr,0.0
2016,MDA,Moldova,0,2,logreg,svr,2.467294032634477
2016,MDG,Madagascar,0,0,logreg,svr,0.0
2016,MDV,Maldives,0,0,logreg,svr,0.0
2016,MEX,Mexico,5,7,logreg,svr,6.074875948628218
2016,MHL,Marshall Islands,0,0,logreg,svr,0.0
2016,MKD,North Macedonia,0,0,logreg,svr,0.0
2016,MLI,Mali,0,0,logreg,svr,0.0
2016,MLT,Malta,0,0,logreg,svr,0.0
2016,MMR,Myanmar,0,0,logreg,svr,0.0
2016,MNE,Montenegro,0,1,logreg,svr,1.912968731439932
2016,MNG,Mongolia,2,5,logreg,svr,3.5313803947657263
2016,MOZ,Mozambique,0,0,logreg,svr,0.0
2016,MRT,Mauritania,0,0,logreg,svr,0.0
2016,MUS,Mauritius,0,0,logreg,svr,0.0
2016,MWI,Malawi,0,0,logreg,svr,0.0
2016,MYS,Malaysia,5,2,logreg,svr,2.2113532382384875
2016,NAM,Namibia,0,0,logreg,svr,0.0
2016,NER,Niger,1,0,logreg,svr,0.0
2016,NGA,Nigeria,1,0,logreg,svr,1.5841581705103565
2016,NIC,Nicaragua,0,0,logreg,svr,0.0
2016,NLD,Netherlands,19,20,logreg,svr,17.712761387140432
2016,NOR,Norway,4,4,logreg,svr,4.471361628854332
2016,NPL,Nepal,0,0,logreg,svr,0.0
2016,NRU,Naoero,0,0,logreg,svr,0.0
2016,NZL,New Zealand,18,13,logreg,svr,11.80243282040409
2016,OMN,Oman,0,0,logreg,svr,0.0
2016,PAK,Pakistan,0,0,logreg,svr,0.0
2016,PAN,Panama,0,0,logreg,svr,0.0
2016,PER,Peru,0,0,logreg,svr,0.7202094386888263
2016,PHL,Philippines,1,0,logreg,svr,0.0
2016,PLW,Palau,0,0,logreg,svr,0.0
2016,PNG,Papua New Guinea,0,0,logreg,svr,0.0
2016,POL,Poland,11,10,logreg,svr,12.652267157521212
2016,PRI,Puerto Rico (US),1,2,logreg,svr,2.2697334344340163
2016,PRT,Portugal,1,1,logreg,svr,2.620188392471576
2016,PRY,Paraguay,0,0,logreg,svr,0.0
2016,PSE,West Bank and Gaza,0,0,logreg,svr,0.0
2016,QAT,Qatar,1,2,logreg,svr,2.6724816073193978
2016,ROU,Romania,4,9,logreg,svr,6.7767731846035275
2016,RUS,Russian Federation,56,82,logreg,svr,61.03221722752706
2016,RWA,Rwanda,0,0,logreg,svr,0.0
2016,SAU,Saudi Arabia,0,1,logreg,svr,0.5543388864783196
2016,SDN,Sudan,0,0,logreg,svr,0.0
2016,SEN,Senegal,0,0,logreg,svr,0.0
2016,SGP,Singapore,1,2,logreg,svr,2.2466475318087973
2016,SLB,Solomon Islands,0,0,logreg,svr,0.0
2016,SLE,Sierra Leone,0,0,logreg,svr,0.0
2016,SLV,El Salvador,0,0,logreg,svr,0.0
2016,SMR,San Marino,0,0,logreg,svr,0.0
2016,SOM,"Somalia, Fed. Rep.",0,0,logreg,svr,0.0
2016,SRB,Serbia,8,4,logreg,svr,4.79268691649245
2016,STP,Sao Tome and Principe,0,0,logreg,svr,0.0
2016,SUR,Suriname,0,0,logreg,svr,0.0
2016,SVK,Slovak Republic,4,4,logreg,svr,3.2176807251483552
2016,SVN,Slovenia,4,4,logreg,svr,3.5107181419013997
2016,SWE,Sweden,11,8,logreg,svr,7.724123336404936
2016,SWZ,Eswatini,0,0,logreg,svr,0.0
2016,SYC,Seychelles,0,0,logreg,svr,0.0
2016,SYR,Syrian Arab Republic,0,0,logreg,svr,0.0
2016,TCD,Chad,0,0,logreg,svr,0.0
2016,TGO,Togo,0,0,logreg,svr,0.0
2016,THA,Thailand,6,3,logreg,svr,2.849576553955636
2016,TJK,Tajikistan,1,1,logreg,svr,0.0
2016,TKM,Turkmenistan,0,0,logreg,svr,0.0
2016,TLS,Timor-Leste,0,0,logreg,svr,0.0
2016,TON,Tonga,0,0,logreg,svr,0.0
2016,TTO,Trinidad and Tobago,1,4,logreg,svr,2.893119152313666
2016,TUN,Tunisia,3,3,logreg,svr,3.355970336000496
2016,TUR,Turkiye,8,5,logreg,svr,4.865235946919064
2016,TUV,Tuvalu,0,0,logreg,svr,0.0
2016,TZA,Tanzania,0,0,logreg,svr,0.0
2016,UGA,Uganda,0,1,logreg,svr,0.0
2016,UKR,Ukraine,11,20,logreg,svr,16.67347432378764
2016,URY,Uruguay,0,0,logreg,svr,0.0
2016,USA,United States,121,103,logreg,svr,97.10209572700859
2016,UZB,Uzbekistan,13,3,logreg,svr,3.9955646117225285
2016,VCT,St. Vincent and the Grenadines,0,0,logreg,svr,0.0
2016,VEN,"Venezuela, RB",3,1,logreg,svr,4.5768872683359945
2016,VIR,Virgin Islands (U.S.),0,0,logreg,svr,0.0
2016,VNM,Viet Nam,2,0,logreg,svr,0.0
2016,VUT,Vanuatu,0,0,logreg,svr,0.0
2016,WSM,Samoa,0,0,logreg,svr,0.0
2016,YEM,"Yemen, Rep.",0,0,logreg,svr,0.0
2016,ZAF,South Africa,10,6,logreg,svr,6.101483431321206
2016,ZMB,Zambia,0,0,logreg,svr,0.0
2016,ZWE,Zimbabwe,0,0,logreg,svr,0.0
2016,ABW,Aruba,0,0,logreg,rf,0.0
2016,AFG,Afghanistan,0,1,logreg,rf,0.0
2016,AGO,Angola,0,0,logreg,rf,0.0
2016,ALB,Albania,0,0,logreg,rf,0.0
2016,AND,Andorra,0,0,logreg,rf,0.0
2016,ARE,United Arab Emirates,1,0,logreg,rf,0.0
2016,ARG,Argentina,4,4,logreg,rf,11.171380952380956
2016,ARM,Armenia,4,3,logreg,rf,3.059425292599373
2016,ASM,American Samoa,0,0,logreg,rf,0.0
2016,ATG,Antigua and Barbuda,0,0,logreg,rf,0.0
2016,AUS,Australia,29,35,logreg,rf,35.03666666666666
2016,AUT,Austria,1,0,logreg,rf,3.5988822781482
2016,AZE,Azerbaijan,18,10,logreg,rf,7.9808234265734255
2016,BDI,Burundi,1,0,logreg,rf,0.0
2016,BEL,Belgium,6,3,logreg,rf,4.672865754574476
2016,BEN,Benin,0,0,logreg,rf,0.0
2016,BFA,Burkina Faso,0,0,logreg,rf,0.0
2016,BGD,Bangladesh,0,0,logreg,rf,0.0
2016,BGR,Bulgaria,3,2,logreg,rf,3.226542774005094
2016,BHR,Bahrain,2,1,logreg,rf,1.6229964468691553
2016,BHS,"Bahamas, The",2,1,logreg,rf,2.1464587374645983
2016,BIH,Bosnia and Herzegovina,0,0,logreg,rf,0.0
2016,BLR,Belarus,9,12,logreg,rf,9.37862554112554
2016,BLZ,Belize,0,0,logreg,rf,0.0
2016,BMU,Bermuda,0,0,logreg,rf,0.0
2016,BOL,Bolivia,0,0,logreg,rf,0.0
2016,BRA,Brazil,19,17,logreg,rf,41.88
2016,BRB,Barbados,0,0,logreg,rf,0.0
2016,BRN,Brunei Darussalam,0,0,logreg,rf,0.0
2016,BTN,Bhutan,0,0,logreg,rf,0.0
2016,BWA,Botswana,0,1,logreg,rf,0.0
2016,CAF,Central African Republic,0,0,logreg,rf,0.0
2016,CAN,Canada,22,18,logreg,rf,19.92614285714286
2016,CHE,Switzerland,7,4,logreg,rf,5.254796625114375
2016,CHL,Chile,0,0,logreg,rf,2.0129830112186284
2016,CHN,China,70,88,logreg,rf,82.57
2016,CIV,Cote d'Ivoire,2,0,logreg,rf,0.0
2016,CMR,Cameroon,0,0,logreg,rf,0.0
2016,COD,"Congo, Dem. Rep.",0,0,logreg,rf,0.0
2016,COG,"Congo, Rep.",0,0,logreg,rf,0.0
2016,COL,Colombia,8,8,logreg,rf,7.313449941480456
2016,COM,Comoros,0,0,logreg,rf,0.0
2016,CPV,Cabo Verde,0,0,logreg,rf,0.0
2016,CRI,Costa Rica,0,0,logreg,rf,0.0
2016,CUB,Cuba,11,14,logreg,rf,11.568342156862743
2016,CYM,Cayman Islands,0,0,logreg,rf,0.0
2016,CYP,Cyprus,0,1,logreg,rf,0.0
2016,CZE,Czechia,10,10,logreg,rf,7.6182041200711605
2016,DEU,Germany,42,44,logreg,rf,42.348333333333336
2016,DJI,Djibouti,0,0,logreg,rf,0.0
2016,DMA,Dominica,0,0,logreg,rf,0.0
2016,DNK,Denmark,15,9,logreg,rf,7.3027782957289205
2016,DOM,Dominican Republic,1,2,logreg,rf,2.158121967700603
2016,DZA,Algeria,2,1,logreg,rf,2.5086859920734472
2016,ECU,Ecuador,0,0,logreg,rf,1.9491175391603104
2016,EGY,"Egypt, Arab Rep.",3,2,logreg,rf,3.608302688016352
2016,ESP,Spain,17,17,logreg,rf,17.860000000000003
2016,EST,Estonia,1,2,logreg,rf,2.940935738651067
2016,ETH,Ethiopia,8,7,logreg,rf,6.681071428571427
2016,FIN,Finland,1,3,logreg,rf,3.5851069444280173
2016,FJI,Fiji,1,0,logreg,rf,2.8599640775890776
2016,FRA,France,42,35,logreg,rf,37.11636363636364
2016,FSM,"Micronesia, Fed. Sts.",0,0,logreg,rf,0.0
2016,GAB,Gabon,0,1,logreg,rf,0.0
2016,GBR,United Kingdom,67,65,logreg,rf,45.825
2016,GEO,Georgia,7,7,logreg,rf,5.86942096777311
2016,GHA,Ghana,0,0,logreg,rf,0.0
2016,GIN,Guinea,0,0,logreg,rf,0.0
2016,GMB,"Gambia, The",0,0,logreg,rf,0.0
2016,GNB,Guinea-Bissau,0,0,logreg,rf,0.0
2016,GNQ,Equatorial Guinea,0,0,logreg,rf,0.0
2016,GRC,Greece,6,2,logreg,rf,3.6120013120817975
2016,GRD,Grenada,1,1,logreg,rf,0.0
2016,GTM,Guatemala,0,1,logreg,rf,0.0
2016,GUM,Guam,0,0,logreg,rf,0.0
2016,GUY,Guyana,0,0,logreg,rf,0.0
2016,HKG,"Hong Kong SAR, China",0,1,logreg,rf,2.4317062506185376
2016,HND,Honduras,0,0,logreg,rf,0.0
2016,HRV,Croatia,10,6,logreg,rf,5.1167123854155765
2016,HTI,Haiti,0,0,logreg,rf,0.0
2016,HUN,Hungary,15,18,logreg,rf,12.876974025974025
2016,IDN,Indonesia,3,2,logreg,rf,4.8839548229548235
2016,IND,India,2,6,logreg,rf,13.784345238095238
2016,IRL,Ireland,2,5,logreg,rf,4.892076950049514
2016,IRN,"Iran, Islamic Rep.",8,12,logreg,rf,6.447396084375395
2016,IRQ,Iraq,0,0,logreg,rf,0.0
2016,ISL,Iceland,0,0,logreg,rf,0.0
2016,ISR,Israel,2,0,logreg,rf,2.6844170095465882
2016,ITA,Italy,28,28,logreg,rf,29.646363636363635
2016,JAM,Jamaica,11,12,logreg,rf,8.301582417582418
2016,JOR,Jordan,1,0,logreg,rf,0.0
2016,JPN,Japan,41,38,logreg,rf,31.070833333333336
2016,KAZ,Kazakhstan,18,13,logreg,rf,9.39489830108057
2016,KEN,Kenya,13,11,logreg,rf,7.309711715691265
2016,KGZ,Kyrgyz Republic,0,0,logreg,rf,0.0
2016,KHM,Cambodia,0,0,logreg,rf,0.0
2016,KIR,Kiribati,0,0,logreg,rf,0.0
2016,KNA,St. Kitts and Nevis,0,0,logreg,rf,0.0
2016,KOR,"Korea, Rep.",21,28,logreg,rf,24.66384615384615
2016,LAO,Lao PDR,0,0,logreg,rf,0.0
2016,LBN,Lebanon,0,0,logreg,rf,0.0
2016,LBR,Liberia,0,0,logreg,rf,0.0
2016,LBY,Libya,0,0,logreg,rf,0.0
2016,LCA,St. Lucia,0,0,logreg,rf,0.0
2016,LKA,Sri Lanka,0,0,logreg,rf,0.0
2016,LSO,Lesotho,0,0,logreg,rf,0.0
2016,LTU,Lithuania,4,5,logreg,rf,4.651075233812996
2016,LUX,Luxembourg,0,0,logreg,rf,0.0
2016,LVA,Latvia,0,2,logreg,rf,2.601562711759658
2016,MAR,Morocco,1,1,logreg,rf,2.7998807153243064
2016,MCO,Monaco,0,0,logreg,rf,0.0
2016,MDA,Moldova,0,2,logreg,rf,2.667022127418219
2016,MDG,Madagascar,0,0,logreg,rf,0.0
2016,MDV,Maldives,0,0,logreg,rf,0.0
2016,MEX,Mexico,5,7,logreg,rf,6.2956945593622065
2016,MHL,Marshall Islands,0,0,logreg,rf,0.0
2016,MKD,North Macedonia,0,0,logreg,rf,0.0
2016,MLI,Mali,0,0,logreg,rf,0.0
2016,MLT,Malta,0,0,logreg,rf,0.0
2016,MMR,Myanmar,0,0,logreg,rf,0.0
2016,MNE,Montenegro,0,1,logreg,rf,2.0768754805254592
2016,MNG,Mongolia,2,5,logreg,rf,4.6297894298347595
2016,MOZ,Mozambique,0,0,logreg,rf,0.0
2016,MRT,Mauritania,0,0,logreg,rf,0.0
2016,MUS,Mauritius,0,0,logreg,rf,0.0
2016,MWI,Malawi,0,0,logreg,rf,0.0
2016,MYS,Malaysia,5,2,logreg,rf,1.8854669059610034
2016,NAM,Namibia,0,0,logreg,rf,0.0
2016,NER,Niger,1,0,logreg,rf,0.0
2016,NGA,Nigeria,1,0,logreg,rf,3.336138722758248
2016,NIC,Nicaragua,0,0,logreg,rf,0.0
2016,NLD,Netherlands,19,20,logreg,rf,18.79725607725608
2016,NOR,Norway,4,4,logreg,rf,4.6744200730692835
2016,NPL,Nepal,0,0,logreg,rf,0.0
2016,NRU,Naoero,0,0,logreg,rf,0.0
2016,NZL,New Zealand,18,13,logreg,rf,10.8475
2016,OMN,Oman,0,0,logreg,rf,0.0
2016,PAK,Pakistan,0,0,logreg,rf,0.0
2016,PAN,Panama,0,0,logreg,rf,0.0
2016,PER,Peru,0,0,logreg,rf,1.4969459758523354
2016,PHL,Philippines,1,0,logreg,rf,0.0
2016,PLW,Palau,0,0,logreg,rf,0.0
2016,PNG,Papua New Guinea,0,0,logreg,rf,0.0
2016,POL,Poland,11,10,logreg,rf,12.76468464868465
2016,PRI,Puerto Rico (US),1,2,logreg,rf,3.295549482411771
2016,PRT,Portugal,1,1,logreg,rf,3.189553728341344
2016,PRY,Paraguay,0,0,logreg,rf,0.0
2016,PSE,West Bank and Gaza,0,0,logreg,rf,0.0
2016,QAT,Qatar,1,2,logreg,rf,2.1633294910750673
2016,ROU,Romania,4,9,logreg,rf,8.010431231556165
2016,RUS,Russian Federation,56,82,logreg,rf,60.34
2016,RWA,Rwanda,0,0,logreg,rf,0.0
2016,SAU,Saudi Arabia,0,1,logreg,rf,2.278365101891572
2016,SDN,Sudan,0,0,logreg,rf,0.0
2016,SEN,Senegal,0,0,logreg,rf,0.0
2016,SGP,Singapore,1,2,logreg,rf,2.3294685452096315
2016,SLB,Solomon Islands,0,0,logreg,rf,0.0
2016,SLE,Sierra Leone,0,0,logreg,rf,0.0
2016,SLV,El Salvador,0,0,logreg,rf,0.0
2016,SMR,San Marino,0,0,logreg,rf,0.0
2016,SOM,"Somalia, Fed. Rep.",0,0,logreg,rf,0.0
2016,SRB,Serbia,8,4,logreg,rf,4.831167915431756
2016,STP,Sao Tome and Principe,0,0,logreg,rf,0.0
2016,SUR,Suriname,0,0,logreg,rf,0.0
2016,SVK,Slovak Republic,4,4,logreg,rf,3.8326945435031625
2016,SVN,Slovenia,4,4,logreg,rf,3.9440226387576747
2016,SWE,Sweden,11,8,logreg,rf,7.631673234811165
2016,SWZ,Eswatini,0,0,logreg,rf,0.0
2016,SYC,Seychelles,0,0,logreg,rf,0.0
2016,SYR,Syrian Arab Republic,0,0,logreg,rf,0.0
2016,TCD,Chad,0,0,logreg,rf,0.0
2016,TGO,Togo,0,0,logreg,rf,0.0
2016,THA,Thailand,6,3,logreg,rf,4.798020381735392
2016,TJK,Tajikistan,1,1,logreg,rf,0.0
2016,TKM,Turkmenistan,0,0,logreg,rf,0.0
2016,TLS,Timor-Leste,0,0,logreg,rf,0.0
2016,TON,Tonga,0,0,logreg,rf,0.0
2016,TTO,Trinidad and Tobago,1,4,logreg,rf,3.0814253174361865
2016,TUN,Tunisia,3,3,logreg,rf,3.831719118386088
2016,TUR,Turkiye,8,5,logreg,rf,5.226843686485929
2016,TUV,Tuvalu,0,0,logreg,rf,0.0
2016,TZA,Tanzania,0,0,logreg,rf,0.0
2016,UGA,Uganda,0,1,logreg,rf,0.0
2016,UKR,Ukraine,11,20,logreg,rf,17.706476190476195
2016,URY,Uruguay,0,0,logreg,rf,0.0
2016,USA,United States,121,103,logreg,rf,100.11
2016,UZB,Uzbekistan,13,3,logreg,rf,2.714246531967859
2016,VCT,St. Vincent and the Grenadines,0,0,logreg,rf,0.0
2016,VEN,"Venezuela, RB",3,1,logreg,rf,5.177249575849745
2016,VIR,Virgin Islands (U.S.),0,0,logreg,rf,0.0
2016,VNM,Viet Nam,2,0,logreg,rf,0.0
2016,VUT,Vanuatu,0,0,logreg,rf,0.0
2016,WSM,Samoa,0,0,logreg,rf,0.0
2016,YEM,"Yemen, Rep.",0,0,logreg,rf,0.0
2016,ZAF,South Africa,10,6,logreg,rf,4.72287342980377
2016,ZMB,Zambia,0,0,logreg,rf,0.0
2016,ZWE,Zimbabwe,0,0,logreg,rf,0.0
2016,ABW,Aruba,0,0,svc,linear,0.0
2016,AFG,Afghanistan,0,1,svc,linear,0.0
2016,AGO,Angola,0,0,svc,linear,0.0
2016,ALB,Albania,0,0,svc,linear,0.0
2016,AND,Andorra,0,0,svc,linear,0.0
2016,ARE,United Arab Emirates,1,0,svc,linear,0.0
2016,ARG,Argentina,4,4,svc,linear,12.163751708021609
2016,ARM,Armenia,4,3,svc,linear,0.9758891747273104
2016,ASM,American Samoa,0,0,svc,linear,0.0
2016,ATG,Antigua and Barbuda,0,0,svc,linear,0.0
2016,AUS,Australia,29,35,svc,linear,37.78310547953201
2016,AUT,Austria,1,0,svc,linear,0.0
2016,AZE,Azerbaijan,18,10,svc,linear,6.212633747162178
2016,BDI,Burundi,1,0,svc,linear,0.0
2016,BEL,Belgium,6,3,svc,linear,3.356827521049091
2016,BEN,Benin,0,0,svc,linear,0.0
2016,BFA,Burkina Faso,0,0,svc,linear,0.0
2016,BGD,Bangladesh,0,0,svc,linear,0.0
2016,BGR,Bulgaria,3,2,svc,linear,1.0893573755353518
2016,BHR,Bahrain,2,1,svc,linear,0.0
2016,BHS,"Bahamas, The",2,1,svc,linear,0.0
2016,BIH,Bosnia and Herzegovina,0,0,svc,linear,0.0
2016,BLR,Belarus,9,12,svc,linear,10.171129465452328
2016,BLZ,Belize,0,0,svc,linear,0.0
2016,BMU,Bermuda,0,0,svc,linear,0.0
2016,BOL,Bolivia,0,0,svc,linear,0.0
2016,BRA,Brazil,19,17,svc,linear,35.188340319933715
2016,BRB,Barbados,0,0,svc,linear,0.0
2016,BRN,Brunei Darussalam,0,0,svc,linear,0.0
2016,BTN,Bhutan,0,0,svc,linear,0.0
2016,BWA,Botswana,0,1,svc,linear,0.0
2016,CAF,Central African Republic,0,0,svc,linear,0.0
2016,CAN,Canada,22,18,svc,linear,24.89662319623027
2016,CHE,Switzerland,7,4,svc,linear,1.674207693994365
2016,CHL,Chile,0,0,svc,linear,0.3784722025325973
2016,CHN,China,70,88,svc,linear,89.68094017257752
2016,CIV,Cote d'Ivoire,2,0,svc,linear,0.0
2016,CMR,Cameroon,0,0,svc,linear,0.0
2016,COD,"Congo, Dem. Rep.",0,0,svc,linear,0.0
2016,COG,"Congo, Rep.",0,0,svc,linear,0.0
2016,COL,Colombia,8,8,svc,linear,10.176403237217803
2016,COM,Comoros,0,0,svc,linear,0.0
2016,CPV,Cabo Verde,0,0,svc,linear,0.0
2016,CRI,Costa Rica,0,0,svc,linear,0.0
2016,CUB,Cuba,11,14,svc,linear,10.838623109824745
2016,CYM,Cayman Islands,0,0,svc,linear,0.0
2016,CYP,Cyprus,0,1,svc,linear,0.0
2016,CZE,Czechia,10,10,svc,linear,7.740985273847304
2016,DEU,Germany,42,44,svc,linear,45.8070938875848
2016,DJI,Djibouti,0,0,svc,linear,0.0
2016,DMA,Dominica,0,0,svc,linear,0.0
2016,DNK,Denmark,15,9,svc,linear,6.068221940203683
2016,DOM,Dominican Republic,1,2,svc,linear,0.46423003760153847
2016,DZA,Algeria,2,1,svc,linear,2.986725006066882
2016,ECU,Ecuador,0,0,svc,linear,0.0
2016,EGY,"Egypt, Arab Rep.",3,2,svc,linear,6.735623127477856
2016,ESP,Spain,17,17,svc,linear,23.13404259694513
2016,EST,Estonia,1,2,svc,linear,0.3864612255869897
2016,ETH,Ethiopia,8,7,svc,linear,4.8380104892329525
2016,FIN,Finland,1,3,svc,linear,0.2478548262700997
2016,FJI,Fiji,1,0,svc,linear,0.5470421517344715
2016,FRA,France,42,35,svc,linear,38.232538230012565
2016,FSM,"Micronesia, Fed. Sts.",0,0,svc,linear,0.0
2016,GAB,Gabon,0,1,svc,linear,0.0
2016,GBR,United Kingdom,67,65,svc,linear,51.91229417259558
2016,GEO,Georgia,7,7,svc,linear,3.5109477006126006
2016,GHA,Ghana,0,0,svc,linear,0.0
2016,GIN,Guinea,0,0,svc,linear,0.0
2016,GMB,"Gambia, The",0,0,svc,linear,0.0
2016,GNB,Guinea-Bissau,0,0,svc,linear,0.0
2016,GNQ,Equatorial Guinea,0,0,svc,linear,0.0
2016,GRC,Greece,6,2,svc,linear,3.0387720508493086
2016,GRD,Grenada,1,1,svc,linear,0.0
2016,GTM,Guatemala,0,1,svc,linear,0.0
2016,GUM,Guam,0,0,svc,linear,0.0
2016,GUY,Guyana,0,0,svc,linear,0.0
2016,HKG,"Hong Kong SAR, China",0,1,svc,linear,0.0
2016,HND,Honduras,0,0,svc,linear,0.0
2016,HRV,Croatia,10,6,svc,linear,4.533003498806913
2016,HTI,Haiti,0,0,svc,linear,0.0
2016,HUN,Hungary,15,18,svc,linear,14.375019756856865
2016,IDN,Indonesia,3,2,svc,linear,3.6369658054603793
2016,IND,India,2,6,svc,linear,16.8500677026337
2016,IRL,Ireland,2,5,svc,linear,1.39581634840588
2016,IRN,"Iran, Islamic Rep.",8,12,svc,linear,8.78815250674084
2016,IRQ,Iraq,0,0,svc,linear,0.0
2016,ISL,Iceland,0,0,svc,linear,0.0
2016,ISR,Israel,2,0,svc,linear,0.0
2016,ITA,Italy,28,28,svc,linear,29.618153613669108
2016,JAM,Jamaica,11,12,svc,linear,6.800019505598933
2016,JOR,Jordan,1,0,svc,linear,0.0
2016,JPN,Japan,41,38,svc,linear,41.627510476412226
2016,KAZ,Kazakhstan,18,13,svc,linear,10.473760572671836
2016,KEN,Kenya,13,11,svc,linear,8.5323950104498
2016,KGZ,Kyrgyz Republic,0,0,svc,linear,0.0
2016,KHM,Cambodia,0,0,svc,linear,0.0
2016,KIR,Kiribati,0,0,svc,linear,0.0
2016,KNA,St. Kitts and Nevis,0,0,svc,linear,0.0
2016,KOR,"Korea, Rep.",21,28,svc,linear,23.980953869073193
2016,LAO,Lao PDR,0,0,svc,linear,0.0
2016,LBN,Lebanon,0,0,svc,linear,0.0
2016,LBR,Liberia,0,0,svc,linear,0.0
2016,LBY,Libya,0,0,svc,linear,0.0
2016,LCA,St. Lucia,0,0,svc,linear,0.0
2016,LKA,Sri Lanka,0,0,svc,linear,0.0
2016,LSO,Lesotho,0,0,svc,linear,0.0
2016,LTU,Lithuania,4,5,svc,linear,2.949755587024427
2016,LUX,Luxembourg,0,0,svc,linear,0.0
2016,LVA,Latvia,0,2,svc,linear,0.0
2016,MAR,Morocco,1,1,svc,linear,1.6171469736911366
2016,MCO,Monaco,0,0,svc,linear,0.0
2016,MDA,Moldova,0,2,svc,linear,0.0
2016,MDG,Madagascar,0,0,svc,linear,0.0
2016,MDV,Maldives,0,0,svc,linear,0.0
2016,MEX,Mexico,5,7,svc,linear,10.40282745198482
2016,MHL,Marshall Islands,0,0,svc,linear,0.0
2016,MKD,North Macedonia,0,0,svc,linear,0.0
2016,MLI,Mali,0,0,svc,linear,0.0
2016,MLT,Malta,0,0,svc,linear,0.0
2016,MMR,Myanmar,0,0,svc,linear,0.0
2016,MNE,Montenegro,0,1,svc,linear,0.037617353500182915
2016,MNG,Mongolia,2,5,svc,linear,3.4051720521145317
2016,MOZ,Mozambique,0,0,svc,linear,0.0
2016,MRT,Mauritania,0,0,svc,linear,0.0
2016,MUS,Mauritius,0,0,svc,linear,0.0
2016,MWI,Malawi,0,0,svc,linear,0.0
2016,MYS,Malaysia,5,2,svc,linear,1.337068921425665
2016,NAM,Namibia,0,0,svc,linear,0.0
2016,NER,Niger,1,0,svc,linear,0.0
2016,NGA,Nigeria,1,0,svc,linear,3.900032967387318
2016,NIC,Nicaragua,0,0,svc,linear,0.0
2016,NLD,Netherlands,19,20,svc,linear,18.93609202663366
2016,NOR,Norway,4,4,svc,linear,0.0
2016,NPL,Nepal,0,0,svc,linear,0.0
2016,NRU,Naoero,0,0,svc,linear,0.0
2016,NZL,New Zealand,18,13,svc,linear,12.992083905275774
2016,OMN,Oman,0,0,svc,linear,0.0
2016,PAK,Pakistan,0,0,svc,linear,0.0
2016,PAN,Panama,0,0,svc,linear,0.0
2016,PER,Peru,0,0,svc,linear,0.0
2016,PHL,Philippines,1,0,svc,linear,0.0
2016,PLW,Palau,0,0,svc,linear,0.0
2016,PNG,Papua New Guinea,0,0,svc,linear,0.0
2016,POL,Poland,11,10,svc,linear,15.31312190408105
2016,PRI,Puerto Rico (US),1,2,svc,linear,0.0
2016,PRT,Portugal,1,1,svc,linear,2.331830845150483
2016,PRY,Paraguay,0,0,svc,linear,0.0
2016,PSE,West Bank and Gaza,0,0,svc,linear,0.0
2016,QAT,Qatar,1,2,svc,linear,0.0
2016,ROU,Romania,4,9,svc,linear,7.221048745321868
2016,RUS,Russian Federation,56,82,svc,linear,58.76795750582334
2016,RWA,Rwanda,0,0,svc,linear,0.0
2016,SAU,Saudi Arabia,0,1,svc,linear,0.0
2016,SDN,Sudan,0,0,svc,linear,0.0
2016,SEN,Senegal,0,0,svc,linear,0.0
2016,SGP,Singapore,1,2,svc,linear,0.0
2016,SLB,Solomon Islands,0,0,svc,linear,0.0
2016,SLE,Sierra Leone,0,0,svc,linear,0.0
2016,SLV,El Salvador,0,0,svc,linear,0.0
2016,SMR,San Marino,0,0,svc,linear,0.0
2016,SOM,"Somalia, Fed. Rep.",0,0,svc,linear,0.0
2016,SRB,Serbia,8,4,svc,linear,5.008465346145364
2016,STP,Sao Tome and Principe,0,0,svc,linear,0.0
2016,SUR,Suriname,0,0,svc,linear,0.0
2016,SVK,Slovak Republic,4,4,svc,linear,1.9418674826208253
2016,SVN,Slovenia,4,4,svc,linear,2.1235862303332844
2016,SWE,Sweden,11,8,svc,linear,7.878182350928933
2016,SWZ,Eswatini,0,0,svc,linear,0.0
2016,SYC,Seychelles,0,0,svc,linear,0.0
2016,SYR,Syrian Arab Republic,0,0,svc,linear,0.0
2016,TCD,Chad,0,0,svc,linear,0.0
2016,TGO,Togo,0,0,svc,linear,0.0
2016,THA,Thailand,6,3,svc,linear,3.2583547541320907
2016,TJK,Tajikistan,1,1,svc,linear,0.0
2016,TKM,Turkmenistan,0,0,svc,linear,0.0
2016,TLS,Timor-Leste,0,0,svc,linear,0.0
2016,TON,Tonga,0,0,svc,linear,0.0
2016,TTO,Trinidad and Tobago,1,4,svc,linear,0.6907194469257458
2016,TUN,Tunisia,3,3,svc,linear,2.9497257367589462
2016,TUR,Turkiye,8,5,svc,linear,7.399457768989901
2016,TUV,Tuvalu,0,0,svc,linear,0.0
2016,TZA,Tanzania,0,0,svc,linear,0.0
2016,UGA,Uganda,0,1,svc,linear,0.0
2016,UKR,Ukraine,11,20,svc,linear,18.765445223300702
2016,URY,Uruguay,0,0,svc,linear,0.0
2016,USA,United States,121,103,svc,linear,111.79613035164729
2016,UZB,Uzbekistan,13,3,svc,linear,3.781818671924057
2016,VCT,St. Vincent and the Grenadines,0,0,svc,linear,0.0
2016,VEN,"Venezuela, RB",3,1,svc,linear,3.49996022544682
2016,VIR,Virgin Islands (U.S.),0,0,svc,linear,0.0
2016,VNM,Viet Nam,2,0,svc,linear,0.0
2016,VUT,Vanuatu,0,0,svc,linear,0.0
2016,WSM,Samoa,0,0,svc,linear,0.0
2016,YEM,"Yemen, Rep.",0,0,svc,linear,0.0
2016,ZAF,South Africa,10,6,svc,linear,8.913036858316772
2016,ZMB,Zambia,0,0,svc,linear,0.0
2016,ZWE,Zimbabwe,0,0,svc,linear,0.0
2016,ABW,Aruba,0,0,svc,weighted_lr,0.0
2016,AFG,Afghanistan,0,1,svc,weighted_lr,0.0
2016,AGO,Angola,0,0,svc,weighted_lr,0.0
2016,ALB,Albania,0,0,svc,weighted_lr,0.0
2016,AND,Andorra,0,0,svc,weighted_lr,0.0
2016,ARE,United Arab Emirates,1,0,svc,weighted_lr,0.0
2016,ARG,Argentina,4,4,svc,weighted_lr,13.241782576496972
2016,ARM,Armenia,4,3,svc,weighted_lr,1.40735232573096
2016,ASM,American Samoa,0,0,svc,weighted_lr,0.0
2016,ATG,Antigua and Barbuda,0,0,svc,weighted_lr,0.0
2016,AUS,Australia,29,35,svc,weighted_lr,39.80285491592815
2016,AUT,Austria,1,0,svc,weighted_lr,0.3900501337794715
2016,AZE,Azerbaijan,18,10,svc,weighted_lr,6.416715080765105
2016,BDI,Burundi,1,0,svc,weighted_lr,0.0
2016,BEL,Belgium,6,3,svc,weighted_lr,3.9960438604156625
2016,BEN,Benin,0,0,svc,weighted_lr,0.0
2016,BFA,Burkina Faso,0,0,svc,weighted_lr,0.0
2016,BGD,Bangladesh,0,0,svc,weighted_lr,0.0
2016,BGR,Bulgaria,3,2,svc,weighted_lr,1.789151706747612
2016,BHR,Bahrain,2,1,svc,weighted_lr,0.0
2016,BHS,"Bahamas, The",2,1,svc,weighted_lr,0.0
2016,BIH,Bosnia and Herzegovina,0,0,svc,weighted_lr,0.0
2016,BLR,Belarus,9,12,svc,weighted_lr,10.833397104860076
2016,BLZ,Belize,0,0,svc,weighted_lr,0.0
2016,BMU,Bermuda,0,0,svc,weighted_lr,0.0
2016,BOL,Bolivia,0,0,svc,weighted_lr,0.0
2016,BRA,Brazil,19,17,svc,weighted_lr,37.417449935327866
2016,BRB,Barbados,0,0,svc,weighted_lr,0.0
2016,BRN,Brunei Darussalam,0,0,svc,weighted_lr,0.0
2016,BTN,Bhutan,0,0,svc,weighted_lr,0.0
2016,BWA,Botswana,0,1,svc,weighted_lr,0.0
2016,CAF,Central African Republic,0,0,svc,weighted_lr,0.0
2016,CAN,Canada,22,18,svc,weighted_lr,26.674118514409813
2016,CHE,Switzerland,7,4,svc,weighted_lr,2.2893052058977226
2016,CHL,Chile,0,0,svc,weighted_lr,0.6245117772741882
2016,CHN,China,70,88,svc,weighted_lr,89.85212527886854
2016,CIV,Cote d'Ivoire,2,0,svc,weighted_lr,0.0
2016,CMR,Cameroon,0,0,svc,weighted_lr,0.0
2016,COD,"Congo, Dem. Rep.",0,0,svc,weighted_lr,0.0
2016,COG,"Congo, Rep.",0,0,svc,weighted_lr,0.0
2016,COL,Colombia,8,8,svc,weighted_lr,10.817152387423215
2016,COM,Comoros,0,0,svc,weighted_lr,0.0
2016,CPV,Cabo Verde,0,0,svc,weighted_lr,0.0
2016,CRI,Costa Rica,0,0,svc,weighted_lr,0.0
2016,CUB,Cuba,11,14,svc,weighted_lr,11.507357643575068
2016,CYM,Cayman Islands,0,0,svc,weighted_lr,0.0
2016,CYP,Cyprus,0,1,svc,weighted_lr,0.0
2016,CZE,Czechia,10,10,svc,weighted_lr,8.35229028427922
2016,DEU,Germany,42,44,svc,weighted_lr,47.24867223246502
2016,DJI,Djibouti,0,0,svc,weighted_lr,0.0
2016,DMA,Dominica,0,0,svc,weighted_lr,0.0
2016,DNK,Denmark,15,9,svc,weighted_lr,6.729101689079137
2016,DOM,Dominican Republic,1,2,svc,weighted_lr,0.6068544083803395
2016,DZA,Algeria,2,1,svc,weighted_lr,3.2302619561271175
2016,ECU,Ecuador,0,0,svc,weighted_lr,0.0
2016,EGY,"Egypt, Arab Rep.",3,2,svc,weighted_lr,7.0753083762301365
2016,ESP,Spain,17,17,svc,weighted_lr,24.54096083960372
2016,EST,Estonia,1,2,svc,weighted_lr,0.8498351213077804
2016,ETH,Ethiopia,8,7,svc,weighted_lr,4.68245121922582
2016,FIN,Finland,1,3,svc,weighted_lr,0.7561377037840149
2016,FJI,Fiji,1,0,svc,weighted_lr,1.011253553911132
2016,FRA,France,42,35,svc,weighted_lr,39.79008831463313
2016,FSM,"Micronesia, Fed. Sts.",0,0,svc,weighted_lr,0.0
2016,GAB,Gabon,0,1,svc,weighted_lr,0.0
2016,GBR,United Kingdom,67,65,svc,weighted_lr,53.02133168991692
2016,GEO,Georgia,7,7,svc,weighted_lr,3.8733721148949165
2016,GHA,Ghana,0,0,svc,weighted_lr,0.0
2016,GIN,Guinea,0,0,svc,weighted_lr,0.0
2016,GMB,"Gambia, The",0,0,svc,weighted_lr,0.0
2016,GNB,Guinea-Bissau,0,0,svc,weighted_lr,0.0
2016,GNQ,Equatorial Guinea,0,0,svc,weighted_lr,0.0
2016,GRC,Greece,6,2,svc,weighted_lr,3.763195419078418
2016,GRD,Grenada,1,1,svc,weighted_lr,0.0
2016,GTM,Guatemala,0,1,svc,weighted_lr,0.0
2016,GUM,Guam,0,0,svc,weighted_lr,0.0
2016,GUY,Guyana,0,0,svc,weighted_lr,0.0
2016,HKG,"Hong Kong SAR, China",0,1,svc,weighted_lr,0.0
2016,HND,Honduras,0,0,svc,weighted_lr,0.0
2016,HRV,Croatia,10,6,svc,weighted_lr,5.323248362889397
2016,HTI,Haiti,0,0,svc,weighted_lr,0.0
2016,HUN,Hungary,15,18,svc,weighted_lr,15.24319123433123
2016,IDN,Indonesia,3,2,svc,weighted_lr,3.665421989488074
2016,IND,India,2,6,svc,weighted_lr,16.39043798371278
2016,IRL,Ireland,2,5,svc,weighted_lr,1.8346980021546777
2016,IRN,"Iran, Islamic Rep.",8,12,svc,weighted_lr,8.982747841672168
2016,IRQ,Iraq,0,0,svc,weighted_lr,0.0
2016,ISL,Iceland,0,0,svc,weighted_lr,0.0
2016,ISR,Israel,2,0,svc,weighted_lr,0.0
2016,ITA,Italy,28,28,svc,weighted_lr,30.96280543204974
2016,JAM,Jamaica,11,12,svc,weighted_lr,7.1592244639653995
2016,JOR,Jordan,1,0,svc,weighted_lr,0.0
2016,JPN,Japan,41,38,svc,weighted_lr,42.78826210669219
2016,KAZ,Kazakhstan,18,13,svc,weighted_lr,10.93582470438934
2016,KEN,Kenya,13,11,svc,weighted_lr,8.626151258112193
2016,KGZ,Kyrgyz Republic,0,0,svc,weighted_lr,0.0
2016,KHM,Cambodia,0,0,svc,weighted_lr,0.0
2016,KIR,Kiribati,0,0,svc,weighted_lr,0.0
2016,KNA,St. Kitts and Nevis,0,0,svc,weighted_lr,0.0
2016,KOR,"Korea, Rep.",21,28,svc,weighted_lr,24.797800831172566
2016,LAO,Lao PDR,0,0,svc,weighted_lr,0.0
2016,LBN,Lebanon,0,0,svc,weighted_lr,0.0
2016,LBR,Liberia,0,0,svc,weighted_lr,0.0
2016,LBY,Libya,0,0,svc,weighted_lr,0.0
2016,LCA,St. Lucia,0,0,svc,weighted_lr,0.0
2016,LKA,Sri Lanka,0,0,svc,weighted_lr,0.0
2016,LSO,Lesotho,0,0,svc,weighted_lr,0.0
2016,LTU,Lithuania,4,5,svc,weighted_lr,3.6922046431065887
2016,LUX,Luxembourg,0,0,svc,weighted_lr,0.0
2016,LVA,Latvia,0,2,svc,weighted_lr,0.33365269227063976
2016,MAR,Morocco,1,1,svc,weighted_lr,1.8333981727994129
2016,MCO,Monaco,0,0,svc,weighted_lr,0.0
2016,MDA,Moldova,0,2,svc,weighted_lr,0.4390000056202741
2016,MDG,Madagascar,0,0,svc,weighted_lr,0.0
2016,MDV,Maldives,0,0,svc,weighted_lr,0.0
2016,MEX,Mexico,5,7,svc,weighted_lr,10.928731512968998
2016,MHL,Marshall Islands,0,0,svc,weighted_lr,0.0
2016,MKD,North Macedonia,0,0,svc,weighted_lr,0.0
2016,MLI,Mali,0,0,svc,weighted_lr,0.0
2016,MLT,Malta,0,0,svc,weighted_lr,0.0
2016,MMR,Myanmar,0,0,svc,weighted_lr,0.0
2016,MNE,Montenegro,0,1,svc,weighted_lr,0.41525284398836426
2016,MNG,Mongolia,2,5,svc,weighted_lr,3.5204775647851285
2016,MOZ,Mozambique,0,0,svc,weighted_lr,0.0
2016,MRT,Mauritania,0,0,svc,weighted_lr,0.0
2016,MUS,Mauritius,0,0,svc,weighted_lr,0.0
2016,MWI,Malawi,0,0,svc,weighted_lr,0.0
2016,MYS,Malaysia,5,2,svc,weighted_lr,1.3774098549152267
2016,NAM,Namibia,0,0,svc,weighted_lr,0.0
2016,NER,Niger,1,0,svc,weighted_lr,0.0
2016,NGA,Nigeria,1,0,svc,weighted_lr,3.8753533093490606
2016,NIC,Nicaragua,0,0,svc,weighted_lr,0.0
2016,NLD,Netherlands,19,20,svc,weighted_lr,20.012803423375672
2016,NOR,Norway,4,4,svc,weighted_lr,0.20279179210971954
2016,NPL,Nepal,0,0,svc,weighted_lr,0.0
2016,NRU,Naoero,0,0,svc,weighted_lr,0.0
2016,NZL,New Zealand,18,13,svc,weighted_lr,13.661519971853728
2016,OMN,Oman,0,0,svc,weighted_lr,0.0
2016,PAK,Pakistan,0,0,svc,weighted_lr,0.0
2016,PAN,Panama,0,0,svc,weighted_lr,0.0
2016,PER,Peru,0,0,svc,weighted_lr,0.0
2016,PHL,Philippines,1,0,svc,weighted_lr,0.0
2016,PLW,Palau,0,0,svc,weighted_lr,0.0
2016,PNG,Papua New Guinea,0,0,svc,weighted_lr,0.0
2016,POL,Poland,11,10,svc,weighted_lr,16.47985307743221
2016,PRI,Puerto Rico (US),1,2,svc,weighted_lr,0.0
2016,PRT,Portugal,1,1,svc,weighted_lr,3.040073411842899
2016,PRY,Paraguay,0,0,svc,weighted_lr,0.0
2016,PSE,West Bank and Gaza,0,0,svc,weighted_lr,0.0
2016,QAT,Qatar,1,2,svc,weighted_lr,0.0
2016,ROU,Romania,4,9,svc,weighted_lr,7.921852128907594
2016,RUS,Russian Federation,56,82,svc,weighted_lr,60.48702492870321
2016,RWA,Rwanda,0,0,svc,weighted_lr,0.0
2016,SAU,Saudi Arabia,0,1,svc,weighted_lr,0.0
2016,SDN,Sudan,0,0,svc,weighted_lr,0.0
2016,SEN,Senegal,0,0,svc,weighted_lr,0.0
2016,SGP,Singapore,1,2,svc,weighted_lr,0.0
2016,SLB,Solomon Islands,0,0,svc,weighted_lr,0.0
2016,SLE,Sierra Leone,0,0,svc,weighted_lr,0.0
2016,SLV,El Salvador,0,0,svc,weighted_lr,0.0
2016,SMR,San Marino,0,0,svc,weighted_lr,0.0
2016,SOM,"Somalia, Fed. Rep.",0,0,svc,weighted_lr,0.0
2016,SRB,Serbia,8,4,svc,weighted_lr,5.766057807464457
2016,STP,Sao Tome and Principe,0,0,svc,weighted_lr,0.0
2016,SUR,Suriname,0,0,svc,weighted_lr,0.0
2016,SVK,Slovak Republic,4,4,svc,weighted_lr,2.382206092348989
2016,SVN,Slovenia,4,4,svc,weighted_lr,2.6416128379391512
2016,SWE,Sweden,11,8,svc,weighted_lr,8.589154663650426
2016,SWZ,Eswatini,0,0,svc,weighted_lr,0.0
2016,SYC,Seychelles,0,0,svc,weighted_lr,0.0
2016,SYR,Syrian Arab Republic,0,0,svc,weighted_lr,0.0
2016,TCD,Chad,0,0,svc,weighted_lr,0.0
2016,TGO,Togo,0,0,svc,weighted_lr,0.0
2016,THA,Thailand,6,3,svc,weighted_lr,3.5946083421229726
2016,TJK,Tajikistan,1,1,svc,weighted_lr,0.0
2016,TKM,Turkmenistan,0,0,svc,weighted_lr,0.0
2016,TLS,Timor-Leste,0,0,svc,weighted_lr,0.0
2016,TON,Tonga,0,0,svc,weighted_lr,0.0
2016,TTO,Trinidad and Tobago,1,4,svc,weighted_lr,0.9984101722579624
2016,TUN,Tunisia,3,3,svc,weighted_lr,3.2297897717939055
2016,TUR,Turkiye,8,5,svc,weighted_lr,7.749410487646048
2016,TUV,Tuvalu,0,0,svc,weighted_lr,0.0
2016,TZA,Tanzania,0,0,svc,weighted_lr,0.0
2016,UGA,Uganda,0,1,svc,weighted_lr,0.0
2016,UKR,Ukraine,11,20,svc,weighted_lr,19.80542710614043
2016,URY,Uruguay,0,0,svc,weighted_lr,0.0
2016,USA,United States,121,103,svc,weighted_lr,112.99017448405125
2016,UZB,Uzbekistan,13,3,svc,weighted_lr,3.987863544072659
2016,VCT,St. Vincent and the Grenadines,0,0,svc,weighted_lr,0.0
2016,VEN,"Venezuela, RB",3,1,svc,weighted_lr,3.9950254291725953
2016,VIR,Virgin Islands (U.S.),0,0,svc,weighted_lr,0.0
2016,VNM,Viet Nam,2,0,svc,weighted_lr,0.0
2016,VUT,Vanuatu,0,0,svc,weighted_lr,0.0
2016,WSM,Samoa,0,0,svc,weighted_lr,0.0
2016,YEM,"Yemen, Rep.",0,0,svc,weighted_lr,0.0
2016,ZAF,South Africa,10,6,svc,weighted_lr,9.537418582535892
2016,ZMB,Zambia,0,0,svc,weighted_lr,0.0
2016,ZWE,Zimbabwe,0,0,svc,weighted_lr,0.0
2016,ABW,Aruba,0,0,svc,ridge,0.0
2016,AFG,Afghanistan,0,1,svc,ridge,0.0
2016,AGO,Angola,0,0,svc,ridge,0.0
2016,ALB,Albania,0,0,svc,ridge,0.0
2016,AND,Andorra,0,0,svc,ridge,0.0
2016,ARE,United Arab Emirates,1,0,svc,ridge,0.0
2016,ARG,Argentina,4,4,svc,ridge,14.820627426052749
2016,ARM,Armenia,4,3,svc,ridge,2.1042849279368703
2016,ASM,American Samoa,0,0,svc,ridge,0.0
2016,ATG,Antigua and Barbuda,0,0,svc,ridge,0.0
2016,AUS,Australia,29,35,svc,ridge,40.377341537980456
2016,AUT,Austria,1,0,svc,ridge,1.5129356983614404
2016,AZE,Azerbaijan,18,10,svc,ridge,6.684525716049661
2016,BDI,Burundi,1,0,svc,ridge,0.0
2016,BEL,Belgium,6,3,svc,ridge,4.97242043801128
2016,BEN,Benin,0,0,svc,ridge,0.0
2016,BFA,Burkina Faso,0,0,svc,ridge,0.0
2016,BGD,Bangladesh,0,0,svc,ridge,0.0
2016,BGR,Bulgaria,3,2,svc,ridge,2.651369462051667
2016,BHR,Bahrain,2,1,svc,ridge,0.0
2016,BHS,"Bahamas, The",2,1,svc,ridge,0.0
2016,BIH,Bosnia and Herzegovina,0,0,svc,ridge,0.0
2016,BLR,Belarus,9,12,svc,ridge,11.19198385680647
2016,BLZ,Belize,0,0,svc,ridge,0.0
2016,BMU,Bermuda,0,0,svc,ridge,0.0
2016,BOL,Bolivia,0,0,svc,ridge,0.0
2016,BRA,Brazil,19,17,svc,ridge,39.53091153793241
2016,BRB,Barbados,0,0,svc,ridge,0.0
2016,BRN,Brunei Darussalam,0,0,svc,ridge,0.0
2016,BTN,Bhutan,0,0,svc,ridge,0.0
2016,BWA,Botswana,0,1,svc,ridge,0.0
2016,CAF,Central African Republic,0,0,svc,ridge,0.0
2016,CAN,Canada,22,18,svc,ridge,28.224986635823896
2016,CHE,Switzerland,7,4,svc,ridge,3.2694506271949564
2016,CHL,Chile,0,0,svc,ridge,1.6761572319988822
2016,CHN,China,70,88,svc,ridge,85.60159606158973
2016,CIV,Cote d'Ivoire,2,0,svc,ridge,0.0
2016,CMR,Cameroon,0,0,svc,ridge,0.0
2016,COD,"Congo, Dem. Rep.",0,0,svc,ridge,0.0
2016,COG,"Congo, Rep.",0,0,svc,ridge,0.0
2016,COL,Colombia,8,8,svc,ridge,11.673373683223963
2016,COM,Comoros,0,0,svc,ridge,0.0
2016,CPV,Cabo Verde,0,0,svc,ridge,0.0
2016,CRI,Costa Rica,0,0,svc,ridge,0.0
2016,CUB,Cuba,11,14,svc,ridge,11.692926391809056
2016,CYM,Cayman Islands,0,0,svc,ridge,0.0
2016,CYP,Cyprus,0,1,svc,ridge,0.0
2016,CZE,Czechia,10,10,svc,ridge,8.797984591805596
2016,DEU,Germany,42,44,svc,ridge,45.56962423663303
2016,DJI,Djibouti,0,0,svc,ridge,0.0
2016,DMA,Dominica,0,0,svc,ridge,0.0
2016,DNK,Denmark,15,9,svc,ridge,7.3875775243621735
2016,DOM,Dominican Republic,1,2,svc,ridge,1.3681459484672551
2016,DZA,Algeria,2,1,svc,ridge,4.524098414985456
2016,ECU,Ecuador,0,0,svc,ridge,0.0
2016,EGY,"Egypt, Arab Rep.",3,2,svc,ridge,8.341498048215824
2016,ESP,Spain,17,17,svc,ridge,25.026791312947577
2016,EST,Estonia,1,2,svc,ridge,1.7235094643776314
2016,ETH,Ethiopia,8,7,svc,ridge,5.364403468978835
2016,FIN,Finland,1,3,svc,ridge,1.6559240499485206
2016,FJI,Fiji,1,0,svc,ridge,2.0134150509650404
2016,FRA,France,42,35,svc,ridge,38.963621862676085
2016,FSM,"Micronesia, Fed. Sts.",0,0,svc,ridge,0.0
2016,GAB,Gabon,0,1,svc,ridge,0.0
2016,GBR,United Kingdom,67,65,svc,ridge,49.736603180714404
2016,GEO,Georgia,7,7,svc,ridge,4.3073767669030465
2016,GHA,Ghana,0,0,svc,ridge,0.0
2016,GIN,Guinea,0,0,svc,ridge,0.0
2016,GMB,"Gambia, The",0,0,svc,ridge,0.0
2016,GNB,Guinea-Bissau,0,0,svc,ridge,0.0
2016,GNQ,Equatorial Guinea,0,0,svc,ridge,0.0
2016,GRC,Greece,6,2,svc,ridge,4.775532091942416
2016,GRD,Grenada,1,1,svc,ridge,0.0
2016,GTM,Guatemala,0,1,svc,ridge,0.0
2016,GUM,Guam,0,0,svc,ridge,0.0
2016,GUY,Guyana,0,0,svc,ridge,0.0
2016,HKG,"Hong Kong SAR, China",0,1,svc,ridge,0.0
2016,HND,Honduras,0,0,svc,ridge,0.0
2016,HRV,Croatia,10,6,svc,ridge,6.0098744974098555
2016,HTI,Haiti,0,0,svc,ridge,0.0
2016,HUN,Hungary,15,18,svc,ridge,15.26106147476723
2016,IDN,Indonesia,3,2,svc,ridge,4.7974635676613175
2016,IND,India,2,6,svc,ridge,18.790149982269142
2016,IRL,Ireland,2,5,svc,ridge,2.683152360024554
2016,IRN,"Iran, Islamic Rep.",8,12,svc,ridge,9.326937723062677
2016,IRQ,Iraq,0,0,svc,ridge,0.0
2016,ISL,Iceland,0,0,svc,ridge,0.0
2016,ISR,Israel,2,0,svc,ridge,0.43865364563099263
2016,ITA,Italy,28,28,svc,ridge,30.4657613503441
2016,JAM,Jamaica,11,12,svc,ridge,7.267807523279959
2016,JOR,Jordan,1,0,svc,ridge,0.0
2016,JPN,Japan,41,38,svc,ridge,40.91014339146144
2016,KAZ,Kazakhstan,18,13,svc,ridge,11.491923881118105
2016,KEN,Kenya,13,11,svc,ridge,8.999023575229009
2016,KGZ,Kyrgyz Republic,0,0,svc,ridge,0.0
2016,KHM,Cambodia,0,0,svc,ridge,0.0
2016,KIR,Kiribati,0,0,svc,ridge,0.0
2016,KNA,St. Kitts and Nevis,0,0,svc,ridge,0.0
2016,KOR,"Korea, Rep.",21,28,svc,ridge,23.98473630401464
2016,LAO,Lao PDR,0,0,svc,ridge,0.0
2016,LBN,Lebanon,0,0,svc,ridge,0.0
2016,LBR,Liberia,0,0,svc,ridge,0.0
2016,LBY,Libya,0,0,svc,ridge,0.0
2016,LCA,St. Lucia,0,0,svc,ridge,0.0
2016,LKA,Sri Lanka,0,0,svc,ridge,0.0
2016,LSO,Lesotho,0,0,svc,ridge,0.0
2016,LTU,Lithuania,4,5,svc,ridge,4.400931062219614
2016,LUX,Luxembourg,0,0,svc,ridge,0.0
2016,LVA,Latvia,0,2,svc,ridge,1.1449341953094763
2016,MAR,Morocco,1,1,svc,ridge,2.8123197751952755
2016,MCO,Monaco,0,0,svc,ridge,0.0
2016,MDA,Moldova,0,2,svc,ridge,1.1816056765372824
2016,MDG,Madagascar,0,0,svc,ridge,0.0
2016,MDV,Maldives,0,0,svc,ridge,0.0
2016,MEX,Mexico,5,7,svc,ridge,11.800547846795217
2016,MHL,Marshall Islands,0,0,svc,ridge,0.0
2016,MKD,North Macedonia,0,0,svc,ridge,0.0
2016,MLI,Mali,0,0,svc,ridge,0.0
2016,MLT,Malta,0,0,svc,ridge,0.0
2016,MMR,Myanmar,0,0,svc,ridge,0.0
2016,MNE,Montenegro,0,1,svc,ridge,1.284123017662532
2016,MNG,Mongolia,2,5,svc,ridge,4.317207889336428
2016,MOZ,Mozambique,0,0,svc,ridge,0.0
2016,MRT,Mauritania,0,0,svc,ridge,0.0
2016,MUS,Mauritius,0,0,svc,ridge,0.0
2016,MWI,Malawi,0,0,svc,ridge,0.0
2016,MYS,Malaysia,5,2,svc,ridge,2.1760008729985216
2016,NAM,Namibia,0,0,svc,ridge,0.0
2016,NER,Niger,1,0,svc,ridge,0.0
2016,NGA,Nigeria,1,0,svc,ridge,5.213431520232023
2016,NIC,Nicaragua,0,0,svc,ridge,0.0
2016,NLD,Netherlands,19,20,svc,ridge,20.11398388473615
2016,NOR,Norway,4,4,svc,ridge,1.1313297238727653
2016,NPL,Nepal,0,0,svc,ridge,0.0
2016,NRU,Naoero,0,0,svc,ridge,0.0
2016,NZL,New Zealand,18,13,svc,ridge,14.292860709528611
2016,OMN,Oman,0,0,svc,ridge,0.0
2016,PAK,Pakistan,0,0,svc,ridge,0.0
2016,PAN,Panama,0,0,svc,ridge,0.0
2016,PER,Peru,0,0,svc,ridge,0.0
2016,PHL,Philippines,1,0,svc,ridge,0.0
2016,PLW,Palau,0,0,svc,ridge,0.0
2016,PNG,Papua New Guinea,0,0,svc,ridge,0.0
2016,POL,Poland,11,10,svc,ridge,17.352350643895583
2016,PRI,Puerto Rico (US),1,2,svc,ridge,0.7870743270467209
2016,PRT,Portugal,1,1,svc,ridge,4.1183110182456275
2016,PRY,Paraguay,0,0,svc,ridge,0.0
2016,PSE,West Bank and Gaza,0,0,svc,ridge,0.0
2016,QAT,Qatar,1,2,svc,ridge,0.0
2016,ROU,Romania,4,9,svc,ridge,8.415580319851156
2016,RUS,Russian Federation,56,82,svc,ridge,58.25069656625605
2016,RWA,Rwanda,0,0,svc,ridge,0.0
2016,SAU,Saudi Arabia,0,1,svc,ridge,0.0
2016,SDN,Sudan,0,0,svc,ridge,0.0
2016,SEN,Senegal,0,0,svc,ridge,0.0
2016,SGP,Singapore,1,2,svc,ridge,0.0
2016,SLB,Solomon Islands,0,0,svc,ridge,0.0
2016,SLE,Sierra Leone,0,0,svc,ridge,0.0
2016,SLV,El Salvador,0,0,svc,ridge,0.0
2016,SMR,San Marino,0,0,svc,ridge,0.0
2016,SOM,"Somalia, Fed. Rep.",0,0,svc,ridge,0.0
2016,SRB,Serbia,8,4,svc,ridge,6.65215500986682
2016,STP,Sao Tome and Principe,0,0,svc,ridge,0.0
2016,SUR,Suriname,0,0,svc,ridge,0.0
2016,SVK,Slovak Republic,4,4,svc,ridge,3.1046623489671052
2016,SVN,Slovenia,4,4,svc,ridge,3.42658623807465
2016,SWE,Sweden,11,8,svc,ridge,9.423736747525997
2016,SWZ,Eswatini,0,0,svc,ridge,0.0
2016,SYC,Seychelles,0,0,svc,ridge,0.0
2016,SYR,Syrian Arab Republic,0,0,svc,ridge,0.0
2016,TCD,Chad,0,0,svc,ridge,0.0
2016,TGO,Togo,0,0,svc,ridge,0.0
2016,THA,Thailand,6,3,svc,ridge,4.432218511368991
2016,TJK,Tajikistan,1,1,svc,ridge,0.0
2016,TKM,Turkmenistan,0,0,svc,ridge,0.0
2016,TLS,Timor-Leste,0,0,svc,ridge,0.0
2016,TON,Tonga,0,0,svc,ridge,0.0
2016,TTO,Trinidad and Tobago,1,4,svc,ridge,1.6515100708789099
2016,TUN,Tunisia,3,3,svc,ridge,4.051303556011638
2016,TUR,Turkiye,8,5,svc,ridge,8.540668054699925
2016,TUV,Tuvalu,0,0,svc,ridge,0.0
2016,TZA,Tanzania,0,0,svc,ridge,0.0
2016,UGA,Uganda,0,1,svc,ridge,0.0
2016,UKR,Ukraine,11,20,svc,ridge,19.93354452961661
2016,URY,Uruguay,0,0,svc,ridge,0.0
2016,USA,United States,121,103,svc,ridge,104.90805256747514
2016,UZB,Uzbekistan,13,3,svc,ridge,4.888972824750012
2016,VCT,St. Vincent and the Grenadines,0,0,svc,ridge,0.0
2016,VEN,"Venezuela, RB",3,1,svc,ridge,5.1622023169946445
2016,VIR,Virgin Islands (U.S.),0,0,svc,ridge,0.0
2016,VNM,Viet Nam,2,0,svc,ridge,0.0
2016,VUT,Vanuatu,0,0,svc,ridge,0.0
2016,WSM,Samoa,0,0,svc,ridge,0.0
2016,YEM,"Yemen, Rep.",0,0,svc,ridge,0.0
2016,ZAF,South Africa,10,6,svc,ridge,10.53244074561064
2016,ZMB,Zambia,0,0,svc,ridge,0.0
2016,ZWE,Zimbabwe,0,0,svc,ridge,0.0
2016,ABW,Aruba,0,0,svc,lasso,0.0
2016,AFG,Afghanistan,0,1,svc,lasso,0.0
2016,AGO,Angola,0,0,svc,lasso,0.0
2016,ALB,Albania,0,0,svc,lasso,0.0
2016,AND,Andorra,0,0,svc,lasso,0.0
2016,ARE,United Arab Emirates,1,0,svc,lasso,0.0
2016,ARG,Argentina,4,4,svc,lasso,13.615127904173669
2016,ARM,Armenia,4,3,svc,lasso,2.3471092388749746
2016,ASM,American Samoa,0,0,svc,lasso,0.0
2016,ATG,Antigua and Barbuda,0,0,svc,lasso,0.0
2016,AUS,Australia,29,35,svc,lasso,39.46953373248725
2016,AUT,Austria,1,0,svc,lasso,1.3617355265552344
2016,AZE,Azerbaijan,18,10,svc,lasso,7.296600337325722
2016,BDI,Burundi,1,0,svc,lasso,0.0
2016,BEL,Belgium,6,3,svc,lasso,4.8356519298436496
2016,BEN,Benin,0,0,svc,lasso,0.0
2016,BFA,Burkina Faso,0,0,svc,lasso,0.0
2016,BGD,Bangladesh,0,0,svc,lasso,0.0
2016,BGR,Bulgaria,3,2,svc,lasso,2.698164193158865
2016,BHR,Bahrain,2,1,svc,lasso,0.0
2016,BHS,"Bahamas, The",2,1,svc,lasso,0.0
2016,BIH,Bosnia and Herzegovina,0,0,svc,lasso,0.0
2016,BLR,Belarus,9,12,svc,lasso,11.558131095037904
2016,BLZ,Belize,0,0,svc,lasso,0.0
2016,BMU,Bermuda,0,0,svc,lasso,0.0
2016,BOL,Bolivia,0,0,svc,lasso,0.0
2016,BRA,Brazil,19,17,svc,lasso,36.78204579455947
2016,BRB,Barbados,0,0,svc,lasso,0.0
2016,BRN,Brunei Darussalam,0,0,svc,lasso,0.0
2016,BTN,Bhutan,0,0,svc,lasso,0.0
2016,BWA,Botswana,0,1,svc,lasso,0.0
2016,CAF,Central African Republic,0,0,svc,lasso,0.0
2016,CAN,Canada,22,18,svc,lasso,26.403333523109154
2016,CHE,Switzerland,7,4,svc,lasso,3.2634278031558903
2016,CHL,Chile,0,0,svc,lasso,1.5454697712698273
2016,CHN,China,70,88,svc,lasso,87.21027902248622
2016,CIV,Cote d'Ivoire,2,0,svc,lasso,0.0
2016,CMR,Cameroon,0,0,svc,lasso,0.0
2016,COD,"Congo, Dem. Rep.",0,0,svc,lasso,0.0
2016,COG,"Congo, Rep.",0,0,svc,lasso,0.0
2016,COL,Colombia,8,8,svc,lasso,11.486000458302792
2016,COM,Comoros,0,0,svc,lasso,0.0
2016,CPV,Cabo Verde,0,0,svc,lasso,0.0
2016,CRI,Costa Rica,0,0,svc,lasso,0.0
2016,CUB,Cuba,11,14,svc,lasso,12.254038902048165
2016,CYM,Cayman Islands,0,0,svc,lasso,0.0
2016,CYP,Cyprus,0,1,svc,lasso,0.0
2016,CZE,Czechia,10,10,svc,lasso,9.165391185821273
2016,DEU,Germany,42,44,svc,lasso,46.306238720040035
2016,DJI,Djibouti,0,0,svc,lasso,0.0
2016,DMA,Dominica,0,0,svc,lasso,0.0
2016,DNK,Denmark,15,9,svc,lasso,7.656225372223557
2016,DOM,Dominican Republic,1,2,svc,lasso,1.631410636015124
2016,DZA,Algeria,2,1,svc,lasso,4.087505542956793
2016,ECU,Ecuador,0,0,svc,lasso,0.0
2016,EGY,"Egypt, Arab Rep.",3,2,svc,lasso,7.88178728394054
2016,ESP,Spain,17,17,svc,lasso,24.60228444000527
2016,EST,Estonia,1,2,svc,lasso,1.853806119636106
2016,ETH,Ethiopia,8,7,svc,lasso,5.783311358375682
2016,FIN,Finland,1,3,svc,lasso,1.782074330543706
2016,FJI,Fiji,1,0,svc,lasso,1.943886984156748
2016,FRA,France,42,35,svc,lasso,39.244478846268905
2016,FSM,"Micronesia, Fed. Sts.",0,0,svc,lasso,0.0
2016,GAB,Gabon,0,1,svc,lasso,0.0
2016,GBR,United Kingdom,67,65,svc,lasso,52.43413574817717
2016,GEO,Georgia,7,7,svc,lasso,4.815402347073378
2016,GHA,Ghana,0,0,svc,lasso,0.0
2016,GIN,Guinea,0,0,svc,lasso,0.0
2016,GMB,"Gambia, The",0,0,svc,lasso,0.0
2016,GNB,Guinea-Bissau,0,0,svc,lasso,0.0
2016,GNQ,Equatorial Guinea,0,0,svc,lasso,0.0
2016,GRC,Greece,6,2,svc,lasso,4.587634889541031
2016,GRD,Grenada,1,1,svc,lasso,0.0
2016,GTM,Guatemala,0,1,svc,lasso,0.0
2016,GUM,Guam,0,0,svc,lasso,0.0
2016,GUY,Guyana,0,0,svc,lasso,0.0
2016,HKG,"Hong Kong SAR, China",0,1,svc,lasso,0.0
2016,HND,Honduras,0,0,svc,lasso,0.0
2016,HRV,Croatia,10,6,svc,lasso,6.183007716699966
2016,HTI,Haiti,0,0,svc,lasso,0.0
2016,HUN,Hungary,15,18,svc,lasso,15.920264457957394
2016,IDN,Indonesia,3,2,svc,lasso,4.616977346557646
2016,IND,India,2,6,svc,lasso,18.081133704654135
2016,IRL,Ireland,2,5,svc,lasso,2.9053601275105283
2016,IRN,"Iran, Islamic Rep.",8,12,svc,lasso,9.814748127344336
2016,IRQ,Iraq,0,0,svc,lasso,0.0
2016,ISL,Iceland,0,0,svc,lasso,0.0
2016,ISR,Israel,2,0,svc,lasso,0.46144128166815435
2016,ITA,Italy,28,28,svc,lasso,30.787511764101197
2016,JAM,Jamaica,11,12,svc,lasso,8.063269716679324
2016,JOR,Jordan,1,0,svc,lasso,0.0
2016,JPN,Japan,41,38,svc,lasso,41.46338057473213
2016,KAZ,Kazakhstan,18,13,svc,lasso,11.652787628403589
2016,KEN,Kenya,13,11,svc,lasso,9.531676591270715
2016,KGZ,Kyrgyz Republic,0,0,svc,lasso,0.0
2016,KHM,Cambodia,0,0,svc,lasso,0.0
2016,KIR,Kiribati,0,0,svc,lasso,0.0
2016,KNA,St. Kitts and Nevis,0,0,svc,lasso,0.0
2016,KOR,"Korea, Rep.",21,28,svc,lasso,24.963206772727816
2016,LAO,Lao PDR,0,0,svc,lasso,0.0
2016,LBN,Lebanon,0,0,svc,lasso,0.0
2016,LBR,Liberia,0,0,svc,lasso,0.0
2016,LBY,Libya,0,0,svc,lasso,0.0
2016,LCA,St. Lucia,0,0,svc,lasso,0.0
2016,LKA,Sri Lanka,0,0,svc,lasso,0.0
2016,LSO,Lesotho,0,0,svc,lasso,0.0
2016,LTU,Lithuania,4,5,svc,lasso,4.597088835998309
2016,LUX,Luxembourg,0,0,svc,lasso,0.0
2016,LVA,Latvia,0,2,svc,lasso,1.32083865245575
2016,MAR,Morocco,1,1,svc,lasso,2.7640823204958505
2016,MCO,Monaco,0,0,svc,lasso,0.0
2016,MDA,Moldova,0,2,svc,lasso,1.4080680852507843
2016,MDG,Madagascar,0,0,svc,lasso,0.0
2016,MDV,Maldives,0,0,svc,lasso,0.0
2016,MEX,Mexico,5,7,svc,lasso,11.416739116550188
2016,MHL,Marshall Islands,0,0,svc,lasso,0.0
2016,MKD,North Macedonia,0,0,svc,lasso,0.0
2016,MLI,Mali,0,0,svc,lasso,0.0
2016,MLT,Malta,0,0,svc,lasso,0.0
2016,MMR,Myanmar,0,0,svc,lasso,0.0
2016,MNE,Montenegro,0,1,svc,lasso,1.3977766544048347
2016,MNG,Mongolia,2,5,svc,lasso,4.4332234318498465
2016,MOZ,Mozambique,0,0,svc,lasso,0.0
2016,MRT,Mauritania,0,0,svc,lasso,0.0
2016,MUS,Mauritius,0,0,svc,lasso,0.0
2016,MWI,Malawi,0,0,svc,lasso,0.0
2016,MYS,Malaysia,5,2,svc,lasso,2.33407455027897
2016,NAM,Namibia,0,0,svc,lasso,0.0
2016,NER,Niger,1,0,svc,lasso,0.0
2016,NGA,Nigeria,1,0,svc,lasso,4.85725926791925
2016,NIC,Nicaragua,0,0,svc,lasso,0.0
2016,NLD,Netherlands,19,20,svc,lasso,20.45924707984872
2016,NOR,Norway,4,4,svc,lasso,1.3037715325172474
2016,NPL,Nepal,0,0,svc,lasso,0.0
2016,NRU,Naoero,0,0,svc,lasso,0.0
2016,NZL,New Zealand,18,13,svc,lasso,14.420472178471051
2016,OMN,Oman,0,0,svc,lasso,0.0
2016,PAK,Pakistan,0,0,svc,lasso,0.0
2016,PAN,Panama,0,0,svc,lasso,0.0
2016,PER,Peru,0,0,svc,lasso,0.0
2016,PHL,Philippines,1,0,svc,lasso,0.0
2016,PLW,Palau,0,0,svc,lasso,0.0
2016,PNG,Papua New Guinea,0,0,svc,lasso,0.0
2016,POL,Poland,11,10,svc,lasso,16.91821904415117
2016,PRI,Puerto Rico (US),1,2,svc,lasso,0.9041772243976229
2016,PRT,Portugal,1,1,svc,lasso,3.8912872525270714
2016,PRY,Paraguay,0,0,svc,lasso,0.0
2016,PSE,West Bank and Gaza,0,0,svc,lasso,0.0
2016,QAT,Qatar,1,2,svc,lasso,0.0
2016,ROU,Romania,4,9,svc,lasso,8.708829721889721
2016,RUS,Russian Federation,56,82,svc,lasso,59.927072253143145
2016,RWA,Rwanda,0,0,svc,lasso,0.0
2016,SAU,Saudi Arabia,0,1,svc,lasso,0.0
2016,SDN,Sudan,0,0,svc,lasso,0.0
2016,SEN,Senegal,0,0,svc,lasso,0.0
2016,SGP,Singapore,1,2,svc,lasso,0.0
2016,SLB,Solomon Islands,0,0,svc,lasso,0.0
2016,SLE,Sierra Leone,0,0,svc,lasso,0.0
2016,SLV,El Salvador,0,0,svc,lasso,0.0
2016,SMR,San Marino,0,0,svc,lasso,0.0
2016,SOM,"Somalia, Fed. Rep.",0,0,svc,lasso,0.0
2016,SRB,Serbia,8,4,svc,lasso,6.5737443267694955
2016,STP,Sao Tome and Principe,0,0,svc,lasso,0.0
2016,SUR,Suriname,0,0,svc,lasso,0.0
2016,SVK,Slovak Republic,4,4,svc,lasso,3.336951256345344
2016,SVN,Slovenia,4,4,svc,lasso,3.6146394448690717
2016,SWE,Sweden,11,8,svc,lasso,9.361937712568471
2016,SWZ,Eswatini,0,0,svc,lasso,0.0
2016,SYC,Seychelles,0,0,svc,lasso,0.0
2016,SYR,Syrian Arab Republic,0,0,svc,lasso,0.0
2016,TCD,Chad,0,0,svc,lasso,0.0
2016,TGO,Togo,0,0,svc,lasso,0.0
2016,THA,Thailand,6,3,svc,lasso,4.459101542589815
2016,TJK,Tajikistan,1,1,svc,lasso,0.0
2016,TKM,Turkmenistan,0,0,svc,lasso,0.0
2016,TLS,Timor-Leste,0,0,svc,lasso,0.0
2016,TON,Tonga,0,0,svc,lasso,0.0
2016,TTO,Trinidad and Tobago,1,4,svc,lasso,1.970275454834848
2016,TUN,Tunisia,3,3,svc,lasso,4.137955502038163
2016,TUR,Turkiye,8,5,svc,lasso,8.387663160091765
2016,TUV,Tuvalu,0,0,svc,lasso,0.0
2016,TZA,Tanzania,0,0,svc,lasso,0.0
2016,UGA,Uganda,0,1,svc,lasso,0.0
2016,UKR,Ukraine,11,20,svc,lasso,20.36563916399714
2016,URY,Uruguay,0,0,svc,lasso,0.0
2016,USA,United States,121,103,svc,lasso,106.02593675858758
2016,UZB,Uzbekistan,13,3,svc,lasso,4.9172119563453
2016,VCT,St. Vincent and the Grenadines,0,0,svc,lasso,0.0
2016,VEN,"Venezuela, RB",3,1,svc,lasso,4.710896842947103
2016,VIR,Virgin Islands (U.S.),0,0,svc,lasso,0.0
2016,VNM,Viet Nam,2,0,svc,lasso,0.0
2016,VUT,Vanuatu,0,0,svc,lasso,0.0
2016,WSM,Samoa,0,0,svc,lasso,0.0
2016,YEM,"Yemen, Rep.",0,0,svc,lasso,0.0
2016,ZAF,South Africa,10,6,svc,lasso,10.210425301160525
2016,ZMB,Zambia,0,0,svc,lasso,0.0
2016,ZWE,Zimbabwe,0,0,svc,lasso,0.0
2016,ABW,Aruba,0,0,svc,poisson,0.0
2016,AFG,Afghanistan,0,1,svc,poisson,0.0
2016,AGO,Angola,0,0,svc,poisson,0.0
2016,ALB,Albania,0,0,svc,poisson,0.0
2016,AND,Andorra,0,0,svc,poisson,0.0
2016,ARE,United Arab Emirates,1,0,svc,poisson,0.0
2016,ARG,Argentina,4,4,svc,poisson,10.252525483295836
2016,ARM,Armenia,4,3,svc,poisson,5.23773753853452
2016,ASM,American Samoa,0,0,svc,poisson,0.0
2016,ATG,Antigua and Barbuda,0,0,svc,poisson,0.0
2016,AUS,Australia,29,35,svc,poisson,33.743416581945645
2016,AUT,Austria,1,0,svc,poisson,5.215675167890311
2016,AZE,Azerbaijan,18,10,svc,poisson,4.660597201611152
2016,BDI,Burundi,1,0,svc,poisson,0.0
2016,BEL,Belgium,6,3,svc,poisson,6.878913187260555
2016,BEN,Benin,0,0,svc,poisson,0.0
2016,BFA,Burkina Faso,0,0,svc,poisson,0.0
2016,BGD,Bangladesh,0,0,svc,poisson,0.0
2016,BGR,Bulgaria,3,2,svc,poisson,6.861746128087591
2016,BHR,Bahrain,2,1,svc,poisson,0.0
2016,BHS,"Bahamas, The",2,1,svc,poisson,4.428082754404259
2016,BIH,Bosnia and Herzegovina,0,0,svc,poisson,0.0
2016,BLR,Belarus,9,12,svc,poisson,7.812983578744943
2016,BLZ,Belize,0,0,svc,poisson,0.0
2016,BMU,Bermuda,0,0,svc,poisson,0.0
2016,BOL,Bolivia,0,0,svc,poisson,0.0
2016,BRA,Brazil,19,17,svc,poisson,40.132092441980866
2016,BRB,Barbados,0,0,svc,poisson,0.0
2016,BRN,Brunei Darussalam,0,0,svc,poisson,0.0
2016,BTN,Bhutan,0,0,svc,poisson,0.0
2016,BWA,Botswana,0,1,svc,poisson,0.0
2016,CAF,Central African Republic,0,0,svc,poisson,0.0
2016,CAN,Canada,22,18,svc,poisson,18.80526962387369
2016,CHE,Switzerland,7,4,svc,poisson,6.7819634297098235
2016,CHL,Chile,0,0,svc,poisson,4.135820960210867
2016,CHN,China,70,88,svc,poisson,66.68472298970725
2016,CIV,Cote d'Ivoire,2,0,svc,poisson,0.0
2016,CMR,Cameroon,0,0,svc,poisson,0.0
2016,COD,"Congo, Dem. Rep.",0,0,svc,poisson,0.0
2016,COG,"Congo, Rep.",0,0,svc,poisson,0.0
2016,COL,Colombia,8,8,svc,poisson,7.351403089255017
2016,COM,Comoros,0,0,svc,poisson,0.0
2016,CPV,Cabo Verde,0,0,svc,poisson,0.0
2016,CRI,Costa Rica,0,0,svc,poisson,0.0
2016,CUB,Cuba,11,14,svc,poisson,8.161282935835475
2016,CYM,Cayman Islands,0,0,svc,poisson,0.0
2016,CYP,Cyprus,0,1,svc,poisson,0.0
2016,CZE,Czechia,10,10,svc,poisson,7.282167730500727
2016,DEU,Germany,42,44,svc,poisson,39.04780633384777
2016,DJI,Djibouti,0,0,svc,poisson,0.0
2016,DMA,Dominica,0,0,svc,poisson,0.0
2016,DNK,Denmark,15,9,svc,poisson,7.574838158410768
2016,DOM,Dominican Republic,1,2,svc,poisson,3.9153853935551672
2016,DZA,Algeria,2,1,svc,poisson,3.939521400159002
2016,ECU,Ecuador,0,0,svc,poisson,0.0
2016,EGY,"Egypt, Arab Rep.",3,2,svc,poisson,5.306905372923367
2016,ESP,Spain,17,17,svc,poisson,21.20579697235106
2016,EST,Estonia,1,2,svc,poisson,5.36673852313065
2016,ETH,Ethiopia,8,7,svc,poisson,3.26146534901855
2016,FIN,Finland,1,3,svc,poisson,5.674294116262221
2016,FJI,Fiji,1,0,svc,poisson,5.263148826289043
2016,FRA,France,42,35,svc,poisson,35.45599948392458
2016,FSM,"Micronesia, Fed. Sts.",0,0,svc,poisson,0.0
2016,GAB,Gabon,0,1,svc,poisson,0.0
2016,GBR,United Kingdom,67,65,svc,poisson,34.21493070557087
2016,GEO,Georgia,7,7,svc,poisson,5.192999369417067
2016,GHA,Ghana,0,0,svc,poisson,0.0
2016,GIN,Guinea,0,0,svc,poisson,0.0
2016,GMB,"Gambia, The",0,0,svc,poisson,0.0
2016,GNB,Guinea-Bissau,0,0,svc,poisson,0.0
2016,GNQ,Equatorial Guinea,0,0,svc,poisson,0.0
2016,GRC,Greece,6,2,svc,poisson,7.232353817184992
2016,GRD,Grenada,1,1,svc,poisson,0.0
2016,GTM,Guatemala,0,1,svc,poisson,0.0
2016,GUM,Guam,0,0,svc,poisson,0.0
2016,GUY,Guyana,0,0,svc,poisson,0.0
2016,HKG,"Hong Kong SAR, China",0,1,svc,poisson,4.8429156282165575
2016,HND,Honduras,0,0,svc,poisson,0.0
2016,HRV,Croatia,10,6,svc,poisson,8.082598841912308
2016,HTI,Haiti,0,0,svc,poisson,0.0
2016,HUN,Hungary,15,18,svc,poisson,10.764444401821077
2016,IDN,Indonesia,3,2,svc,poisson,4.274733281172099
2016,IND,India,2,6,svc,poisson,9.214579851396755
2016,IRL,Ireland,2,5,svc,poisson,5.5644696412846075
2016,IRN,"Iran, Islamic Rep.",8,12,svc,poisson,4.847118517268341
2016,IRQ,Iraq,0,0,svc,poisson,0.0
2016,ISL,Iceland,0,0,svc,poisson,0.0
2016,ISR,Israel,2,0,svc,poisson,3.896846891191148
2016,ITA,Italy,28,28,svc,poisson,24.406466952031444
2016,JAM,Jamaica,11,12,svc,poisson,5.598308709654172
2016,JOR,Jordan,1,0,svc,poisson,0.0
2016,JPN,Japan,41,38,svc,poisson,29.12307986339759
2016,KAZ,Kazakhstan,18,13,svc,poisson,5.614954617042389
2016,KEN,Kenya,13,11,svc,poisson,4.376018021771274
2016,KGZ,Kyrgyz Republic,0,0,svc,poisson,0.0
2016,KHM,Cambodia,0,0,svc,poisson,0.0
2016,KIR,Kiribati,0,0,svc,poisson,0.0
2016,KNA,St. Kitts and Nevis,0,0,svc,poisson,0.0
2016,KOR,"Korea, Rep.",21,28,svc,poisson,13.421172122394228
2016,LAO,Lao PDR,0,0,svc,poisson,0.0
2016,LBN,Lebanon,0,0,svc,poisson,0.0
2016,LBR,Liberia,0,0,svc,poisson,0.0
2016,LBY,Libya,0,0,svc,poisson,0.0
2016,LCA,St. Lucia,0,0,svc,poisson,0.0
2016,LKA,Sri Lanka,0,0,svc,poisson,0.0
2016,LSO,Lesotho,0,0,svc,poisson,0.0
2016,LTU,Lithuania,4,5,svc,poisson,7.497002714590514
2016,LUX,Luxembourg,0,0,svc,poisson,0.0
2016,LVA,Latvia,0,2,svc,poisson,5.902052884104388
2016,MAR,Morocco,1,1,svc,poisson,4.209580236737713
2016,MCO,Monaco,0,0,svc,poisson,0.0
2016,MDA,Moldova,0,2,svc,poisson,5.7887828323746495
2016,MDG,Madagascar,0,0,svc,poisson,0.0
2016,MDV,Maldives,0,0,svc,poisson,0.0
2016,MEX,Mexico,5,7,svc,poisson,6.832049015978128
2016,MHL,Marshall Islands,0,0,svc,poisson,0.0
2016,MKD,North Macedonia,0,0,svc,poisson,0.0
2016,MLI,Mali,0,0,svc,poisson,0.0
2016,MLT,Malta,0,0,svc,poisson,0.0
2016,MMR,Myanmar,0,0,svc,poisson,0.0
2016,MNE,Montenegro,0,1,svc,poisson,4.842826018132296
2016,MNG,Mongolia,2,5,svc,poisson,3.608467105639257
2016,MOZ,Mozambique,0,0,svc,poisson,0.0
2016,MRT,Mauritania,0,0,svc,poisson,0.0
2016,MUS,Mauritius,0,0,svc,poisson,0.0
2016,MWI,Malawi,0,0,svc,poisson,0.0
2016,MYS,Malaysia,5,2,svc,poisson,3.5949222187830276
2016,NAM,Namibia,0,0,svc,poisson,0.0
2016,NER,Niger,1,0,svc,poisson,0.0
2016,NGA,Nigeria,1,0,svc,poisson,3.862155592667485
2016,NIC,Nicaragua,0,0,svc,poisson,0.0
2016,NLD,Netherlands,19,20,svc,poisson,14.793875867658773
2016,NOR,Norway,4,4,svc,poisson,5.6904193313525875
2016,NPL,Nepal,0,0,svc,poisson,0.0
2016,NRU,Naoero,0,0,svc,poisson,0.0
2016,NZL,New Zealand,18,13,svc,poisson,8.293133348795564
2016,OMN,Oman,0,0,svc,poisson,0.0
2016,PAK,Pakistan,0,0,svc,poisson,0.0
2016,PAN,Panama,0,0,svc,poisson,0.0
2016,PER,Peru,0,0,svc,poisson,0.0
2016,PHL,Philippines,1,0,svc,poisson,0.0
2016,PLW,Palau,0,0,svc,poisson,0.0
2016,PNG,Papua New Guinea,0,0,svc,poisson,0.0
2016,POL,Poland,11,10,svc,poisson,14.119930441912304
2016,PRI,Puerto Rico (US),1,2,svc,poisson,7.134870429933584
2016,PRT,Portugal,1,1,svc,poisson,7.038584360296617
2016,PRY,Paraguay,0,0,svc,poisson,0.0
2016,PSE,West Bank and Gaza,0,0,svc,poisson,0.0
2016,QAT,Qatar,1,2,svc,poisson,2.0626682582389324
2016,ROU,Romania,4,9,svc,poisson,7.837449927703407
2016,RUS,Russian Federation,56,82,svc,poisson,29.845762672284078
2016,RWA,Rwanda,0,0,svc,poisson,0.0
2016,SAU,Saudi Arabia,0,1,svc,poisson,0.0
2016,SDN,Sudan,0,0,svc,poisson,0.0
2016,SEN,Senegal,0,0,svc,poisson,0.0
2016,SGP,Singapore,1,2,svc,poisson,4.202276243956352
2016,SLB,Solomon Islands,0,0,svc,poisson,0.0
2016,SLE,Sierra Leone,0,0,svc,poisson,0.0
2016,SLV,El Salvador,0,0,svc,poisson,0.0
2016,SMR,San Marino,0,0,svc,poisson,0.0
2016,SOM,"Somalia, Fed. Rep.",0,0,svc,poisson,0.0
2016,SRB,Serbia,8,4,svc,poisson,7.708506820959771
2016,STP,Sao Tome and Principe,0,0,svc,poisson,0.0
2016,SUR,Suriname,0,0,svc,poisson,0.0
2016,SVK,Slovak Republic,4,4,svc,poisson,5.438774153709156
2016,SVN,Slovenia,4,4,svc,poisson,5.895952918693687
2016,SWE,Sweden,11,8,svc,poisson,7.932952128107173
2016,SWZ,Eswatini,0,0,svc,poisson,0.0
2016,SYC,Seychelles,0,0,svc,poisson,0.0
2016,SYR,Syrian Arab Republic,0,0,svc,poisson,0.0
2016,TCD,Chad,0,0,svc,poisson,0.0
2016,TGO,Togo,0,0,svc,poisson,0.0
2016,THA,Thailand,6,3,svc,poisson,5.146732969655719
2016,TJK,Tajikistan,1,1,svc,poisson,0.0
2016,TKM,Turkmenistan,0,0,svc,poisson,0.0
2016,TLS,Timor-Leste,0,0,svc,poisson,0.0
2016,TON,Tonga,0,0,svc,poisson,0.0
2016,TTO,Trinidad and Tobago,1,4,svc,poisson,4.63463084456892
2016,TUN,Tunisia,3,3,svc,poisson,4.5969096390043465
2016,TUR,Turkiye,8,5,svc,poisson,5.577913924368051
2016,TUV,Tuvalu,0,0,svc,poisson,0.0
2016,TZA,Tanzania,0,0,svc,poisson,0.0
2016,UGA,Uganda,0,1,svc,poisson,0.0
2016,UKR,Ukraine,11,20,svc,poisson,13.66344233060359
2016,URY,Uruguay,0,0,svc,poisson,0.0
2016,USA,United States,121,103,svc,poisson,111.68680083727588
2016,UZB,Uzbekistan,13,3,svc,poisson,4.3417341080593514
2016,VCT,St. Vincent and the Grenadines,0,0,svc,poisson,0.0
2016,VEN,"Venezuela, RB",3,1,svc,poisson,5.428505659404272
2016,VIR,Virgin Islands (U.S.),0,0,svc,poisson,0.0
2016,VNM,Viet Nam,2,0,svc,poisson,0.0
2016,VUT,Vanuatu,0,0,svc,poisson,0.0
2016,WSM,Samoa,0,0,svc,poisson,0.0
2016,YEM,"Yemen, Rep.",0,0,svc,poisson,0.0
2016,ZAF,South Africa,10,6,svc,poisson,7.041386444797695
2016,ZMB,Zambia,0,0,svc,poisson,0.0
2016,ZWE,Zimbabwe,0,0,svc,poisson,0.0
2016,ABW,Aruba,0,0,svc,svr,0.0
2016,AFG,Afghanistan,0,1,svc,svr,0.0
2016,AGO,Angola,0,0,svc,svr,0.0
2016,ALB,Albania,0,0,svc,svr,0.0
2016,AND,Andorra,0,0,svc,svr,0.0
2016,ARE,United Arab Emirates,1,0,svc,svr,0.0
2016,ARG,Argentina,4,4,svc,svr,7.352532910842513
2016,ARM,Armenia,4,3,svc,svr,2.6090320088185166
2016,ASM,American Samoa,0,0,svc,svr,0.0
2016,ATG,Antigua and Barbuda,0,0,svc,svr,0.0
2016,AUS,Australia,29,35,svc,svr,34.74114762811097
2016,AUT,Austria,1,0,svc,svr,1.8990272532959125
2016,AZE,Azerbaijan,18,10,svc,svr,6.473851801419954
2016,BDI,Burundi,1,0,svc,svr,0.0
2016,BEL,Belgium,6,3,svc,svr,4.155364224155562
2016,BEN,Benin,0,0,svc,svr,0.0
2016,BFA,Burkina Faso,0,0,svc,svr,0.0
2016,BGD,Bangladesh,0,0,svc,svr,0.0
2016,BGR,Bulgaria,3,2,svc,svr,2.5604753617080007
2016,BHR,Bahrain,2,1,svc,svr,0.0
2016,BHS,"Bahamas, The",2,1,svc,svr,1.4202802183912908
2016,BIH,Bosnia and Herzegovina,0,0,svc,svr,0.0
2016,BLR,Belarus,9,12,svc,svr,8.796437935368377
2016,BLZ,Belize,0,0,svc,svr,0.0
2016,BMU,Bermuda,0,0,svc,svr,0.0
2016,BOL,Bolivia,0,0,svc,svr,0.0
2016,BRA,Brazil,19,17,svc,svr,33.787761276492716
2016,BRB,Barbados,0,0,svc,svr,0.0
2016,BRN,Brunei Darussalam,0,0,svc,svr,0.0
2016,BTN,Bhutan,0,0,svc,svr,0.0
2016,BWA,Botswana,0,1,svc,svr,0.0
2016,CAF,Central African Republic,0,0,svc,svr,0.0
2016,CAN,Canada,22,18,svc,svr,19.838775636163685
2016,CHE,Switzerland,7,4,svc,svr,6.303923541794028
2016,CHL,Chile,0,0,svc,svr,0.7995799984154601
2016,CHN,China,70,88,svc,svr,87.79645949650141
2016,CIV,Cote d'Ivoire,2,0,svc,svr,0.0
2016,CMR,Cameroon,0,0,svc,svr,0.0
2016,COD,"Congo, Dem. Rep.",0,0,svc,svr,0.0
2016,COG,"Congo, Rep.",0,0,svc,svr,0.0
2016,COL,Colombia,8,8,svc,svr,7.596831791613802
2016,COM,Comoros,0,0,svc,svr,0.0
2016,CPV,Cabo Verde,0,0,svc,svr,0.0
2016,CRI,Costa Rica,0,0,svc,svr,0.0
2016,CUB,Cuba,11,14,svc,svr,9.886658966588975
2016,CYM,Cayman Islands,0,0,svc,svr,0.0
2016,CYP,Cyprus,0,1,svc,svr,0.0
2016,CZE,Czechia,10,10,svc,svr,7.442770824083539
2016,DEU,Germany,42,44,svc,svr,46.02590086530758
2016,DJI,Djibouti,0,0,svc,svr,0.0
2016,DMA,Dominica,0,0,svc,svr,0.0
2016,DNK,Denmark,15,9,svc,svr,7.504556550186706
2016,DOM,Dominican Republic,1,2,svc,svr,2.574892424341847
2016,DZA,Algeria,2,1,svc,svr,1.6015726208495025
2016,ECU,Ecuador,0,0,svc,svr,0.0
2016,EGY,"Egypt, Arab Rep.",3,2,svc,svr,4.2627859456289485
2016,ESP,Spain,17,17,svc,svr,20.460700133563215
2016,EST,Estonia,1,2,svc,svr,2.2468535323393937
2016,ETH,Ethiopia,8,7,svc,svr,5.794116275974886
2016,FIN,Finland,1,3,svc,svr,2.7742673775424507
2016,FJI,Fiji,1,0,svc,svr,1.7435549796672447
2016,FRA,France,42,35,svc,svr,36.98703518601185
2016,FSM,"Micronesia, Fed. Sts.",0,0,svc,svr,0.0
2016,GAB,Gabon,0,1,svc,svr,0.0
2016,GBR,United Kingdom,67,65,svc,svr,50.78789710042812
2016,GEO,Georgia,7,7,svc,svr,4.975407534761466
2016,GHA,Ghana,0,0,svc,svr,0.0
2016,GIN,Guinea,0,0,svc,svr,0.0
2016,GMB,"Gambia, The",0,0,svc,svr,0.0
2016,GNB,Guinea-Bissau,0,0,svc,svr,0.0
2016,GNQ,Equatorial Guinea,0,0,svc,svr,0.0
2016,GRC,Greece,6,2,svc,svr,3.047043891989972
2016,GRD,Grenada,1,1,svc,svr,0.0
2016,GTM,Guatemala,0,1,svc,svr,0.0
2016,GUM,Guam,0,0,svc,svr,0.0
2016,GUY,Guyana,0,0,svc,svr,0.0
2016,HKG,"Hong Kong SAR, China",0,1,svc,svr,1.7503938709961702
2016,HND,Honduras,0,0,svc,svr,0.0
2016,HRV,Croatia,10,6,svc,svr,5.142264029035388
2016,HTI,Haiti,0,0,svc,svr,0.0
2016,HUN,Hungary,15,18,svc,svr,13.233277635969031
2016,IDN,Indonesia,3,2,svc,svr,1.4863384557142254
2016,IND,India,2,6,svc,svr,12.389160358291168
2016,IRL,Ireland,2,5,svc,svr,4.80877578498891
2016,IRN,"Iran, Islamic Rep.",8,12,svc,svr,8.142224064917116
2016,IRQ,Iraq,0,0,svc,svr,0.0
2016,ISL,Iceland,0,0,svc,svr,0.0
2016,ISR,Israel,2,0,svc,svr,1.2223964031780383
2016,ITA,Italy,28,28,svc,svr,27.005378126059078
2016,JAM,Jamaica,11,12,svc,svr,7.738477433699565
2016,JOR,Jordan,1,0,svc,svr,0.0
2016,JPN,Japan,41,38,svc,svr,41.59721643255168
2016,KAZ,Kazakhstan,18,13,svc,svr,8.124481311936016
2016,KEN,Kenya,13,11,svc,svr,8.253937473939665
2016,KGZ,Kyrgyz Republic,0,0,svc,svr,0.0
2016,KHM,Cambodia,0,0,svc,svr,0.0
2016,KIR,Kiribati,0,0,svc,svr,0.0
2016,KNA,St. Kitts and Nevis,0,0,svc,svr,0.0
2016,KOR,"Korea, Rep.",21,28,svc,svr,21.519005307992696
2016,LAO,Lao PDR,0,0,svc,svr,0.0
2016,LBN,Lebanon,0,0,svc,svr,0.0
2016,LBR,Liberia,0,0,svc,svr,0.0
2016,LBY,Libya,0,0,svc,svr,0.0
2016,LCA,St. Lucia,0,0,svc,svr,0.0
2016,LKA,Sri Lanka,0,0,svc,svr,0.0
2016,LSO,Lesotho,0,0,svc,svr,0.0
2016,LTU,Lithuania,4,5,svc,svr,4.128654767400931
2016,LUX,Luxembourg,0,0,svc,svr,0.0
2016,LVA,Latvia,0,2,svc,svr,2.0641642646372347
2016,MAR,Morocco,1,1,svc,svr,1.9067711649017411
2016,MCO,Monaco,0,0,svc,svr,0.0
2016,MDA,Moldova,0,2,svc,svr,2.467294032634477
2016,MDG,Madagascar,0,0,svc,svr,0.0
2016,MDV,Maldives,0,0,svc,svr,0.0
2016,MEX,Mexico,5,7,svc,svr,6.074875948628218
2016,MHL,Marshall Islands,0,0,svc,svr,0.0
2016,MKD,North Macedonia,0,0,svc,svr,0.0
2016,MLI,Mali,0,0,svc,svr,0.0
2016,MLT,Malta,0,0,svc,svr,0.0
2016,MMR,Myanmar,0,0,svc,svr,0.0
2016,MNE,Montenegro,0,1,svc,svr,1.912968731439932
2016,MNG,Mongolia,2,5,svc,svr,3.5313803947657263
2016,MOZ,Mozambique,0,0,svc,svr,0.0
2016,MRT,Mauritania,0,0,svc,svr,0.0
2016,MUS,Mauritius,0,0,svc,svr,0.0
2016,MWI,Malawi,0,0,svc,svr,0.0
2016,MYS,Malaysia,5,2,svc,svr,2.2113532382384875
2016,NAM,Namibia,0,0,svc,svr,0.0
2016,NER,Niger,1,0,svc,svr,0.0
2016,NGA,Nigeria,1,0,svc,svr,1.5841581705103565
2016,NIC,Nicaragua,0,0,svc,svr,0.0
2016,NLD,Netherlands,19,20,svc,svr,17.712761387140432
2016,NOR,Norway,4,4,svc,svr,4.471361628854332
2016,NPL,Nepal,0,0,svc,svr,0.0
2016,NRU,Naoero,0,0,svc,svr,0.0
2016,NZL,New Zealand,18,13,svc,svr,11.80243282040409
2016,OMN,Oman,0,0,svc,svr,0.0
2016,PAK,Pakistan,0,0,svc,svr,0.0
2016,PAN,Panama,0,0,svc,svr,0.0
2016,PER,Peru,0,0,svc,svr,0.0
2016,PHL,Philippines,1,0,svc,svr,0.0
2016,PLW,Palau,0,0,svc,svr,0.0
2016,PNG,Papua New Guinea,0,0,svc,svr,0.0
2016,POL,Poland,11,10,svc,svr,12.652267157521212
2016,PRI,Puerto Rico (US),1,2,svc,svr,2.2697334344340163
2016,PRT,Portugal,1,1,svc,svr,2.620188392471576
2016,PRY,Paraguay,0,0,svc,svr,0.0
2016,PSE,West Bank and Gaza,0,0,svc,svr,0.0
2016,QAT,Qatar,1,2,svc,svr,2.6724816073193978
2016,ROU,Romania,4,9,svc,svr,6.7767731846035275
2016,RUS,Russian Federation,56,82,svc,svr,61.03221722752706
2016,RWA,Rwanda,0,0,svc,svr,0.0
2016,SAU,Saudi Arabia,0,1,svc,svr,0.0
2016,SDN,Sudan,0,0,svc,svr,0.0
2016,SEN,Senegal,0,0,svc,svr,0.0
2016,SGP,Singapore,1,2,svc,svr,2.2466475318087973
2016,SLB,Solomon Islands,0,0,svc,svr,0.0
2016,SLE,Sierra Leone,0,0,svc,svr,0.0
2016,SLV,El Salvador,0,0,svc,svr,0.0
2016,SMR,San Marino,0,0,svc,svr,0.0
2016,SOM,"Somalia, Fed. Rep.",0,0,svc,svr,0.0
2016,SRB,Serbia,8,4,svc,svr,4.79268691649245
2016,STP,Sao Tome and Principe,0,0,svc,svr,0.0
2016,SUR,Suriname,0,0,svc,svr,0.0
2016,SVK,Slovak Republic,4,4,svc,svr,3.2176807251483552
2016,SVN,Slovenia,4,4,svc,svr,3.5107181419013997
2016,SWE,Sweden,11,8,svc,svr,7.724123336404936
2016,SWZ,Eswatini,0,0,svc,svr,0.0
2016,SYC,Seychelles,0,0,svc,svr,0.0
2016,SYR,Syrian Arab Republic,0,0,svc,svr,0.0
2016,TCD,Chad,0,0,svc,svr,0.0
2016,TGO,Togo,0,0,svc,svr,0.0
2016,THA,Thailand,6,3,svc,svr,2.849576553955636
2016,TJK,Tajikistan,1,1,svc,svr,0.0
2016,TKM,Turkmenistan,0,0,svc,svr,0.0
2016,TLS,Timor-Leste,0,0,svc,svr,0.0
2016,TON,Tonga,0,0,svc,svr,0.0
2016,TTO,Trinidad and Tobago,1,4,svc,svr,2.893119152313666
2016,TUN,Tunisia,3,3,svc,svr,3.355970336000496
2016,TUR,Turkiye,8,5,svc,svr,4.865235946919064
2016,TUV,Tuvalu,0,0,svc,svr,0.0
2016,TZA,Tanzania,0,0,svc,svr,0.0
2016,UGA,Uganda,0,1,svc,svr,0.0
2016,UKR,Ukraine,11,20,svc,svr,16.67347432378764
2016,URY,Uruguay,0,0,svc,svr,0.0
2016,USA,United States,121,103,svc,svr,97.10209572700859
2016,UZB,Uzbekistan,13,3,svc,svr,3.9955646117225285
2016,VCT,St. Vincent and the Grenadines,0,0,svc,svr,0.0
2016,VEN,"Venezuela, RB",3,1,svc,svr,4.5768872683359945
2016,VIR,Virgin Islands (U.S.),0,0,svc,svr,0.0
2016,VNM,Viet Nam,2,0,svc,svr,0.0
2016,VUT,Vanuatu,0,0,svc,svr,0.0
2016,WSM,Samoa,0,0,svc,svr,0.0
2016,YEM,"Yemen, Rep.",0,0,svc,svr,0.0
2016,ZAF,South Africa,10,6,svc,svr,6.101483431321206
2016,ZMB,Zambia,0,0,svc,svr,0.0
2016,ZWE,Zimbabwe,0,0,svc,svr,0.0
2016,ABW,Aruba,0,0,svc,rf,0.0
2016,AFG,Afghanistan,0,1,svc,rf,0.0
2016,AGO,Angola,0,0,svc,rf,0.0
2016,ALB,Albania,0,0,svc,rf,0.0
2016,AND,Andorra,0,0,svc,rf,0.0
2016,ARE,United Arab Emirates,1,0,svc,rf,0.0
2016,ARG,Argentina,4,4,svc,rf,11.171380952380956
2016,ARM,Armenia,4,3,svc,rf,3.059425292599373
2016,ASM,American Samoa,0,0,svc,rf,0.0
2016,ATG,Antigua and Barbuda,0,0,svc,rf,0.0
2016,AUS,Australia,29,35,svc,rf,35.03666666666666
2016,AUT,Austria,1,0,svc,rf,3.5988822781482
2016,AZE,Azerbaijan,18,10,svc,rf,7.9808234265734255
2016,BDI,Burundi,1,0,svc,rf,0.0
2016,BEL,Belgium,6,3,svc,rf,4.672865754574476
2016,BEN,Benin,0,0,svc,rf,0.0
2016,BFA,Burkina Faso,0,0,svc,rf,0.0
2016,BGD,Bangladesh,0,0,svc,rf,0.0
2016,BGR,Bulgaria,3,2,svc,rf,3.226542774005094
2016,BHR,Bahrain,2,1,svc,rf,0.0
2016,BHS,"Bahamas, The",2,1,svc,rf,2.1464587374645983
2016,BIH,Bosnia and Herzegovina,0,0,svc,rf,0.0
2016,BLR,Belarus,9,12,svc,rf,9.37862554112554
2016,BLZ,Belize,0,0,svc,rf,0.0
2016,BMU,Bermuda,0,0,svc,rf,0.0
2016,BOL,Bolivia,0,0,svc,rf,0.0
2016,BRA,Brazil,19,17,svc,rf,41.88
2016,BRB,Barbados,0,0,svc,rf,0.0
2016,BRN,Brunei Darussalam,0,0,svc,rf,0.0
2016,BTN,Bhutan,0,0,svc,rf,0.0
2016,BWA,Botswana,0,1,svc,rf,0.0
2016,CAF,Central African Republic,0,0,svc,rf,0.0
2016,CAN,Canada,22,18,svc,rf,19.92614285714286
2016,CHE,Switzerland,7,4,svc,rf,5.254796625114375
2016,CHL,Chile,0,0,svc,rf,2.0129830112186284
2016,CHN,China,70,88,svc,rf,82.57
2016,CIV,Cote d'Ivoire,2,0,svc,rf,0.0
2016,CMR,Cameroon,0,0,svc,rf,0.0
2016,COD,"Congo, Dem. Rep.",0,0,svc,rf,0.0
2016,COG,"Congo, Rep.",0,0,svc,rf,0.0
2016,COL,Colombia,8,8,svc,rf,7.313449941480456
2016,COM,Comoros,0,0,svc,rf,0.0
2016,CPV,Cabo Verde,0,0,svc,rf,0.0
2016,CRI,Costa Rica,0,0,svc,rf,0.0
2016,CUB,Cuba,11,14,svc,rf,11.568342156862743
2016,CYM,Cayman Islands,0,0,svc,rf,0.0
2016,CYP,Cyprus,0,1,svc,rf,0.0
2016,CZE,Czechia,10,10,svc,rf,7.6182041200711605
2016,DEU,Germany,42,44,svc,rf,42.348333333333336
2016,DJI,Djibouti,0,0,svc,rf,0.0
2016,DMA,Dominica,0,0,svc,rf,0.0
2016,DNK,Denmark,15,9,svc,rf,7.3027782957289205
2016,DOM,Dominican Republic,1,2,svc,rf,2.158121967700603
2016,DZA,Algeria,2,1,svc,rf,2.5086859920734472
2016,ECU,Ecuador,0,0,svc,rf,0.0
2016,EGY,"Egypt, Arab Rep.",3,2,svc,rf,3.608302688016352
2016,ESP,Spain,17,17,svc,rf,17.860000000000003
2016,EST,Estonia,1,2,svc,rf,2.940935738651067
2016,ETH,Ethiopia,8,7,svc,rf,6.681071428571427
2016,FIN,Finland,1,3,svc,rf,3.5851069444280173
2016,FJI,Fiji,1,0,svc,rf,2.8599640775890776
2016,FRA,France,42,35,svc,rf,37.11636363636364
2016,FSM,"Micronesia, Fed. Sts.",0,0,svc,rf,0.0
2016,GAB,Gabon,0,1,svc,rf,0.0
2016,GBR,United Kingdom,67,65,svc,rf,45.825
2016,GEO,Georgia,7,7,svc,rf,5.86942096777311
2016,GHA,Ghana,0,0,svc,rf,0.0
2016,GIN,Guinea,0,0,svc,rf,0.0
2016,GMB,"Gambia, The",0,0,svc,rf,0.0
2016,GNB,Guinea-Bissau,0,0,svc,rf,0.0
2016,GNQ,Equatorial Guinea,0,0,svc,rf,0.0
2016,GRC,Greece,6,2,svc,rf,3.6120013120817975
2016,GRD,Grenada,1,1,svc,rf,0.0
2016,GTM,Guatemala,0,1,svc,rf,0.0
2016,GUM,Guam,0,0,svc,rf,0.0
2016,GUY,Guyana,0,0,svc,rf,0.0
2016,HKG,"Hong Kong SAR, China",0,1,svc,rf,2.4317062506185376
2016,HND,Honduras,0,0,svc,rf,0.0
2016,HRV,Croatia,10,6,svc,rf,5.1167123854155765
2016,HTI,Haiti,0,0,svc,rf,0.0
2016,HUN,Hungary,15,18,svc,rf,12.876974025974025
2016,IDN,Indonesia,3,2,svc,rf,4.8839548229548235
2016,IND,India,2,6,svc,rf,13.784345238095238
2016,IRL,Ireland,2,5,svc,rf,4.892076950049514
2016,IRN,"Iran, Islamic Rep.",8,12,svc,rf,6.447396084375395
2016,IRQ,Iraq,0,0,svc,rf,0.0
2016,ISL,Iceland,0,0,svc,rf,0.0
2016,ISR,Israel,2,0,svc,rf,2.6844170095465882
2016,ITA,Italy,28,28,svc,rf,29.646363636363635
2016,JAM,Jamaica,11,12,svc,rf,8.301582417582418
2016,JOR,Jordan,1,0,svc,rf,0.0
2016,JPN,Japan,41,38,svc,rf,31.070833333333336
2016,KAZ,Kazakhstan,18,13,svc,rf,9.39489830108057
2016,KEN,Kenya,13,11,svc,rf,7.309711715691265
2016,KGZ,Kyrgyz Republic,0,0,svc,rf,0.0
2016,KHM,Cambodia,0,0,svc,rf,0.0
2016,KIR,Kiribati,0,0,svc,rf,0.0
2016,KNA,St. Kitts and Nevis,0,0,svc,rf,0.0
2016,KOR,"Korea, Rep.",21,28,svc,rf,24.66384615384615
2016,LAO,Lao PDR,0,0,svc,rf,0.0
2016,LBN,Lebanon,0,0,svc,rf,0.0
2016,LBR,Liberia,0,0,svc,rf,0.0
2016,LBY,Libya,0,0,svc,rf,0.0
2016,LCA,St. Lucia,0,0,svc,rf,0.0
2016,LKA,Sri Lanka,0,0,svc,rf,0.0
2016,LSO,Lesotho,0,0,svc,rf,0.0
2016,LTU,Lithuania,4,5,svc,rf,4.651075233812996
2016,LUX,Luxembourg,0,0,svc,rf,0.0
2016,LVA,Latvia,0,2,svc,rf,2.601562711759658
2016,MAR,Morocco,1,1,svc,rf,2.7998807153243064
2016,MCO,Monaco,0,0,svc,rf,0.0
2016,MDA,Moldova,0,2,svc,rf,2.667022127418219
2016,MDG,Madagascar,0,0,svc,rf,0.0
2016,MDV,Maldives,0,0,svc,rf,0.0
2016,MEX,Mexico,5,7,svc,rf,6.2956945593622065
2016,MHL,Marshall Islands,0,0,svc,rf,0.0
2016,MKD,North Macedonia,0,0,svc,rf,0.0
2016,MLI,Mali,0,0,svc,rf,0.0
2016,MLT,Malta,0,0,svc,rf,0.0
2016,MMR,Myanmar,0,0,svc,rf,0.0
2016,MNE,Montenegro,0,1,svc,rf,2.0768754805254592
2016,MNG,Mongolia,2,5,svc,rf,4.6297894298347595
2016,MOZ,Mozambique,0,0,svc,rf,0.0
2016,MRT,Mauritania,0,0,svc,rf,0.0
2016,MUS,Mauritius,0,0,svc,rf,0.0
2016,MWI,Malawi,0,0,svc,rf,0.0
2016,MYS,Malaysia,5,2,svc,rf,1.8854669059610034
2016,NAM,Namibia,0,0,svc,rf,0.0
2016,NER,Niger,1,0,svc,rf,0.0
2016,NGA,Nigeria,1,0,svc,rf,3.336138722758248
2016,NIC,Nicaragua,0,0,svc,rf,0.0
2016,NLD,Netherlands,19,20,svc,rf,18.79725607725608
2016,NOR,Norway,4,4,svc,rf,4.6744200730692835
2016,NPL,Nepal,0,0,svc,rf,0.0
2016,NRU,Naoero,0,0,svc,rf,0.0
2016,NZL,New Zealand,18,13,svc,rf,10.8475
2016,OMN,Oman,0,0,svc,rf,0.0
2016,PAK,Pakistan,0,0,svc,rf,0.0
2016,PAN,Panama,0,0,svc,rf,0.0
2016,PER,Peru,0,0,svc,rf,0.0
2016,PHL,Philippines,1,0,svc,rf,0.0
2016,PLW,Palau,0,0,svc,rf,0.0
2016,PNG,Papua New Guinea,0,0,svc,rf,0.0
2016,POL,Poland,11,10,svc,rf,12.76468464868465
2016,PRI,Puerto Rico (US),1,2,svc,rf,3.295549482411771
2016,PRT,Portugal,1,1,svc,rf,3.189553728341344
2016,PRY,Paraguay,0,0,svc,rf,0.0
2016,PSE,West Bank and Gaza,0,0,svc,rf,0.0
2016,QAT,Qatar,1,2,svc,rf,2.1633294910750673
2016,ROU,Romania,4,9,svc,rf,8.010431231556165
2016,RUS,Russian Federation,56,82,svc,rf,60.34
2016,RWA,Rwanda,0,0,svc,rf,0.0
2016,SAU,Saudi Arabia,0,1,svc,rf,0.0
2016,SDN,Sudan,0,0,svc,rf,0.0
2016,SEN,Senegal,0,0,svc,rf,0.0
2016,SGP,Singapore,1,2,svc,rf,2.3294685452096315
2016,SLB,Solomon Islands,0,0,svc,rf,0.0
2016,SLE,Sierra Leone,0,0,svc,rf,0.0
2016,SLV,El Salvador,0,0,svc,rf,0.0
2016,SMR,San Marino,0,0,svc,rf,0.0
2016,SOM,"Somalia, Fed. Rep.",0,0,svc,rf,0.0
2016,SRB,Serbia,8,4,svc,rf,4.831167915431756
2016,STP,Sao Tome and Principe,0,0,svc,rf,0.0
2016,SUR,Suriname,0,0,svc,rf,0.0
2016,SVK,Slovak Republic,4,4,svc,rf,3.8326945435031625
2016,SVN,Slovenia,4,4,svc,rf,3.9440226387576747
2016,SWE,Sweden,11,8,svc,rf,7.631673234811165
2016,SWZ,Eswatini,0,0,svc,rf,0.0
2016,SYC,Seychelles,0,0,svc,rf,0.0
2016,SYR,Syrian Arab Republic,0,0,svc,rf,0.0
2016,TCD,Chad,0,0,svc,rf,0.0
2016,TGO,Togo,0,0,svc,rf,0.0
2016,THA,Thailand,6,3,svc,rf,4.798020381735392
2016,TJK,Tajikistan,1,1,svc,rf,0.0
2016,TKM,Turkmenistan,0,0,svc,rf,0.0
2016,TLS,Timor-Leste,0,0,svc,rf,0.0
2016,TON,Tonga,0,0,svc,rf,0.0
2016,TTO,Trinidad and Tobago,1,4,svc,rf,3.0814253174361865
2016,TUN,Tunisia,3,3,svc,rf,3.831719118386088
2016,TUR,Turkiye,8,5,svc,rf,5.226843686485929
2016,TUV,Tuvalu,0,0,svc,rf,0.0
2016,TZA,Tanzania,0,0,svc,rf,0.0
2016,UGA,Uganda,0,1,svc,rf,0.0
2016,UKR,Ukraine,11,20,svc,rf,17.706476190476195
2016,URY,Uruguay,0,0,svc,rf,0.0
2016,USA,United States,121,103,svc,rf,100.11
2016,UZB,Uzbekistan,13,3,svc,rf,2.714246531967859
2016,VCT,St. Vincent and the Grenadines,0,0,svc,rf,0.0
2016,VEN,"Venezuela, RB",3,1,svc,rf,5.177249575849745
2016,VIR,Virgin Islands (U.S.),0,0,svc,rf,0.0
2016,VNM,Viet Nam,2,0,svc,rf,0.0
2016,VUT,Vanuatu,0,0,svc,rf,0.0
2016,WSM,Samoa,0,0,svc,rf,0.0
2016,YEM,"Yemen, Rep.",0,0,svc,rf,0.0
2016,ZAF,South Africa,10,6,svc,rf,4.72287342980377
2016,ZMB,Zambia,0,0,svc,rf,0.0
2016,ZWE,Zimbabwe,0,0,svc,rf,0.0
2016,ABW,Aruba,0,0,gnb,linear,0.0
2016,AFG,Afghanistan,0,1,gnb,linear,0.0
2016,AGO,Angola,0,0,gnb,linear,0.0
2016,ALB,Albania,0,0,gnb,linear,0.0
2016,AND,Andorra,0,0,gnb,linear,0.0
2016,ARE,United Arab Emirates,1,0,gnb,linear,0.0
2016,ARG,Argentina,4,4,gnb,linear,12.163751708021609
2016,ARM,Armenia,4,3,gnb,linear,0.9758891747273104
2016,ASM,American Samoa,0,0,gnb,linear,0.0
2016,ATG,Antigua and Barbuda,0,0,gnb,linear,0.0
2016,AUS,Australia,29,35,gnb,linear,37.78310547953201
2016,AUT,Austria,1,0,gnb,linear,0.0
2016,AZE,Azerbaijan,18,10,gnb,linear,6.212633747162178
2016,BDI,Burundi,1,0,gnb,linear,0.0
2016,BEL,Belgium,6,3,gnb,linear,3.356827521049091
2016,BEN,Benin,0,0,gnb,linear,0.0
2016,BFA,Burkina Faso,0,0,gnb,linear,0.0
2016,BGD,Bangladesh,0,0,gnb,linear,0.0
2016,BGR,Bulgaria,3,2,gnb,linear,1.0893573755353518
2016,BHR,Bahrain,2,1,gnb,linear,0.0
2016,BHS,"Bahamas, The",2,1,gnb,linear,0.0
2016,BIH,Bosnia and Herzegovina,0,0,gnb,linear,0.0
2016,BLR,Belarus,9,12,gnb,linear,10.171129465452328
2016,BLZ,Belize,0,0,gnb,linear,0.0
2016,BMU,Bermuda,0,0,gnb,linear,0.0
2016,BOL,Bolivia,0,0,gnb,linear,0.0
2016,BRA,Brazil,19,17,gnb,linear,35.188340319933715
2016,BRB,Barbados,0,0,gnb,linear,0.0
2016,BRN,Brunei Darussalam,0,0,gnb,linear,0.0
2016,BTN,Bhutan,0,0,gnb,linear,0.0
2016,BWA,Botswana,0,1,gnb,linear,0.0
2016,CAF,Central African Republic,0,0,gnb,linear,0.0
2016,CAN,Canada,22,18,gnb,linear,24.89662319623027
2016,CHE,Switzerland,7,4,gnb,linear,1.674207693994365
2016,CHL,Chile,0,0,gnb,linear,0.3784722025325973
2016,CHN,China,70,88,gnb,linear,89.68094017257752
2016,CIV,Cote d'Ivoire,2,0,gnb,linear,0.0
2016,CMR,Cameroon,0,0,gnb,linear,0.0
2016,COD,"Congo, Dem. Rep.",0,0,gnb,linear,0.0
2016,COG,"Congo, Rep.",0,0,gnb,linear,0.0
2016,COL,Colombia,8,8,gnb,linear,10.176403237217803
2016,COM,Comoros,0,0,gnb,linear,0.0
2016,CPV,Cabo Verde,0,0,gnb,linear,0.0
2016,CRI,Costa Rica,0,0,gnb,linear,0.0
2016,CUB,Cuba,11,14,gnb,linear,10.838623109824745
2016,CYM,Cayman Islands,0,0,gnb,linear,0.0
2016,CYP,Cyprus,0,1,gnb,linear,0.0
2016,CZE,Czechia,10,10,gnb,linear,7.740985273847304
2016,DEU,Germany,42,44,gnb,linear,45.8070938875848
2016,DJI,Djibouti,0,0,gnb,linear,0.0
2016,DMA,Dominica,0,0,gnb,linear,0.0
2016,DNK,Denmark,15,9,gnb,linear,6.068221940203683
2016,DOM,Dominican Republic,1,2,gnb,linear,0.0
2016,DZA,Algeria,2,1,gnb,linear,2.986725006066882
2016,ECU,Ecuador,0,0,gnb,linear,0.0
2016,EGY,"Egypt, Arab Rep.",3,2,gnb,linear,6.735623127477856
2016,ESP,Spain,17,17,gnb,linear,23.13404259694513
2016,EST,Estonia,1,2,gnb,linear,0.0
2016,ETH,Ethiopia,8,7,gnb,linear,4.8380104892329525
2016,FIN,Finland,1,3,gnb,linear,0.2478548262700997
2016,FJI,Fiji,1,0,gnb,linear,0.0
2016,FRA,France,42,35,gnb,linear,38.232538230012565
2016,FSM,"Micronesia, Fed. Sts.",0,0,gnb,linear,0.0
2016,GAB,Gabon,0,1,gnb,linear,0.0
2016,GBR,United Kingdom,67,65,gnb,linear,51.91229417259558
2016,GEO,Georgia,7,7,gnb,linear,3.5109477006126006
2016,GHA,Ghana,0,0,gnb,linear,0.0
2016,GIN,Guinea,0,0,gnb,linear,0.0
2016,GMB,"Gambia, The",0,0,gnb,linear,0.0
2016,GNB,Guinea-Bissau,0,0,gnb,linear,0.0
2016,GNQ,Equatorial Guinea,0,0,gnb,linear,0.0
2016,GRC,Greece,6,2,gnb,linear,3.0387720508493086
2016,GRD,Grenada,1,1,gnb,linear,0.0
2016,GTM,Guatemala,0,1,gnb,linear,0.0
2016,GUM,Guam,0,0,gnb,linear,0.0
2016,GUY,Guyana,0,0,gnb,linear,0.0
2016,HKG,"Hong Kong SAR, China",0,1,gnb,linear,0.0
2016,HND,Honduras,0,0,gnb,linear,0.0
2016,HRV,Croatia,10,6,gnb,linear,4.533003498806913
2016,HTI,Haiti,0,0,gnb,linear,0.0
2016,HUN,Hungary,15,18,gnb,linear,14.375019756856865
2016,IDN,Indonesia,3,2,gnb,linear,3.6369658054603793
2016,IND,India,2,6,gnb,linear,16.8500677026337
2016,IRL,Ireland,2,5,gnb,linear,1.39581634840588
2016,IRN,"Iran, Islamic Rep.",8,12,gnb,linear,8.78815250674084
2016,IRQ,Iraq,0,0,gnb,linear,0.0
2016,ISL,Iceland,0,0,gnb,linear,0.0
2016,ISR,Israel,2,0,gnb,linear,0.0
2016,ITA,Italy,28,28,gnb,linear,29.618153613669108
2016,JAM,Jamaica,11,12,gnb,linear,6.800019505598933
2016,JOR,Jordan,1,0,gnb,linear,0.0
2016,JPN,Japan,41,38,gnb,linear,41.627510476412226
2016,KAZ,Kazakhstan,18,13,gnb,linear,10.473760572671836
2016,KEN,Kenya,13,11,gnb,linear,8.5323950104498
2016,KGZ,Kyrgyz Republic,0,0,gnb,linear,0.0
2016,KHM,Cambodia,0,0,gnb,linear,0.0
2016,KIR,Kiribati,0,0,gnb,linear,0.0
2016,KNA,St. Kitts and Nevis,0,0,gnb,linear,0.0
2016,KOR,"Korea, Rep.",21,28,gnb,linear,23.980953869073193
2016,LAO,Lao PDR,0,0,gnb,linear,0.0
2016,LBN,Lebanon,0,0,gnb,linear,0.0
2016,LBR,Liberia,0,0,gnb,linear,0.0
2016,LBY,Libya,0,0,gnb,linear,0.0
2016,LCA,St. Lucia,0,0,gnb,linear,0.0
2016,LKA,Sri Lanka,0,0,gnb,linear,0.0
2016,LSO,Lesotho,0,0,gnb,linear,0.0
2016,LTU,Lithuania,4,5,gnb,linear,2.949755587024427
2016,LUX,Luxembourg,0,0,gnb,linear,0.0
2016,LVA,Latvia,0,2,gnb,linear,0.0
2016,MAR,Morocco,1,1,gnb,linear,0.0
2016,MCO,Monaco,0,0,gnb,linear,0.0
2016,MDA,Moldova,0,2,gnb,linear,0.0
2016,MDG,Madagascar,0,0,gnb,linear,0.0
2016,MDV,Maldives,0,0,gnb,linear,0.0
2016,MEX,Mexico,5,7,gnb,linear,10.40282745198482
2016,MHL,Marshall Islands,0,0,gnb,linear,0.0
2016,MKD,North Macedonia,0,0,gnb,linear,0.0
2016,MLI,Mali,0,0,gnb,linear,0.0
2016,MLT,Malta,0,0,gnb,linear,0.0
2016,MMR,Myanmar,0,0,gnb,linear,0.0
2016,MNE,Montenegro,0,1,gnb,linear,0.0
2016,MNG,Mongolia,2,5,gnb,linear,3.4051720521145317
2016,MOZ,Mozambique,0,0,gnb,linear,0.0
2016,MRT,Mauritania,0,0,gnb,linear,0.0
2016,MUS,Mauritius,0,0,gnb,linear,0.0
2016,MWI,Malawi,0,0,gnb,linear,0.0
2016,MYS,Malaysia,5,2,gnb,linear,1.337068921425665
2016,NAM,Namibia,0,0,gnb,linear,0.0
2016,NER,Niger,1,0,gnb,linear,0.0
2016,NGA,Nigeria,1,0,gnb,linear,3.900032967387318
2016,NIC,Nicaragua,0,0,gnb,linear,0.0
2016,NLD,Netherlands,19,20,gnb,linear,18.93609202663366
2016,NOR,Norway,4,4,gnb,linear,0.0
2016,NPL,Nepal,0,0,gnb,linear,0.0
2016,NRU,Naoero,0,0,gnb,linear,0.0
2016,NZL,New Zealand,18,13,gnb,linear,12.992083905275774
2016,OMN,Oman,0,0,gnb,linear,0.0
2016,PAK,Pakistan,0,0,gnb,linear,0.2630853205339072
2016,PAN,Panama,0,0,gnb,linear,0.0
2016,PER,Peru,0,0,gnb,linear,0.0
2016,PHL,Philippines,1,0,gnb,linear,0.0
2016,PLW,Palau,0,0,gnb,linear,0.0
2016,PNG,Papua New Guinea,0,0,gnb,linear,0.0
2016,POL,Poland,11,10,gnb,linear,15.31312190408105
2016,PRI,Puerto Rico (US),1,2,gnb,linear,0.0
2016,PRT,Portugal,1,1,gnb,linear,2.331830845150483
2016,PRY,Paraguay,0,0,gnb,linear,0.0
2016,PSE,West Bank and Gaza,0,0,gnb,linear,0.0
2016,QAT,Qatar,1,2,gnb,linear,0.0
2016,ROU,Romania,4,9,gnb,linear,7.221048745321868
2016,RUS,Russian Federation,56,82,gnb,linear,58.76795750582334
2016,RWA,Rwanda,0,0,gnb,linear,0.0
2016,SAU,Saudi Arabia,0,1,gnb,linear,0.407254404429251
2016,SDN,Sudan,0,0,gnb,linear,0.0
2016,SEN,Senegal,0,0,gnb,linear,0.0
2016,SGP,Singapore,1,2,gnb,linear,0.0
2016,SLB,Solomon Islands,0,0,gnb,linear,0.0
2016,SLE,Sierra Leone,0,0,gnb,linear,0.0
2016,SLV,El Salvador,0,0,gnb,linear,0.0
2016,SMR,San Marino,0,0,gnb,linear,0.0
2016,SOM,"Somalia, Fed. Rep.",0,0,gnb,linear,0.0
2016,SRB,Serbia,8,4,gnb,linear,5.008465346145364
2016,STP,Sao Tome and Principe,0,0,gnb,linear,0.0
2016,SUR,Suriname,0,0,gnb,linear,0.0
2016,SVK,Slovak Republic,4,4,gnb,linear,1.9418674826208253
2016,SVN,Slovenia,4,4,gnb,linear,2.1235862303332844
2016,SWE,Sweden,11,8,gnb,linear,7.878182350928933
2016,SWZ,Eswatini,0,0,gnb,linear,0.0
2016,SYC,Seychelles,0,0,gnb,linear,0.0
2016,SYR,Syrian Arab Republic,0,0,gnb,linear,0.0
2016,TCD,Chad,0,0,gnb,linear,0.0
2016,TGO,Togo,0,0,gnb,linear,0.0
2016,THA,Thailand,6,3,gnb,linear,3.2583547541320907
2016,TJK,Tajikistan,1,1,gnb,linear,0.0
2016,TKM,Turkmenistan,0,0,gnb,linear,0.0
2016,TLS,Timor-Leste,0,0,gnb,linear,0.0
2016,TON,Tonga,0,0,gnb,linear,0.0
2016,TTO,Trinidad and Tobago,1,4,gnb,linear,0.6907194469257458
2016,TUN,Tunisia,3,3,gnb,linear,2.9497257367589462
2016,TUR,Turkiye,8,5,gnb,linear,7.399457768989901
2016,TUV,Tuvalu,0,0,gnb,linear,0.0
2016,TZA,Tanzania,0,0,gnb,linear,0.0
2016,UGA,Uganda,0,1,gnb,linear,0.0
2016,UKR,Ukraine,11,20,gnb,linear,18.765445223300702
2016,URY,Uruguay,0,0,gnb,linear,0.0
2016,USA,United States,121,103,gnb,linear,111.79613035164729
2016,UZB,Uzbekistan,13,3,gnb,linear,3.781818671924057
2016,VCT,St. Vincent and the Grenadines,0,0,gnb,linear,0.0
2016,VEN,"Venezuela, RB",3,1,gnb,linear,3.49996022544682
2016,VIR,Virgin Islands (U.S.),0,0,gnb,linear,0.0
2016,VNM,Viet Nam,2,0,gnb,linear,0.0
2016,VUT,Vanuatu,0,0,gnb,linear,0.0
2016,WSM,Samoa,0,0,gnb,linear,0.0
2016,YEM,"Yemen, Rep.",0,0,gnb,linear,0.0
2016,ZAF,South Africa,10,6,gnb,linear,8.913036858316772
2016,ZMB,Zambia,0,0,gnb,linear,0.0
2016,ZWE,Zimbabwe,0,0,gnb,linear,0.0
2016,ABW,Aruba,0,0,gnb,weighted_lr,0.0
2016,AFG,Afghanistan,0,1,gnb,weighted_lr,0.0
2016,AGO,Angola,0,0,gnb,weighted_lr,0.0
2016,ALB,Albania,0,0,gnb,weighted_lr,0.0
2016,AND,Andorra,0,0,gnb,weighted_lr,0.0
2016,ARE,United Arab Emirates,1,0,gnb,weighted_lr,0.0
2016,ARG,Argentina,4,4,gnb,weighted_lr,13.241782576496972
2016,ARM,Armenia,4,3,gnb,weighted_lr,1.40735232573096
2016,ASM,American Samoa,0,0,gnb,weighted_lr,0.0
2016,ATG,Antigua and Barbuda,0,0,gnb,weighted_lr,0.0
2016,AUS,Australia,29,35,gnb,weighted_lr,39.80285491592815
2016,AUT,Austria,1,0,gnb,weighted_lr,0.3900501337794715
2016,AZE,Azerbaijan,18,10,gnb,weighted_lr,6.416715080765105
2016,BDI,Burundi,1,0,gnb,weighted_lr,0.0
2016,BEL,Belgium,6,3,gnb,weighted_lr,3.9960438604156625
2016,BEN,Benin,0,0,gnb,weighted_lr,0.0
2016,BFA,Burkina Faso,0,0,gnb,weighted_lr,0.0
2016,BGD,Bangladesh,0,0,gnb,weighted_lr,0.0
2016,BGR,Bulgaria,3,2,gnb,weighted_lr,1.789151706747612
2016,BHR,Bahrain,2,1,gnb,weighted_lr,0.0
2016,BHS,"Bahamas, The",2,1,gnb,weighted_lr,0.0
2016,BIH,Bosnia and Herzegovina,0,0,gnb,weighted_lr,0.0
2016,BLR,Belarus,9,12,gnb,weighted_lr,10.833397104860076
2016,BLZ,Belize,0,0,gnb,weighted_lr,0.0
2016,BMU,Bermuda,0,0,gnb,weighted_lr,0.0
2016,BOL,Bolivia,0,0,gnb,weighted_lr,0.0
2016,BRA,Brazil,19,17,gnb,weighted_lr,37.417449935327866
2016,BRB,Barbados,0,0,gnb,weighted_lr,0.0
2016,BRN,Brunei Darussalam,0,0,gnb,weighted_lr,0.0
2016,BTN,Bhutan,0,0,gnb,weighted_lr,0.0
2016,BWA,Botswana,0,1,gnb,weighted_lr,0.0
2016,CAF,Central African Republic,0,0,gnb,weighted_lr,0.0
2016,CAN,Canada,22,18,gnb,weighted_lr,26.674118514409813
2016,CHE,Switzerland,7,4,gnb,weighted_lr,2.2893052058977226
2016,CHL,Chile,0,0,gnb,weighted_lr,0.6245117772741882
2016,CHN,China,70,88,gnb,weighted_lr,89.85212527886854
2016,CIV,Cote d'Ivoire,2,0,gnb,weighted_lr,0.0
2016,CMR,Cameroon,0,0,gnb,weighted_lr,0.0
2016,COD,"Congo, Dem. Rep.",0,0,gnb,weighted_lr,0.0
2016,COG,"Congo, Rep.",0,0,gnb,weighted_lr,0.0
2016,COL,Colombia,8,8,gnb,weighted_lr,10.817152387423215
2016,COM,Comoros,0,0,gnb,weighted_lr,0.0
2016,CPV,Cabo Verde,0,0,gnb,weighted_lr,0.0
2016,CRI,Costa Rica,0,0,gnb,weighted_lr,0.0
2016,CUB,Cuba,11,14,gnb,weighted_lr,11.507357643575068
2016,CYM,Cayman Islands,0,0,gnb,weighted_lr,0.0
2016,CYP,Cyprus,0,1,gnb,weighted_lr,0.0
2016,CZE,Czechia,10,10,gnb,weighted_lr,8.35229028427922
2016,DEU,Germany,42,44,gnb,weighted_lr,47.24867223246502
2016,DJI,Djibouti,0,0,gnb,weighted_lr,0.0
2016,DMA,Dominica,0,0,gnb,weighted_lr,0.0
2016,DNK,Denmark,15,9,gnb,weighted_lr,6.729101689079137
2016,DOM,Dominican Republic,1,2,gnb,weighted_lr,0.0
2016,DZA,Algeria,2,1,gnb,weighted_lr,3.2302619561271175
2016,ECU,Ecuador,0,0,gnb,weighted_lr,0.0
2016,EGY,"Egypt, Arab Rep.",3,2,gnb,weighted_lr,7.0753083762301365
2016,ESP,Spain,17,17,gnb,weighted_lr,24.54096083960372
2016,EST,Estonia,1,2,gnb,weighted_lr,0.0
2016,ETH,Ethiopia,8,7,gnb,weighted_lr,4.68245121922582
2016,FIN,Finland,1,3,gnb,weighted_lr,0.7561377037840149
2016,FJI,Fiji,1,0,gnb,weighted_lr,0.0
2016,FRA,France,42,35,gnb,weighted_lr,39.79008831463313
2016,FSM,"Micronesia, Fed. Sts.",0,0,gnb,weighted_lr,0.0
2016,GAB,Gabon,0,1,gnb,weighted_lr,0.0
2016,GBR,United Kingdom,67,65,gnb,weighted_lr,53.02133168991692
2016,GEO,Georgia,7,7,gnb,weighted_lr,3.8733721148949165
2016,GHA,Ghana,0,0,gnb,weighted_lr,0.0
2016,GIN,Guinea,0,0,gnb,weighted_lr,0.0
2016,GMB,"Gambia, The",0,0,gnb,weighted_lr,0.0
2016,GNB,Guinea-Bissau,0,0,gnb,weighted_lr,0.0
2016,GNQ,Equatorial Guinea,0,0,gnb,weighted_lr,0.0
2016,GRC,Greece,6,2,gnb,weighted_lr,3.763195419078418
2016,GRD,Grenada,1,1,gnb,weighted_lr,0.0
2016,GTM,Guatemala,0,1,gnb,weighted_lr,0.0
2016,GUM,Guam,0,0,gnb,weighted_lr,0.0
2016,GUY,Guyana,0,0,gnb,weighted_lr,0.0
2016,HKG,"Hong Kong SAR, China",0,1,gnb,weighted_lr,0.0
2016,HND,Honduras,0,0,gnb,weighted_lr,0.0
2016,HRV,Croatia,10,6,gnb,weighted_lr,5.323248362889397
2016,HTI,Haiti,0,0,gnb,weighted_lr,0.0
2016,HUN,Hungary,15,18,gnb,weighted_lr,15.24319123433123
2016,IDN,Indonesia,3,2,gnb,weighted_lr,3.665421989488074
2016,IND,India,2,6,gnb,weighted_lr,16.39043798371278
2016,IRL,Ireland,2,5,gnb,weighted_lr,1.8346980021546777
2016,IRN,"Iran, Islamic Rep.",8,12,gnb,weighted_lr,8.982747841672168
2016,IRQ,Iraq,0,0,gnb,weighted_lr,0.0
2016,ISL,Iceland,0,0,gnb,weighted_lr,0.0
2016,ISR,Israel,2,0,gnb,weighted_lr,0.0
2016,ITA,Italy,28,28,gnb,weighted_lr,30.96280543204974
2016,JAM,Jamaica,11,12,gnb,weighted_lr,7.1592244639653995
2016,JOR,Jordan,1,0,gnb,weighted_lr,0.0
2016,JPN,Japan,41,38,gnb,weighted_lr,42.78826210669219
2016,KAZ,Kazakhstan,18,13,gnb,weighted_lr,10.93582470438934
2016,KEN,Kenya,13,11,gnb,weighted_lr,8.626151258112193
2016,KGZ,Kyrgyz Republic,0,0,gnb,weighted_lr,0.0
2016,KHM,Cambodia,0,0,gnb,weighted_lr,0.0
2016,KIR,Kiribati,0,0,gnb,weighted_lr,0.0
2016,KNA,St. Kitts and Nevis,0,0,gnb,weighted_lr,0.0
2016,KOR,"Korea, Rep.",21,28,gnb,weighted_lr,24.797800831172566
2016,LAO,Lao PDR,0,0,gnb,weighted_lr,0.0
2016,LBN,Lebanon,0,0,gnb,weighted_lr,0.0
2016,LBR,Liberia,0,0,gnb,weighted_lr,0.0
2016,LBY,Libya,0,0,gnb,weighted_lr,0.0
2016,LCA,St. Lucia,0,0,gnb,weighted_lr,0.0
2016,LKA,Sri Lanka,0,0,gnb,weighted_lr,0.0
2016,LSO,Lesotho,0,0,gnb,weighted_lr,0.0
2016,LTU,Lithuania,4,5,gnb,weighted_lr,3.6922046431065887
2016,LUX,Luxembourg,0,0,gnb,weighted_lr,0.0
2016,LVA,Latvia,0,2,gnb,weighted_lr,0.0
2016,MAR,Morocco,1,1,gnb,weighted_lr,0.0
2016,MCO,Monaco,0,0,gnb,weighted_lr,0.0
2016,MDA,Moldova,0,2,gnb,weighted_lr,0.0
2016,MDG,Madagascar,0,0,gnb,weighted_lr,0.0
2016,MDV,Maldives,0,0,gnb,weighted_lr,0.0
2016,MEX,Mexico,5,7,gnb,weighted_lr,10.928731512968998
2016,MHL,Marshall Islands,0,0,gnb,weighted_lr,0.0
2016,MKD,North Macedonia,0,0,gnb,weighted_lr,0.0
2016,MLI,Mali,0,0,gnb,weighted_lr,0.0
2016,MLT,Malta,0,0,gnb,weighted_lr,0.0
2016,MMR,Myanmar,0,0,gnb,weighted_lr,0.0
2016,MNE,Montenegro,0,1,gnb,weighted_lr,0.0
2016,MNG,Mongolia,2,5,gnb,weighted_lr,3.5204775647851285
2016,MOZ,Mozambique,0,0,gnb,weighted_lr,0.0
2016,MRT,Mauritania,0,0,gnb,weighted_lr,0.0
2016,MUS,Mauritius,0,0,gnb,weighted_lr,0.0
2016,MWI,Malawi,0,0,gnb,weighted_lr,0.0
2016,MYS,Malaysia,5,2,gnb,weighted_lr,1.3774098549152267
2016,NAM,Namibia,0,0,gnb,weighted_lr,0.0
2016,NER,Niger,1,0,gnb,weighted_lr,0.0
2016,NGA,Nigeria,1,0,gnb,weighted_lr,3.8753533093490606
2016,NIC,Nicaragua,0,0,gnb,weighted_lr,0.0
2016,NLD,Netherlands,19,20,gnb,weighted_lr,20.012803423375672
2016,NOR,Norway,4,4,gnb,weighted_lr,0.20279179210971954
2016,NPL,Nepal,0,0,gnb,weighted_lr,0.0
2016,NRU,Naoero,0,0,gnb,weighted_lr,0.0
2016,NZL,New Zealand,18,13,gnb,weighted_lr,13.661519971853728
2016,OMN,Oman,0,0,gnb,weighted_lr,0.0
2016,PAK,Pakistan,0,0,gnb,weighted_lr,0.16756411729079979
2016,PAN,Panama,0,0,gnb,weighted_lr,0.0
2016,PER,Peru,0,0,gnb,weighted_lr,0.0
2016,PHL,Philippines,1,0,gnb,weighted_lr,0.0
2016,PLW,Palau,0,0,gnb,weighted_lr,0.0
2016,PNG,Papua New Guinea,0,0,gnb,weighted_lr,0.0
2016,POL,Poland,11,10,gnb,weighted_lr,16.47985307743221
2016,PRI,Puerto Rico (US),1,2,gnb,weighted_lr,0.0
2016,PRT,Portugal,1,1,gnb,weighted_lr,3.040073411842899
2016,PRY,Paraguay,0,0,gnb,weighted_lr,0.0
2016,PSE,West Bank and Gaza,0,0,gnb,weighted_lr,0.0
2016,QAT,Qatar,1,2,gnb,weighted_lr,0.0
2016,ROU,Romania,4,9,gnb,weighted_lr,7.921852128907594
2016,RUS,Russian Federation,56,82,gnb,weighted_lr,60.48702492870321
2016,RWA,Rwanda,0,0,gnb,weighted_lr,0.0
2016,SAU,Saudi Arabia,0,1,gnb,weighted_lr,0.11948802300339523
2016,SDN,Sudan,0,0,gnb,weighted_lr,0.0
2016,SEN,Senegal,0,0,gnb,weighted_lr,0.0
2016,SGP,Singapore,1,2,gnb,weighted_lr,0.0
2016,SLB,Solomon Islands,0,0,gnb,weighted_lr,0.0
2016,SLE,Sierra Leone,0,0,gnb,weighted_lr,0.0
2016,SLV,El Salvador,0,0,gnb,weighted_lr,0.0
2016,SMR,San Marino,0,0,gnb,weighted_lr,0.0
2016,SOM,"Somalia, Fed. Rep.",0,0,gnb,weighted_lr,0.0
2016,SRB,Serbia,8,4,gnb,weighted_lr,5.766057807464457
2016,STP,Sao Tome and Principe,0,0,gnb,weighted_lr,0.0
2016,SUR,Suriname,0,0,gnb,weighted_lr,0.0
2016,SVK,Slovak Republic,4,4,gnb,weighted_lr,2.382206092348989
2016,SVN,Slovenia,4,4,gnb,weighted_lr,2.6416128379391512
2016,SWE,Sweden,11,8,gnb,weighted_lr,8.589154663650426
2016,SWZ,Eswatini,0,0,gnb,weighted_lr,0.0
2016,SYC,Seychelles,0,0,gnb,weighted_lr,0.0
2016,SYR,Syrian Arab Republic,0,0,gnb,weighted_lr,0.0
2016,TCD,Chad,0,0,gnb,weighted_lr,0.0
2016,TGO,Togo,0,0,gnb,weighted_lr,0.0
2016,THA,Thailand,6,3,gnb,weighted_lr,3.5946083421229726
2016,TJK,Tajikistan,1,1,gnb,weighted_lr,0.0
2016,TKM,Turkmenistan,0,0,gnb,weighted_lr,0.0
2016,TLS,Timor-Leste,0,0,gnb,weighted_lr,0.0
2016,TON,Tonga,0,0,gnb,weighted_lr,0.0
2016,TTO,Trinidad and Tobago,1,4,gnb,weighted_lr,0.9984101722579624
2016,TUN,Tunisia,3,3,gnb,weighted_lr,3.2297897717939055
2016,TUR,Turkiye,8,5,gnb,weighted_lr,7.749410487646048
2016,TUV,Tuvalu,0,0,gnb,weighted_lr,0.0
2016,TZA,Tanzania,0,0,gnb,weighted_lr,0.0
2016,UGA,Uganda,0,1,gnb,weighted_lr,0.0
2016,UKR,Ukraine,11,20,gnb,weighted_lr,19.80542710614043
2016,URY,Uruguay,0,0,gnb,weighted_lr,0.0
2016,USA,United States,121,103,gnb,weighted_lr,112.99017448405125
2016,UZB,Uzbekistan,13,3,gnb,weighted_lr,3.987863544072659
2016,VCT,St. Vincent and the Grenadines,0,0,gnb,weighted_lr,0.0
2016,VEN,"Venezuela, RB",3,1,gnb,weighted_lr,3.9950254291725953
2016,VIR,Virgin Islands (U.S.),0,0,gnb,weighted_lr,0.0
2016,VNM,Viet Nam,2,0,gnb,weighted_lr,0.0
2016,VUT,Vanuatu,0,0,gnb,weighted_lr,0.0
2016,WSM,Samoa,0,0,gnb,weighted_lr,0.0
2016,YEM,"Yemen, Rep.",0,0,gnb,weighted_lr,0.0
2016,ZAF,South Africa,10,6,gnb,weighted_lr,9.537418582535892
2016,ZMB,Zambia,0,0,gnb,weighted_lr,0.0
2016,ZWE,Zimbabwe,0,0,gnb,weighted_lr,0.0
2016,ABW,Aruba,0,0,gnb,ridge,0.0
2016,AFG,Afghanistan,0,1,gnb,ridge,0.0
2016,AGO,Angola,0,0,gnb,ridge,0.0
2016,ALB,Albania,0,0,gnb,ridge,0.0
2016,AND,Andorra,0,0,gnb,ridge,0.0
2016,ARE,United Arab Emirates,1,0,gnb,ridge,0.0
2016,ARG,Argentina,4,4,gnb,ridge,14.820627426052749
2016,ARM,Armenia,4,3,gnb,ridge,2.1042849279368703
2016,ASM,American Samoa,0,0,gnb,ridge,0.0
2016,ATG,Antigua and Barbuda,0,0,gnb,ridge,0.0
2016,AUS,Australia,29,35,gnb,ridge,40.377341537980456
2016,AUT,Austria,1,0,gnb,ridge,1.5129356983614404
2016,AZE,Azerbaijan,18,10,gnb,ridge,6.684525716049661
2016,BDI,Burundi,1,0,gnb,ridge,0.0
2016,BEL,Belgium,6,3,gnb,ridge,4.97242043801128
2016,BEN,Benin,0,0,gnb,ridge,0.0
2016,BFA,Burkina Faso,0,0,gnb,ridge,0.0
2016,BGD,Bangladesh,0,0,gnb,ridge,0.7098538284293348
2016,BGR,Bulgaria,3,2,gnb,ridge,2.651369462051667
2016,BHR,Bahrain,2,1,gnb,ridge,0.0
2016,BHS,"Bahamas, The",2,1,gnb,ridge,0.0
2016,BIH,Bosnia and Herzegovina,0,0,gnb,ridge,0.0
2016,BLR,Belarus,9,12,gnb,ridge,11.19198385680647
2016,BLZ,Belize,0,0,gnb,ridge,0.0
2016,BMU,Bermuda,0,0,gnb,ridge,0.0
2016,BOL,Bolivia,0,0,gnb,ridge,0.0
2016,BRA,Brazil,19,17,gnb,ridge,39.53091153793241
2016,BRB,Barbados,0,0,gnb,ridge,0.0
2016,BRN,Brunei Darussalam,0,0,gnb,ridge,0.0
2016,BTN,Bhutan,0,0,gnb,ridge,0.0
2016,BWA,Botswana,0,1,gnb,ridge,0.0
2016,CAF,Central African Republic,0,0,gnb,ridge,0.0
2016,CAN,Canada,22,18,gnb,ridge,28.224986635823896
2016,CHE,Switzerland,7,4,gnb,ridge,3.2694506271949564
2016,CHL,Chile,0,0,gnb,ridge,1.6761572319988822
2016,CHN,China,70,88,gnb,ridge,85.60159606158973
2016,CIV,Cote d'Ivoire,2,0,gnb,ridge,0.0
2016,CMR,Cameroon,0,0,gnb,ridge,0.0
2016,COD,"Congo, Dem. Rep.",0,0,gnb,ridge,0.0
2016,COG,"Congo, Rep.",0,0,gnb,ridge,0.0
2016,COL,Colombia,8,8,gnb,ridge,11.673373683223963
2016,COM,Comoros,0,0,gnb,ridge,0.0
2016,CPV,Cabo Verde,0,0,gnb,ridge,0.0
2016,CRI,Costa Rica,0,0,gnb,ridge,0.0
2016,CUB,Cuba,11,14,gnb,ridge,11.692926391809056
2016,CYM,Cayman Islands,0,0,gnb,ridge,0.0
2016,CYP,Cyprus,0,1,gnb,ridge,0.0
2016,CZE,Czechia,10,10,gnb,ridge,8.797984591805596
2016,DEU,Germany,42,44,gnb,ridge,45.56962423663303
2016,DJI,Djibouti,0,0,gnb,ridge,0.0
2016,DMA,Dominica,0,0,gnb,ridge,0.0
2016,DNK,Denmark,15,9,gnb,ridge,7.3875775243621735
2016,DOM,Dominican Republic,1,2,gnb,ridge,0.0
2016,DZA,Algeria,2,1,gnb,ridge,4.524098414985456
2016,ECU,Ecuador,0,0,gnb,ridge,0.0
2016,EGY,"Egypt, Arab Rep.",3,2,gnb,ridge,8.341498048215824
2016,ESP,Spain,17,17,gnb,ridge,25.026791312947577
2016,EST,Estonia,1,2,gnb,ridge,0.0
2016,ETH,Ethiopia,8,7,gnb,ridge,5.364403468978835
2016,FIN,Finland,1,3,gnb,ridge,1.6559240499485206
2016,FJI,Fiji,1,0,gnb,ridge,0.0
2016,FRA,France,42,35,gnb,ridge,38.963621862676085
2016,FSM,"Micronesia, Fed. Sts.",0,0,gnb,ridge,0.0
2016,GAB,Gabon,0,1,gnb,ridge,0.0
2016,GBR,United Kingdom,67,65,gnb,ridge,49.736603180714404
2016,GEO,Georgia,7,7,gnb,ridge,4.3073767669030465
2016,GHA,Ghana,0,0,gnb,ridge,0.0
2016,GIN,Guinea,0,0,gnb,ridge,0.0
2016,GMB,"Gambia, The",0,0,gnb,ridge,0.0
2016,GNB,Guinea-Bissau,0,0,gnb,ridge,0.0
2016,GNQ,Equatorial Guinea,0,0,gnb,ridge,0.0
2016,GRC,Greece,6,2,gnb,ridge,4.775532091942416
2016,GRD,Grenada,1,1,gnb,ridge,0.0
2016,GTM,Guatemala,0,1,gnb,ridge,0.0
2016,GUM,Guam,0,0,gnb,ridge,0.0
2016,GUY,Guyana,0,0,gnb,ridge,0.0
2016,HKG,"Hong Kong SAR, China",0,1,gnb,ridge,0.0
2016,HND,Honduras,0,0,gnb,ridge,0.0
2016,HRV,Croatia,10,6,gnb,ridge,6.0098744974098555
2016,HTI,Haiti,0,0,gnb,ridge,0.0
2016,HUN,Hungary,15,18,gnb,ridge,15.26106147476723
2016,IDN,Indonesia,3,2,gnb,ridge,4.7974635676613175
2016,IND,India,2,6,gnb,ridge,18.790149982269142
2016,IRL,Ireland,2,5,gnb,ridge,2.683152360024554
2016,IRN,"Iran, Islamic Rep.",8,12,gnb,ridge,9.326937723062677
2016,IRQ,Iraq,0,0,gnb,ridge,0.0
2016,ISL,Iceland,0,0,gnb,ridge,0.0
2016,ISR,Israel,2,0,gnb,ridge,0.43865364563099263
2016,ITA,Italy,28,28,gnb,ridge,30.4657613503441
2016,JAM,Jamaica,11,12,gnb,ridge,7.267807523279959
2016,JOR,Jordan,1,0,gnb,ridge,0.0
2016,JPN,Japan,41,38,gnb,ridge,40.91014339146144
2016,KAZ,Kazakhstan,18,13,gnb,ridge,11.491923881118105
2016,KEN,Kenya,13,11,gnb,ridge,8.999023575229009
2016,KGZ,Kyrgyz Republic,0,0,gnb,ridge,0.0
2016,KHM,Cambodia,0,0,gnb,ridge,0.0
2016,KIR,Kiribati,0,0,gnb,ridge,0.0
2016,KNA,St. Kitts and Nevis,0,0,gnb,ridge,0.0
2016,KOR,"Korea, Rep.",21,28,gnb,ridge,23.98473630401464
2016,LAO,Lao PDR,0,0,gnb,ridge,0.0
2016,LBN,Lebanon,0,0,gnb,ridge,0.0
2016,LBR,Liberia,0,0,gnb,ridge,0.0
2016,LBY,Libya,0,0,gnb,ridge,0.0
2016,LCA,St. Lucia,0,0,gnb,ridge,0.0
2016,LKA,Sri Lanka,0,0,gnb,ridge,0.0
2016,LSO,Lesotho,0,0,gnb,ridge,0.0
2016,LTU,Lithuania,4,5,gnb,ridge,4.400931062219614
2016,LUX,Luxembourg,0,0,gnb,ridge,0.0
2016,LVA,Latvia,0,2,gnb,ridge,0.0
2016,MAR,Morocco,1,1,gnb,ridge,0.0
2016,MCO,Monaco,0,0,gnb,ridge,0.0
2016,MDA,Moldova,0,2,gnb,ridge,0.0
2016,MDG,Madagascar,0,0,gnb,ridge,0.0
2016,MDV,Maldives,0,0,gnb,ridge,0.0
2016,MEX,Mexico,5,7,gnb,ridge,11.800547846795217
2016,MHL,Marshall Islands,0,0,gnb,ridge,0.0
2016,MKD,North Macedonia,0,0,gnb,ridge,0.0
2016,MLI,Mali,0,0,gnb,ridge,0.0
2016,MLT,Malta,0,0,gnb,ridge,0.0
2016,MMR,Myanmar,0,0,gnb,ridge,0.0
2016,MNE,Montenegro,0,1,gnb,ridge,0.0
2016,MNG,Mongolia,2,5,gnb,ridge,4.317207889336428
2016,MOZ,Mozambique,0,0,gnb,ridge,0.0
2016,MRT,Mauritania,0,0,gnb,ridge,0.0
2016,MUS,Mauritius,0,0,gnb,ridge,0.0
2016,MWI,Malawi,0,0,gnb,ridge,0.0
2016,MYS,Malaysia,5,2,gnb,ridge,2.1760008729985216
2016,NAM,Namibia,0,0,gnb,ridge,0.0
2016,NER,Niger,1,0,gnb,ridge,0.0
2016,NGA,Nigeria,1,0,gnb,ridge,5.213431520232023
2016,NIC,Nicaragua,0,0,gnb,ridge,0.0
2016,NLD,Netherlands,19,20,gnb,ridge,20.11398388473615
2016,NOR,Norway,4,4,gnb,ridge,1.1313297238727653
2016,NPL,Nepal,0,0,gnb,ridge,0.0
2016,NRU,Naoero,0,0,gnb,ridge,0.0
2016,NZL,New Zealand,18,13,gnb,ridge,14.292860709528611
2016,OMN,Oman,0,0,gnb,ridge,0.0
2016,PAK,Pakistan,0,0,gnb,ridge,1.318830287536306
2016,PAN,Panama,0,0,gnb,ridge,0.0
2016,PER,Peru,0,0,gnb,ridge,0.0
2016,PHL,Philippines,1,0,gnb,ridge,0.9067503863927673
2016,PLW,Palau,0,0,gnb,ridge,0.0
2016,PNG,Papua New Guinea,0,0,gnb,ridge,0.0
2016,POL,Poland,11,10,gnb,ridge,17.352350643895583
2016,PRI,Puerto Rico (US),1,2,gnb,ridge,0.0
2016,PRT,Portugal,1,1,gnb,ridge,4.1183110182456275
2016,PRY,Paraguay,0,0,gnb,ridge,0.0
2016,PSE,West Bank and Gaza,0,0,gnb,ridge,0.0
2016,QAT,Qatar,1,2,gnb,ridge,0.0
2016,ROU,Romania,4,9,gnb,ridge,8.415580319851156
2016,RUS,Russian Federation,56,82,gnb,ridge,58.25069656625605
2016,RWA,Rwanda,0,0,gnb,ridge,0.0
2016,SAU,Saudi Arabia,0,1,gnb,ridge,1.108071857511172
2016,SDN,Sudan,0,0,gnb,ridge,0.0
2016,SEN,Senegal,0,0,gnb,ridge,0.0
2016,SGP,Singapore,1,2,gnb,ridge,0.0
2016,SLB,Solomon Islands,0,0,gnb,ridge,0.0
2016,SLE,Sierra Leone,0,0,gnb,ridge,0.0
2016,SLV,El Salvador,0,0,gnb,ridge,0.0
2016,SMR,San Marino,0,0,gnb,ridge,0.0
2016,SOM,"Somalia, Fed. Rep.",0,0,gnb,ridge,0.0
2016,SRB,Serbia,8,4,gnb,ridge,6.65215500986682
2016,STP,Sao Tome and Principe,0,0,gnb,ridge,0.0
2016,SUR,Suriname,0,0,gnb,ridge,0.0
2016,SVK,Slovak Republic,4,4,gnb,ridge,3.1046623489671052
2016,SVN,Slovenia,4,4,gnb,ridge,3.42658623807465
2016,SWE,Sweden,11,8,gnb,ridge,9.423736747525997
2016,SWZ,Eswatini,0,0,gnb,ridge,0.0
2016,SYC,Seychelles,0,0,gnb,ridge,0.0
2016,SYR,Syrian Arab Republic,0,0,gnb,ridge,0.0
2016,TCD,Chad,0,0,gnb,ridge,0.0
2016,TGO,Togo,0,0,gnb,ridge,0.0
2016,THA,Thailand,6,3,gnb,ridge,4.432218511368991
2016,TJK,Tajikistan,1,1,gnb,ridge,0.0
2016,TKM,Turkmenistan,0,0,gnb,ridge,0.0
2016,TLS,Timor-Leste,0,0,gnb,ridge,0.0
2016,TON,Tonga,0,0,gnb,ridge,0.0
2016,TTO,Trinidad and Tobago,1,4,gnb,ridge,1.6515100708789099
2016,TUN,Tunisia,3,3,gnb,ridge,4.051303556011638
2016,TUR,Turkiye,8,5,gnb,ridge,8.540668054699925
2016,TUV,Tuvalu,0,0,gnb,ridge,0.0
2016,TZA,Tanzania,0,0,gnb,ridge,0.0
2016,UGA,Uganda,0,1,gnb,ridge,0.0
2016,UKR,Ukraine,11,20,gnb,ridge,19.93354452961661
2016,URY,Uruguay,0,0,gnb,ridge,0.0
2016,USA,United States,121,103,gnb,ridge,104.90805256747514
2016,UZB,Uzbekistan,13,3,gnb,ridge,4.888972824750012
2016,VCT,St. Vincent and the Grenadines,0,0,gnb,ridge,0.0
2016,VEN,"Venezuela, RB",3,1,gnb,ridge,5.1622023169946445
2016,VIR,Virgin Islands (U.S.),0,0,gnb,ridge,0.0
2016,VNM,Viet Nam,2,0,gnb,ridge,0.0
2016,VUT,Vanuatu,0,0,gnb,ridge,0.0
2016,WSM,Samoa,0,0,gnb,ridge,0.0
2016,YEM,"Yemen, Rep.",0,0,gnb,ridge,0.0
2016,ZAF,South Africa,10,6,gnb,ridge,10.53244074561064
2016,ZMB,Zambia,0,0,gnb,ridge,0.0
2016,ZWE,Zimbabwe,0,0,gnb,ridge,0.0
2016,ABW,Aruba,0,0,gnb,lasso,0.0
2016,AFG,Afghanistan,0,1,gnb,lasso,0.0
2016,AGO,Angola,0,0,gnb,lasso,0.0
2016,ALB,Albania,0,0,gnb,lasso,0.0
2016,AND,Andorra,0,0,gnb,lasso,0.0
2016,ARE,United Arab Emirates,1,0,gnb,lasso,0.0
2016,ARG,Argentina,4,4,gnb,lasso,13.615127904173669
2016,ARM,Armenia,4,3,gnb,lasso,2.3471092388749746
2016,ASM,American Samoa,0,0,gnb,lasso,0.0
2016,ATG,Antigua and Barbuda,0,0,gnb,lasso,0.0
2016,AUS,Australia,29,35,gnb,lasso,39.46953373248725
2016,AUT,Austria,1,0,gnb,lasso,1.3617355265552344
2016,AZE,Azerbaijan,18,10,gnb,lasso,7.296600337325722
2016,BDI,Burundi,1,0,gnb,lasso,0.0
2016,BEL,Belgium,6,3,gnb,lasso,4.8356519298436496
2016,BEN,Benin,0,0,gnb,lasso,0.0
2016,BFA,Burkina Faso,0,0,gnb,lasso,0.0
2016,BGD,Bangladesh,0,0,gnb,lasso,0.8832183084123368
2016,BGR,Bulgaria,3,2,gnb,lasso,2.698164193158865
2016,BHR,Bahrain,2,1,gnb,lasso,0.0
2016,BHS,"Bahamas, The",2,1,gnb,lasso,0.0
2016,BIH,Bosnia and Herzegovina,0,0,gnb,lasso,0.0
2016,BLR,Belarus,9,12,gnb,lasso,11.558131095037904
2016,BLZ,Belize,0,0,gnb,lasso,0.0
2016,BMU,Bermuda,0,0,gnb,lasso,0.0
2016,BOL,Bolivia,0,0,gnb,lasso,0.0
2016,BRA,Brazil,19,17,gnb,lasso,36.78204579455947
2016,BRB,Barbados,0,0,gnb,lasso,0.0
2016,BRN,Brunei Darussalam,0,0,gnb,lasso,0.0
2016,BTN,Bhutan,0,0,gnb,lasso,0.0
2016,BWA,Botswana,0,1,gnb,lasso,0.0
2016,CAF,Central African Republic,0,0,gnb,lasso,0.0
2016,CAN,Canada,22,18,gnb,lasso,26.403333523109154
2016,CHE,Switzerland,7,4,gnb,lasso,3.2634278031558903
2016,CHL,Chile,0,0,gnb,lasso,1.5454697712698273
2016,CHN,China,70,88,gnb,lasso,87.21027902248622
2016,CIV,Cote d'Ivoire,2,0,gnb,lasso,0.0
2016,CMR,Cameroon,0,0,gnb,lasso,0.0
2016,COD,"Congo, Dem. Rep.",0,0,gnb,lasso,0.0
2016,COG,"Congo, Rep.",0,0,gnb,lasso,0.0
2016,COL,Colombia,8,8,gnb,lasso,11.486000458302792
2016,COM,Comoros,0,0,gnb,lasso,0.0
2016,CPV,Cabo Verde,0,0,gnb,lasso,0.0
2016,CRI,Costa Rica,0,0,gnb,lasso,0.0
2016,CUB,Cuba,11,14,gnb,lasso,12.254038902048165
2016,CYM,Cayman Islands,0,0,gnb,lasso,0.0
2016,CYP,Cyprus,0,1,gnb,lasso,0.0
2016,CZE,Czechia,10,10,gnb,lasso,9.165391185821273
2016,DEU,Germany,42,44,gnb,lasso,46.306238720040035
2016,DJI,Djibouti,0,0,gnb,lasso,0.0
2016,DMA,Dominica,0,0,gnb,lasso,0.0
2016,DNK,Denmark,15,9,gnb,lasso,7.656225372223557
2016,DOM,Dominican Republic,1,2,gnb,lasso,0.0
2016,DZA,Algeria,2,1,gnb,lasso,4.087505542956793
2016,ECU,Ecuador,0,0,gnb,lasso,0.0
2016,EGY,"Egypt, Arab Rep.",3,2,gnb,lasso,7.88178728394054
2016,ESP,Spain,17,17,gnb,lasso,24.60228444000527
2016,EST,Estonia,1,2,gnb,lasso,0.0
2016,ETH,Ethiopia,8,7,gnb,lasso,5.783311358375682
2016,FIN,Finland,1,3,gnb,lasso,1.782074330543706
2016,FJI,Fiji,1,0,gnb,lasso,0.0
2016,FRA,France,42,35,gnb,lasso,39.244478846268905
2016,FSM,"Micronesia, Fed. Sts.",0,0,gnb,lasso,0.0
2016,GAB,Gabon,0,1,gnb,lasso,0.0
2016,GBR,United Kingdom,67,65,gnb,lasso,52.43413574817717
2016,GEO,Georgia,7,7,gnb,lasso,4.815402347073378
2016,GHA,Ghana,0,0,gnb,lasso,0.0
2016,GIN,Guinea,0,0,gnb,lasso,0.0
2016,GMB,"Gambia, The",0,0,gnb,lasso,0.0
2016,GNB,Guinea-Bissau,0,0,gnb,lasso,0.0
2016,GNQ,Equatorial Guinea,0,0,gnb,lasso,0.0
2016,GRC,Greece,6,2,gnb,lasso,4.587634889541031
2016,GRD,Grenada,1,1,gnb,lasso,0.0
2016,GTM,Guatemala,0,1,gnb,lasso,0.0
2016,GUM,Guam,0,0,gnb,lasso,0.0
2016,GUY,Guyana,0,0,gnb,lasso,0.0
2016,HKG,"Hong Kong SAR, China",0,1,gnb,lasso,0.0
2016,HND,Honduras,0,0,gnb,lasso,0.0
2016,HRV,Croatia,10,6,gnb,lasso,6.183007716699966
2016,HTI,Haiti,0,0,gnb,lasso,0.0
2016,HUN,Hungary,15,18,gnb,lasso,15.920264457957394
2016,IDN,Indonesia,3,2,gnb,lasso,4.616977346557646
2016,IND,India,2,6,gnb,lasso,18.081133704654135
2016,IRL,Ireland,2,5,gnb,lasso,2.9053601275105283
2016,IRN,"Iran, Islamic Rep.",8,12,gnb,lasso,9.814748127344336
2016,IRQ,Iraq,0,0,gnb,lasso,0.0
2016,ISL,Iceland,0,0,gnb,lasso,0.0
2016,ISR,Israel,2,0,gnb,lasso,0.46144128166815435
2016,ITA,Italy,28,28,gnb,lasso,30.787511764101197
2016,JAM,Jamaica,11,12,gnb,lasso,8.063269716679324
2016,JOR,Jordan,1,0,gnb,lasso,0.0
2016,JPN,Japan,41,38,gnb,lasso,41.46338057473213
2016,KAZ,Kazakhstan,18,13,gnb,lasso,11.652787628403589
2016,KEN,Kenya,13,11,gnb,lasso,9.531676591270715
2016,KGZ,Kyrgyz Republic,0,0,gnb,lasso,0.0
2016,KHM,Cambodia,0,0,gnb,lasso,0.0
2016,KIR,Kiribati,0,0,gnb,lasso,0.0
2016,KNA,St. Kitts and Nevis,0,0,gnb,lasso,0.0
2016,KOR,"Korea, Rep.",21,28,gnb,lasso,24.963206772727816
2016,LAO,Lao PDR,0,0,gnb,lasso,0.0
2016,LBN,Lebanon,0,0,gnb,lasso,0.0
2016,LBR,Liberia,0,0,gnb,lasso,0.0
2016,LBY,Libya,0,0,gnb,lasso,0.0
2016,LCA,St. Lucia,0,0,gnb,lasso,0.0
2016,LKA,Sri Lanka,0,0,gnb,lasso,0.0
2016,LSO,Lesotho,0,0,gnb,lasso,0.0
2016,LTU,Lithuania,4,5,gnb,lasso,4.597088835998309
2016,LUX,Luxembourg,0,0,gnb,lasso,0.0
2016,LVA,Latvia,0,2,gnb,lasso,0.0
2016,MAR,Morocco,1,1,gnb,lasso,0.0
2016,MCO,Monaco,0,0,gnb,lasso,0.0
2016,MDA,Moldova,0,2,gnb,lasso,0.0
2016,MDG,Madagascar,0,0,gnb,lasso,0.0
2016,MDV,Maldives,0,0,gnb,lasso,0.0
2016,MEX,Mexico,5,7,gnb,lasso,11.416739116550188
2016,MHL,Marshall Islands,0,0,gnb,lasso,0.0
2016,MKD,North Macedonia,0,0,gnb,lasso,0.0
2016,MLI,Mali,0,0,gnb,lasso,0.0
2016,MLT,Malta,0,0,gnb,lasso,0.0
2016,MMR,Myanmar,0,0,gnb,lasso,0.0
2016,MNE,Montenegro,0,1,gnb,lasso,0.0
2016,MNG,Mongolia,2,5,gnb,lasso,4.4332234318498465
2016,MOZ,Mozambique,0,0,gnb,lasso,0.0
2016,MRT,Mauritania,0,0,gnb,lasso,0.0
2016,MUS,Mauritius,0,0,gnb,lasso,0.0
2016,MWI,Malawi,0,0,gnb,lasso,0.0
2016,MYS,Malaysia,5,2,gnb,lasso,2.33407455027897
2016,NAM,Namibia,0,0,gnb,lasso,0.0
2016,NER,Niger,1,0,gnb,lasso,0.0
2016,NGA,Nigeria,1,0,gnb,lasso,4.85725926791925
2016,NIC,Nicaragua,0,0,gnb,lasso,0.0
2016,NLD,Netherlands,19,20,gnb,lasso,20.45924707984872
2016,NOR,Norway,4,4,gnb,lasso,1.3037715325172474
2016,NPL,Nepal,0,0,gnb,lasso,0.0
2016,NRU,Naoero,0,0,gnb,lasso,0.0
2016,NZL,New Zealand,18,13,gnb,lasso,14.420472178471051
2016,OMN,Oman,0,0,gnb,lasso,0.0
2016,PAK,Pakistan,0,0,gnb,lasso,1.3791561722692744
2016,PAN,Panama,0,0,gnb,lasso,0.0
2016,PER,Peru,0,0,gnb,lasso,0.0
2016,PHL,Philippines,1,0,gnb,lasso,1.0249834153703752
2016,PLW,Palau,0,0,gnb,lasso,0.0
2016,PNG,Papua New Guinea,0,0,gnb,lasso,0.0
2016,POL,Poland,11,10,gnb,lasso,16.91821904415117
2016,PRI,Puerto Rico (US),1,2,gnb,lasso,0.0
2016,PRT,Portugal,1,1,gnb,lasso,3.8912872525270714
2016,PRY,Paraguay,0,0,gnb,lasso,0.0
2016,PSE,West Bank and Gaza,0,0,gnb,lasso,0.0
2016,QAT,Qatar,1,2,gnb,lasso,0.0
2016,ROU,Romania,4,9,gnb,lasso,8.708829721889721
2016,RUS,Russian Federation,56,82,gnb,lasso,59.927072253143145
2016,RWA,Rwanda,0,0,gnb,lasso,0.0
2016,SAU,Saudi Arabia,0,1,gnb,lasso,0.9991112040927757
2016,SDN,Sudan,0,0,gnb,lasso,0.0
2016,SEN,Senegal,0,0,gnb,lasso,0.0
2016,SGP,Singapore,1,2,gnb,lasso,0.0
2016,SLB,Solomon Islands,0,0,gnb,lasso,0.0
2016,SLE,Sierra Leone,0,0,gnb,lasso,0.0
2016,SLV,El Salvador,0,0,gnb,lasso,0.0
2016,SMR,San Marino,0,0,gnb,lasso,0.0
2016,SOM,"Somalia, Fed. Rep.",0,0,gnb,lasso,0.0
2016,SRB,Serbia,8,4,gnb,lasso,6.5737443267694955
2016,STP,Sao Tome and Principe,0,0,gnb,lasso,0.0
2016,SUR,Suriname,0,0,gnb,lasso,0.0
2016,SVK,Slovak Republic,4,4,gnb,lasso,3.336951256345344
2016,SVN,Slovenia,4,4,gnb,lasso,3.6146394448690717
2016,SWE,Sweden,11,8,gnb,lasso,9.361937712568471
2016,SWZ,Eswatini,0,0,gnb,lasso,0.0
2016,SYC,Seychelles,0,0,gnb,lasso,0.0
2016,SYR,Syrian Arab Republic,0,0,gnb,lasso,0.0
2016,TCD,Chad,0,0,gnb,lasso,0.0
2016,TGO,Togo,0,0,gnb,lasso,0.0
2016,THA,Thailand,6,3,gnb,lasso,4.459101542589815
2016,TJK,Tajikistan,1,1,gnb,lasso,0.0
2016,TKM,Turkmenistan,0,0,gnb,lasso,0.0
2016,TLS,Timor-Leste,0,0,gnb,lasso,0.0
2016,TON,Tonga,0,0,gnb,lasso,0.0
2016,TTO,Trinidad and Tobago,1,4,gnb,lasso,1.970275454834848
2016,TUN,Tunisia,3,3,gnb,lasso,4.137955502038163
2016,TUR,Turkiye,8,5,gnb,lasso,8.387663160091765
2016,TUV,Tuvalu,0,0,gnb,lasso,0.0
2016,TZA,Tanzania,0,0,gnb,lasso,0.0
2016,UGA,Uganda,0,1,gnb,lasso,0.0
2016,UKR,Ukraine,11,20,gnb,lasso,20.36563916399714
2016,URY,Uruguay,0,0,gnb,lasso,0.0
2016,USA,United States,121,103,gnb,lasso,106.02593675858758
2016,UZB,Uzbekistan,13,3,gnb,lasso,4.9172119563453
2016,VCT,St. Vincent and the Grenadines,0,0,gnb,lasso,0.0
2016,VEN,"Venezuela, RB",3,1,gnb,lasso,4.710896842947103
2016,VIR,Virgin Islands (U.S.),0,0,gnb,lasso,0.0
2016,VNM,Viet Nam,2,0,gnb,lasso,0.0
2016,VUT,Vanuatu,0,0,gnb,lasso,0.0
2016,WSM,Samoa,0,0,gnb,lasso,0.0
2016,YEM,"Yemen, Rep.",0,0,gnb,lasso,0.0
2016,ZAF,South Africa,10,6,gnb,lasso,10.210425301160525
2016,ZMB,Zambia,0,0,gnb,lasso,0.0
2016,ZWE,Zimbabwe,0,0,gnb,lasso,0.0
2016,ABW,Aruba,0,0,gnb,poisson,0.0
2016,AFG,Afghanistan,0,1,gnb,poisson,0.0
2016,AGO,Angola,0,0,gnb,poisson,0.0
2016,ALB,Albania,0,0,gnb,poisson,0.0
2016,AND,Andorra,0,0,gnb,poisson,0.0
2016,ARE,United Arab Emirates,1,0,gnb,poisson,1.9258346744442858
2016,ARG,Argentina,4,4,gnb,poisson,10.252525483295836
2016,ARM,Armenia,4,3,gnb,poisson,5.23773753853452
2016,ASM,American Samoa,0,0,gnb,poisson,0.0
2016,ATG,Antigua and Barbuda,0,0,gnb,poisson,0.0
2016,AUS,Australia,29,35,gnb,poisson,33.743416581945645
2016,AUT,Austria,1,0,gnb,poisson,5.215675167890311
2016,AZE,Azerbaijan,18,10,gnb,poisson,4.660597201611152
2016,BDI,Burundi,1,0,gnb,poisson,0.0
2016,BEL,Belgium,6,3,gnb,poisson,6.878913187260555
2016,BEN,Benin,0,0,gnb,poisson,0.0
2016,BFA,Burkina Faso,0,0,gnb,poisson,0.0
2016,BGD,Bangladesh,0,0,gnb,poisson,3.8077277353845824
2016,BGR,Bulgaria,3,2,gnb,poisson,6.861746128087591
2016,BHR,Bahrain,2,1,gnb,poisson,0.0
2016,BHS,"Bahamas, The",2,1,gnb,poisson,0.0
2016,BIH,Bosnia and Herzegovina,0,0,gnb,poisson,0.0
2016,BLR,Belarus,9,12,gnb,poisson,7.812983578744943
2016,BLZ,Belize,0,0,gnb,poisson,0.0
2016,BMU,Bermuda,0,0,gnb,poisson,0.0
2016,BOL,Bolivia,0,0,gnb,poisson,0.0
2016,BRA,Brazil,19,17,gnb,poisson,40.132092441980866
2016,BRB,Barbados,0,0,gnb,poisson,0.0
2016,BRN,Brunei Darussalam,0,0,gnb,poisson,0.0
2016,BTN,Bhutan,0,0,gnb,poisson,0.0
2016,BWA,Botswana,0,1,gnb,poisson,0.0
2016,CAF,Central African Republic,0,0,gnb,poisson,0.0
2016,CAN,Canada,22,18,gnb,poisson,18.80526962387369
2016,CHE,Switzerland,7,4,gnb,poisson,6.7819634297098235
2016,CHL,Chile,0,0,gnb,poisson,4.135820960210867
2016,CHN,China,70,88,gnb,poisson,66.68472298970725
2016,CIV,Cote d'Ivoire,2,0,gnb,poisson,0.0
2016,CMR,Cameroon,0,0,gnb,poisson,0.0
2016,COD,"Congo, Dem. Rep.",0,0,gnb,poisson,0.0
2016,COG,"Congo, Rep.",0,0,gnb,poisson,0.0
2016,COL,Colombia,8,8,gnb,poisson,7.351403089255017
2016,COM,Comoros,0,0,gnb,poisson,0.0
2016,CPV,Cabo Verde,0,0,gnb,poisson,0.0
2016,CRI,Costa Rica,0,0,gnb,poisson,0.0
2016,CUB,Cuba,11,14,gnb,poisson,8.161282935835475
2016,CYM,Cayman Islands,0,0,gnb,poisson,0.0
2016,CYP,Cyprus,0,1,gnb,poisson,0.0
2016,CZE,Czechia,10,10,gnb,poisson,7.282167730500727
2016,DEU,Germany,42,44,gnb,poisson,39.04780633384777
2016,DJI,Djibouti,0,0,gnb,poisson,0.0
2016,DMA,Dominica,0,0,gnb,poisson,0.0
2016,DNK,Denmark,15,9,gnb,poisson,7.574838158410768
2016,DOM,Dominican Republic,1,2,gnb,poisson,0.0
2016,DZA,Algeria,2,1,gnb,poisson,3.939521400159002
2016,ECU,Ecuador,0,0,gnb,poisson,0.0
2016,EGY,"Egypt, Arab Rep.",3,2,gnb,poisson,5.306905372923367
2016,ESP,Spain,17,17,gnb,poisson,21.20579697235106
2016,EST,Estonia,1,2,gnb,poisson,0.0
2016,ETH,Ethiopia,8,7,gnb,poisson,3.26146534901855
2016,FIN,Finland,1,3,gnb,poisson,5.674294116262221
2016,FJI,Fiji,1,0,gnb,poisson,0.0
2016,FRA,France,42,35,gnb,poisson,35.45599948392458
2016,FSM,"Micronesia, Fed. Sts.",0,0,gnb,poisson,0.0
2016,GAB,Gabon,0,1,gnb,poisson,0.0
2016,GBR,United Kingdom,67,65,gnb,poisson,34.21493070557087
2016,GEO,Georgia,7,7,gnb,poisson,5.192999369417067
2016,GHA,Ghana,0,0,gnb,poisson,0.0
2016,GIN,Guinea,0,0,gnb,poisson,0.0
2016,GMB,"Gambia, The",0,0,gnb,poisson,0.0
2016,GNB,Guinea-Bissau,0,0,gnb,poisson,0.0
2016,GNQ,Equatorial Guinea,0,0,gnb,poisson,0.0
2016,GRC,Greece,6,2,gnb,poisson,7.232353817184992
2016,GRD,Grenada,1,1,gnb,poisson,0.0
2016,GTM,Guatemala,0,1,gnb,poisson,0.0
2016,GUM,Guam,0,0,gnb,poisson,0.0
2016,GUY,Guyana,0,0,gnb,poisson,0.0
2016,HKG,"Hong Kong SAR, China",0,1,gnb,poisson,4.8429156282165575
2016,HND,Honduras,0,0,gnb,poisson,0.0
2016,HRV,Croatia,10,6,gnb,poisson,8.082598841912308
2016,HTI,Haiti,0,0,gnb,poisson,0.0
2016,HUN,Hungary,15,18,gnb,poisson,10.764444401821077
2016,IDN,Indonesia,3,2,gnb,poisson,4.274733281172099
2016,IND,India,2,6,gnb,poisson,9.214579851396755
2016,IRL,Ireland,2,5,gnb,poisson,5.5644696412846075
2016,IRN,"Iran, Islamic Rep.",8,12,gnb,poisson,4.847118517268341
2016,IRQ,Iraq,0,0,gnb,poisson,0.0
2016,ISL,Iceland,0,0,gnb,poisson,0.0
2016,ISR,Israel,2,0,gnb,poisson,3.896846891191148
2016,ITA,Italy,28,28,gnb,poisson,24.406466952031444
2016,JAM,Jamaica,11,12,gnb,poisson,5.598308709654172
2016,JOR,Jordan,1,0,gnb,poisson,0.0
2016,JPN,Japan,41,38,gnb,poisson,29.12307986339759
2016,KAZ,Kazakhstan,18,13,gnb,poisson,5.614954617042389
2016,KEN,Kenya,13,11,gnb,poisson,4.376018021771274
2016,KGZ,Kyrgyz Republic,0,0,gnb,poisson,0.0
2016,KHM,Cambodia,0,0,gnb,poisson,0.0
2016,KIR,Kiribati,0,0,gnb,poisson,0.0
2016,KNA,St. Kitts and Nevis,0,0,gnb,poisson,0.0
2016,KOR,"Korea, Rep.",21,28,gnb,poisson,13.421172122394228
2016,LAO,Lao PDR,0,0,gnb,poisson,0.0
2016,LBN,Lebanon,0,0,gnb,poisson,0.0
2016,LBR,Liberia,0,0,gnb,poisson,0.0
2016,LBY,Libya,0,0,gnb,poisson,0.0
2016,LCA,St. Lucia,0,0,gnb,poisson,0.0
2016,LKA,Sri Lanka,0,0,gnb,poisson,0.0
2016,LSO,Lesotho,0,0,gnb,poisson,0.0
2016,LTU,Lithuania,4,5,gnb,poisson,7.497002714590514
2016,LUX,Luxembourg,0,0,gnb,poisson,0.0
2016,LVA,Latvia,0,2,gnb,poisson,0.0
2016,MAR,Morocco,1,1,gnb,poisson,0.0
2016,MCO,Monaco,0,0,gnb,poisson,0.0
2016,MDA,Moldova,0,2,gnb,poisson,0.0
2016,MDG,Madagascar,0,0,gnb,poisson,0.0
2016,MDV,Maldives,0,0,gnb,poisson,0.0
2016,MEX,Mexico,5,7,gnb,poisson,6.832049015978128
2016,MHL,Marshall Islands,0,0,gnb,poisson,0.0
2016,MKD,North Macedonia,0,0,gnb,poisson,0.0
2016,MLI,Mali,0,0,gnb,poisson,0.0
2016,MLT,Malta,0,0,gnb,poisson,0.0
2016,MMR,Myanmar,0,0,gnb,poisson,0.0
2016,MNE,Montenegro,0,1,gnb,poisson,0.0
2016,MNG,Mongolia,2,5,gnb,poisson,3.608467105639257
2016,MOZ,Mozambique,0,0,gnb,poisson,0.0
2016,MRT,Mauritania,0,0,gnb,poisson,0.0
2016,MUS,Mauritius,0,0,gnb,poisson,0.0
2016,MWI,Malawi,0,0,gnb,poisson,0.0
2016,MYS,Malaysia,5,2,gnb,poisson,3.5949222187830276
2016,NAM,Namibia,0,0,gnb,poisson,0.0
2016,NER,Niger,1,0,gnb,poisson,0.0
2016,NGA,Nigeria,1,0,gnb,poisson,3.862155592667485
2016,NIC,Nicaragua,0,0,gnb,poisson,0.0
2016,NLD,Netherlands,19,20,gnb,poisson,14.793875867658773
2016,NOR,Norway,4,4,gnb,poisson,5.6904193313525875
2016,NPL,Nepal,0,0,gnb,poisson,0.0
2016,NRU,Naoero,0,0,gnb,poisson,0.0
2016,NZL,New Zealand,18,13,gnb,poisson,8.293133348795564
2016,OMN,Oman,0,0,gnb,poisson,0.0
2016,PAK,Pakistan,0,0,gnb,poisson,3.6015752252825712
2016,PAN,Panama,0,0,gnb,poisson,0.0
2016,PER,Peru,0,0,gnb,poisson,0.0
2016,PHL,Philippines,1,0,gnb,poisson,3.551665676319319
2016,PLW,Palau,0,0,gnb,poisson,0.0
2016,PNG,Papua New Guinea,0,0,gnb,poisson,0.0
2016,POL,Poland,11,10,gnb,poisson,14.119930441912304
2016,PRI,Puerto Rico (US),1,2,gnb,poisson,0.0
2016,PRT,Portugal,1,1,gnb,poisson,7.038584360296617
2016,PRY,Paraguay,0,0,gnb,poisson,0.0
2016,PSE,West Bank and Gaza,0,0,gnb,poisson,0.0
2016,QAT,Qatar,1,2,gnb,poisson,0.0
2016,ROU,Romania,4,9,gnb,poisson,7.837449927703407
2016,RUS,Russian Federation,56,82,gnb,poisson,29.845762672284078
2016,RWA,Rwanda,0,0,gnb,poisson,0.0
2016,SAU,Saudi Arabia,0,1,gnb,poisson,2.287107094161307
2016,SDN,Sudan,0,0,gnb,poisson,0.0
2016,SEN,Senegal,0,0,gnb,poisson,0.0
2016,SGP,Singapore,1,2,gnb,poisson,4.202276243956352
2016,SLB,Solomon Islands,0,0,gnb,poisson,0.0
2016,SLE,Sierra Leone,0,0,gnb,poisson,0.0
2016,SLV,El Salvador,0,0,gnb,poisson,0.0
2016,SMR,San Marino,0,0,gnb,poisson,0.0
2016,SOM,"Somalia, Fed. Rep.",0,0,gnb,poisson,0.0
2016,SRB,Serbia,8,4,gnb,poisson,7.708506820959771
2016,STP,Sao Tome and Principe,0,0,gnb,poisson,0.0
2016,SUR,Suriname,0,0,gnb,poisson,0.0
2016,SVK,Slovak Republic,4,4,gnb,poisson,5.438774153709156
2016,SVN,Slovenia,4,4,gnb,poisson,5.895952918693687
2016,SWE,Sweden,11,8,gnb,poisson,7.932952128107173
2016,SWZ,Eswatini,0,0,gnb,poisson,0.0
2016,SYC,Seychelles,0,0,gnb,poisson,0.0
2016,SYR,Syrian Arab Republic,0,0,gnb,poisson,0.0
2016,TCD,Chad,0,0,gnb,poisson,0.0
2016,TGO,Togo,0,0,gnb,poisson,0.0
2016,THA,Thailand,6,3,gnb,poisson,5.146732969655719
2016,TJK,Tajikistan,1,1,gnb,poisson,0.0
2016,TKM,Turkmenistan,0,0,gnb,poisson,0.0
2016,TLS,Timor-Leste,0,0,gnb,poisson,0.0
2016,TON,Tonga,0,0,gnb,poisson,0.0
2016,TTO,Trinidad and Tobago,1,4,gnb,poisson,4.63463084456892
2016,TUN,Tunisia,3,3,gnb,poisson,4.5969096390043465
2016,TUR,Turkiye,8,5,gnb,poisson,5.577913924368051
2016,TUV,Tuvalu,0,0,gnb,poisson,0.0
2016,TZA,Tanzania,0,0,gnb,poisson,0.0
2016,UGA,Uganda,0,1,gnb,poisson,0.0
2016,UKR,Ukraine,11,20,gnb,poisson,13.66344233060359
2016,URY,Uruguay,0,0,gnb,poisson,0.0
2016,USA,United States,121,103,gnb,poisson,111.68680083727588
2016,UZB,Uzbekistan,13,3,gnb,poisson,4.3417341080593514
2016,VCT,St. Vincent and the Grenadines,0,0,gnb,poisson,0.0
2016,VEN,"Venezuela, RB",3,1,gnb,poisson,5.428505659404272
2016,VIR,Virgin Islands (U.S.),0,0,gnb,poisson,0.0
2016,VNM,Viet Nam,2,0,gnb,poisson,0.0
2016,VUT,Vanuatu,0,0,gnb,poisson,0.0
2016,WSM,Samoa,0,0,gnb,poisson,0.0
2016,YEM,"Yemen, Rep.",0,0,gnb,poisson,0.0
2016,ZAF,South Africa,10,6,gnb,poisson,7.041386444797695
2016,ZMB,Zambia,0,0,gnb,poisson,0.0
2016,ZWE,Zimbabwe,0,0,gnb,poisson,0.0
2016,ABW,Aruba,0,0,gnb,svr,0.0
2016,AFG,Afghanistan,0,1,gnb,svr,0.0
2016,AGO,Angola,0,0,gnb,svr,0.0
2016,ALB,Albania,0,0,gnb,svr,0.0
2016,AND,Andorra,0,0,gnb,svr,0.0
2016,ARE,United Arab Emirates,1,0,gnb,svr,1.2512733165229832
2016,ARG,Argentina,4,4,gnb,svr,7.352532910842513
2016,ARM,Armenia,4,3,gnb,svr,2.6090320088185166
2016,ASM,American Samoa,0,0,gnb,svr,0.0
2016,ATG,Antigua and Barbuda,0,0,gnb,svr,0.0
2016,AUS,Australia,29,35,gnb,svr,34.74114762811097
2016,AUT,Austria,1,0,gnb,svr,1.8990272532959125
2016,AZE,Azerbaijan,18,10,gnb,svr,6.473851801419954
2016,BDI,Burundi,1,0,gnb,svr,0.0
2016,BEL,Belgium,6,3,gnb,svr,4.155364224155562
2016,BEN,Benin,0,0,gnb,svr,0.0
2016,BFA,Burkina Faso,0,0,gnb,svr,0.0
2016,BGD,Bangladesh,0,0,gnb,svr,1.405767397032804
2016,BGR,Bulgaria,3,2,gnb,svr,2.5604753617080007
2016,BHR,Bahrain,2,1,gnb,svr,0.0
2016,BHS,"Bahamas, The",2,1,gnb,svr,0.0
2016,BIH,Bosnia and Herzegovina,0,0,gnb,svr,0.0
2016,BLR,Belarus,9,12,gnb,svr,8.796437935368377
2016,BLZ,Belize,0,0,gnb,svr,0.0
2016,BMU,Bermuda,0,0,gnb,svr,0.0
2016,BOL,Bolivia,0,0,gnb,svr,0.0
2016,BRA,Brazil,19,17,gnb,svr,33.787761276492716
2016,BRB,Barbados,0,0,gnb,svr,0.0
2016,BRN,Brunei Darussalam,0,0,gnb,svr,0.0
2016,BTN,Bhutan,0,0,gnb,svr,0.0
2016,BWA,Botswana,0,1,gnb,svr,0.0
2016,CAF,Central African Republic,0,0,gnb,svr,0.0
2016,CAN,Canada,22,18,gnb,svr,19.838775636163685
2016,CHE,Switzerland,7,4,gnb,svr,6.303923541794028
2016,CHL,Chile,0,0,gnb,svr,0.7995799984154601
2016,CHN,China,70,88,gnb,svr,87.79645949650141
2016,CIV,Cote d'Ivoire,2,0,gnb,svr,0.0
2016,CMR,Cameroon,0,0,gnb,svr,0.0
2016,COD,"Congo, Dem. Rep.",0,0,gnb,svr,0.0
2016,COG,"Congo, Rep.",0,0,gnb,svr,0.0
2016,COL,Colombia,8,8,gnb,svr,7.596831791613802
2016,COM,Comoros,0,0,gnb,svr,0.0
2016,CPV,Cabo Verde,0,0,gnb,svr,0.0
2016,CRI,Costa Rica,0,0,gnb,svr,0.0
2016,CUB,Cuba,11,14,gnb,svr,9.886658966588975
2016,CYM,Cayman Islands,0,0,gnb,svr,0.0
2016,CYP,Cyprus,0,1,gnb,svr,0.0
2016,CZE,Czechia,10,10,gnb,svr,7.442770824083539
2016,DEU,Germany,42,44,gnb,svr,46.02590086530758
2016,DJI,Djibouti,0,0,gnb,svr,0.0
2016,DMA,Dominica,0,0,gnb,svr,0.0
2016,DNK,Denmark,15,9,gnb,svr,7.504556550186706
2016,DOM,Dominican Republic,1,2,gnb,svr,0.0
2016,DZA,Algeria,2,1,gnb,svr,1.6015726208495025
2016,ECU,Ecuador,0,0,gnb,svr,0.0
2016,EGY,"Egypt, Arab Rep.",3,2,gnb,svr,4.2627859456289485
2016,ESP,Spain,17,17,gnb,svr,20.460700133563215
2016,EST,Estonia,1,2,gnb,svr,0.0
2016,ETH,Ethiopia,8,7,gnb,svr,5.794116275974886
2016,FIN,Finland,1,3,gnb,svr,2.7742673775424507
2016,FJI,Fiji,1,0,gnb,svr,0.0
2016,FRA,France,42,35,gnb,svr,36.98703518601185
2016,FSM,"Micronesia, Fed. Sts.",0,0,gnb,svr,0.0
2016,GAB,Gabon,0,1,gnb,svr,0.0
2016,GBR,United Kingdom,67,65,gnb,svr,50.78789710042812
2016,GEO,Georgia,7,7,gnb,svr,4.975407534761466
2016,GHA,Ghana,0,0,gnb,svr,0.0
2016,GIN,Guinea,0,0,gnb,svr,0.0
2016,GMB,"Gambia, The",0,0,gnb,svr,0.0
2016,GNB,Guinea-Bissau,0,0,gnb,svr,0.0
2016,GNQ,Equatorial Guinea,0,0,gnb,svr,0.0
2016,GRC,Greece,6,2,gnb,svr,3.047043891989972
2016,GRD,Grenada,1,1,gnb,svr,0.0
2016,GTM,Guatemala,0,1,gnb,svr,0.0
2016,GUM,Guam,0,0,gnb,svr,0.0
2016,GUY,Guyana,0,0,gnb,svr,0.0
2016,HKG,"Hong Kong SAR, China",0,1,gnb,svr,1.7503938709961702
2016,HND,Honduras,0,0,gnb,svr,0.0
2016,HRV,Croatia,10,6,gnb,svr,5.142264029035388
2016,HTI,Haiti,0,0,gnb,svr,0.0
2016,HUN,Hungary,15,18,gnb,svr,13.233277635969031
2016,IDN,Indonesia,3,2,gnb,svr,1.4863384557142254
2016,IND,India,2,6,gnb,svr,12.389160358291168
2016,IRL,Ireland,2,5,gnb,svr,4.80877578498891
2016,IRN,"Iran, Islamic Rep.",8,12,gnb,svr,8.142224064917116
2016,IRQ,Iraq,0,0,gnb,svr,0.0
2016,ISL,Iceland,0,0,gnb,svr,0.0
2016,ISR,Israel,2,0,gnb,svr,1.2223964031780383
2016,ITA,Italy,28,28,gnb,svr,27.005378126059078
2016,JAM,Jamaica,11,12,gnb,svr,7.738477433699565
2016,JOR,Jordan,1,0,gnb,svr,0.0
2016,JPN,Japan,41,38,gnb,svr,41.59721643255168
2016,KAZ,Kazakhstan,18,13,gnb,svr,8.124481311936016
2016,KEN,Kenya,13,11,gnb,svr,8.253937473939665
2016,KGZ,Kyrgyz Republic,0,0,gnb,svr,0.0
2016,KHM,Cambodia,0,0,gnb,svr,0.0
2016,KIR,Kiribati,0,0,gnb,svr,0.0
2016,KNA,St. Kitts and Nevis,0,0,gnb,svr,0.0
2016,KOR,"Korea, Rep.",21,28,gnb,svr,21.519005307992696
2016,LAO,Lao PDR,0,0,gnb,svr,0.0
2016,LBN,Lebanon,0,0,gnb,svr,0.0
2016,LBR,Liberia,0,0,gnb,svr,0.0
2016,LBY,Libya,0,0,gnb,svr,0.0
2016,LCA,St. Lucia,0,0,gnb,svr,0.0
2016,LKA,Sri Lanka,0,0,gnb,svr,0.0
2016,LSO,Lesotho,0,0,gnb,svr,0.0
2016,LTU,Lithuania,4,5,gnb,svr,4.128654767400931
2016,LUX,Luxembourg,0,0,gnb,svr,0.0
2016,LVA,Latvia,0,2,gnb,svr,0.0
2016,MAR,Morocco,1,1,gnb,svr,0.0
2016,MCO,Monaco,0,0,gnb,svr,0.0
2016,MDA,Moldova,0,2,gnb,svr,0.0
2016,MDG,Madagascar,0,0,gnb,svr,0.0
2016,MDV,Maldives,0,0,gnb,svr,0.0
2016,MEX,Mexico,5,7,gnb,svr,6.074875948628218
2016,MHL,Marshall Islands,0,0,gnb,svr,0.0
2016,MKD,North Macedonia,0,0,gnb,svr,0.0
2016,MLI,Mali,0,0,gnb,svr,0.0
2016,MLT,Malta,0,0,gnb,svr,0.0
2016,MMR,Myanmar,0,0,gnb,svr,0.0
2016,MNE,Montenegro,0,1,gnb,svr,0.0
2016,MNG,Mongolia,2,5,gnb,svr,3.5313803947657263
2016,MOZ,Mozambique,0,0,gnb,svr,0.0
2016,MRT,Mauritania,0,0,gnb,svr,0.0
2016,MUS,Mauritius,0,0,gnb,svr,0.0
2016,MWI,Malawi,0,0,gnb,svr,0.0
2016,MYS,Malaysia,5,2,gnb,svr,2.2113532382384875
2016,NAM,Namibia,0,0,gnb,svr,0.0
2016,NER,Niger,1,0,gnb,svr,0.0
2016,NGA,Nigeria,1,0,gnb,svr,1.5841581705103565
2016,NIC,Nicaragua,0,0,gnb,svr,0.0
2016,NLD,Netherlands,19,20,gnb,svr,17.712761387140432
2016,NOR,Norway,4,4,gnb,svr,4.471361628854332
2016,NPL,Nepal,0,0,gnb,svr,0.0
2016,NRU,Naoero,0,0,gnb,svr,0.0
2016,NZL,New Zealand,18,13,gnb,svr,11.80243282040409
2016,OMN,Oman,0,0,gnb,svr,0.0
2016,PAK,Pakistan,0,0,gnb,svr,0.9660388224675884
2016,PAN,Panama,0,0,gnb,svr,0.0
2016,PER,Peru,0,0,gnb,svr,0.0
2016,PHL,Philippines,1,0,gnb,svr,1.3850873190173303
2016,PLW,Palau,0,0,gnb,svr,0.0
2016,PNG,Papua New Guinea,0,0,gnb,svr,0.0
2016,POL,Poland,11,10,gnb,svr,12.652267157521212
2016,PRI,Puerto Rico (US),1,2,gnb,svr,0.0
2016,PRT,Portugal,1,1,gnb,svr,2.620188392471576
2016,PRY,Paraguay,0,0,gnb,svr,0.0
2016,PSE,West Bank and Gaza,0,0,gnb,svr,0.0
2016,QAT,Qatar,1,2,gnb,svr,0.0
2016,ROU,Romania,4,9,gnb,svr,6.7767731846035275
2016,RUS,Russian Federation,56,82,gnb,svr,61.03221722752706
2016,RWA,Rwanda,0,0,gnb,svr,0.0
2016,SAU,Saudi Arabia,0,1,gnb,svr,0.5543388864783196
2016,SDN,Sudan,0,0,gnb,svr,0.0
2016,SEN,Senegal,0,0,gnb,svr,0.0
2016,SGP,Singapore,1,2,gnb,svr,2.2466475318087973
2016,SLB,Solomon Islands,0,0,gnb,svr,0.0
2016,SLE,Sierra Leone,0,0,gnb,svr,0.0
2016,SLV,El Salvador,0,0,gnb,svr,0.0
2016,SMR,San Marino,0,0,gnb,svr,0.0
2016,SOM,"Somalia, Fed. Rep.",0,0,gnb,svr,0.0
2016,SRB,Serbia,8,4,gnb,svr,4.79268691649245
2016,STP,Sao Tome and Principe,0,0,gnb,svr,0.0
2016,SUR,Suriname,0,0,gnb,svr,0.0
2016,SVK,Slovak Republic,4,4,gnb,svr,3.2176807251483552
2016,SVN,Slovenia,4,4,gnb,svr,3.5107181419013997
2016,SWE,Sweden,11,8,gnb,svr,7.724123336404936
2016,SWZ,Eswatini,0,0,gnb,svr,0.0
2016,SYC,Seychelles,0,0,gnb,svr,0.0
2016,SYR,Syrian Arab Republic,0,0,gnb,svr,0.0
2016,TCD,Chad,0,0,gnb,svr,0.0
2016,TGO,Togo,0,0,gnb,svr,0.0
2016,THA,Thailand,6,3,gnb,svr,2.849576553955636
2016,TJK,Tajikistan,1,1,gnb,svr,0.0
2016,TKM,Turkmenistan,0,0,gnb,svr,0.0
2016,TLS,Timor-Leste,0,0,gnb,svr,0.0
2016,TON,Tonga,0,0,gnb,svr,0.0
2016,TTO,Trinidad and Tobago,1,4,gnb,svr,2.893119152313666
2016,TUN,Tunisia,3,3,gnb,svr,3.355970336000496
2016,TUR,Turkiye,8,5,gnb,svr,4.865235946919064
2016,TUV,Tuvalu,0,0,gnb,svr,0.0
2016,TZA,Tanzania,0,0,gnb,svr,0.0
2016,UGA,Uganda,0,1,gnb,svr,0.0
2016,UKR,Ukraine,11,20,gnb,svr,16.67347432378764
2016,URY,Uruguay,0,0,gnb,svr,0.0
2016,USA,United States,121,103,gnb,svr,97.10209572700859
2016,UZB,Uzbekistan,13,3,gnb,svr,3.9955646117225285
2016,VCT,St. Vincent and the Grenadines,0,0,gnb,svr,0.0
2016,VEN,"Venezuela, RB",3,1,gnb,svr,4.5768872683359945
2016,VIR,Virgin Islands (U.S.),0,0,gnb,svr,0.0
2016,VNM,Viet Nam,2,0,gnb,svr,0.0
2016,VUT,Vanuatu,0,0,gnb,svr,0.0
2016,WSM,Samoa,0,0,gnb,svr,0.0
2016,YEM,"Yemen, Rep.",0,0,gnb,svr,0.0
2016,ZAF,South Africa,10,6,gnb,svr,6.101483431321206
2016,ZMB,Zambia,0,0,gnb,svr,0.0
2016,ZWE,Zimbabwe,0,0,gnb,svr,0.0
2016,ABW,Aruba,0,0,gnb,rf,0.0
2016,AFG,Afghanistan,0,1,gnb,rf,0.0
2016,AGO,Angola,0,0,gnb,rf,0.0
2016,ALB,Albania,0,0,gnb,rf,0.0
2016,AND,Andorra,0,0,gnb,rf,0.0
2016,ARE,United Arab Emirates,1,0,gnb,rf,1.5335720487124447
2016,ARG,Argentina,4,4,gnb,rf,11.171380952380956
2016,ARM,Armenia,4,3,gnb,rf,3.059425292599373
2016,ASM,American Samoa,0,0,gnb,rf,0.0
2016,ATG,Antigua and Barbuda,0,0,gnb,rf,0.0
2016,AUS,Australia,29,35,gnb,rf,35.03666666666666
2016,AUT,Austria,1,0,gnb,rf,3.5988822781482
2016,AZE,Azerbaijan,18,10,gnb,rf,7.9808234265734255
2016,BDI,Burundi,1,0,gnb,rf,0.0
2016,BEL,Belgium,6,3,gnb,rf,4.672865754574476
2016,BEN,Benin,0,0,gnb,rf,0.0
2016,BFA,Burkina Faso,0,0,gnb,rf,0.0
2016,BGD,Bangladesh,0,0,gnb,rf,3.705829803583592
2016,BGR,Bulgaria,3,2,gnb,rf,3.226542774005094
2016,BHR,Bahrain,2,1,gnb,rf,0.0
2016,BHS,"Bahamas, The",2,1,gnb,rf,0.0
2016,BIH,Bosnia and Herzegovina,0,0,gnb,rf,0.0
2016,BLR,Belarus,9,12,gnb,rf,9.37862554112554
2016,BLZ,Belize,0,0,gnb,rf,0.0
2016,BMU,Bermuda,0,0,gnb,rf,0.0
2016,BOL,Bolivia,0,0,gnb,rf,0.0
2016,BRA,Brazil,19,17,gnb,rf,41.88
2016,BRB,Barbados,0,0,gnb,rf,0.0
2016,BRN,Brunei Darussalam,0,0,gnb,rf,0.0
2016,BTN,Bhutan,0,0,gnb,rf,0.0
2016,BWA,Botswana,0,1,gnb,rf,0.0
2016,CAF,Central African Republic,0,0,gnb,rf,0.0
2016,CAN,Canada,22,18,gnb,rf,19.92614285714286
2016,CHE,Switzerland,7,4,gnb,rf,5.254796625114375
2016,CHL,Chile,0,0,gnb,rf,2.0129830112186284
2016,CHN,China,70,88,gnb,rf,82.57
2016,CIV,Cote d'Ivoire,2,0,gnb,rf,0.0
2016,CMR,Cameroon,0,0,gnb,rf,0.0
2016,COD,"Congo, Dem. Rep.",0,0,gnb,rf,0.0
2016,COG,"Congo, Rep.",0,0,gnb,rf,0.0
2016,COL,Colombia,8,8,gnb,rf,7.313449941480456
2016,COM,Comoros,0,0,gnb,rf,0.0
2016,CPV,Cabo Verde,0,0,gnb,rf,0.0
2016,CRI,Costa Rica,0,0,gnb,rf,0.0
2016,CUB,Cuba,11,14,gnb,rf,11.568342156862743
2016,CYM,Cayman Islands,0,0,gnb,rf,0.0
2016,CYP,Cyprus,0,1,gnb,rf,0.0
2016,CZE,Czechia,10,10,gnb,rf,7.6182041200711605
2016,DEU,Germany,42,44,gnb,rf,42.348333333333336
2016,DJI,Djibouti,0,0,gnb,rf,0.0
2016,DMA,Dominica,0,0,gnb,rf,0.0
2016,DNK,Denmark,15,9,gnb,rf,7.3027782957289205
2016,DOM,Dominican Republic,1,2,gnb,rf,0.0
2016,DZA,Algeria,2,1,gnb,rf,2.5086859920734472
2016,ECU,Ecuador,0,0,gnb,rf,0.0
2016,EGY,"Egypt, Arab Rep.",3,2,gnb,rf,3.608302688016352
2016,ESP,Spain,17,17,gnb,rf,17.860000000000003
2016,EST,Estonia,1,2,gnb,rf,0.0
2016,ETH,Ethiopia,8,7,gnb,rf,6.681071428571427
2016,FIN,Finland,1,3,gnb,rf,3.5851069444280173
2016,FJI,Fiji,1,0,gnb,rf,0.0
2016,FRA,France,42,35,gnb,rf,37.11636363636364
2016,FSM,"Micronesia, Fed. Sts.",0,0,gnb,rf,0.0
2016,GAB,Gabon,0,1,gnb,rf,0.0
2016,GBR,United Kingdom,67,65,gnb,rf,45.825
2016,GEO,Georgia,7,7,gnb,rf,5.86942096777311
2016,GHA,Ghana,0,0,gnb,rf,0.0
2016,GIN,Guinea,0,0,gnb,rf,0.0
2016,GMB,"Gambia, The",0,0,gnb,rf,0.0
2016,GNB,Guinea-Bissau,0,0,gnb,rf,0.0
2016,GNQ,Equatorial Guinea,0,0,gnb,rf,0.0
2016,GRC,Greece,6,2,gnb,rf,3.6120013120817975
2016,GRD,Grenada,1,1,gnb,rf,0.0
2016,GTM,Guatemala,0,1,gnb,rf,0.0
2016,GUM,Guam,0,0,gnb,rf,0.0
2016,GUY,Guyana,0,0,gnb,rf,0.0
2016,HKG,"Hong Kong SAR, China",0,1,gnb,rf,2.4317062506185376
2016,HND,Honduras,0,0,gnb,rf,0.0
2016,HRV,Croatia,10,6,gnb,rf,5.1167123854155765
2016,HTI,Haiti,0,0,gnb,rf,0.0
2016,HUN,Hungary,15,18,gnb,rf,12.876974025974025
2016,IDN,Indonesia,3,2,gnb,rf,4.8839548229548235
2016,IND,India,2,6,gnb,rf,13.784345238095238
2016,IRL,Ireland,2,5,gnb,rf,4.892076950049514
2016,IRN,"Iran, Islamic Rep.",8,12,gnb,rf,6.447396084375395
2016,IRQ,Iraq,0,0,gnb,rf,0.0
2016,ISL,Iceland,0,0,gnb,rf,0.0
2016,ISR,Israel,2,0,gnb,rf,2.6844170095465882
2016,ITA,Italy,28,28,gnb,rf,29.646363636363635
2016,JAM,Jamaica,11,12,gnb,rf,8.301582417582418
2016,JOR,Jordan,1,0,gnb,rf,0.0
2016,JPN,Japan,41,38,gnb,rf,31.070833333333336
2016,KAZ,Kazakhstan,18,13,gnb,rf,9.39489830108057
2016,KEN,Kenya,13,11,gnb,rf,7.309711715691265
2016,KGZ,Kyrgyz Republic,0,0,gnb,rf,0.0
2016,KHM,Cambodia,0,0,gnb,rf,0.0
2016,KIR,Kiribati,0,0,gnb,rf,0.0
2016,KNA,St. Kitts and Nevis,0,0,gnb,rf,0.0
2016,KOR,"Korea, Rep.",21,28,gnb,rf,24.66384615384615
2016,LAO,Lao PDR,0,0,gnb,rf,0.0
2016,LBN,Lebanon,0,0,gnb,rf,0.0
2016,LBR,Liberia,0,0,gnb,rf,0.0
2016,LBY,Libya,0,0,gnb,rf,0.0
2016,LCA,St. Lucia,0,0,gnb,rf,0.0
2016,LKA,Sri Lanka,0,0,gnb,rf,0.0
2016,LSO,Lesotho,0,0,gnb,rf,0.0
2016,LTU,Lithuania,4,5,gnb,rf,4.651075233812996
2016,LUX,Luxembourg,0,0,gnb,rf,0.0
2016,LVA,Latvia,0,2,gnb,rf,0.0
2016,MAR,Morocco,1,1,gnb,rf,0.0
2016,MCO,Monaco,0,0,gnb,rf,0.0
2016,MDA,Moldova,0,2,gnb,rf,0.0
2016,MDG,Madagascar,0,0,gnb,rf,0.0
2016,MDV,Maldives,0,0,gnb,rf,0.0
2016,MEX,Mexico,5,7,gnb,rf,6.2956945593622065
2016,MHL,Marshall Islands,0,0,gnb,rf,0.0
2016,MKD,North Macedonia,0,0,gnb,rf,0.0
2016,MLI,Mali,0,0,gnb,rf,0.0
2016,MLT,Malta,0,0,gnb,rf,0.0
2016,MMR,Myanmar,0,0,gnb,rf,0.0
2016,MNE,Montenegro,0,1,gnb,rf,0.0
2016,MNG,Mongolia,2,5,gnb,rf,4.6297894298347595
2016,MOZ,Mozambique,0,0,gnb,rf,0.0
2016,MRT,Mauritania,0,0,gnb,rf,0.0
2016,MUS,Mauritius,0,0,gnb,rf,0.0
2016,MWI,Malawi,0,0,gnb,rf,0.0
2016,MYS,Malaysia,5,2,gnb,rf,1.8854669059610034
2016,NAM,Namibia,0,0,gnb,rf,0.0
2016,NER,Niger,1,0,gnb,rf,0.0
2016,NGA,Nigeria,1,0,gnb,rf,3.336138722758248
2016,NIC,Nicaragua,0,0,gnb,rf,0.0
2016,NLD,Netherlands,19,20,gnb,rf,18.79725607725608
2016,NOR,Norway,4,4,gnb,rf,4.6744200730692835
2016,NPL,Nepal,0,0,gnb,rf,0.0
2016,NRU,Naoero,0,0,gnb,rf,0.0
2016,NZL,New Zealand,18,13,gnb,rf,10.8475
2016,OMN,Oman,0,0,gnb,rf,0.0
2016,PAK,Pakistan,0,0,gnb,rf,2.1562809729689723
2016,PAN,Panama,0,0,gnb,rf,0.0
2016,PER,Peru,0,0,gnb,rf,0.0
2016,PHL,Philippines,1,0,gnb,rf,2.0591012881874806
2016,PLW,Palau,0,0,gnb,rf,0.0
2016,PNG,Papua New Guinea,0,0,gnb,rf,0.0
2016,POL,Poland,11,10,gnb,rf,12.76468464868465
2016,PRI,Puerto Rico (US),1,2,gnb,rf,0.0
2016,PRT,Portugal,1,1,gnb,rf,3.189553728341344
2016,PRY,Paraguay,0,0,gnb,rf,0.0
2016,PSE,West Bank and Gaza,0,0,gnb,rf,0.0
2016,QAT,Qatar,1,2,gnb,rf,0.0
2016,ROU,Romania,4,9,gnb,rf,8.010431231556165
2016,RUS,Russian Federation,56,82,gnb,rf,60.34
2016,RWA,Rwanda,0,0,gnb,rf,0.0
2016,SAU,Saudi Arabia,0,1,gnb,rf,2.278365101891572
2016,SDN,Sudan,0,0,gnb,rf,0.0
2016,SEN,Senegal,0,0,gnb,rf,0.0
2016,SGP,Singapore,1,2,gnb,rf,2.3294685452096315
2016,SLB,Solomon Islands,0,0,gnb,rf,0.0
2016,SLE,Sierra Leone,0,0,gnb,rf,0.0
2016,SLV,El Salvador,0,0,gnb,rf,0.0
2016,SMR,San Marino,0,0,gnb,rf,0.0
2016,SOM,"Somalia, Fed. Rep.",0,0,gnb,rf,0.0
2016,SRB,Serbia,8,4,gnb,rf,4.831167915431756
2016,STP,Sao Tome and Principe,0,0,gnb,rf,0.0
2016,SUR,Suriname,0,0,gnb,rf,0.0
2016,SVK,Slovak Republic,4,4,gnb,rf,3.8326945435031625
2016,SVN,Slovenia,4,4,gnb,rf,3.9440226387576747
2016,SWE,Sweden,11,8,gnb,rf,7.631673234811165
2016,SWZ,Eswatini,0,0,gnb,rf,0.0
2016,SYC,Seychelles,0,0,gnb,rf,0.0
2016,SYR,Syrian Arab Republic,0,0,gnb,rf,0.0
2016,TCD,Chad,0,0,gnb,rf,0.0
2016,TGO,Togo,0,0,gnb,rf,0.0
2016,THA,Thailand,6,3,gnb,rf,4.798020381735392
2016,TJK,Tajikistan,1,1,gnb,rf,0.0
2016,TKM,Turkmenistan,0,0,gnb,rf,0.0
2016,TLS,Timor-Leste,0,0,gnb,rf,0.0
2016,TON,Tonga,0,0,gnb,rf,0.0
2016,TTO,Trinidad and Tobago,1,4,gnb,rf,3.0814253174361865
2016,TUN,Tunisia,3,3,gnb,rf,3.831719118386088
2016,TUR,Turkiye,8,5,gnb,rf,5.226843686485929
2016,TUV,Tuvalu,0,0,gnb,rf,0.0
2016,TZA,Tanzania,0,0,gnb,rf,0.0
2016,UGA,Uganda,0,1,gnb,rf,0.0
2016,UKR,Ukraine,11,20,gnb,rf,17.706476190476195
2016,URY,Uruguay,0,0,gnb,rf,0.0
2016,USA,United States,121,103,gnb,rf,100.11
2016,UZB,Uzbekistan,13,3,gnb,rf,2.714246531967859
2016,VCT,St. Vincent and the Grenadines,0,0,gnb,rf,0.0
2016,VEN,"Venezuela, RB",3,1,gnb,rf,5.177249575849745
2016,VIR,Virgin Islands (U.S.),0,0,gnb,rf,0.0
2016,VNM,Viet Nam,2,0,gnb,rf,0.0
2016,VUT,Vanuatu,0,0,gnb,rf,0.0
2016,WSM,Samoa,0,0,gnb,rf,0.0
2016,YEM,"Yemen, Rep.",0,0,gnb,rf,0.0
2016,ZAF,South Africa,10,6,gnb,rf,4.72287342980377
2016,ZMB,Zambia,0,0,gnb,rf,0.0
2016,ZWE,Zimbabwe,0,0,gnb,rf,0.0
2016,ABW,Aruba,0,0,mlp,linear,0.0
2016,AFG,Afghanistan,0,1,mlp,linear,0.0
2016,AGO,Angola,0,0,mlp,linear,0.0
2016,ALB,Albania,0,0,mlp,linear,0.0
2016,AND,Andorra,0,0,mlp,linear,0.0
2016,ARE,United Arab Emirates,1,0,mlp,linear,0.0
2016,ARG,Argentina,4,4,mlp,linear,12.163751708021609
2016,ARM,Armenia,4,3,mlp,linear,0.9758891747273104
2016,ASM,American Samoa,0,0,mlp,linear,0.0
2016,ATG,Antigua and Barbuda,0,0,mlp,linear,0.0
2016,AUS,Australia,29,35,mlp,linear,37.78310547953201
2016,AUT,Austria,1,0,mlp,linear,0.0
2016,AZE,Azerbaijan,18,10,mlp,linear,6.212633747162178
2016,BDI,Burundi,1,0,mlp,linear,0.0
2016,BEL,Belgium,6,3,mlp,linear,3.356827521049091
2016,BEN,Benin,0,0,mlp,linear,0.0
2016,BFA,Burkina Faso,0,0,mlp,linear,0.0
2016,BGD,Bangladesh,0,0,mlp,linear,0.0
2016,BGR,Bulgaria,3,2,mlp,linear,1.0893573755353518
2016,BHR,Bahrain,2,1,mlp,linear,0.0
2016,BHS,"Bahamas, The",2,1,mlp,linear,0.0
2016,BIH,Bosnia and Herzegovina,0,0,mlp,linear,0.0
2016,BLR,Belarus,9,12,mlp,linear,10.171129465452328
2016,BLZ,Belize,0,0,mlp,linear,0.0
2016,BMU,Bermuda,0,0,mlp,linear,0.0
2016,BOL,Bolivia,0,0,mlp,linear,0.0
2016,BRA,Brazil,19,17,mlp,linear,35.188340319933715
2016,BRB,Barbados,0,0,mlp,linear,0.0
2016,BRN,Brunei Darussalam,0,0,mlp,linear,0.0
2016,BTN,Bhutan,0,0,mlp,linear,0.0
2016,BWA,Botswana,0,1,mlp,linear,0.0
2016,CAF,Central African Republic,0,0,mlp,linear,0.0
2016,CAN,Canada,22,18,mlp,linear,24.89662319623027
2016,CHE,Switzerland,7,4,mlp,linear,1.674207693994365
2016,CHL,Chile,0,0,mlp,linear,0.3784722025325973
2016,CHN,China,70,88,mlp,linear,89.68094017257752
2016,CIV,Cote d'Ivoire,2,0,mlp,linear,0.0
2016,CMR,Cameroon,0,0,mlp,linear,0.0
2016,COD,"Congo, Dem. Rep.",0,0,mlp,linear,0.0
2016,COG,"Congo, Rep.",0,0,mlp,linear,0.0
2016,COL,Colombia,8,8,mlp,linear,10.176403237217803
2016,COM,Comoros,0,0,mlp,linear,0.0
2016,CPV,Cabo Verde,0,0,mlp,linear,0.0
2016,CRI,Costa Rica,0,0,mlp,linear,0.0
2016,CUB,Cuba,11,14,mlp,linear,10.838623109824745
2016,CYM,Cayman Islands,0,0,mlp,linear,0.0
2016,CYP,Cyprus,0,1,mlp,linear,0.0
2016,CZE,Czechia,10,10,mlp,linear,7.740985273847304
2016,DEU,Germany,42,44,mlp,linear,45.8070938875848
2016,DJI,Djibouti,0,0,mlp,linear,0.0
2016,DMA,Dominica,0,0,mlp,linear,0.0
2016,DNK,Denmark,15,9,mlp,linear,6.068221940203683
2016,DOM,Dominican Republic,1,2,mlp,linear,0.46423003760153847
2016,DZA,Algeria,2,1,mlp,linear,2.986725006066882
2016,ECU,Ecuador,0,0,mlp,linear,0.32638925028963506
2016,EGY,"Egypt, Arab Rep.",3,2,mlp,linear,6.735623127477856
2016,ESP,Spain,17,17,mlp,linear,23.13404259694513
2016,EST,Estonia,1,2,mlp,linear,0.3864612255869897
2016,ETH,Ethiopia,8,7,mlp,linear,4.8380104892329525
2016,FIN,Finland,1,3,mlp,linear,0.2478548262700997
2016,FJI,Fiji,1,0,mlp,linear,0.5470421517344715
2016,FRA,France,42,35,mlp,linear,38.232538230012565
2016,FSM,"Micronesia, Fed. Sts.",0,0,mlp,linear,0.0
2016,GAB,Gabon,0,1,mlp,linear,0.0
2016,GBR,United Kingdom,67,65,mlp,linear,51.91229417259558
2016,GEO,Georgia,7,7,mlp,linear,3.5109477006126006
2016,GHA,Ghana,0,0,mlp,linear,0.0
2016,GIN,Guinea,0,0,mlp,linear,0.0
2016,GMB,"Gambia, The",0,0,mlp,linear,0.0
2016,GNB,Guinea-Bissau,0,0,mlp,linear,0.0
2016,GNQ,Equatorial Guinea,0,0,mlp,linear,0.0
2016,GRC,Greece,6,2,mlp,linear,3.0387720508493086
2016,GRD,Grenada,1,1,mlp,linear,0.0
2016,GTM,Guatemala,0,1,mlp,linear,0.0
2016,GUM,Guam,0,0,mlp,linear,0.0
2016,GUY,Guyana,0,0,mlp,linear,0.0
2016,HKG,"Hong Kong SAR, China",0,1,mlp,linear,0.0
2016,HND,Honduras,0,0,mlp,linear,0.0
2016,HRV,Croatia,10,6,mlp,linear,4.533003498806913
2016,HTI,Haiti,0,0,mlp,linear,0.0
2016,HUN,Hungary,15,18,mlp,linear,14.375019756856865
2016,IDN,Indonesia,3,2,mlp,linear,0.0
2016,IND,India,2,6,mlp,linear,16.8500677026337
2016,IRL,Ireland,2,5,mlp,linear,1.39581634840588
2016,IRN,"Iran, Islamic Rep.",8,12,mlp,linear,8.78815250674084
2016,IRQ,Iraq,0,0,mlp,linear,0.0
2016,ISL,Iceland,0,0,mlp,linear,0.0
2016,ISR,Israel,2,0,mlp,linear,0.0
2016,ITA,Italy,28,28,mlp,linear,29.618153613669108
2016,JAM,Jamaica,11,12,mlp,linear,6.800019505598933
2016,JOR,Jordan,1,0,mlp,linear,0.0
2016,JPN,Japan,41,38,mlp,linear,41.627510476412226
2016,KAZ,Kazakhstan,18,13,mlp,linear,10.473760572671836
2016,KEN,Kenya,13,11,mlp,linear,8.5323950104498
2016,KGZ,Kyrgyz Republic,0,0,mlp,linear,0.0
2016,KHM,Cambodia,0,0,mlp,linear,0.0
2016,KIR,Kiribati,0,0,mlp,linear,0.0
2016,KNA,St. Kitts and Nevis,0,0,mlp,linear,0.0
2016,KOR,"Korea, Rep.",21,28,mlp,linear,23.980953869073193
2016,LAO,Lao PDR,0,0,mlp,linear,0.0
2016,LBN,Lebanon,0,0,mlp,linear,0.0
2016,LBR,Liberia,0,0,mlp,linear,0.0
2016,LBY,Libya,0,0,mlp,linear,0.0
2016,LCA,St. Lucia,0,0,mlp,linear,0.0
2016,LKA,Sri Lanka,0,0,mlp,linear,0.0
2016,LSO,Lesotho,0,0,mlp,linear,0.0
2016,LTU,Lithuania,4,5,mlp,linear,2.949755587024427
2016,LUX,Luxembourg,0,0,mlp,linear,0.0
2016,LVA,Latvia,0,2,mlp,linear,0.0
2016,MAR,Morocco,1,1,mlp,linear,1.6171469736911366
2016,MCO,Monaco,0,0,mlp,linear,0.0
2016,MDA,Moldova,0,2,mlp,linear,0.0
2016,MDG,Madagascar,0,0,mlp,linear,0.0
2016,MDV,Maldives,0,0,mlp,linear,0.0
2016,MEX,Mexico,5,7,mlp,linear,10.40282745198482
2016,MHL,Marshall Islands,0,0,mlp,linear,0.0
2016,MKD,North Macedonia,0,0,mlp,linear,0.0
2016,MLI,Mali,0,0,mlp,linear,0.0
2016,MLT,Malta,0,0,mlp,linear,0.0
2016,MMR,Myanmar,0,0,mlp,linear,0.0
2016,MNE,Montenegro,0,1,mlp,linear,0.037617353500182915
2016,MNG,Mongolia,2,5,mlp,linear,3.4051720521145317
2016,MOZ,Mozambique,0,0,mlp,linear,0.0
2016,MRT,Mauritania,0,0,mlp,linear,0.0
2016,MUS,Mauritius,0,0,mlp,linear,0.0
2016,MWI,Malawi,0,0,mlp,linear,0.0
2016,MYS,Malaysia,5,2,mlp,linear,1.337068921425665
2016,NAM,Namibia,0,0,mlp,linear,0.0
2016,NER,Niger,1,0,mlp,linear,0.0
2016,NGA,Nigeria,1,0,mlp,linear,3.900032967387318
2016,NIC,Nicaragua,0,0,mlp,linear,0.0
2016,NLD,Netherlands,19,20,mlp,linear,18.93609202663366
2016,NOR,Norway,4,4,mlp,linear,0.0
2016,NPL,Nepal,0,0,mlp,linear,0.0
2016,NRU,Naoero,0,0,mlp,linear,0.0
2016,NZL,New Zealand,18,13,mlp,linear,12.992083905275774
2016,OMN,Oman,0,0,mlp,linear,0.0
2016,PAK,Pakistan,0,0,mlp,linear,0.0
2016,PAN,Panama,0,0,mlp,linear,0.0
2016,PER,Peru,0,0,mlp,linear,0.0
2016,PHL,Philippines,1,0,mlp,linear,0.0
2016,PLW,Palau,0,0,mlp,linear,0.0
2016,PNG,Papua New Guinea,0,0,mlp,linear,0.0
2016,POL,Poland,11,10,mlp,linear,15.31312190408105
2016,PRI,Puerto Rico (US),1,2,mlp,linear,0.0
2016,PRT,Portugal,1,1,mlp,linear,2.331830845150483
2016,PRY,Paraguay,0,0,mlp,linear,0.0
2016,PSE,West Bank and Gaza,0,0,mlp,linear,0.0
2016,QAT,Qatar,1,2,mlp,linear,0.0
2016,ROU,Romania,4,9,mlp,linear,7.221048745321868
2016,RUS,Russian Federation,56,82,mlp,linear,58.76795750582334
2016,RWA,Rwanda,0,0,mlp,linear,0.0
2016,SAU,Saudi Arabia,0,1,mlp,linear,0.407254404429251
2016,SDN,Sudan,0,0,mlp,linear,0.0
2016,SEN,Senegal,0,0,mlp,linear,0.0
2016,SGP,Singapore,1,2,mlp,linear,0.0
2016,SLB,Solomon Islands,0,0,mlp,linear,0.0
2016,SLE,Sierra Leone,0,0,mlp,linear,0.0
2016,SLV,El Salvador,0,0,mlp,linear,0.0
2016,SMR,San Marino,0,0,mlp,linear,0.0
2016,SOM,"Somalia, Fed. Rep.",0,0,mlp,linear,0.0
2016,SRB,Serbia,8,4,mlp,linear,5.008465346145364
2016,STP,Sao Tome and Principe,0,0,mlp,linear,0.0
2016,SUR,Suriname,0,0,mlp,linear,0.0
2016,SVK,Slovak Republic,4,4,mlp,linear,1.9418674826208253
2016,SVN,Slovenia,4,4,mlp,linear,2.1235862303332844
2016,SWE,Sweden,11,8,mlp,linear,7.878182350928933
2016,SWZ,Eswatini,0,0,mlp,linear,0.0
2016,SYC,Seychelles,0,0,mlp,linear,0.0
2016,SYR,Syrian Arab Republic,0,0,mlp,linear,0.0
2016,TCD,Chad,0,0,mlp,linear,0.0
2016,TGO,Togo,0,0,mlp,linear,0.0
2016,THA,Thailand,6,3,mlp,linear,3.2583547541320907
2016,TJK,Tajikistan,1,1,mlp,linear,0.0
2016,TKM,Turkmenistan,0,0,mlp,linear,0.0
2016,TLS,Timor-Leste,0,0,mlp,linear,0.0
2016,TON,Tonga,0,0,mlp,linear,0.0
2016,TTO,Trinidad and Tobago,1,4,mlp,linear,0.6907194469257458
2016,TUN,Tunisia,3,3,mlp,linear,2.9497257367589462
2016,TUR,Turkiye,8,5,mlp,linear,7.399457768989901
2016,TUV,Tuvalu,0,0,mlp,linear,0.0
2016,TZA,Tanzania,0,0,mlp,linear,0.0
2016,UGA,Uganda,0,1,mlp,linear,0.0
2016,UKR,Ukraine,11,20,mlp,linear,18.765445223300702
2016,URY,Uruguay,0,0,mlp,linear,0.0
2016,USA,United States,121,103,mlp,linear,111.79613035164729
2016,UZB,Uzbekistan,13,3,mlp,linear,3.781818671924057
2016,VCT,St. Vincent and the Grenadines,0,0,mlp,linear,0.0
2016,VEN,"Venezuela, RB",3,1,mlp,linear,3.49996022544682
2016,VIR,Virgin Islands (U.S.),0,0,mlp,linear,0.0
2016,VNM,Viet Nam,2,0,mlp,linear,0.0
2016,VUT,Vanuatu,0,0,mlp,linear,0.0
2016,WSM,Samoa,0,0,mlp,linear,0.0
2016,YEM,"Yemen, Rep.",0,0,mlp,linear,0.0
2016,ZAF,South Africa,10,6,mlp,linear,8.913036858316772
2016,ZMB,Zambia,0,0,mlp,linear,0.0
2016,ZWE,Zimbabwe,0,0,mlp,linear,0.0
2016,ABW,Aruba,0,0,mlp,weighted_lr,0.0
2016,AFG,Afghanistan,0,1,mlp,weighted_lr,0.0
2016,AGO,Angola,0,0,mlp,weighted_lr,0.0
2016,ALB,Albania,0,0,mlp,weighted_lr,0.0
2016,AND,Andorra,0,0,mlp,weighted_lr,0.0
2016,ARE,United Arab Emirates,1,0,mlp,weighted_lr,0.0
2016,ARG,Argentina,4,4,mlp,weighted_lr,13.241782576496972
2016,ARM,Armenia,4,3,mlp,weighted_lr,1.40735232573096
2016,ASM,American Samoa,0,0,mlp,weighted_lr,0.0
2016,ATG,Antigua and Barbuda,0,0,mlp,weighted_lr,0.0
2016,AUS,Australia,29,35,mlp,weighted_lr,39.80285491592815
2016,AUT,Austria,1,0,mlp,weighted_lr,0.3900501337794715
2016,AZE,Azerbaijan,18,10,mlp,weighted_lr,6.416715080765105
2016,BDI,Burundi,1,0,mlp,weighted_lr,0.0
2016,BEL,Belgium,6,3,mlp,weighted_lr,3.9960438604156625
2016,BEN,Benin,0,0,mlp,weighted_lr,0.0
2016,BFA,Burkina Faso,0,0,mlp,weighted_lr,0.0
2016,BGD,Bangladesh,0,0,mlp,weighted_lr,0.0
2016,BGR,Bulgaria,3,2,mlp,weighted_lr,1.789151706747612
2016,BHR,Bahrain,2,1,mlp,weighted_lr,0.0
2016,BHS,"Bahamas, The",2,1,mlp,weighted_lr,0.0
2016,BIH,Bosnia and Herzegovina,0,0,mlp,weighted_lr,0.0
2016,BLR,Belarus,9,12,mlp,weighted_lr,10.833397104860076
2016,BLZ,Belize,0,0,mlp,weighted_lr,0.0
2016,BMU,Bermuda,0,0,mlp,weighted_lr,0.0
2016,BOL,Bolivia,0,0,mlp,weighted_lr,0.0
2016,BRA,Brazil,19,17,mlp,weighted_lr,37.417449935327866
2016,BRB,Barbados,0,0,mlp,weighted_lr,0.0
2016,BRN,Brunei Darussalam,0,0,mlp,weighted_lr,0.0
2016,BTN,Bhutan,0,0,mlp,weighted_lr,0.0
2016,BWA,Botswana,0,1,mlp,weighted_lr,0.0
2016,CAF,Central African Republic,0,0,mlp,weighted_lr,0.0
2016,CAN,Canada,22,18,mlp,weighted_lr,26.674118514409813
2016,CHE,Switzerland,7,4,mlp,weighted_lr,2.2893052058977226
2016,CHL,Chile,0,0,mlp,weighted_lr,0.6245117772741882
2016,CHN,China,70,88,mlp,weighted_lr,89.85212527886854
2016,CIV,Cote d'Ivoire,2,0,mlp,weighted_lr,0.0
2016,CMR,Cameroon,0,0,mlp,weighted_lr,0.0
2016,COD,"Congo, Dem. Rep.",0,0,mlp,weighted_lr,0.0
2016,COG,"Congo, Rep.",0,0,mlp,weighted_lr,0.0
2016,COL,Colombia,8,8,mlp,weighted_lr,10.817152387423215
2016,COM,Comoros,0,0,mlp,weighted_lr,0.0
2016,CPV,Cabo Verde,0,0,mlp,weighted_lr,0.0
2016,CRI,Costa Rica,0,0,mlp,weighted_lr,0.0
2016,CUB,Cuba,11,14,mlp,weighted_lr,11.507357643575068
2016,CYM,Cayman Islands,0,0,mlp,weighted_lr,0.0
2016,CYP,Cyprus,0,1,mlp,weighted_lr,0.0
2016,CZE,Czechia,10,10,mlp,weighted_lr,8.35229028427922
2016,DEU,Germany,42,44,mlp,weighted_lr,47.24867223246502
2016,DJI,Djibouti,0,0,mlp,weighted_lr,0.0
2016,DMA,Dominica,0,0,mlp,weighted_lr,0.0
2016,DNK,Denmark,15,9,mlp,weighted_lr,6.729101689079137
2016,DOM,Dominican Republic,1,2,mlp,weighted_lr,0.6068544083803395
2016,DZA,Algeria,2,1,mlp,weighted_lr,3.2302619561271175
2016,ECU,Ecuador,0,0,mlp,weighted_lr,0.46217131740147366
2016,EGY,"Egypt, Arab Rep.",3,2,mlp,weighted_lr,7.0753083762301365
2016,ESP,Spain,17,17,mlp,weighted_lr,24.54096083960372
2016,EST,Estonia,1,2,mlp,weighted_lr,0.8498351213077804
2016,ETH,Ethiopia,8,7,mlp,weighted_lr,4.68245121922582
2016,FIN,Finland,1,3,mlp,weighted_lr,0.7561377037840149
2016,FJI,Fiji,1,0,mlp,weighted_lr,1.011253553911132
2016,FRA,France,42,35,mlp,weighted_lr,39.79008831463313
2016,FSM,"Micronesia, Fed. Sts.",0,0,mlp,weighted_lr,0.0
2016,GAB,Gabon,0,1,mlp,weighted_lr,0.0
2016,GBR,United Kingdom,67,65,mlp,weighted_lr,53.02133168991692
2016,GEO,Georgia,7,7,mlp,weighted_lr,3.8733721148949165
2016,GHA,Ghana,0,0,mlp,weighted_lr,0.0
2016,GIN,Guinea,0,0,mlp,weighted_lr,0.0
2016,GMB,"Gambia, The",0,0,mlp,weighted_lr,0.0
2016,GNB,Guinea-Bissau,0,0,mlp,weighted_lr,0.0
2016,GNQ,Equatorial Guinea,0,0,mlp,weighted_lr,0.0
2016,GRC,Greece,6,2,mlp,weighted_lr,3.763195419078418
2016,GRD,Grenada,1,1,mlp,weighted_lr,0.0
2016,GTM,Guatemala,0,1,mlp,weighted_lr,0.0
2016,GUM,Guam,0,0,mlp,weighted_lr,0.0
2016,GUY,Guyana,0,0,mlp,weighted_lr,0.0
2016,HKG,"Hong Kong SAR, China",0,1,mlp,weighted_lr,0.0
2016,HND,Honduras,0,0,mlp,weighted_lr,0.0
2016,HRV,Croatia,10,6,mlp,weighted_lr,5.323248362889397
2016,HTI,Haiti,0,0,mlp,weighted_lr,0.0
2016,HUN,Hungary,15,18,mlp,weighted_lr,15.24319123433123
2016,IDN,Indonesia,3,2,mlp,weighted_lr,0.0
2016,IND,India,2,6,mlp,weighted_lr,16.39043798371278
2016,IRL,Ireland,2,5,mlp,weighted_lr,1.8346980021546777
2016,IRN,"Iran, Islamic Rep.",8,12,mlp,weighted_lr,8.982747841672168
2016,IRQ,Iraq,0,0,mlp,weighted_lr,0.0
2016,ISL,Iceland,0,0,mlp,weighted_lr,0.0
2016,ISR,Israel,2,0,mlp,weighted_lr,0.0
2016,ITA,Italy,28,28,mlp,weighted_lr,30.96280543204974
2016,JAM,Jamaica,11,12,mlp,weighted_lr,7.1592244639653995
2016,JOR,Jordan,1,0,mlp,weighted_lr,0.0
2016,JPN,Japan,41,38,mlp,weighted_lr,42.78826210669219
2016,KAZ,Kazakhstan,18,13,mlp,weighted_lr,10.93582470438934
2016,KEN,Kenya,13,11,mlp,weighted_lr,8.626151258112193
2016,KGZ,Kyrgyz Republic,0,0,mlp,weighted_lr,0.0
2016,KHM,Cambodia,0,0,mlp,weighted_lr,0.0
2016,KIR,Kiribati,0,0,mlp,weighted_lr,0.0
2016,KNA,St. Kitts and Nevis,0,0,mlp,weighted_lr,0.0
2016,KOR,"Korea, Rep.",21,28,mlp,weighted_lr,24.797800831172566
2016,LAO,Lao PDR,0,0,mlp,weighted_lr,0.0
2016,LBN,Lebanon,0,0,mlp,weighted_lr,0.0
2016,LBR,Liberia,0,0,mlp,weighted_lr,0.0
2016,LBY,Libya,0,0,mlp,weighted_lr,0.0
2016,LCA,St. Lucia,0,0,mlp,weighted_lr,0.0
2016,LKA,Sri Lanka,0,0,mlp,weighted_lr,0.0
2016,LSO,Lesotho,0,0,mlp,weighted_lr,0.0
2016,LTU,Lithuania,4,5,mlp,weighted_lr,3.6922046431065887
2016,LUX,Luxembourg,0,0,mlp,weighted_lr,0.0
2016,LVA,Latvia,0,2,mlp,weighted_lr,0.33365269227063976
2016,MAR,Morocco,1,1,mlp,weighted_lr,1.8333981727994129
2016,MCO,Monaco,0,0,mlp,weighted_lr,0.0
2016,MDA,Moldova,0,2,mlp,weighted_lr,0.4390000056202741
2016,MDG,Madagascar,0,0,mlp,weighted_lr,0.0
2016,MDV,Maldives,0,0,mlp,weighted_lr,0.0
2016,MEX,Mexico,5,7,mlp,weighted_lr,10.928731512968998
2016,MHL,Marshall Islands,0,0,mlp,weighted_lr,0.0
2016,MKD,North Macedonia,0,0,mlp,weighted_lr,0.0
2016,MLI,Mali,0,0,mlp,weighted_lr,0.0
2016,MLT,Malta,0,0,mlp,weighted_lr,0.0
2016,MMR,Myanmar,0,0,mlp,weighted_lr,0.0
2016,MNE,Montenegro,0,1,mlp,weighted_lr,0.41525284398836426
2016,MNG,Mongolia,2,5,mlp,weighted_lr,3.5204775647851285
2016,MOZ,Mozambique,0,0,mlp,weighted_lr,0.0
2016,MRT,Mauritania,0,0,mlp,weighted_lr,0.0
2016,MUS,Mauritius,0,0,mlp,weighted_lr,0.0
2016,MWI,Malawi,0,0,mlp,weighted_lr,0.0
2016,MYS,Malaysia,5,2,mlp,weighted_lr,1.3774098549152267
2016,NAM,Namibia,0,0,mlp,weighted_lr,0.0
2016,NER,Niger,1,0,mlp,weighted_lr,0.0
2016,NGA,Nigeria,1,0,mlp,weighted_lr,3.8753533093490606
2016,NIC,Nicaragua,0,0,mlp,weighted_lr,0.0
2016,NLD,Netherlands,19,20,mlp,weighted_lr,20.012803423375672
2016,NOR,Norway,4,4,mlp,weighted_lr,0.20279179210971954
2016,NPL,Nepal,0,0,mlp,weighted_lr,0.0
2016,NRU,Naoero,0,0,mlp,weighted_lr,0.0
2016,NZL,New Zealand,18,13,mlp,weighted_lr,13.661519971853728
2016,OMN,Oman,0,0,mlp,weighted_lr,0.0
2016,PAK,Pakistan,0,0,mlp,weighted_lr,0.0
2016,PAN,Panama,0,0,mlp,weighted_lr,0.0
2016,PER,Peru,0,0,mlp,weighted_lr,0.0
2016,PHL,Philippines,1,0,mlp,weighted_lr,0.0
2016,PLW,Palau,0,0,mlp,weighted_lr,0.0
2016,PNG,Papua New Guinea,0,0,mlp,weighted_lr,0.0
2016,POL,Poland,11,10,mlp,weighted_lr,16.47985307743221
2016,PRI,Puerto Rico (US),1,2,mlp,weighted_lr,0.0
2016,PRT,Portugal,1,1,mlp,weighted_lr,3.040073411842899
2016,PRY,Paraguay,0,0,mlp,weighted_lr,0.0
2016,PSE,West Bank and Gaza,0,0,mlp,weighted_lr,0.0
2016,QAT,Qatar,1,2,mlp,weighted_lr,0.0
2016,ROU,Romania,4,9,mlp,weighted_lr,7.921852128907594
2016,RUS,Russian Federation,56,82,mlp,weighted_lr,60.48702492870321
2016,RWA,Rwanda,0,0,mlp,weighted_lr,0.0
2016,SAU,Saudi Arabia,0,1,mlp,weighted_lr,0.11948802300339523
2016,SDN,Sudan,0,0,mlp,weighted_lr,0.0
2016,SEN,Senegal,0,0,mlp,weighted_lr,0.0
2016,SGP,Singapore,1,2,mlp,weighted_lr,0.0
2016,SLB,Solomon Islands,0,0,mlp,weighted_lr,0.0
2016,SLE,Sierra Leone,0,0,mlp,weighted_lr,0.0
2016,SLV,El Salvador,0,0,mlp,weighted_lr,0.0
2016,SMR,San Marino,0,0,mlp,weighted_lr,0.0
2016,SOM,"Somalia, Fed. Rep.",0,0,mlp,weighted_lr,0.0
2016,SRB,Serbia,8,4,mlp,weighted_lr,5.766057807464457
2016,STP,Sao Tome and Principe,0,0,mlp,weighted_lr,0.0
2016,SUR,Suriname,0,0,mlp,weighted_lr,0.0
2016,SVK,Slovak Republic,4,4,mlp,weighted_lr,2.382206092348989
2016,SVN,Slovenia,4,4,mlp,weighted_lr,2.6416128379391512
2016,SWE,Sweden,11,8,mlp,weighted_lr,8.589154663650426
2016,SWZ,Eswatini,0,0,mlp,weighted_lr,0.0
2016,SYC,Seychelles,0,0,mlp,weighted_lr,0.0
2016,SYR,Syrian Arab Republic,0,0,mlp,weighted_lr,0.0
2016,TCD,Chad,0,0,mlp,weighted_lr,0.0
2016,TGO,Togo,0,0,mlp,weighted_lr,0.0
2016,THA,Thailand,6,3,mlp,weighted_lr,3.5946083421229726
2016,TJK,Tajikistan,1,1,mlp,weighted_lr,0.0
2016,TKM,Turkmenistan,0,0,mlp,weighted_lr,0.0
2016,TLS,Timor-Leste,0,0,mlp,weighted_lr,0.0
2016,TON,Tonga,0,0,mlp,weighted_lr,0.0
2016,TTO,Trinidad and Tobago,1,4,mlp,weighted_lr,0.9984101722579624
2016,TUN,Tunisia,3,3,mlp,weighted_lr,3.2297897717939055
2016,TUR,Turkiye,8,5,mlp,weighted_lr,7.749410487646048
2016,TUV,Tuvalu,0,0,mlp,weighted_lr,0.0
2016,TZA,Tanzania,0,0,mlp,weighted_lr,0.0
2016,UGA,Uganda,0,1,mlp,weighted_lr,0.0
2016,UKR,Ukraine,11,20,mlp,weighted_lr,19.80542710614043
2016,URY,Uruguay,0,0,mlp,weighted_lr,0.0
2016,USA,United States,121,103,mlp,weighted_lr,112.99017448405125
2016,UZB,Uzbekistan,13,3,mlp,weighted_lr,3.987863544072659
2016,VCT,St. Vincent and the Grenadines,0,0,mlp,weighted_lr,0.0
2016,VEN,"Venezuela, RB",3,1,mlp,weighted_lr,3.9950254291725953
2016,VIR,Virgin Islands (U.S.),0,0,mlp,weighted_lr,0.0
2016,VNM,Viet Nam,2,0,mlp,weighted_lr,0.0
2016,VUT,Vanuatu,0,0,mlp,weighted_lr,0.0
2016,WSM,Samoa,0,0,mlp,weighted_lr,0.0
2016,YEM,"Yemen, Rep.",0,0,mlp,weighted_lr,0.0
2016,ZAF,South Africa,10,6,mlp,weighted_lr,9.537418582535892
2016,ZMB,Zambia,0,0,mlp,weighted_lr,0.0
2016,ZWE,Zimbabwe,0,0,mlp,weighted_lr,0.0
2016,ABW,Aruba,0,0,mlp,ridge,0.0
2016,AFG,Afghanistan,0,1,mlp,ridge,0.0
2016,AGO,Angola,0,0,mlp,ridge,0.0
2016,ALB,Albania,0,0,mlp,ridge,0.0
2016,AND,Andorra,0,0,mlp,ridge,0.0
2016,ARE,United Arab Emirates,1,0,mlp,ridge,0.0
2016,ARG,Argentina,4,4,mlp,ridge,14.820627426052749
2016,ARM,Armenia,4,3,mlp,ridge,2.1042849279368703
2016,ASM,American Samoa,0,0,mlp,ridge,0.0
2016,ATG,Antigua and Barbuda,0,0,mlp,ridge,0.0
2016,AUS,Australia,29,35,mlp,ridge,40.377341537980456
2016,AUT,Austria,1,0,mlp,ridge,1.5129356983614404
2016,AZE,Azerbaijan,18,10,mlp,ridge,6.684525716049661
2016,BDI,Burundi,1,0,mlp,ridge,0.0
2016,BEL,Belgium,6,3,mlp,ridge,4.97242043801128
2016,BEN,Benin,0,0,mlp,ridge,0.0
2016,BFA,Burkina Faso,0,0,mlp,ridge,0.0
2016,BGD,Bangladesh,0,0,mlp,ridge,0.0
2016,BGR,Bulgaria,3,2,mlp,ridge,2.651369462051667
2016,BHR,Bahrain,2,1,mlp,ridge,0.4588211613399249
2016,BHS,"Bahamas, The",2,1,mlp,ridge,0.0
2016,BIH,Bosnia and Herzegovina,0,0,mlp,ridge,0.0
2016,BLR,Belarus,9,12,mlp,ridge,11.19198385680647
2016,BLZ,Belize,0,0,mlp,ridge,0.0
2016,BMU,Bermuda,0,0,mlp,ridge,0.0
2016,BOL,Bolivia,0,0,mlp,ridge,0.0
2016,BRA,Brazil,19,17,mlp,ridge,39.53091153793241
2016,BRB,Barbados,0,0,mlp,ridge,0.0
2016,BRN,Brunei Darussalam,0,0,mlp,ridge,0.0
2016,BTN,Bhutan,0,0,mlp,ridge,0.0
2016,BWA,Botswana,0,1,mlp,ridge,0.0
2016,CAF,Central African Republic,0,0,mlp,ridge,0.0
2016,CAN,Canada,22,18,mlp,ridge,28.224986635823896
2016,CHE,Switzerland,7,4,mlp,ridge,3.2694506271949564
2016,CHL,Chile,0,0,mlp,ridge,1.6761572319988822
2016,CHN,China,70,88,mlp,ridge,85.60159606158973
2016,CIV,Cote d'Ivoire,2,0,mlp,ridge,0.0
2016,CMR,Cameroon,0,0,mlp,ridge,0.0
2016,COD,"Congo, Dem. Rep.",0,0,mlp,ridge,0.0
2016,COG,"Congo, Rep.",0,0,mlp,ridge,0.0
2016,COL,Colombia,8,8,mlp,ridge,11.673373683223963
2016,COM,Comoros,0,0,mlp,ridge,0.0
2016,CPV,Cabo Verde,0,0,mlp,ridge,0.0
2016,CRI,Costa Rica,0,0,mlp,ridge,0.0
2016,CUB,Cuba,11,14,mlp,ridge,11.692926391809056
2016,CYM,Cayman Islands,0,0,mlp,ridge,0.0
2016,CYP,Cyprus,0,1,mlp,ridge,0.0
2016,CZE,Czechia,10,10,mlp,ridge,8.797984591805596
2016,DEU,Germany,42,44,mlp,ridge,45.56962423663303
2016,DJI,Djibouti,0,0,mlp,ridge,0.0
2016,DMA,Dominica,0,0,mlp,ridge,0.0
2016,DNK,Denmark,15,9,mlp,ridge,7.3875775243621735
2016,DOM,Dominican Republic,1,2,mlp,ridge,1.3681459484672551
2016,DZA,Algeria,2,1,mlp,ridge,4.524098414985456
2016,ECU,Ecuador,0,0,mlp,ridge,1.4388079603104007
2016,EGY,"Egypt, Arab Rep.",3,2,mlp,ridge,8.341498048215824
2016,ESP,Spain,17,17,mlp,ridge,25.026791312947577
2016,EST,Estonia,1,2,mlp,ridge,1.7235094643776314
2016,ETH,Ethiopia,8,7,mlp,ridge,5.364403468978835
2016,FIN,Finland,1,3,mlp,ridge,1.6559240499485206
2016,FJI,Fiji,1,0,mlp,ridge,2.0134150509650404
2016,FRA,France,42,35,mlp,ridge,38.963621862676085
2016,FSM,"Micronesia, Fed. Sts.",0,0,mlp,ridge,0.0
2016,GAB,Gabon,0,1,mlp,ridge,0.0
2016,GBR,United Kingdom,67,65,mlp,ridge,49.736603180714404
2016,GEO,Georgia,7,7,mlp,ridge,4.3073767669030465
2016,GHA,Ghana,0,0,mlp,ridge,0.0
2016,GIN,Guinea,0,0,mlp,ridge,0.0
2016,GMB,"Gambia, The",0,0,mlp,ridge,0.0
2016,GNB,Guinea-Bissau,0,0,mlp,ridge,0.0
2016,GNQ,Equatorial Guinea,0,0,mlp,ridge,0.0
2016,GRC,Greece,6,2,mlp,ridge,4.775532091942416
2016,GRD,Grenada,1,1,mlp,ridge,0.0
2016,GTM,Guatemala,0,1,mlp,ridge,0.0
2016,GUM,Guam,0,0,mlp,ridge,0.0
2016,GUY,Guyana,0,0,mlp,ridge,0.0
2016,HKG,"Hong Kong SAR, China",0,1,mlp,ridge,0.0
2016,HND,Honduras,0,0,mlp,ridge,0.0
2016,HRV,Croatia,10,6,mlp,ridge,6.0098744974098555
2016,HTI,Haiti,0,0,mlp,ridge,0.0
2016,HUN,Hungary,15,18,mlp,ridge,15.26106147476723
2016,IDN,Indonesia,3,2,mlp,ridge,0.0
2016,IND,India,2,6,mlp,ridge,18.790149982269142
2016,IRL,Ireland,2,5,mlp,ridge,2.683152360024554
2016,IRN,"Iran, Islamic Rep.",8,12,mlp,ridge,9.326937723062677
2016,IRQ,Iraq,0,0,mlp,ridge,0.0
2016,ISL,Iceland,0,0,mlp,ridge,0.0
2016,ISR,Israel,2,0,mlp,ridge,0.43865364563099263
2016,ITA,Italy,28,28,mlp,ridge,30.4657613503441
2016,JAM,Jamaica,11,12,mlp,ridge,7.267807523279959
2016,JOR,Jordan,1,0,mlp,ridge,0.0
2016,JPN,Japan,41,38,mlp,ridge,40.91014339146144
2016,KAZ,Kazakhstan,18,13,mlp,ridge,11.491923881118105
2016,KEN,Kenya,13,11,mlp,ridge,8.999023575229009
2016,KGZ,Kyrgyz Republic,0,0,mlp,ridge,0.0
2016,KHM,Cambodia,0,0,mlp,ridge,0.0
2016,KIR,Kiribati,0,0,mlp,ridge,0.0
2016,KNA,St. Kitts and Nevis,0,0,mlp,ridge,0.0
2016,KOR,"Korea, Rep.",21,28,mlp,ridge,23.98473630401464
2016,LAO,Lao PDR,0,0,mlp,ridge,0.0
2016,LBN,Lebanon,0,0,mlp,ridge,0.0
2016,LBR,Liberia,0,0,mlp,ridge,0.0
2016,LBY,Libya,0,0,mlp,ridge,0.0
2016,LCA,St. Lucia,0,0,mlp,ridge,0.0
2016,LKA,Sri Lanka,0,0,mlp,ridge,0.0
2016,LSO,Lesotho,0,0,mlp,ridge,0.0
2016,LTU,Lithuania,4,5,mlp,ridge,4.400931062219614
2016,LUX,Luxembourg,0,0,mlp,ridge,0.0
2016,LVA,Latvia,0,2,mlp,ridge,1.1449341953094763
2016,MAR,Morocco,1,1,mlp,ridge,2.8123197751952755
2016,MCO,Monaco,0,0,mlp,ridge,0.0
2016,MDA,Moldova,0,2,mlp,ridge,1.1816056765372824
2016,MDG,Madagascar,0,0,mlp,ridge,0.0
2016,MDV,Maldives,0,0,mlp,ridge,0.0
2016,MEX,Mexico,5,7,mlp,ridge,11.800547846795217
2016,MHL,Marshall Islands,0,0,mlp,ridge,0.0
2016,MKD,North Macedonia,0,0,mlp,ridge,0.0
2016,MLI,Mali,0,0,mlp,ridge,0.0
2016,MLT,Malta,0,0,mlp,ridge,0.0
2016,MMR,Myanmar,0,0,mlp,ridge,0.0
2016,MNE,Montenegro,0,1,mlp,ridge,1.284123017662532
2016,MNG,Mongolia,2,5,mlp,ridge,4.317207889336428
2016,MOZ,Mozambique,0,0,mlp,ridge,0.0
2016,MRT,Mauritania,0,0,mlp,ridge,0.0
2016,MUS,Mauritius,0,0,mlp,ridge,0.0
2016,MWI,Malawi,0,0,mlp,ridge,0.0
2016,MYS,Malaysia,5,2,mlp,ridge,2.1760008729985216
2016,NAM,Namibia,0,0,mlp,ridge,0.0
2016,NER,Niger,1,0,mlp,ridge,0.0
2016,NGA,Nigeria,1,0,mlp,ridge,5.213431520232023
2016,NIC,Nicaragua,0,0,mlp,ridge,0.0
2016,NLD,Netherlands,19,20,mlp,ridge,20.11398388473615
2016,NOR,Norway,4,4,mlp,ridge,1.1313297238727653
2016,NPL,Nepal,0,0,mlp,ridge,0.0
2016,NRU,Naoero,0,0,mlp,ridge,0.0
2016,NZL,New Zealand,18,13,mlp,ridge,14.292860709528611
2016,OMN,Oman,0,0,mlp,ridge,0.0
2016,PAK,Pakistan,0,0,mlp,ridge,0.0
2016,PAN,Panama,0,0,mlp,ridge,0.0
2016,PER,Peru,0,0,mlp,ridge,0.0
2016,PHL,Philippines,1,0,mlp,ridge,0.0
2016,PLW,Palau,0,0,mlp,ridge,0.0
2016,PNG,Papua New Guinea,0,0,mlp,ridge,0.0
2016,POL,Poland,11,10,mlp,ridge,17.352350643895583
2016,PRI,Puerto Rico (US),1,2,mlp,ridge,0.7870743270467209
2016,PRT,Portugal,1,1,mlp,ridge,4.1183110182456275
2016,PRY,Paraguay,0,0,mlp,ridge,0.0
2016,PSE,West Bank and Gaza,0,0,mlp,ridge,0.0
2016,QAT,Qatar,1,2,mlp,ridge,0.0
2016,ROU,Romania,4,9,mlp,ridge,8.415580319851156
2016,RUS,Russian Federation,56,82,mlp,ridge,58.25069656625605
2016,RWA,Rwanda,0,0,mlp,ridge,0.0
2016,SAU,Saudi Arabia,0,1,mlp,ridge,1.108071857511172
2016,SDN,Sudan,0,0,mlp,ridge,0.0
2016,SEN,Senegal,0,0,mlp,ridge,0.0
2016,SGP,Singapore,1,2,mlp,ridge,0.0
2016,SLB,Solomon Islands,0,0,mlp,ridge,0.0
2016,SLE,Sierra Leone,0,0,mlp,ridge,0.0
2016,SLV,El Salvador,0,0,mlp,ridge,0.0
2016,SMR,San Marino,0,0,mlp,ridge,0.0
2016,SOM,"Somalia, Fed. Rep.",0,0,mlp,ridge,0.0
2016,SRB,Serbia,8,4,mlp,ridge,6.65215500986682
2016,STP,Sao Tome and Principe,0,0,mlp,ridge,0.0
2016,SUR,Suriname,0,0,mlp,ridge,0.0
2016,SVK,Slovak Republic,4,4,mlp,ridge,3.1046623489671052
2016,SVN,Slovenia,4,4,mlp,ridge,3.42658623807465
2016,SWE,Sweden,11,8,mlp,ridge,9.423736747525997
2016,SWZ,Eswatini,0,0,mlp,ridge,0.0
2016,SYC,Seychelles,0,0,mlp,ridge,0.0
2016,SYR,Syrian Arab Republic,0,0,mlp,ridge,0.0
2016,TCD,Chad,0,0,mlp,ridge,0.0
2016,TGO,Togo,0,0,mlp,ridge,0.0
2016,THA,Thailand,6,3,mlp,ridge,4.432218511368991
2016,TJK,Tajikistan,1,1,mlp,ridge,0.0
2016,TKM,Turkmenistan,0,0,mlp,ridge,0.0
2016,TLS,Timor-Leste,0,0,mlp,ridge,0.0
2016,TON,Tonga,0,0,mlp,ridge,0.0
2016,TTO,Trinidad and Tobago,1,4,mlp,ridge,1.6515100708789099
2016,TUN,Tunisia,3,3,mlp,ridge,4.051303556011638
2016,TUR,Turkiye,8,5,mlp,ridge,8.540668054699925
2016,TUV,Tuvalu,0,0,mlp,ridge,0.0
2016,TZA,Tanzania,0,0,mlp,ridge,0.0
2016,UGA,Uganda,0,1,mlp,ridge,0.0
2016,UKR,Ukraine,11,20,mlp,ridge,19.93354452961661
2016,URY,Uruguay,0,0,mlp,ridge,0.0
2016,USA,United States,121,103,mlp,ridge,104.90805256747514
2016,UZB,Uzbekistan,13,3,mlp,ridge,4.888972824750012
2016,VCT,St. Vincent and the Grenadines,0,0,mlp,ridge,0.0
2016,VEN,"Venezuela, RB",3,1,mlp,ridge,5.1622023169946445
2016,VIR,Virgin Islands (U.S.),0,0,mlp,ridge,0.0
2016,VNM,Viet Nam,2,0,mlp,ridge,0.0
2016,VUT,Vanuatu,0,0,mlp,ridge,0.0
2016,WSM,Samoa,0,0,mlp,ridge,0.0
2016,YEM,"Yemen, Rep.",0,0,mlp,ridge,0.0
2016,ZAF,South Africa,10,6,mlp,ridge,10.53244074561064
2016,ZMB,Zambia,0,0,mlp,ridge,0.0
2016,ZWE,Zimbabwe,0,0,mlp,ridge,0.0
2016,ABW,Aruba,0,0,mlp,lasso,0.0
2016,AFG,Afghanistan,0,1,mlp,lasso,0.0
2016,AGO,Angola,0,0,mlp,lasso,0.0
2016,ALB,Albania,0,0,mlp,lasso,0.0
2016,AND,Andorra,0,0,mlp,lasso,0.0
2016,ARE,United Arab Emirates,1,0,mlp,lasso,0.0
2016,ARG,Argentina,4,4,mlp,lasso,13.615127904173669
2016,ARM,Armenia,4,3,mlp,lasso,2.3471092388749746
2016,ASM,American Samoa,0,0,mlp,lasso,0.0
2016,ATG,Antigua and Barbuda,0,0,mlp,lasso,0.0
2016,AUS,Australia,29,35,mlp,lasso,39.46953373248725
2016,AUT,Austria,1,0,mlp,lasso,1.3617355265552344
2016,AZE,Azerbaijan,18,10,mlp,lasso,7.296600337325722
2016,BDI,Burundi,1,0,mlp,lasso,0.0
2016,BEL,Belgium,6,3,mlp,lasso,4.8356519298436496
2016,BEN,Benin,0,0,mlp,lasso,0.0
2016,BFA,Burkina Faso,0,0,mlp,lasso,0.0
2016,BGD,Bangladesh,0,0,mlp,lasso,0.0
2016,BGR,Bulgaria,3,2,mlp,lasso,2.698164193158865
2016,BHR,Bahrain,2,1,mlp,lasso,0.6805751526878208
2016,BHS,"Bahamas, The",2,1,mlp,lasso,0.0
2016,BIH,Bosnia and Herzegovina,0,0,mlp,lasso,0.0
2016,BLR,Belarus,9,12,mlp,lasso,11.558131095037904
2016,BLZ,Belize,0,0,mlp,lasso,0.0
2016,BMU,Bermuda,0,0,mlp,lasso,0.0
2016,BOL,Bolivia,0,0,mlp,lasso,0.0
2016,BRA,Brazil,19,17,mlp,lasso,36.78204579455947
2016,BRB,Barbados,0,0,mlp,lasso,0.0
2016,BRN,Brunei Darussalam,0,0,mlp,lasso,0.0
2016,BTN,Bhutan,0,0,mlp,lasso,0.0
2016,BWA,Botswana,0,1,mlp,lasso,0.0
2016,CAF,Central African Republic,0,0,mlp,lasso,0.0
2016,CAN,Canada,22,18,mlp,lasso,26.403333523109154
2016,CHE,Switzerland,7,4,mlp,lasso,3.2634278031558903
2016,CHL,Chile,0,0,mlp,lasso,1.5454697712698273
2016,CHN,China,70,88,mlp,lasso,87.21027902248622
2016,CIV,Cote d'Ivoire,2,0,mlp,lasso,0.0
2016,CMR,Cameroon,0,0,mlp,lasso,0.0
2016,COD,"Congo, Dem. Rep.",0,0,mlp,lasso,0.0
2016,COG,"Congo, Rep.",0,0,mlp,lasso,0.0
2016,COL,Colombia,8,8,mlp,lasso,11.486000458302792
2016,COM,Comoros,0,0,mlp,lasso,0.0
2016,CPV,Cabo Verde,0,0,mlp,lasso,0.0
2016,CRI,Costa Rica,0,0,mlp,lasso,0.0
2016,CUB,Cuba,11,14,mlp,lasso,12.254038902048165
2016,CYM,Cayman Islands,0,0,mlp,lasso,0.0
2016,CYP,Cyprus,0,1,mlp,lasso,0.0
2016,CZE,Czechia,10,10,mlp,lasso,9.165391185821273
2016,DEU,Germany,42,44,mlp,lasso,46.306238720040035
2016,DJI,Djibouti,0,0,mlp,lasso,0.0
2016,DMA,Dominica,0,0,mlp,lasso,0.0
2016,DNK,Denmark,15,9,mlp,lasso,7.656225372223557
2016,DOM,Dominican Republic,1,2,mlp,lasso,1.631410636015124
2016,DZA,Algeria,2,1,mlp,lasso,4.087505542956793
2016,ECU,Ecuador,0,0,mlp,lasso,1.4159662577832748
2016,EGY,"Egypt, Arab Rep.",3,2,mlp,lasso,7.88178728394054
2016,ESP,Spain,17,17,mlp,lasso,24.60228444000527
2016,EST,Estonia,1,2,mlp,lasso,1.853806119636106
2016,ETH,Ethiopia,8,7,mlp,lasso,5.783311358375682
2016,FIN,Finland,1,3,mlp,lasso,1.782074330543706
2016,FJI,Fiji,1,0,mlp,lasso,1.943886984156748
2016,FRA,France,42,35,mlp,lasso,39.244478846268905
2016,FSM,"Micronesia, Fed. Sts.",0,0,mlp,lasso,0.0
2016,GAB,Gabon,0,1,mlp,lasso,0.0
2016,GBR,United Kingdom,67,65,mlp,lasso,52.43413574817717
2016,GEO,Georgia,7,7,mlp,lasso,4.815402347073378
2016,GHA,Ghana,0,0,mlp,lasso,0.0
2016,GIN,Guinea,0,0,mlp,lasso,0.0
2016,GMB,"Gambia, The",0,0,mlp,lasso,0.0
2016,GNB,Guinea-Bissau,0,0,mlp,lasso,0.0
2016,GNQ,Equatorial Guinea,0,0,mlp,lasso,0.0
2016,GRC,Greece,6,2,mlp,lasso,4.587634889541031
2016,GRD,Grenada,1,1,mlp,lasso,0.0
2016,GTM,Guatemala,0,1,mlp,lasso,0.0
2016,GUM,Guam,0,0,mlp,lasso,0.0
2016,GUY,Guyana,0,0,mlp,lasso,0.0
2016,HKG,"Hong Kong SAR, China",0,1,mlp,lasso,0.0
2016,HND,Honduras,0,0,mlp,lasso,0.0
2016,HRV,Croatia,10,6,mlp,lasso,6.183007716699966
2016,HTI,Haiti,0,0,mlp,lasso,0.0
2016,HUN,Hungary,15,18,mlp,lasso,15.920264457957394
2016,IDN,Indonesia,3,2,mlp,lasso,0.0
2016,IND,India,2,6,mlp,lasso,18.081133704654135
2016,IRL,Ireland,2,5,mlp,lasso,2.9053601275105283
2016,IRN,"Iran, Islamic Rep.",8,12,mlp,lasso,9.814748127344336
2016,IRQ,Iraq,0,0,mlp,lasso,0.0
2016,ISL,Iceland,0,0,mlp,lasso,0.0
2016,ISR,Israel,2,0,mlp,lasso,0.46144128166815435
2016,ITA,Italy,28,28,mlp,lasso,30.787511764101197
2016,JAM,Jamaica,11,12,mlp,lasso,8.063269716679324
2016,JOR,Jordan,1,0,mlp,lasso,0.0
2016,JPN,Japan,41,38,mlp,lasso,41.46338057473213
2016,KAZ,Kazakhstan,18,13,mlp,lasso,11.652787628403589
2016,KEN,Kenya,13,11,mlp,lasso,9.531676591270715
2016,KGZ,Kyrgyz Republic,0,0,mlp,lasso,0.0
2016,KHM,Cambodia,0,0,mlp,lasso,0.0
2016,KIR,Kiribati,0,0,mlp,lasso,0.0
2016,KNA,St. Kitts and Nevis,0,0,mlp,lasso,0.0
2016,KOR,"Korea, Rep.",21,28,mlp,lasso,24.963206772727816
2016,LAO,Lao PDR,0,0,mlp,lasso,0.0
2016,LBN,Lebanon,0,0,mlp,lasso,0.0
2016,LBR,Liberia,0,0,mlp,lasso,0.0
2016,LBY,Libya,0,0,mlp,lasso,0.0
2016,LCA,St. Lucia,0,0,mlp,lasso,0.0
2016,LKA,Sri Lanka,0,0,mlp,lasso,0.0
2016,LSO,Lesotho,0,0,mlp,lasso,0.0
2016,LTU,Lithuania,4,5,mlp,lasso,4.597088835998309
2016,LUX,Luxembourg,0,0,mlp,lasso,0.0
2016,LVA,Latvia,0,2,mlp,lasso,1.32083865245575
2016,MAR,Morocco,1,1,mlp,lasso,2.7640823204958505
2016,MCO,Monaco,0,0,mlp,lasso,0.0
2016,MDA,Moldova,0,2,mlp,lasso,1.4080680852507843
2016,MDG,Madagascar,0,0,mlp,lasso,0.0
2016,MDV,Maldives,0,0,mlp,lasso,0.0
2016,MEX,Mexico,5,7,mlp,lasso,11.416739116550188
2016,MHL,Marshall Islands,0,0,mlp,lasso,0.0
2016,MKD,North Macedonia,0,0,mlp,lasso,0.0
2016,MLI,Mali,0,0,mlp,lasso,0.0
2016,MLT,Malta,0,0,mlp,lasso,0.0
2016,MMR,Myanmar,0,0,mlp,lasso,0.0
2016,MNE,Montenegro,0,1,mlp,lasso,1.3977766544048347
2016,MNG,Mongolia,2,5,mlp,lasso,4.4332234318498465
2016,MOZ,Mozambique,0,0,mlp,lasso,0.0
2016,MRT,Mauritania,0,0,mlp,lasso,0.0
2016,MUS,Mauritius,0,0,mlp,lasso,0.0
2016,MWI,Malawi,0,0,mlp,lasso,0.0
2016,MYS,Malaysia,5,2,mlp,lasso,2.33407455027897
2016,NAM,Namibia,0,0,mlp,lasso,0.0
2016,NER,Niger,1,0,mlp,lasso,0.0
2016,NGA,Nigeria,1,0,mlp,lasso,4.85725926791925
2016,NIC,Nicaragua,0,0,mlp,lasso,0.0
2016,NLD,Netherlands,19,20,mlp,lasso,20.45924707984872
2016,NOR,Norway,4,4,mlp,lasso,1.3037715325172474
2016,NPL,Nepal,0,0,mlp,lasso,0.0
2016,NRU,Naoero,0,0,mlp,lasso,0.0
2016,NZL,New Zealand,18,13,mlp,lasso,14.420472178471051
2016,OMN,Oman,0,0,mlp,lasso,0.0
2016,PAK,Pakistan,0,0,mlp,lasso,0.0
2016,PAN,Panama,0,0,mlp,lasso,0.0
2016,PER,Peru,0,0,mlp,lasso,0.0
2016,PHL,Philippines,1,0,mlp,lasso,0.0
2016,PLW,Palau,0,0,mlp,lasso,0.0
2016,PNG,Papua New Guinea,0,0,mlp,lasso,0.0
2016,POL,Poland,11,10,mlp,lasso,16.91821904415117
2016,PRI,Puerto Rico (US),1,2,mlp,lasso,0.9041772243976229
2016,PRT,Portugal,1,1,mlp,lasso,3.8912872525270714
2016,PRY,Paraguay,0,0,mlp,lasso,0.0
2016,PSE,West Bank and Gaza,0,0,mlp,lasso,0.0
2016,QAT,Qatar,1,2,mlp,lasso,0.0
2016,ROU,Romania,4,9,mlp,lasso,8.708829721889721
2016,RUS,Russian Federation,56,82,mlp,lasso,59.927072253143145
2016,RWA,Rwanda,0,0,mlp,lasso,0.0
2016,SAU,Saudi Arabia,0,1,mlp,lasso,0.9991112040927757
2016,SDN,Sudan,0,0,mlp,lasso,0.0
2016,SEN,Senegal,0,0,mlp,lasso,0.0
2016,SGP,Singapore,1,2,mlp,lasso,0.0
2016,SLB,Solomon Islands,0,0,mlp,lasso,0.0
2016,SLE,Sierra Leone,0,0,mlp,lasso,0.0
2016,SLV,El Salvador,0,0,mlp,lasso,0.0
2016,SMR,San Marino,0,0,mlp,lasso,0.0
2016,SOM,"Somalia, Fed. Rep.",0,0,mlp,lasso,0.0
2016,SRB,Serbia,8,4,mlp,lasso,6.5737443267694955
2016,STP,Sao Tome and Principe,0,0,mlp,lasso,0.0
2016,SUR,Suriname,0,0,mlp,lasso,0.0
2016,SVK,Slovak Republic,4,4,mlp,lasso,3.336951256345344
2016,SVN,Slovenia,4,4,mlp,lasso,3.6146394448690717
2016,SWE,Sweden,11,8,mlp,lasso,9.361937712568471
2016,SWZ,Eswatini,0,0,mlp,lasso,0.0
2016,SYC,Seychelles,0,0,mlp,lasso,0.0
2016,SYR,Syrian Arab Republic,0,0,mlp,lasso,0.0
2016,TCD,Chad,0,0,mlp,lasso,0.0
2016,TGO,Togo,0,0,mlp,lasso,0.0
2016,THA,Thailand,6,3,mlp,lasso,4.459101542589815
2016,TJK,Tajikistan,1,1,mlp,lasso,0.0
2016,TKM,Turkmenistan,0,0,mlp,lasso,0.0
2016,TLS,Timor-Leste,0,0,mlp,lasso,0.0
2016,TON,Tonga,0,0,mlp,lasso,0.0
2016,TTO,Trinidad and Tobago,1,4,mlp,lasso,1.970275454834848
2016,TUN,Tunisia,3,3,mlp,lasso,4.137955502038163
2016,TUR,Turkiye,8,5,mlp,lasso,8.387663160091765
2016,TUV,Tuvalu,0,0,mlp,lasso,0.0
2016,TZA,Tanzania,0,0,mlp,lasso,0.0
2016,UGA,Uganda,0,1,mlp,lasso,0.0
2016,UKR,Ukraine,11,20,mlp,lasso,20.36563916399714
2016,URY,Uruguay,0,0,mlp,lasso,0.0
2016,USA,United States,121,103,mlp,lasso,106.02593675858758
2016,UZB,Uzbekistan,13,3,mlp,lasso,4.9172119563453
2016,VCT,St. Vincent and the Grenadines,0,0,mlp,lasso,0.0
2016,VEN,"Venezuela, RB",3,1,mlp,lasso,4.710896842947103
2016,VIR,Virgin Islands (U.S.),0,0,mlp,lasso,0.0
2016,VNM,Viet Nam,2,0,mlp,lasso,0.0
2016,VUT,Vanuatu,0,0,mlp,lasso,0.0
2016,WSM,Samoa,0,0,mlp,lasso,0.0
2016,YEM,"Yemen, Rep.",0,0,mlp,lasso,0.0
2016,ZAF,South Africa,10,6,mlp,lasso,10.210425301160525
2016,ZMB,Zambia,0,0,mlp,lasso,0.0
2016,ZWE,Zimbabwe,0,0,mlp,lasso,0.0
2016,ABW,Aruba,0,0,mlp,poisson,0.0
2016,AFG,Afghanistan,0,1,mlp,poisson,0.0
2016,AGO,Angola,0,0,mlp,poisson,0.0
2016,ALB,Albania,0,0,mlp,poisson,0.0
2016,AND,Andorra,0,0,mlp,poisson,0.0
2016,ARE,United Arab Emirates,1,0,mlp,poisson,1.9258346744442858
2016,ARG,Argentina,4,4,mlp,poisson,10.252525483295836
2016,ARM,Armenia,4,3,mlp,poisson,5.23773753853452
2016,ASM,American Samoa,0,0,mlp,poisson,0.0
2016,ATG,Antigua and Barbuda,0,0,mlp,poisson,0.0
2016,AUS,Australia,29,35,mlp,poisson,33.743416581945645
2016,AUT,Austria,1,0,mlp,poisson,5.215675167890311
2016,AZE,Azerbaijan,18,10,mlp,poisson,4.660597201611152
2016,BDI,Burundi,1,0,mlp,poisson,0.0
2016,BEL,Belgium,6,3,mlp,poisson,6.878913187260555
2016,BEN,Benin,0,0,mlp,poisson,0.0
2016,BFA,Burkina Faso,0,0,mlp,poisson,0.0
2016,BGD,Bangladesh,0,0,mlp,poisson,0.0
2016,BGR,Bulgaria,3,2,mlp,poisson,6.861746128087591
2016,BHR,Bahrain,2,1,mlp,poisson,2.5123221251750225
2016,BHS,"Bahamas, The",2,1,mlp,poisson,4.428082754404259
2016,BIH,Bosnia and Herzegovina,0,0,mlp,poisson,0.0
2016,BLR,Belarus,9,12,mlp,poisson,7.812983578744943
2016,BLZ,Belize,0,0,mlp,poisson,0.0
2016,BMU,Bermuda,0,0,mlp,poisson,0.0
2016,BOL,Bolivia,0,0,mlp,poisson,0.0
2016,BRA,Brazil,19,17,mlp,poisson,40.132092441980866
2016,BRB,Barbados,0,0,mlp,poisson,0.0
2016,BRN,Brunei Darussalam,0,0,mlp,poisson,0.0
2016,BTN,Bhutan,0,0,mlp,poisson,0.0
2016,BWA,Botswana,0,1,mlp,poisson,0.0
2016,CAF,Central African Republic,0,0,mlp,poisson,0.0
2016,CAN,Canada,22,18,mlp,poisson,18.80526962387369
2016,CHE,Switzerland,7,4,mlp,poisson,6.7819634297098235
2016,CHL,Chile,0,0,mlp,poisson,4.135820960210867
2016,CHN,China,70,88,mlp,poisson,66.68472298970725
2016,CIV,Cote d'Ivoire,2,0,mlp,poisson,0.0
2016,CMR,Cameroon,0,0,mlp,poisson,0.0
2016,COD,"Congo, Dem. Rep.",0,0,mlp,poisson,0.0
2016,COG,"Congo, Rep.",0,0,mlp,poisson,0.0
2016,COL,Colombia,8,8,mlp,poisson,7.351403089255017
2016,COM,Comoros,0,0,mlp,poisson,0.0
2016,CPV,Cabo Verde,0,0,mlp,poisson,0.0
2016,CRI,Costa Rica,0,0,mlp,poisson,0.0
2016,CUB,Cuba,11,14,mlp,poisson,8.161282935835475
2016,CYM,Cayman Islands,0,0,mlp,poisson,0.0
2016,CYP,Cyprus,0,1,mlp,poisson,0.0
2016,CZE,Czechia,10,10,mlp,poisson,7.282167730500727
2016,DEU,Germany,42,44,mlp,poisson,39.04780633384777
2016,DJI,Djibouti,0,0,mlp,poisson,0.0
2016,DMA,Dominica,0,0,mlp,poisson,0.0
2016,DNK,Denmark,15,9,mlp,poisson,7.574838158410768
2016,DOM,Dominican Republic,1,2,mlp,poisson,3.9153853935551672
2016,DZA,Algeria,2,1,mlp,poisson,3.939521400159002
2016,ECU,Ecuador,0,0,mlp,poisson,3.7674728952888747
2016,EGY,"Egypt, Arab Rep.",3,2,mlp,poisson,5.306905372923367
2016,ESP,Spain,17,17,mlp,poisson,21.20579697235106
2016,EST,Estonia,1,2,mlp,poisson,5.36673852313065
2016,ETH,Ethiopia,8,7,mlp,poisson,3.26146534901855
2016,FIN,Finland,1,3,mlp,poisson,5.674294116262221
2016,FJI,Fiji,1,0,mlp,poisson,5.263148826289043
2016,FRA,France,42,35,mlp,poisson,35.45599948392458
2016,FSM,"Micronesia, Fed. Sts.",0,0,mlp,poisson,0.0
2016,GAB,Gabon,0,1,mlp,poisson,0.0
2016,GBR,United Kingdom,67,65,mlp,poisson,34.21493070557087
2016,GEO,Georgia,7,7,mlp,poisson,5.192999369417067
2016,GHA,Ghana,0,0,mlp,poisson,0.0
2016,GIN,Guinea,0,0,mlp,poisson,0.0
2016,GMB,"Gambia, The",0,0,mlp,poisson,0.0
2016,GNB,Guinea-Bissau,0,0,mlp,poisson,0.0
2016,GNQ,Equatorial Guinea,0,0,mlp,poisson,0.0
2016,GRC,Greece,6,2,mlp,poisson,7.232353817184992
2016,GRD,Grenada,1,1,mlp,poisson,0.0
2016,GTM,Guatemala,0,1,mlp,poisson,0.0
2016,GUM,Guam,0,0,mlp,poisson,0.0
2016,GUY,Guyana,0,0,mlp,poisson,0.0
2016,HKG,"Hong Kong SAR, China",0,1,mlp,poisson,4.8429156282165575
2016,HND,Honduras,0,0,mlp,poisson,0.0
2016,HRV,Croatia,10,6,mlp,poisson,8.082598841912308
2016,HTI,Haiti,0,0,mlp,poisson,0.0
2016,HUN,Hungary,15,18,mlp,poisson,10.764444401821077
2016,IDN,Indonesia,3,2,mlp,poisson,0.0
2016,IND,India,2,6,mlp,poisson,9.214579851396755
2016,IRL,Ireland,2,5,mlp,poisson,5.5644696412846075
2016,IRN,"Iran, Islamic Rep.",8,12,mlp,poisson,4.847118517268341
2016,IRQ,Iraq,0,0,mlp,poisson,0.0
2016,ISL,Iceland,0,0,mlp,poisson,0.0
2016,ISR,Israel,2,0,mlp,poisson,3.896846891191148
2016,ITA,Italy,28,28,mlp,poisson,24.406466952031444
2016,JAM,Jamaica,11,12,mlp,poisson,5.598308709654172
2016,JOR,Jordan,1,0,mlp,poisson,0.0
2016,JPN,Japan,41,38,mlp,poisson,29.12307986339759
2016,KAZ,Kazakhstan,18,13,mlp,poisson,5.614954617042389
2016,KEN,Kenya,13,11,mlp,poisson,4.376018021771274
2016,KGZ,Kyrgyz Republic,0,0,mlp,poisson,0.0
2016,KHM,Cambodia,0,0,mlp,poisson,0.0
2016,KIR,Kiribati,0,0,mlp,poisson,0.0
2016,KNA,St. Kitts and Nevis,0,0,mlp,poisson,0.0
2016,KOR,"Korea, Rep.",21,28,mlp,poisson,13.421172122394228
2016,LAO,Lao PDR,0,0,mlp,poisson,0.0
2016,LBN,Lebanon,0,0,mlp,poisson,0.0
2016,LBR,Liberia,0,0,mlp,poisson,0.0
2016,LBY,Libya,0,0,mlp,poisson,0.0
2016,LCA,St. Lucia,0,0,mlp,poisson,0.0
2016,LKA,Sri Lanka,0,0,mlp,poisson,0.0
2016,LSO,Lesotho,0,0,mlp,poisson,0.0
2016,LTU,Lithuania,4,5,mlp,poisson,7.497002714590514
2016,LUX,Luxembourg,0,0,mlp,poisson,0.0
2016,LVA,Latvia,0,2,mlp,poisson,5.902052884104388
2016,MAR,Morocco,1,1,mlp,poisson,4.209580236737713
2016,MCO,Monaco,0,0,mlp,poisson,0.0
2016,MDA,Moldova,0,2,mlp,poisson,5.7887828323746495
2016,MDG,Madagascar,0,0,mlp,poisson,0.0
2016,MDV,Maldives,0,0,mlp,poisson,0.0
2016,MEX,Mexico,5,7,mlp,poisson,6.832049015978128
2016,MHL,Marshall Islands,0,0,mlp,poisson,0.0
2016,MKD,North Macedonia,0,0,mlp,poisson,0.0
2016,MLI,Mali,0,0,mlp,poisson,0.0
2016,MLT,Malta,0,0,mlp,poisson,0.0
2016,MMR,Myanmar,0,0,mlp,poisson,0.0
2016,MNE,Montenegro,0,1,mlp,poisson,4.842826018132296
2016,MNG,Mongolia,2,5,mlp,poisson,3.608467105639257
2016,MOZ,Mozambique,0,0,mlp,poisson,0.0
2016,MRT,Mauritania,0,0,mlp,poisson,0.0
2016,MUS,Mauritius,0,0,mlp,poisson,0.0
2016,MWI,Malawi,0,0,mlp,poisson,0.0
2016,MYS,Malaysia,5,2,mlp,poisson,3.5949222187830276
2016,NAM,Namibia,0,0,mlp,poisson,0.0
2016,NER,Niger,1,0,mlp,poisson,0.0
2016,NGA,Nigeria,1,0,mlp,poisson,3.862155592667485
2016,NIC,Nicaragua,0,0,mlp,poisson,0.0
2016,NLD,Netherlands,19,20,mlp,poisson,14.793875867658773
2016,NOR,Norway,4,4,mlp,poisson,5.6904193313525875
2016,NPL,Nepal,0,0,mlp,poisson,0.0
2016,NRU,Naoero,0,0,mlp,poisson,0.0
2016,NZL,New Zealand,18,13,mlp,poisson,8.293133348795564
2016,OMN,Oman,0,0,mlp,poisson,0.0
2016,PAK,Pakistan,0,0,mlp,poisson,0.0
2016,PAN,Panama,0,0,mlp,poisson,0.0
2016,PER,Peru,0,0,mlp,poisson,0.0
2016,PHL,Philippines,1,0,mlp,poisson,0.0
2016,PLW,Palau,0,0,mlp,poisson,0.0
2016,PNG,Papua New Guinea,0,0,mlp,poisson,0.0
2016,POL,Poland,11,10,mlp,poisson,14.119930441912304
2016,PRI,Puerto Rico (US),1,2,mlp,poisson,7.134870429933584
2016,PRT,Portugal,1,1,mlp,poisson,7.038584360296617
2016,PRY,Paraguay,0,0,mlp,poisson,0.0
2016,PSE,West Bank and Gaza,0,0,mlp,poisson,0.0
2016,QAT,Qatar,1,2,mlp,poisson,2.0626682582389324
2016,ROU,Romania,4,9,mlp,poisson,7.837449927703407
2016,RUS,Russian Federation,56,82,mlp,poisson,29.845762672284078
2016,RWA,Rwanda,0,0,mlp,poisson,0.0
2016,SAU,Saudi Arabia,0,1,mlp,poisson,2.287107094161307
2016,SDN,Sudan,0,0,mlp,poisson,0.0
2016,SEN,Senegal,0,0,mlp,poisson,0.0
2016,SGP,Singapore,1,2,mlp,poisson,0.0
2016,SLB,Solomon Islands,0,0,mlp,poisson,0.0
2016,SLE,Sierra Leone,0,0,mlp,poisson,0.0
2016,SLV,El Salvador,0,0,mlp,poisson,0.0
2016,SMR,San Marino,0,0,mlp,poisson,0.0
2016,SOM,"Somalia, Fed. Rep.",0,0,mlp,poisson,0.0
2016,SRB,Serbia,8,4,mlp,poisson,7.708506820959771
2016,STP,Sao Tome and Principe,0,0,mlp,poisson,0.0
2016,SUR,Suriname,0,0,mlp,poisson,0.0
2016,SVK,Slovak Republic,4,4,mlp,poisson,5.438774153709156
2016,SVN,Slovenia,4,4,mlp,poisson,5.895952918693687
2016,SWE,Sweden,11,8,mlp,poisson,7.932952128107173
2016,SWZ,Eswatini,0,0,mlp,poisson,0.0
2016,SYC,Seychelles,0,0,mlp,poisson,0.0
2016,SYR,Syrian Arab Republic,0,0,mlp,poisson,0.0
2016,TCD,Chad,0,0,mlp,poisson,0.0
2016,TGO,Togo,0,0,mlp,poisson,0.0
2016,THA,Thailand,6,3,mlp,poisson,5.146732969655719
2016,TJK,Tajikistan,1,1,mlp,poisson,0.0
2016,TKM,Turkmenistan,0,0,mlp,poisson,0.0
2016,TLS,Timor-Leste,0,0,mlp,poisson,0.0
2016,TON,Tonga,0,0,mlp,poisson,0.0
2016,TTO,Trinidad and Tobago,1,4,mlp,poisson,4.63463084456892
2016,TUN,Tunisia,3,3,mlp,poisson,4.5969096390043465
2016,TUR,Turkiye,8,5,mlp,poisson,5.577913924368051
2016,TUV,Tuvalu,0,0,mlp,poisson,0.0
2016,TZA,Tanzania,0,0,mlp,poisson,0.0
2016,UGA,Uganda,0,1,mlp,poisson,0.0
2016,UKR,Ukraine,11,20,mlp,poisson,13.66344233060359
2016,URY,Uruguay,0,0,mlp,poisson,0.0
2016,USA,United States,121,103,mlp,poisson,111.68680083727588
2016,UZB,Uzbekistan,13,3,mlp,poisson,4.3417341080593514
2016,VCT,St. Vincent and the Grenadines,0,0,mlp,poisson,0.0
2016,VEN,"Venezuela, RB",3,1,mlp,poisson,5.428505659404272
2016,VIR,Virgin Islands (U.S.),0,0,mlp,poisson,0.0
2016,VNM,Viet Nam,2,0,mlp,poisson,0.0
2016,VUT,Vanuatu,0,0,mlp,poisson,0.0
2016,WSM,Samoa,0,0,mlp,poisson,0.0
2016,YEM,"Yemen, Rep.",0,0,mlp,poisson,0.0
2016,ZAF,South Africa,10,6,mlp,poisson,7.041386444797695
2016,ZMB,Zambia,0,0,mlp,poisson,0.0
2016,ZWE,Zimbabwe,0,0,mlp,poisson,0.0
2016,ABW,Aruba,0,0,mlp,svr,0.0
2016,AFG,Afghanistan,0,1,mlp,svr,0.0
2016,AGO,Angola,0,0,mlp,svr,0.0
2016,ALB,Albania,0,0,mlp,svr,0.0
2016,AND,Andorra,0,0,mlp,svr,0.0
2016,ARE,United Arab Emirates,1,0,mlp,svr,1.2512733165229832
2016,ARG,Argentina,4,4,mlp,svr,7.352532910842513
2016,ARM,Armenia,4,3,mlp,svr,2.6090320088185166
2016,ASM,American Samoa,0,0,mlp,svr,0.0
2016,ATG,Antigua and Barbuda,0,0,mlp,svr,0.0
2016,AUS,Australia,29,35,mlp,svr,34.74114762811097
2016,AUT,Austria,1,0,mlp,svr,1.8990272532959125
2016,AZE,Azerbaijan,18,10,mlp,svr,6.473851801419954
2016,BDI,Burundi,1,0,mlp,svr,0.0
2016,BEL,Belgium,6,3,mlp,svr,4.155364224155562
2016,BEN,Benin,0,0,mlp,svr,0.0
2016,BFA,Burkina Faso,0,0,mlp,svr,0.0
2016,BGD,Bangladesh,0,0,mlp,svr,0.0
2016,BGR,Bulgaria,3,2,mlp,svr,2.5604753617080007
2016,BHR,Bahrain,2,1,mlp,svr,2.0390740780186505
2016,BHS,"Bahamas, The",2,1,mlp,svr,1.4202802183912908
2016,BIH,Bosnia and Herzegovina,0,0,mlp,svr,0.0
2016,BLR,Belarus,9,12,mlp,svr,8.796437935368377
2016,BLZ,Belize,0,0,mlp,svr,0.0
2016,BMU,Bermuda,0,0,mlp,svr,0.0
2016,BOL,Bolivia,0,0,mlp,svr,0.0
2016,BRA,Brazil,19,17,mlp,svr,33.787761276492716
2016,BRB,Barbados,0,0,mlp,svr,0.0
2016,BRN,Brunei Darussalam,0,0,mlp,svr,0.0
2016,BTN,Bhutan,0,0,mlp,svr,0.0
2016,BWA,Botswana,0,1,mlp,svr,0.0
2016,CAF,Central African Republic,0,0,mlp,svr,0.0
2016,CAN,Canada,22,18,mlp,svr,19.838775636163685
2016,CHE,Switzerland,7,4,mlp,svr,6.303923541794028
2016,CHL,Chile,0,0,mlp,svr,0.7995799984154601
2016,CHN,China,70,88,mlp,svr,87.79645949650141
2016,CIV,Cote d'Ivoire,2,0,mlp,svr,0.0
2016,CMR,Cameroon,0,0,mlp,svr,0.0
2016,COD,"Congo, Dem. Rep.",0,0,mlp,svr,0.0
2016,COG,"Congo, Rep.",0,0,mlp,svr,0.0
2016,COL,Colombia,8,8,mlp,svr,7.596831791613802
2016,COM,Comoros,0,0,mlp,svr,0.0
2016,CPV,Cabo Verde,0,0,mlp,svr,0.0
2016,CRI,Costa Rica,0,0,mlp,svr,0.0
2016,CUB,Cuba,11,14,mlp,svr,9.886658966588975
2016,CYM,Cayman Islands,0,0,mlp,svr,0.0
2016,CYP,Cyprus,0,1,mlp,svr,0.0
2016,CZE,Czechia,10,10,mlp,svr,7.442770824083539
2016,DEU,Germany,42,44,mlp,svr,46.02590086530758
2016,DJI,Djibouti,0,0,mlp,svr,0.0
2016,DMA,Dominica,0,0,mlp,svr,0.0
2016,DNK,Denmark,15,9,mlp,svr,7.504556550186706
2016,DOM,Dominican Republic,1,2,mlp,svr,2.574892424341847
2016,DZA,Algeria,2,1,mlp,svr,1.6015726208495025
2016,ECU,Ecuador,0,0,mlp,svr,1.3145307463117462
2016,EGY,"Egypt, Arab Rep.",3,2,mlp,svr,4.2627859456289485
2016,ESP,Spain,17,17,mlp,svr,20.460700133563215
2016,EST,Estonia,1,2,mlp,svr,2.2468535323393937
2016,ETH,Ethiopia,8,7,mlp,svr,5.794116275974886
2016,FIN,Finland,1,3,mlp,svr,2.7742673775424507
2016,FJI,Fiji,1,0,mlp,svr,1.7435549796672447
2016,FRA,France,42,35,mlp,svr,36.98703518601185
2016,FSM,"Micronesia, Fed. Sts.",0,0,mlp,svr,0.0
2016,GAB,Gabon,0,1,mlp,svr,0.0
2016,GBR,United Kingdom,67,65,mlp,svr,50.78789710042812
2016,GEO,Georgia,7,7,mlp,svr,4.975407534761466
2016,GHA,Ghana,0,0,mlp,svr,0.0
2016,GIN,Guinea,0,0,mlp,svr,0.0
2016,GMB,"Gambia, The",0,0,mlp,svr,0.0
2016,GNB,Guinea-Bissau,0,0,mlp,svr,0.0
2016,GNQ,Equatorial Guinea,0,0,mlp,svr,0.0
2016,GRC,Greece,6,2,mlp,svr,3.047043891989972
2016,GRD,Grenada,1,1,mlp,svr,0.0
2016,GTM,Guatemala,0,1,mlp,svr,0.0
2016,GUM,Guam,0,0,mlp,svr,0.0
2016,GUY,Guyana,0,0,mlp,svr,0.0
2016,HKG,"Hong Kong SAR, China",0,1,mlp,svr,1.7503938709961702
2016,HND,Honduras,0,0,mlp,svr,0.0
2016,HRV,Croatia,10,6,mlp,svr,5.142264029035388
2016,HTI,Haiti,0,0,mlp,svr,0.0
2016,HUN,Hungary,15,18,mlp,svr,13.233277635969031
2016,IDN,Indonesia,3,2,mlp,svr,0.0
2016,IND,India,2,6,mlp,svr,12.389160358291168
2016,IRL,Ireland,2,5,mlp,svr,4.80877578498891
2016,IRN,"Iran, Islamic Rep.",8,12,mlp,svr,8.142224064917116
2016,IRQ,Iraq,0,0,mlp,svr,0.0
2016,ISL,Iceland,0,0,mlp,svr,0.0
2016,ISR,Israel,2,0,mlp,svr,1.2223964031780383
2016,ITA,Italy,28,28,mlp,svr,27.005378126059078
2016,JAM,Jamaica,11,12,mlp,svr,7.738477433699565
2016,JOR,Jordan,1,0,mlp,svr,0.0
2016,JPN,Japan,41,38,mlp,svr,41.59721643255168
2016,KAZ,Kazakhstan,18,13,mlp,svr,8.124481311936016
2016,KEN,Kenya,13,11,mlp,svr,8.253937473939665
2016,KGZ,Kyrgyz Republic,0,0,mlp,svr,0.0
2016,KHM,Cambodia,0,0,mlp,svr,0.0
2016,KIR,Kiribati,0,0,mlp,svr,0.0
2016,KNA,St. Kitts and Nevis,0,0,mlp,svr,0.0
2016,KOR,"Korea, Rep.",21,28,mlp,svr,21.519005307992696
2016,LAO,Lao PDR,0,0,mlp,svr,0.0
2016,LBN,Lebanon,0,0,mlp,svr,0.0
2016,LBR,Liberia,0,0,mlp,svr,0.0
2016,LBY,Libya,0,0,mlp,svr,0.0
2016,LCA,St. Lucia,0,0,mlp,svr,0.0
2016,LKA,Sri Lanka,0,0,mlp,svr,0.0
2016,LSO,Lesotho,0,0,mlp,svr,0.0
2016,LTU,Lithuania,4,5,mlp,svr,4.128654767400931
2016,LUX,Luxembourg,0,0,mlp,svr,0.0
2016,LVA,Latvia,0,2,mlp,svr,2.0641642646372347
2016,MAR,Morocco,1,1,mlp,svr,1.9067711649017411
2016,MCO,Monaco,0,0,mlp,svr,0.0
2016,MDA,Moldova,0,2,mlp,svr,2.467294032634477
2016,MDG,Madagascar,0,0,mlp,svr,0.0
2016,MDV,Maldives,0,0,mlp,svr,0.0
2016,MEX,Mexico,5,7,mlp,svr,6.074875948628218
2016,MHL,Marshall Islands,0,0,mlp,svr,0.0
2016,MKD,North Macedonia,0,0,mlp,svr,0.0
2016,MLI,Mali,0,0,mlp,svr,0.0
2016,MLT,Malta,0,0,mlp,svr,0.0
2016,MMR,Myanmar,0,0,mlp,svr,0.0
2016,MNE,Montenegro,0,1,mlp,svr,1.912968731439932
2016,MNG,Mongolia,2,5,mlp,svr,3.5313803947657263
2016,MOZ,Mozambique,0,0,mlp,svr,0.0
2016,MRT,Mauritania,0,0,mlp,svr,0.0
2016,MUS,Mauritius,0,0,mlp,svr,0.0
2016,MWI,Malawi,0,0,mlp,svr,0.0
2016,MYS,Malaysia,5,2,mlp,svr,2.2113532382384875
2016,NAM,Namibia,0,0,mlp,svr,0.0
2016,NER,Niger,1,0,mlp,svr,0.0
2016,NGA,Nigeria,1,0,mlp,svr,1.5841581705103565
2016,NIC,Nicaragua,0,0,mlp,svr,0.0
2016,NLD,Netherlands,19,20,mlp,svr,17.712761387140432
2016,NOR,Norway,4,4,mlp,svr,4.471361628854332
2016,NPL,Nepal,0,0,mlp,svr,0.0
2016,NRU,Naoero,0,0,mlp,svr,0.0
2016,NZL,New Zealand,18,13,mlp,svr,11.80243282040409
2016,OMN,Oman,0,0,mlp,svr,0.0
2016,PAK,Pakistan,0,0,mlp,svr,0.0
2016,PAN,Panama,0,0,mlp,svr,0.0
2016,PER,Peru,0,0,mlp,svr,0.0
2016,PHL,Philippines,1,0,mlp,svr,0.0
2016,PLW,Palau,0,0,mlp,svr,0.0
2016,PNG,Papua New Guinea,0,0,mlp,svr,0.0
2016,POL,Poland,11,10,mlp,svr,12.652267157521212
2016,PRI,Puerto Rico (US),1,2,mlp,svr,2.2697334344340163
2016,PRT,Portugal,1,1,mlp,svr,2.620188392471576
2016,PRY,Paraguay,0,0,mlp,svr,0.0
2016,PSE,West Bank and Gaza,0,0,mlp,svr,0.0
2016,QAT,Qatar,1,2,mlp,svr,2.6724816073193978
2016,ROU,Romania,4,9,mlp,svr,6.7767731846035275
2016,RUS,Russian Federation,56,82,mlp,svr,61.03221722752706
2016,RWA,Rwanda,0,0,mlp,svr,0.0
2016,SAU,Saudi Arabia,0,1,mlp,svr,0.5543388864783196
2016,SDN,Sudan,0,0,mlp,svr,0.0
2016,SEN,Senegal,0,0,mlp,svr,0.0
2016,SGP,Singapore,1,2,mlp,svr,0.0
2016,SLB,Solomon Islands,0,0,mlp,svr,0.0
2016,SLE,Sierra Leone,0,0,mlp,svr,0.0
2016,SLV,El Salvador,0,0,mlp,svr,0.0
2016,SMR,San Marino,0,0,mlp,svr,0.0
2016,SOM,"Somalia, Fed. Rep.",0,0,mlp,svr,0.0
2016,SRB,Serbia,8,4,mlp,svr,4.79268691649245
2016,STP,Sao Tome and Principe,0,0,mlp,svr,0.0
2016,SUR,Suriname,0,0,mlp,svr,0.0
2016,SVK,Slovak Republic,4,4,mlp,svr,3.2176807251483552
2016,SVN,Slovenia,4,4,mlp,svr,3.5107181419013997
2016,SWE,Sweden,11,8,mlp,svr,7.724123336404936
2016,SWZ,Eswatini,0,0,mlp,svr,0.0
2016,SYC,Seychelles,0,0,mlp,svr,0.0
2016,SYR,Syrian Arab Republic,0,0,mlp,svr,0.0
2016,TCD,Chad,0,0,mlp,svr,0.0
2016,TGO,Togo,0,0,mlp,svr,0.0
2016,THA,Thailand,6,3,mlp,svr,2.849576553955636
2016,TJK,Tajikistan,1,1,mlp,svr,0.0
2016,TKM,Turkmenistan,0,0,mlp,svr,0.0
2016,TLS,Timor-Leste,0,0,mlp,svr,0.0
2016,TON,Tonga,0,0,mlp,svr,0.0
2016,TTO,Trinidad and Tobago,1,4,mlp,svr,2.893119152313666
2016,TUN,Tunisia,3,3,mlp,svr,3.355970336000496
2016,TUR,Turkiye,8,5,mlp,svr,4.865235946919064
2016,TUV,Tuvalu,0,0,mlp,svr,0.0
2016,TZA,Tanzania,0,0,mlp,svr,0.0
2016,UGA,Uganda,0,1,mlp,svr,0.0
2016,UKR,Ukraine,11,20,mlp,svr,16.67347432378764
2016,URY,Uruguay,0,0,mlp,svr,0.0
2016,USA,United States,121,103,mlp,svr,97.10209572700859
2016,UZB,Uzbekistan,13,3,mlp,svr,3.9955646117225285
2016,VCT,St. Vincent and the Grenadines,0,0,mlp,svr,0.0
2016,VEN,"Venezuela, RB",3,1,mlp,svr,4.5768872683359945
2016,VIR,Virgin Islands (U.S.),0,0,mlp,svr,0.0
2016,VNM,Viet Nam,2,0,mlp,svr,0.0
2016,VUT,Vanuatu,0,0,mlp,svr,0.0
2016,WSM,Samoa,0,0,mlp,svr,0.0
2016,YEM,"Yemen, Rep.",0,0,mlp,svr,0.0
2016,ZAF,South Africa,10,6,mlp,svr,6.101483431321206
2016,ZMB,Zambia,0,0,mlp,svr,0.0
2016,ZWE,Zimbabwe,0,0,mlp,svr,0.0
2016,ABW,Aruba,0,0,mlp,rf,0.0
2016,AFG,Afghanistan,0,1,mlp,rf,0.0
2016,AGO,Angola,0,0,mlp,rf,0.0
2016,ALB,Albania,0,0,mlp,rf,0.0
2016,AND,Andorra,0,0,mlp,rf,0.0
2016,ARE,United Arab Emirates,1,0,mlp,rf,1.5335720487124447
2016,ARG,Argentina,4,4,mlp,rf,11.171380952380956
2016,ARM,Armenia,4,3,mlp,rf,3.059425292599373
2016,ASM,American Samoa,0,0,mlp,rf,0.0
2016,ATG,Antigua and Barbuda,0,0,mlp,rf,0.0
2016,AUS,Australia,29,35,mlp,rf,35.03666666666666
2016,AUT,Austria,1,0,mlp,rf,3.5988822781482
2016,AZE,Azerbaijan,18,10,mlp,rf,7.9808234265734255
2016,BDI,Burundi,1,0,mlp,rf,0.0
2016,BEL,Belgium,6,3,mlp,rf,4.672865754574476
2016,BEN,Benin,0,0,mlp,rf,0.0
2016,BFA,Burkina Faso,0,0,mlp,rf,0.0
2016,BGD,Bangladesh,0,0,mlp,rf,0.0
2016,BGR,Bulgaria,3,2,mlp,rf,3.226542774005094
2016,BHR,Bahrain,2,1,mlp,rf,1.6229964468691553
2016,BHS,"Bahamas, The",2,1,mlp,rf,2.1464587374645983
2016,BIH,Bosnia and Herzegovina,0,0,mlp,rf,0.0
2016,BLR,Belarus,9,12,mlp,rf,9.37862554112554
2016,BLZ,Belize,0,0,mlp,rf,0.0
2016,BMU,Bermuda,0,0,mlp,rf,0.0
2016,BOL,Bolivia,0,0,mlp,rf,0.0
2016,BRA,Brazil,19,17,mlp,rf,41.88
2016,BRB,Barbados,0,0,mlp,rf,0.0
2016,BRN,Brunei Darussalam,0,0,mlp,rf,0.0
2016,BTN,Bhutan,0,0,mlp,rf,0.0
2016,BWA,Botswana,0,1,mlp,rf,0.0
2016,CAF,Central African Republic,0,0,mlp,rf,0.0
2016,CAN,Canada,22,18,mlp,rf,19.92614285714286
2016,CHE,Switzerland,7,4,mlp,rf,5.254796625114375
2016,CHL,Chile,0,0,mlp,rf,2.0129830112186284
2016,CHN,China,70,88,mlp,rf,82.57
2016,CIV,Cote d'Ivoire,2,0,mlp,rf,0.0
2016,CMR,Cameroon,0,0,mlp,rf,0.0
2016,COD,"Congo, Dem. Rep.",0,0,mlp,rf,0.0
2016,COG,"Congo, Rep.",0,0,mlp,rf,0.0
2016,COL,Colombia,8,8,mlp,rf,7.313449941480456
2016,COM,Comoros,0,0,mlp,rf,0.0
2016,CPV,Cabo Verde,0,0,mlp,rf,0.0
2016,CRI,Costa Rica,0,0,mlp,rf,0.0
2016,CUB,Cuba,11,14,mlp,rf,11.568342156862743
2016,CYM,Cayman Islands,0,0,mlp,rf,0.0
2016,CYP,Cyprus,0,1,mlp,rf,0.0
2016,CZE,Czechia,10,10,mlp,rf,7.6182041200711605
2016,DEU,Germany,42,44,mlp,rf,42.348333333333336
2016,DJI,Djibouti,0,0,mlp,rf,0.0
2016,DMA,Dominica,0,0,mlp,rf,0.0
2016,DNK,Denmark,15,9,mlp,rf,7.3027782957289205
2016,DOM,Dominican Republic,1,2,mlp,rf,2.158121967700603
2016,DZA,Algeria,2,1,mlp,rf,2.5086859920734472
2016,ECU,Ecuador,0,0,mlp,rf,1.9491175391603104
2016,EGY,"Egypt, Arab Rep.",3,2,mlp,rf,3.608302688016352
2016,ESP,Spain,17,17,mlp,rf,17.860000000000003
2016,EST,Estonia,1,2,mlp,rf,2.940935738651067
2016,ETH,Ethiopia,8,7,mlp,rf,6.681071428571427
2016,FIN,Finland,1,3,mlp,rf,3.5851069444280173
2016,FJI,Fiji,1,0,mlp,rf,2.8599640775890776
2016,FRA,France,42,35,mlp,rf,37.11636363636364
2016,FSM,"Micronesia, Fed. Sts.",0,0,mlp,rf,0.0
2016,GAB,Gabon,0,1,mlp,rf,0.0
2016,GBR,United Kingdom,67,65,mlp,rf,45.825
2016,GEO,Georgia,7,7,mlp,rf,5.86942096777311
2016,GHA,Ghana,0,0,mlp,rf,0.0
2016,GIN,Guinea,0,0,mlp,rf,0.0
2016,GMB,"Gambia, The",0,0,mlp,rf,0.0
2016,GNB,Guinea-Bissau,0,0,mlp,rf,0.0
2016,GNQ,Equatorial Guinea,0,0,mlp,rf,0.0
2016,GRC,Greece,6,2,mlp,rf,3.6120013120817975
2016,GRD,Grenada,1,1,mlp,rf,0.0
2016,GTM,Guatemala,0,1,mlp,rf,0.0
2016,GUM,Guam,0,0,mlp,rf,0.0
2016,GUY,Guyana,0,0,mlp,rf,0.0
2016,HKG,"Hong Kong SAR, China",0,1,mlp,rf,2.4317062506185376
2016,HND,Honduras,0,0,mlp,rf,0.0
2016,HRV,Croatia,10,6,mlp,rf,5.1167123854155765
2016,HTI,Haiti,0,0,mlp,rf,0.0
2016,HUN,Hungary,15,18,mlp,rf,12.876974025974025
2016,IDN,Indonesia,3,2,mlp,rf,0.0
2016,IND,India,2,6,mlp,rf,13.784345238095238
2016,IRL,Ireland,2,5,mlp,rf,4.892076950049514
2016,IRN,"Iran, Islamic Rep.",8,12,mlp,rf,6.447396084375395
2016,IRQ,Iraq,0,0,mlp,rf,0.0
2016,ISL,Iceland,0,0,mlp,rf,0.0
2016,ISR,Israel,2,0,mlp,rf,2.6844170095465882
2016,ITA,Italy,28,28,mlp,rf,29.646363636363635
2016,JAM,Jamaica,11,12,mlp,rf,8.301582417582418
2016,JOR,Jordan,1,0,mlp,rf,0.0
2016,JPN,Japan,41,38,mlp,rf,31.070833333333336
2016,KAZ,Kazakhstan,18,13,mlp,rf,9.39489830108057
2016,KEN,Kenya,13,11,mlp,rf,7.309711715691265
2016,KGZ,Kyrgyz Republic,0,0,mlp,rf,0.0
2016,KHM,Cambodia,0,0,mlp,rf,0.0
2016,KIR,Kiribati,0,0,mlp,rf,0.0
2016,KNA,St. Kitts and Nevis,0,0,mlp,rf,0.0
2016,KOR,"Korea, Rep.",21,28,mlp,rf,24.66384615384615
2016,LAO,Lao PDR,0,0,mlp,rf,0.0
2016,LBN,Lebanon,0,0,mlp,rf,0.0
2016,LBR,Liberia,0,0,mlp,rf,0.0
2016,LBY,Libya,0,0,mlp,rf,0.0
2016,LCA,St. Lucia,0,0,mlp,rf,0.0
2016,LKA,Sri Lanka,0,0,mlp,rf,0.0
2016,LSO,Lesotho,0,0,mlp,rf,0.0
2016,LTU,Lithuania,4,5,mlp,rf,4.651075233812996
2016,LUX,Luxembourg,0,0,mlp,rf,0.0
2016,LVA,Latvia,0,2,mlp,rf,2.601562711759658
2016,MAR,Morocco,1,1,mlp,rf,2.7998807153243064
2016,MCO,Monaco,0,0,mlp,rf,0.0
2016,MDA,Moldova,0,2,mlp,rf,2.667022127418219
2016,MDG,Madagascar,0,0,mlp,rf,0.0
2016,MDV,Maldives,0,0,mlp,rf,0.0
2016,MEX,Mexico,5,7,mlp,rf,6.2956945593622065
2016,MHL,Marshall Islands,0,0,mlp,rf,0.0
2016,MKD,North Macedonia,0,0,mlp,rf,0.0
2016,MLI,Mali,0,0,mlp,rf,0.0
2016,MLT,Malta,0,0,mlp,rf,0.0
2016,MMR,Myanmar,0,0,mlp,rf,0.0
2016,MNE,Montenegro,0,1,mlp,rf,2.0768754805254592
2016,MNG,Mongolia,2,5,mlp,rf,4.6297894298347595
2016,MOZ,Mozambique,0,0,mlp,rf,0.0
2016,MRT,Mauritania,0,0,mlp,rf,0.0
2016,MUS,Mauritius,0,0,mlp,rf,0.0
2016,MWI,Malawi,0,0,mlp,rf,0.0
2016,MYS,Malaysia,5,2,mlp,rf,1.8854669059610034
2016,NAM,Namibia,0,0,mlp,rf,0.0
2016,NER,Niger,1,0,mlp,rf,0.0
2016,NGA,Nigeria,1,0,mlp,rf,3.336138722758248
2016,NIC,Nicaragua,0,0,mlp,rf,0.0
2016,NLD,Netherlands,19,20,mlp,rf,18.79725607725608
2016,NOR,Norway,4,4,mlp,rf,4.6744200730692835
2016,NPL,Nepal,0,0,mlp,rf,0.0
2016,NRU,Naoero,0,0,mlp,rf,0.0
2016,NZL,New Zealand,18,13,mlp,rf,10.8475
2016,OMN,Oman,0,0,mlp,rf,0.0
2016,PAK,Pakistan,0,0,mlp,rf,0.0
2016,PAN,Panama,0,0,mlp,rf,0.0
2016,PER,Peru,0,0,mlp,rf,0.0
2016,PHL,Philippines,1,0,mlp,rf,0.0
2016,PLW,Palau,0,0,mlp,rf,0.0
2016,PNG,Papua New Guinea,0,0,mlp,rf,0.0
2016,POL,Poland,11,10,mlp,rf,12.76468464868465
2016,PRI,Puerto Rico (US),1,2,mlp,rf,3.295549482411771
2016,PRT,Portugal,1,1,mlp,rf,3.189553728341344
2016,PRY,Paraguay,0,0,mlp,rf,0.0
2016,PSE,West Bank and Gaza,0,0,mlp,rf,0.0
2016,QAT,Qatar,1,2,mlp,rf,2.1633294910750673
2016,ROU,Romania,4,9,mlp,rf,8.010431231556165
2016,RUS,Russian Federation,56,82,mlp,rf,60.34
2016,RWA,Rwanda,0,0,mlp,rf,0.0
2016,SAU,Saudi Arabia,0,1,mlp,rf,2.278365101891572
2016,SDN,Sudan,0,0,mlp,rf,0.0
2016,SEN,Senegal,0,0,mlp,rf,0.0
2016,SGP,Singapore,1,2,mlp,rf,0.0
2016,SLB,Solomon Islands,0,0,mlp,rf,0.0
2016,SLE,Sierra Leone,0,0,mlp,rf,0.0
2016,SLV,El Salvador,0,0,mlp,rf,0.0
2016,SMR,San Marino,0,0,mlp,rf,0.0
2016,SOM,"Somalia, Fed. Rep.",0,0,mlp,rf,0.0
2016,SRB,Serbia,8,4,mlp,rf,4.831167915431756
2016,STP,Sao Tome and Principe,0,0,mlp,rf,0.0
2016,SUR,Suriname,0,0,mlp,rf,0.0
2016,SVK,Slovak Republic,4,4,mlp,rf,3.8326945435031625
2016,SVN,Slovenia,4,4,mlp,rf,3.9440226387576747
2016,SWE,Sweden,11,8,mlp,rf,7.631673234811165
2016,SWZ,Eswatini,0,0,mlp,rf,0.0
2016,SYC,Seychelles,0,0,mlp,rf,0.0
2016,SYR,Syrian Arab Republic,0,0,mlp,rf,0.0
2016,TCD,Chad,0,0,mlp,rf,0.0
2016,TGO,Togo,0,0,mlp,rf,0.0
2016,THA,Thailand,6,3,mlp,rf,4.798020381735392
2016,TJK,Tajikistan,1,1,mlp,rf,0.0
2016,TKM,Turkmenistan,0,0,mlp,rf,0.0
2016,TLS,Timor-Leste,0,0,mlp,rf,0.0
2016,TON,Tonga,0,0,mlp,rf,0.0
2016,TTO,Trinidad and Tobago,1,4,mlp,rf,3.0814253174361865
2016,TUN,Tunisia,3,3,mlp,rf,3.831719118386088
2016,TUR,Turkiye,8,5,mlp,rf,5.226843686485929
2016,TUV,Tuvalu,0,0,mlp,rf,0.0
2016,TZA,Tanzania,0,0,mlp,rf,0.0
2016,UGA,Uganda,0,1,mlp,rf,0.0
2016,UKR,Ukraine,11,20,mlp,rf,17.706476190476195
2016,URY,Uruguay,0,0,mlp,rf,0.0
2016,USA,United States,121,103,mlp,rf,100.11
2016,UZB,Uzbekistan,13,3,mlp,rf,2.714246531967859
2016,VCT,St. Vincent and the Grenadines,0,0,mlp,rf,0.0
2016,VEN,"Venezuela, RB",3,1,mlp,rf,5.177249575849745
2016,VIR,Virgin Islands (U.S.),0,0,mlp,rf,0.0
2016,VNM,Viet Nam,2,0,mlp,rf,0.0
2016,VUT,Vanuatu,0,0,mlp,rf,0.0
2016,WSM,Samoa,0,0,mlp,rf,0.0
2016,YEM,"Yemen, Rep.",0,0,mlp,rf,0.0
2016,ZAF,South Africa,10,6,mlp,rf,4.72287342980377
2016,ZMB,Zambia,0,0,mlp,rf,0.0
2016,ZWE,Zimbabwe,0,0,mlp,rf,0.0
2016,ABW,Aruba,0,0,rf,linear,0.0
2016,AFG,Afghanistan,0,1,rf,linear,0.0
2016,AGO,Angola,0,0,rf,linear,0.0
2016,ALB,Albania,0,0,rf,linear,0.0
2016,AND,Andorra,0,0,rf,linear,0.0
2016,ARE,United Arab Emirates,1,0,rf,linear,0.0
2016,ARG,Argentina,4,4,rf,linear,12.163751708021609
2016,ARM,Armenia,4,3,rf,linear,0.9758891747273104
2016,ASM,American Samoa,0,0,rf,linear,0.0
2016,ATG,Antigua and Barbuda,0,0,rf,linear,0.0
2016,AUS,Australia,29,35,rf,linear,37.78310547953201
2016,AUT,Austria,1,0,rf,linear,0.0
2016,AZE,Azerbaijan,18,10,rf,linear,6.212633747162178
2016,BDI,Burundi,1,0,rf,linear,0.0
2016,BEL,Belgium,6,3,rf,linear,3.356827521049091
2016,BEN,Benin,0,0,rf,linear,0.0
2016,BFA,Burkina Faso,0,0,rf,linear,0.0
2016,BGD,Bangladesh,0,0,rf,linear,0.0
2016,BGR,Bulgaria,3,2,rf,linear,1.0893573755353518
2016,BHR,Bahrain,2,1,rf,linear,0.0
2016,BHS,"Bahamas, The",2,1,rf,linear,0.0
2016,BIH,Bosnia and Herzegovina,0,0,rf,linear,0.0
2016,BLR,Belarus,9,12,rf,linear,10.171129465452328
2016,BLZ,Belize,0,0,rf,linear,0.0
2016,BMU,Bermuda,0,0,rf,linear,0.0
2016,BOL,Bolivia,0,0,rf,linear,0.0
2016,BRA,Brazil,19,17,rf,linear,35.188340319933715
2016,BRB,Barbados,0,0,rf,linear,0.0
2016,BRN,Brunei Darussalam,0,0,rf,linear,0.0
2016,BTN,Bhutan,0,0,rf,linear,0.0
2016,BWA,Botswana,0,1,rf,linear,0.0
2016,CAF,Central African Republic,0,0,rf,linear,0.0
2016,CAN,Canada,22,18,rf,linear,24.89662319623027
2016,CHE,Switzerland,7,4,rf,linear,1.674207693994365
2016,CHL,Chile,0,0,rf,linear,0.3784722025325973
2016,CHN,China,70,88,rf,linear,89.68094017257752
2016,CIV,Cote d'Ivoire,2,0,rf,linear,0.0
2016,CMR,Cameroon,0,0,rf,linear,0.0
2016,COD,"Congo, Dem. Rep.",0,0,rf,linear,0.0
2016,COG,"Congo, Rep.",0,0,rf,linear,0.0
2016,COL,Colombia,8,8,rf,linear,10.176403237217803
2016,COM,Comoros,0,0,rf,linear,0.0
2016,CPV,Cabo Verde,0,0,rf,linear,0.0
2016,CRI,Costa Rica,0,0,rf,linear,0.0
2016,CUB,Cuba,11,14,rf,linear,10.838623109824745
2016,CYM,Cayman Islands,0,0,rf,linear,0.0
2016,CYP,Cyprus,0,1,rf,linear,0.0
2016,CZE,Czechia,10,10,rf,linear,7.740985273847304
2016,DEU,Germany,42,44,rf,linear,45.8070938875848
2016,DJI,Djibouti,0,0,rf,linear,0.0
2016,DMA,Dominica,0,0,rf,linear,0.0
2016,DNK,Denmark,15,9,rf,linear,6.068221940203683
2016,DOM,Dominican Republic,1,2,rf,linear,0.46423003760153847
2016,DZA,Algeria,2,1,rf,linear,2.986725006066882
2016,ECU,Ecuador,0,0,rf,linear,0.32638925028963506
2016,EGY,"Egypt, Arab Rep.",3,2,rf,linear,6.735623127477856
2016,ESP,Spain,17,17,rf,linear,23.13404259694513
2016,EST,Estonia,1,2,rf,linear,0.3864612255869897
2016,ETH,Ethiopia,8,7,rf,linear,4.8380104892329525
2016,FIN,Finland,1,3,rf,linear,0.2478548262700997
2016,FJI,Fiji,1,0,rf,linear,0.5470421517344715
2016,FRA,France,42,35,rf,linear,38.232538230012565
2016,FSM,"Micronesia, Fed. Sts.",0,0,rf,linear,0.0
2016,GAB,Gabon,0,1,rf,linear,0.0
2016,GBR,United Kingdom,67,65,rf,linear,51.91229417259558
2016,GEO,Georgia,7,7,rf,linear,3.5109477006126006
2016,GHA,Ghana,0,0,rf,linear,0.0
2016,GIN,Guinea,0,0,rf,linear,0.0
2016,GMB,"Gambia, The",0,0,rf,linear,0.0
2016,GNB,Guinea-Bissau,0,0,rf,linear,0.0
2016,GNQ,Equatorial Guinea,0,0,rf,linear,0.0
2016,GRC,Greece,6,2,rf,linear,3.0387720508493086
2016,GRD,Grenada,1,1,rf,linear,0.0
2016,GTM,Guatemala,0,1,rf,linear,0.0
2016,GUM,Guam,0,0,rf,linear,0.0
2016,GUY,Guyana,0,0,rf,linear,0.0
2016,HKG,"Hong Kong SAR, China",0,1,rf,linear,0.0
2016,HND,Honduras,0,0,rf,linear,0.0
2016,HRV,Croatia,10,6,rf,linear,4.533003498806913
2016,HTI,Haiti,0,0,rf,linear,0.0
2016,HUN,Hungary,15,18,rf,linear,14.375019756856865
2016,IDN,Indonesia,3,2,rf,linear,3.6369658054603793
2016,IND,India,2,6,rf,linear,16.8500677026337
2016,IRL,Ireland,2,5,rf,linear,1.39581634840588
2016,IRN,"Iran, Islamic Rep.",8,12,rf,linear,8.78815250674084
2016,IRQ,Iraq,0,0,rf,linear,0.0
2016,ISL,Iceland,0,0,rf,linear,0.0
2016,ISR,Israel,2,0,rf,linear,0.0
2016,ITA,Italy,28,28,rf,linear,29.618153613669108
2016,JAM,Jamaica,11,12,rf,linear,6.800019505598933
2016,JOR,Jordan,1,0,rf,linear,0.0
2016,JPN,Japan,41,38,rf,linear,41.627510476412226
2016,KAZ,Kazakhstan,18,13,rf,linear,10.473760572671836
2016,KEN,Kenya,13,11,rf,linear,8.5323950104498
2016,KGZ,Kyrgyz Republic,0,0,rf,linear,0.0
2016,KHM,Cambodia,0,0,rf,linear,0.0
2016,KIR,Kiribati,0,0,rf,linear,0.0
2016,KNA,St. Kitts and Nevis,0,0,rf,linear,0.0
2016,KOR,"Korea, Rep.",21,28,rf,linear,23.980953869073193
2016,LAO,Lao PDR,0,0,rf,linear,0.0
2016,LBN,Lebanon,0,0,rf,linear,0.0
2016,LBR,Liberia,0,0,rf,linear,0.0
2016,LBY,Libya,0,0,rf,linear,0.0
2016,LCA,St. Lucia,0,0,rf,linear,0.0
2016,LKA,Sri Lanka,0,0,rf,linear,0.0
2016,LSO,Lesotho,0,0,rf,linear,0.0
2016,LTU,Lithuania,4,5,rf,linear,2.949755587024427
2016,LUX,Luxembourg,0,0,rf,linear,0.0
2016,LVA,Latvia,0,2,rf,linear,0.0
2016,MAR,Morocco,1,1,rf,linear,1.6171469736911366
2016,MCO,Monaco,0,0,rf,linear,0.0
2016,MDA,Moldova,0,2,rf,linear,0.0
2016,MDG,Madagascar,0,0,rf,linear,0.0
2016,MDV,Maldives,0,0,rf,linear,0.0
2016,MEX,Mexico,5,7,rf,linear,10.40282745198482
2016,MHL,Marshall Islands,0,0,rf,linear,0.0
2016,MKD,North Macedonia,0,0,rf,linear,0.0
2016,MLI,Mali,0,0,rf,linear,0.0
2016,MLT,Malta,0,0,rf,linear,0.0
2016,MMR,Myanmar,0,0,rf,linear,0.0
2016,MNE,Montenegro,0,1,rf,linear,0.037617353500182915
2016,MNG,Mongolia,2,5,rf,linear,3.4051720521145317
2016,MOZ,Mozambique,0,0,rf,linear,0.0
2016,MRT,Mauritania,0,0,rf,linear,0.0
2016,MUS,Mauritius,0,0,rf,linear,0.0
2016,MWI,Malawi,0,0,rf,linear,0.0
2016,MYS,Malaysia,5,2,rf,linear,1.337068921425665
2016,NAM,Namibia,0,0,rf,linear,0.0
2016,NER,Niger,1,0,rf,linear,0.0
2016,NGA,Nigeria,1,0,rf,linear,3.900032967387318
2016,NIC,Nicaragua,0,0,rf,linear,0.0
2016,NLD,Netherlands,19,20,rf,linear,18.93609202663366
2016,NOR,Norway,4,4,rf,linear,0.0
2016,NPL,Nepal,0,0,rf,linear,0.0
2016,NRU,Naoero,0,0,rf,linear,0.0
2016,NZL,New Zealand,18,13,rf,linear,12.992083905275774
2016,OMN,Oman,0,0,rf,linear,0.0
2016,PAK,Pakistan,0,0,rf,linear,0.0
2016,PAN,Panama,0,0,rf,linear,0.0
2016,PER,Peru,0,0,rf,linear,0.23084274179841557
2016,PHL,Philippines,1,0,rf,linear,0.0
2016,PLW,Palau,0,0,rf,linear,0.0
2016,PNG,Papua New Guinea,0,0,rf,linear,0.0
2016,POL,Poland,11,10,rf,linear,15.31312190408105
2016,PRI,Puerto Rico (US),1,2,rf,linear,0.0
2016,PRT,Portugal,1,1,rf,linear,2.331830845150483
2016,PRY,Paraguay,0,0,rf,linear,0.0
2016,PSE,West Bank and Gaza,0,0,rf,linear,0.0
2016,QAT,Qatar,1,2,rf,linear,0.0
2016,ROU,Romania,4,9,rf,linear,7.221048745321868
2016,RUS,Russian Federation,56,82,rf,linear,58.76795750582334
2016,RWA,Rwanda,0,0,rf,linear,0.0
2016,SAU,Saudi Arabia,0,1,rf,linear,0.0
2016,SDN,Sudan,0,0,rf,linear,0.0
2016,SEN,Senegal,0,0,rf,linear,0.0
2016,SGP,Singapore,1,2,rf,linear,0.0
2016,SLB,Solomon Islands,0,0,rf,linear,0.0
2016,SLE,Sierra Leone,0,0,rf,linear,0.0
2016,SLV,El Salvador,0,0,rf,linear,0.0
2016,SMR,San Marino,0,0,rf,linear,0.0
2016,SOM,"Somalia, Fed. Rep.",0,0,rf,linear,0.0
2016,SRB,Serbia,8,4,rf,linear,5.008465346145364
2016,STP,Sao Tome and Principe,0,0,rf,linear,0.0
2016,SUR,Suriname,0,0,rf,linear,0.0
2016,SVK,Slovak Republic,4,4,rf,linear,1.9418674826208253
2016,SVN,Slovenia,4,4,rf,linear,2.1235862303332844
2016,SWE,Sweden,11,8,rf,linear,7.878182350928933
2016,SWZ,Eswatini,0,0,rf,linear,0.0
2016,SYC,Seychelles,0,0,rf,linear,0.0
2016,SYR,Syrian Arab Republic,0,0,rf,linear,0.0
2016,TCD,Chad,0,0,rf,linear,0.0
2016,TGO,Togo,0,0,rf,linear,0.0
2016,THA,Thailand,6,3,rf,linear,3.2583547541320907
2016,TJK,Tajikistan,1,1,rf,linear,0.0
2016,TKM,Turkmenistan,0,0,rf,linear,0.0
2016,TLS,Timor-Leste,0,0,rf,linear,0.0
2016,TON,Tonga,0,0,rf,linear,0.0
2016,TTO,Trinidad and Tobago,1,4,rf,linear,0.6907194469257458
2016,TUN,Tunisia,3,3,rf,linear,2.9497257367589462
2016,TUR,Turkiye,8,5,rf,linear,7.399457768989901
2016,TUV,Tuvalu,0,0,rf,linear,0.0
2016,TZA,Tanzania,0,0,rf,linear,0.0
2016,UGA,Uganda,0,1,rf,linear,0.0
2016,UKR,Ukraine,11,20,rf,linear,18.765445223300702
2016,URY,Uruguay,0,0,rf,linear,0.0
2016,USA,United States,121,103,rf,linear,111.79613035164729
2016,UZB,Uzbekistan,13,3,rf,linear,3.781818671924057
2016,VCT,St. Vincent and the Grenadines,0,0,rf,linear,0.0
2016,VEN,"Venezuela, RB",3,1,rf,linear,3.49996022544682
2016,VIR,Virgin Islands (U.S.),0,0,rf,linear,0.0
2016,VNM,Viet Nam,2,0,rf,linear,0.0
2016,VUT,Vanuatu,0,0,rf,linear,0.0
2016,WSM,Samoa,0,0,rf,linear,0.0
2016,YEM,"Yemen, Rep.",0,0,rf,linear,0.0
2016,ZAF,South Africa,10,6,rf,linear,8.913036858316772
2016,ZMB,Zambia,0,0,rf,linear,0.0
2016,ZWE,Zimbabwe,0,0,rf,linear,0.10194931994040246
2016,ABW,Aruba,0,0,rf,weighted_lr,0.0
2016,AFG,Afghanistan,0,1,rf,weighted_lr,0.0
2016,AGO,Angola,0,0,rf,weighted_lr,0.0
2016,ALB,Albania,0,0,rf,weighted_lr,0.0
2016,AND,Andorra,0,0,rf,weighted_lr,0.0
2016,ARE,United Arab Emirates,1,0,rf,weighted_lr,0.0
2016,ARG,Argentina,4,4,rf,weighted_lr,13.241782576496972
2016,ARM,Armenia,4,3,rf,weighted_lr,1.40735232573096
2016,ASM,American Samoa,0,0,rf,weighted_lr,0.0
2016,ATG,Antigua and Barbuda,0,0,rf,weighted_lr,0.0
2016,AUS,Australia,29,35,rf,weighted_lr,39.80285491592815
2016,AUT,Austria,1,0,rf,weighted_lr,0.3900501337794715
2016,AZE,Azerbaijan,18,10,rf,weighted_lr,6.416715080765105
2016,BDI,Burundi,1,0,rf,weighted_lr,0.0
2016,BEL,Belgium,6,3,rf,weighted_lr,3.9960438604156625
2016,BEN,Benin,0,0,rf,weighted_lr,0.0
2016,BFA,Burkina Faso,0,0,rf,weighted_lr,0.0
2016,BGD,Bangladesh,0,0,rf,weighted_lr,0.0
2016,BGR,Bulgaria,3,2,rf,weighted_lr,1.789151706747612
2016,BHR,Bahrain,2,1,rf,weighted_lr,0.0
2016,BHS,"Bahamas, The",2,1,rf,weighted_lr,0.0
2016,BIH,Bosnia and Herzegovina,0,0,rf,weighted_lr,0.0
2016,BLR,Belarus,9,12,rf,weighted_lr,10.833397104860076
2016,BLZ,Belize,0,0,rf,weighted_lr,0.0
2016,BMU,Bermuda,0,0,rf,weighted_lr,0.0
2016,BOL,Bolivia,0,0,rf,weighted_lr,0.0
2016,BRA,Brazil,19,17,rf,weighted_lr,37.417449935327866
2016,BRB,Barbados,0,0,rf,weighted_lr,0.0
2016,BRN,Brunei Darussalam,0,0,rf,weighted_lr,0.0
2016,BTN,Bhutan,0,0,rf,weighted_lr,0.0
2016,BWA,Botswana,0,1,rf,weighted_lr,0.0
2016,CAF,Central African Republic,0,0,rf,weighted_lr,0.0
2016,CAN,Canada,22,18,rf,weighted_lr,26.674118514409813
2016,CHE,Switzerland,7,4,rf,weighted_lr,2.2893052058977226
2016,CHL,Chile,0,0,rf,weighted_lr,0.6245117772741882
2016,CHN,China,70,88,rf,weighted_lr,89.85212527886854
2016,CIV,Cote d'Ivoire,2,0,rf,weighted_lr,0.0
2016,CMR,Cameroon,0,0,rf,weighted_lr,0.0
2016,COD,"Congo, Dem. Rep.",0,0,rf,weighted_lr,0.0
2016,COG,"Congo, Rep.",0,0,rf,weighted_lr,0.0
2016,COL,Colombia,8,8,rf,weighted_lr,10.817152387423215
2016,COM,Comoros,0,0,rf,weighted_lr,0.0
2016,CPV,Cabo Verde,0,0,rf,weighted_lr,0.0
2016,CRI,Costa Rica,0,0,rf,weighted_lr,0.0
2016,CUB,Cuba,11,14,rf,weighted_lr,11.507357643575068
2016,CYM,Cayman Islands,0,0,rf,weighted_lr,0.0
2016,CYP,Cyprus,0,1,rf,weighted_lr,0.0
2016,CZE,Czechia,10,10,rf,weighted_lr,8.35229028427922
2016,DEU,Germany,42,44,rf,weighted_lr,47.24867223246502
2016,DJI,Djibouti,0,0,rf,weighted_lr,0.0
2016,DMA,Dominica,0,0,rf,weighted_lr,0.0
2016,DNK,Denmark,15,9,rf,weighted_lr,6.729101689079137
2016,DOM,Dominican Republic,1,2,rf,weighted_lr,0.6068544083803395
2016,DZA,Algeria,2,1,rf,weighted_lr,3.2302619561271175
2016,ECU,Ecuador,0,0,rf,weighted_lr,0.46217131740147366
2016,EGY,"Egypt, Arab Rep.",3,2,rf,weighted_lr,7.0753083762301365
2016,ESP,Spain,17,17,rf,weighted_lr,24.54096083960372
2016,EST,Estonia,1,2,rf,weighted_lr,0.8498351213077804
2016,ETH,Ethiopia,8,7,rf,weighted_lr,4.68245121922582
2016,FIN,Finland,1,3,rf,weighted_lr,0.7561377037840149
2016,FJI,Fiji,1,0,rf,weighted_lr,1.011253553911132
2016,FRA,France,42,35,rf,weighted_lr,39.79008831463313
2016,FSM,"Micronesia, Fed. Sts.",0,0,rf,weighted_lr,0.0
2016,GAB,Gabon,0,1,rf,weighted_lr,0.0
2016,GBR,United Kingdom,67,65,rf,weighted_lr,53.02133168991692
2016,GEO,Georgia,7,7,rf,weighted_lr,3.8733721148949165
2016,GHA,Ghana,0,0,rf,weighted_lr,0.0
2016,GIN,Guinea,0,0,rf,weighted_lr,0.0
2016,GMB,"Gambia, The",0,0,rf,weighted_lr,0.0
2016,GNB,Guinea-Bissau,0,0,rf,weighted_lr,0.0
2016,GNQ,Equatorial Guinea,0,0,rf,weighted_lr,0.0
2016,GRC,Greece,6,2,rf,weighted_lr,3.763195419078418
2016,GRD,Grenada,1,1,rf,weighted_lr,0.0
2016,GTM,Guatemala,0,1,rf,weighted_lr,0.0
2016,GUM,Guam,0,0,rf,weighted_lr,0.0
2016,GUY,Guyana,0,0,rf,weighted_lr,0.0
2016,HKG,"Hong Kong SAR, China",0,1,rf,weighted_lr,0.0
2016,HND,Honduras,0,0,rf,weighted_lr,0.0
2016,HRV,Croatia,10,6,rf,weighted_lr,5.323248362889397
2016,HTI,Haiti,0,0,rf,weighted_lr,0.0
2016,HUN,Hungary,15,18,rf,weighted_lr,15.24319123433123
2016,IDN,Indonesia,3,2,rf,weighted_lr,3.665421989488074
2016,IND,India,2,6,rf,weighted_lr,16.39043798371278
2016,IRL,Ireland,2,5,rf,weighted_lr,1.8346980021546777
2016,IRN,"Iran, Islamic Rep.",8,12,rf,weighted_lr,8.982747841672168
2016,IRQ,Iraq,0,0,rf,weighted_lr,0.0
2016,ISL,Iceland,0,0,rf,weighted_lr,0.0
2016,ISR,Israel,2,0,rf,weighted_lr,0.0
2016,ITA,Italy,28,28,rf,weighted_lr,30.96280543204974
2016,JAM,Jamaica,11,12,rf,weighted_lr,7.1592244639653995
2016,JOR,Jordan,1,0,rf,weighted_lr,0.0
2016,JPN,Japan,41,38,rf,weighted_lr,42.78826210669219
2016,KAZ,Kazakhstan,18,13,rf,weighted_lr,10.93582470438934
2016,KEN,Kenya,13,11,rf,weighted_lr,8.626151258112193
2016,KGZ,Kyrgyz Republic,0,0,rf,weighted_lr,0.0
2016,KHM,Cambodia,0,0,rf,weighted_lr,0.0
2016,KIR,Kiribati,0,0,rf,weighted_lr,0.0
2016,KNA,St. Kitts and Nevis,0,0,rf,weighted_lr,0.0
2016,KOR,"Korea, Rep.",21,28,rf,weighted_lr,24.797800831172566
2016,LAO,Lao PDR,0,0,rf,weighted_lr,0.0
2016,LBN,Lebanon,0,0,rf,weighted_lr,0.0
2016,LBR,Liberia,0,0,rf,weighted_lr,0.0
2016,LBY,Libya,0,0,rf,weighted_lr,0.0
2016,LCA,St. Lucia,0,0,rf,weighted_lr,0.0
2016,LKA,Sri Lanka,0,0,rf,weighted_lr,0.0
2016,LSO,Lesotho,0,0,rf,weighted_lr,0.0
2016,LTU,Lithuania,4,5,rf,weighted_lr,3.6922046431065887
2016,LUX,Luxembourg,0,0,rf,weighted_lr,0.0
2016,LVA,Latvia,0,2,rf,weighted_lr,0.33365269227063976
2016,MAR,Morocco,1,1,rf,weighted_lr,1.8333981727994129
2016,MCO,Monaco,0,0,rf,weighted_lr,0.0
2016,MDA,Moldova,0,2,rf,weighted_lr,0.4390000056202741
2016,MDG,Madagascar,0,0,rf,weighted_lr,0.0
2016,MDV,Maldives,0,0,rf,weighted_lr,0.0
2016,MEX,Mexico,5,7,rf,weighted_lr,10.928731512968998
2016,MHL,Marshall Islands,0,0,rf,weighted_lr,0.0
2016,MKD,North Macedonia,0,0,rf,weighted_lr,0.0
2016,MLI,Mali,0,0,rf,weighted_lr,0.0
2016,MLT,Malta,0,0,rf,weighted_lr,0.0
2016,MMR,Myanmar,0,0,rf,weighted_lr,0.0
2016,MNE,Montenegro,0,1,rf,weighted_lr,0.41525284398836426
2016,MNG,Mongolia,2,5,rf,weighted_lr,3.5204775647851285
2016,MOZ,Mozambique,0,0,rf,weighted_lr,0.0
2016,MRT,Mauritania,0,0,rf,weighted_lr,0.0
2016,MUS,Mauritius,0,0,rf,weighted_lr,0.0
2016,MWI,Malawi,0,0,rf,weighted_lr,0.0
2016,MYS,Malaysia,5,2,rf,weighted_lr,1.3774098549152267
2016,NAM,Namibia,0,0,rf,weighted_lr,0.0
2016,NER,Niger,1,0,rf,weighted_lr,0.0
2016,NGA,Nigeria,1,0,rf,weighted_lr,3.8753533093490606
2016,NIC,Nicaragua,0,0,rf,weighted_lr,0.0
2016,NLD,Netherlands,19,20,rf,weighted_lr,20.012803423375672
2016,NOR,Norway,4,4,rf,weighted_lr,0.20279179210971954
2016,NPL,Nepal,0,0,rf,weighted_lr,0.0
2016,NRU,Naoero,0,0,rf,weighted_lr,0.0
2016,NZL,New Zealand,18,13,rf,weighted_lr,13.661519971853728
2016,OMN,Oman,0,0,rf,weighted_lr,0.0
2016,PAK,Pakistan,0,0,rf,weighted_lr,0.0
2016,PAN,Panama,0,0,rf,weighted_lr,0.0
2016,PER,Peru,0,0,rf,weighted_lr,0.4090769480424328
2016,PHL,Philippines,1,0,rf,weighted_lr,0.0
2016,PLW,Palau,0,0,rf,weighted_lr,0.0
2016,PNG,Papua New Guinea,0,0,rf,weighted_lr,0.0
2016,POL,Poland,11,10,rf,weighted_lr,16.47985307743221
2016,PRI,Puerto Rico (US),1,2,rf,weighted_lr,0.0
2016,PRT,Portugal,1,1,rf,weighted_lr,3.040073411842899
2016,PRY,Paraguay,0,0,rf,weighted_lr,0.0
2016,PSE,West Bank and Gaza,0,0,rf,weighted_lr,0.0
2016,QAT,Qatar,1,2,rf,weighted_lr,0.0
2016,ROU,Romania,4,9,rf,weighted_lr,7.921852128907594
2016,RUS,Russian Federation,56,82,rf,weighted_lr,60.48702492870321
2016,RWA,Rwanda,0,0,rf,weighted_lr,0.0
2016,SAU,Saudi Arabia,0,1,rf,weighted_lr,0.0
2016,SDN,Sudan,0,0,rf,weighted_lr,0.0
2016,SEN,Senegal,0,0,rf,weighted_lr,0.0
2016,SGP,Singapore,1,2,rf,weighted_lr,0.0
2016,SLB,Solomon Islands,0,0,rf,weighted_lr,0.0
2016,SLE,Sierra Leone,0,0,rf,weighted_lr,0.0
2016,SLV,El Salvador,0,0,rf,weighted_lr,0.0
2016,SMR,San Marino,0,0,rf,weighted_lr,0.0
2016,SOM,"Somalia, Fed. Rep.",0,0,rf,weighted_lr,0.0
2016,SRB,Serbia,8,4,rf,weighted_lr,5.766057807464457
2016,STP,Sao Tome and Principe,0,0,rf,weighted_lr,0.0
2016,SUR,Suriname,0,0,rf,weighted_lr,0.0
2016,SVK,Slovak Republic,4,4,rf,weighted_lr,2.382206092348989
2016,SVN,Slovenia,4,4,rf,weighted_lr,2.6416128379391512
2016,SWE,Sweden,11,8,rf,weighted_lr,8.589154663650426
2016,SWZ,Eswatini,0,0,rf,weighted_lr,0.0
2016,SYC,Seychelles,0,0,rf,weighted_lr,0.0
2016,SYR,Syrian Arab Republic,0,0,rf,weighted_lr,0.0
2016,TCD,Chad,0,0,rf,weighted_lr,0.0
2016,TGO,Togo,0,0,rf,weighted_lr,0.0
2016,THA,Thailand,6,3,rf,weighted_lr,3.5946083421229726
2016,TJK,Tajikistan,1,1,rf,weighted_lr,0.0
2016,TKM,Turkmenistan,0,0,rf,weighted_lr,0.0
2016,TLS,Timor-Leste,0,0,rf,weighted_lr,0.0
2016,TON,Tonga,0,0,rf,weighted_lr,0.0
2016,TTO,Trinidad and Tobago,1,4,rf,weighted_lr,0.9984101722579624
2016,TUN,Tunisia,3,3,rf,weighted_lr,3.2297897717939055
2016,TUR,Turkiye,8,5,rf,weighted_lr,7.749410487646048
2016,TUV,Tuvalu,0,0,rf,weighted_lr,0.0
2016,TZA,Tanzania,0,0,rf,weighted_lr,0.0
2016,UGA,Uganda,0,1,rf,weighted_lr,0.0
2016,UKR,Ukraine,11,20,rf,weighted_lr,19.80542710614043
2016,URY,Uruguay,0,0,rf,weighted_lr,0.0
2016,USA,United States,121,103,rf,weighted_lr,112.99017448405125
2016,UZB,Uzbekistan,13,3,rf,weighted_lr,3.987863544072659
2016,VCT,St. Vincent and the Grenadines,0,0,rf,weighted_lr,0.0
2016,VEN,"Venezuela, RB",3,1,rf,weighted_lr,3.9950254291725953
2016,VIR,Virgin Islands (U.S.),0,0,rf,weighted_lr,0.0
2016,VNM,Viet Nam,2,0,rf,weighted_lr,0.0
2016,VUT,Vanuatu,0,0,rf,weighted_lr,0.0
2016,WSM,Samoa,0,0,rf,weighted_lr,0.0
2016,YEM,"Yemen, Rep.",0,0,rf,weighted_lr,0.0
2016,ZAF,South Africa,10,6,rf,weighted_lr,9.537418582535892
2016,ZMB,Zambia,0,0,rf,weighted_lr,0.0
2016,ZWE,Zimbabwe,0,0,rf,weighted_lr,0.2248502627087099
2016,ABW,Aruba,0,0,rf,ridge,0.0
2016,AFG,Afghanistan,0,1,rf,ridge,0.0
2016,AGO,Angola,0,0,rf,ridge,0.0
2016,ALB,Albania,0,0,rf,ridge,0.0
2016,AND,Andorra,0,0,rf,ridge,0.0
2016,ARE,United Arab Emirates,1,0,rf,ridge,0.0
2016,ARG,Argentina,4,4,rf,ridge,14.820627426052749
2016,ARM,Armenia,4,3,rf,ridge,2.1042849279368703
2016,ASM,American Samoa,0,0,rf,ridge,0.0
2016,ATG,Antigua and Barbuda,0,0,rf,ridge,0.0
2016,AUS,Australia,29,35,rf,ridge,40.377341537980456
2016,AUT,Austria,1,0,rf,ridge,1.5129356983614404
2016,AZE,Azerbaijan,18,10,rf,ridge,6.684525716049661
2016,BDI,Burundi,1,0,rf,ridge,0.0
2016,BEL,Belgium,6,3,rf,ridge,4.97242043801128
2016,BEN,Benin,0,0,rf,ridge,0.0
2016,BFA,Burkina Faso,0,0,rf,ridge,0.0
2016,BGD,Bangladesh,0,0,rf,ridge,0.0
2016,BGR,Bulgaria,3,2,rf,ridge,2.651369462051667
2016,BHR,Bahrain,2,1,rf,ridge,0.4588211613399249
2016,BHS,"Bahamas, The",2,1,rf,ridge,0.0
2016,BIH,Bosnia and Herzegovina,0,0,rf,ridge,0.0
2016,BLR,Belarus,9,12,rf,ridge,11.19198385680647
2016,BLZ,Belize,0,0,rf,ridge,0.0
2016,BMU,Bermuda,0,0,rf,ridge,0.0
2016,BOL,Bolivia,0,0,rf,ridge,0.0
2016,BRA,Brazil,19,17,rf,ridge,39.53091153793241
2016,BRB,Barbados,0,0,rf,ridge,0.0
2016,BRN,Brunei Darussalam,0,0,rf,ridge,0.0
2016,BTN,Bhutan,0,0,rf,ridge,0.0
2016,BWA,Botswana,0,1,rf,ridge,0.0
2016,CAF,Central African Republic,0,0,rf,ridge,0.0
2016,CAN,Canada,22,18,rf,ridge,28.224986635823896
2016,CHE,Switzerland,7,4,rf,ridge,3.2694506271949564
2016,CHL,Chile,0,0,rf,ridge,1.6761572319988822
2016,CHN,China,70,88,rf,ridge,85.60159606158973
2016,CIV,Cote d'Ivoire,2,0,rf,ridge,0.0
2016,CMR,Cameroon,0,0,rf,ridge,0.0
2016,COD,"Congo, Dem. Rep.",0,0,rf,ridge,0.0
2016,COG,"Congo, Rep.",0,0,rf,ridge,0.0
2016,COL,Colombia,8,8,rf,ridge,11.673373683223963
2016,COM,Comoros,0,0,rf,ridge,0.0
2016,CPV,Cabo Verde,0,0,rf,ridge,0.0
2016,CRI,Costa Rica,0,0,rf,ridge,0.0
2016,CUB,Cuba,11,14,rf,ridge,11.692926391809056
2016,CYM,Cayman Islands,0,0,rf,ridge,0.0
2016,CYP,Cyprus,0,1,rf,ridge,0.0
2016,CZE,Czechia,10,10,rf,ridge,8.797984591805596
2016,DEU,Germany,42,44,rf,ridge,45.56962423663303
2016,DJI,Djibouti,0,0,rf,ridge,0.0
2016,DMA,Dominica,0,0,rf,ridge,0.0
2016,DNK,Denmark,15,9,rf,ridge,7.3875775243621735
2016,DOM,Dominican Republic,1,2,rf,ridge,1.3681459484672551
2016,DZA,Algeria,2,1,rf,ridge,4.524098414985456
2016,ECU,Ecuador,0,0,rf,ridge,1.4388079603104007
2016,EGY,"Egypt, Arab Rep.",3,2,rf,ridge,8.341498048215824
2016,ESP,Spain,17,17,rf,ridge,25.026791312947577
2016,EST,Estonia,1,2,rf,ridge,1.7235094643776314
2016,ETH,Ethiopia,8,7,rf,ridge,5.364403468978835
2016,FIN,Finland,1,3,rf,ridge,1.6559240499485206
2016,FJI,Fiji,1,0,rf,ridge,2.0134150509650404
2016,FRA,France,42,35,rf,ridge,38.963621862676085
2016,FSM,"Micronesia, Fed. Sts.",0,0,rf,ridge,0.0
2016,GAB,Gabon,0,1,rf,ridge,0.0
2016,GBR,United Kingdom,67,65,rf,ridge,49.736603180714404
2016,GEO,Georgia,7,7,rf,ridge,4.3073767669030465
2016,GHA,Ghana,0,0,rf,ridge,0.0
2016,GIN,Guinea,0,0,rf,ridge,0.0
2016,GMB,"Gambia, The",0,0,rf,ridge,0.0
2016,GNB,Guinea-Bissau,0,0,rf,ridge,0.0
2016,GNQ,Equatorial Guinea,0,0,rf,ridge,0.0
2016,GRC,Greece,6,2,rf,ridge,4.775532091942416
2016,GRD,Grenada,1,1,rf,ridge,0.0
2016,GTM,Guatemala,0,1,rf,ridge,0.0
2016,GUM,Guam,0,0,rf,ridge,0.0
2016,GUY,Guyana,0,0,rf,ridge,0.0
2016,HKG,"Hong Kong SAR, China",0,1,rf,ridge,0.0
2016,HND,Honduras,0,0,rf,ridge,0.0
2016,HRV,Croatia,10,6,rf,ridge,6.0098744974098555
2016,HTI,Haiti,0,0,rf,ridge,0.0
2016,HUN,Hungary,15,18,rf,ridge,15.26106147476723
2016,IDN,Indonesia,3,2,rf,ridge,4.7974635676613175
2016,IND,India,2,6,rf,ridge,18.790149982269142
2016,IRL,Ireland,2,5,rf,ridge,2.683152360024554
2016,IRN,"Iran, Islamic Rep.",8,12,rf,ridge,9.326937723062677
2016,IRQ,Iraq,0,0,rf,ridge,0.0
2016,ISL,Iceland,0,0,rf,ridge,0.0
2016,ISR,Israel,2,0,rf,ridge,0.43865364563099263
2016,ITA,Italy,28,28,rf,ridge,30.4657613503441
2016,JAM,Jamaica,11,12,rf,ridge,7.267807523279959
2016,JOR,Jordan,1,0,rf,ridge,0.0
2016,JPN,Japan,41,38,rf,ridge,40.91014339146144
2016,KAZ,Kazakhstan,18,13,rf,ridge,11.491923881118105
2016,KEN,Kenya,13,11,rf,ridge,8.999023575229009
2016,KGZ,Kyrgyz Republic,0,0,rf,ridge,0.0
2016,KHM,Cambodia,0,0,rf,ridge,0.0
2016,KIR,Kiribati,0,0,rf,ridge,0.0
2016,KNA,St. Kitts and Nevis,0,0,rf,ridge,0.0
2016,KOR,"Korea, Rep.",21,28,rf,ridge,23.98473630401464
2016,LAO,Lao PDR,0,0,rf,ridge,0.0
2016,LBN,Lebanon,0,0,rf,ridge,0.0
2016,LBR,Liberia,0,0,rf,ridge,0.0
2016,LBY,Libya,0,0,rf,ridge,0.0
2016,LCA,St. Lucia,0,0,rf,ridge,0.0
2016,LKA,Sri Lanka,0,0,rf,ridge,0.0
2016,LSO,Lesotho,0,0,rf,ridge,0.0
2016,LTU,Lithuania,4,5,rf,ridge,4.400931062219614
2016,LUX,Luxembourg,0,0,rf,ridge,0.0
2016,LVA,Latvia,0,2,rf,ridge,1.1449341953094763
2016,MAR,Morocco,1,1,rf,ridge,2.8123197751952755
2016,MCO,Monaco,0,0,rf,ridge,0.0
2016,MDA,Moldova,0,2,rf,ridge,1.1816056765372824
2016,MDG,Madagascar,0,0,rf,ridge,0.0
2016,MDV,Maldives,0,0,rf,ridge,0.0
2016,MEX,Mexico,5,7,rf,ridge,11.800547846795217
2016,MHL,Marshall Islands,0,0,rf,ridge,0.0
2016,MKD,North Macedonia,0,0,rf,ridge,0.0
2016,MLI,Mali,0,0,rf,ridge,0.0
2016,MLT,Malta,0,0,rf,ridge,0.0
2016,MMR,Myanmar,0,0,rf,ridge,0.0
2016,MNE,Montenegro,0,1,rf,ridge,1.284123017662532
2016,MNG,Mongolia,2,5,rf,ridge,4.317207889336428
2016,MOZ,Mozambique,0,0,rf,ridge,0.0
2016,MRT,Mauritania,0,0,rf,ridge,0.0
2016,MUS,Mauritius,0,0,rf,ridge,0.0
2016,MWI,Malawi,0,0,rf,ridge,0.0
2016,MYS,Malaysia,5,2,rf,ridge,2.1760008729985216
2016,NAM,Namibia,0,0,rf,ridge,0.0
2016,NER,Niger,1,0,rf,ridge,0.0
2016,NGA,Nigeria,1,0,rf,ridge,5.213431520232023
2016,NIC,Nicaragua,0,0,rf,ridge,0.0
2016,NLD,Netherlands,19,20,rf,ridge,20.11398388473615
2016,NOR,Norway,4,4,rf,ridge,1.1313297238727653
2016,NPL,Nepal,0,0,rf,ridge,0.0
2016,NRU,Naoero,0,0,rf,ridge,0.0
2016,NZL,New Zealand,18,13,rf,ridge,14.292860709528611
2016,OMN,Oman,0,0,rf,ridge,0.0
2016,PAK,Pakistan,0,0,rf,ridge,0.0
2016,PAN,Panama,0,0,rf,ridge,0.0
2016,PER,Peru,0,0,rf,ridge,1.4949367134010014
2016,PHL,Philippines,1,0,rf,ridge,0.0
2016,PLW,Palau,0,0,rf,ridge,0.0
2016,PNG,Papua New Guinea,0,0,rf,ridge,0.0
2016,POL,Poland,11,10,rf,ridge,17.352350643895583
2016,PRI,Puerto Rico (US),1,2,rf,ridge,0.7870743270467209
2016,PRT,Portugal,1,1,rf,ridge,4.1183110182456275
2016,PRY,Paraguay,0,0,rf,ridge,0.0
2016,PSE,West Bank and Gaza,0,0,rf,ridge,0.0
2016,QAT,Qatar,1,2,rf,ridge,0.0
2016,ROU,Romania,4,9,rf,ridge,8.415580319851156
2016,RUS,Russian Federation,56,82,rf,ridge,58.25069656625605
2016,RWA,Rwanda,0,0,rf,ridge,0.0
2016,SAU,Saudi Arabia,0,1,rf,ridge,0.0
2016,SDN,Sudan,0,0,rf,ridge,0.0
2016,SEN,Senegal,0,0,rf,ridge,0.0
2016,SGP,Singapore,1,2,rf,ridge,0.0
2016,SLB,Solomon Islands,0,0,rf,ridge,0.0
2016,SLE,Sierra Leone,0,0,rf,ridge,0.0
2016,SLV,El Salvador,0,0,rf,ridge,0.0
2016,SMR,San Marino,0,0,rf,ridge,0.0
2016,SOM,"Somalia, Fed. Rep.",0,0,rf,ridge,0.0
2016,SRB,Serbia,8,4,rf,ridge,6.65215500986682
2016,STP,Sao Tome and Principe,0,0,rf,ridge,0.0
2016,SUR,Suriname,0,0,rf,ridge,0.0
2016,SVK,Slovak Republic,4,4,rf,ridge,3.1046623489671052
2016,SVN,Slovenia,4,4,rf,ridge,3.42658623807465
2016,SWE,Sweden,11,8,rf,ridge,9.423736747525997
2016,SWZ,Eswatini,0,0,rf,ridge,0.0
2016,SYC,Seychelles,0,0,rf,ridge,0.0
2016,SYR,Syrian Arab Republic,0,0,rf,ridge,0.0
2016,TCD,Chad,0,0,rf,ridge,0.0
2016,TGO,Togo,0,0,rf,ridge,0.0
2016,THA,Thailand,6,3,rf,ridge,4.432218511368991
2016,TJK,Tajikistan,1,1,rf,ridge,0.0
2016,TKM,Turkmenistan,0,0,rf,ridge,0.0
2016,TLS,Timor-Leste,0,0,rf,ridge,0.0
2016,TON,Tonga,0,0,rf,ridge,0.0
2016,TTO,Trinidad and Tobago,1,4,rf,ridge,1.6515100708789099
2016,TUN,Tunisia,3,3,rf,ridge,4.051303556011638
2016,TUR,Turkiye,8,5,rf,ridge,8.540668054699925
2016,TUV,Tuvalu,0,0,rf,ridge,0.0
2016,TZA,Tanzania,0,0,rf,ridge,0.0
2016,UGA,Uganda,0,1,rf,ridge,0.0
2016,UKR,Ukraine,11,20,rf,ridge,19.93354452961661
2016,URY,Uruguay,0,0,rf,ridge,0.0
2016,USA,United States,121,103,rf,ridge,104.90805256747514
2016,UZB,Uzbekistan,13,3,rf,ridge,4.888972824750012
2016,VCT,St. Vincent and the Grenadines,0,0,rf,ridge,0.0
2016,VEN,"Venezuela, RB",3,1,rf,ridge,5.1622023169946445
2016,VIR,Virgin Islands (U.S.),0,0,rf,ridge,0.0
2016,VNM,Viet Nam,2,0,rf,ridge,0.0
2016,VUT,Vanuatu,0,0,rf,ridge,0.0
2016,WSM,Samoa,0,0,rf,ridge,0.0
2016,YEM,"Yemen, Rep.",0,0,rf,ridge,0.0
2016,ZAF,South Africa,10,6,rf,ridge,10.53244074561064
2016,ZMB,Zambia,0,0,rf,ridge,0.0
2016,ZWE,Zimbabwe,0,0,rf,ridge,1.1975773669955387
2016,ABW,Aruba,0,0,rf,lasso,0.0
2016,AFG,Afghanistan,0,1,rf,lasso,0.0
2016,AGO,Angola,0,0,rf,lasso,0.0
2016,ALB,Albania,0,0,rf,lasso,0.0
2016,AND,Andorra,0,0,rf,lasso,0.0
2016,ARE,United Arab Emirates,1,0,rf,lasso,0.0
2016,ARG,Argentina,4,4,rf,lasso,13.615127904173669
2016,ARM,Armenia,4,3,rf,lasso,2.3471092388749746
2016,ASM,American Samoa,0,0,rf,lasso,0.0
2016,ATG,Antigua and Barbuda,0,0,rf,lasso,0.0
2016,AUS,Australia,29,35,rf,lasso,39.46953373248725
2016,AUT,Austria,1,0,rf,lasso,1.3617355265552344
2016,AZE,Azerbaijan,18,10,rf,lasso,7.296600337325722
2016,BDI,Burundi,1,0,rf,lasso,0.0
2016,BEL,Belgium,6,3,rf,lasso,4.8356519298436496
2016,BEN,Benin,0,0,rf,lasso,0.0
2016,BFA,Burkina Faso,0,0,rf,lasso,0.0
2016,BGD,Bangladesh,0,0,rf,lasso,0.0
2016,BGR,Bulgaria,3,2,rf,lasso,2.698164193158865
2016,BHR,Bahrain,2,1,rf,lasso,0.6805751526878208
2016,BHS,"Bahamas, The",2,1,rf,lasso,0.0
2016,BIH,Bosnia and Herzegovina,0,0,rf,lasso,0.0
2016,BLR,Belarus,9,12,rf,lasso,11.558131095037904
2016,BLZ,Belize,0,0,rf,lasso,0.0
2016,BMU,Bermuda,0,0,rf,lasso,0.0
2016,BOL,Bolivia,0,0,rf,lasso,0.0
2016,BRA,Brazil,19,17,rf,lasso,36.78204579455947
2016,BRB,Barbados,0,0,rf,lasso,0.0
2016,BRN,Brunei Darussalam,0,0,rf,lasso,0.0
2016,BTN,Bhutan,0,0,rf,lasso,0.0
2016,BWA,Botswana,0,1,rf,lasso,0.0
2016,CAF,Central African Republic,0,0,rf,lasso,0.0
2016,CAN,Canada,22,18,rf,lasso,26.403333523109154
2016,CHE,Switzerland,7,4,rf,lasso,3.2634278031558903
2016,CHL,Chile,0,0,rf,lasso,1.5454697712698273
2016,CHN,China,70,88,rf,lasso,87.21027902248622
2016,CIV,Cote d'Ivoire,2,0,rf,lasso,0.0
2016,CMR,Cameroon,0,0,rf,lasso,0.0
2016,COD,"Congo, Dem. Rep.",0,0,rf,lasso,0.0
2016,COG,"Congo, Rep.",0,0,rf,lasso,0.0
2016,COL,Colombia,8,8,rf,lasso,11.486000458302792
2016,COM,Comoros,0,0,rf,lasso,0.0
2016,CPV,Cabo Verde,0,0,rf,lasso,0.0
2016,CRI,Costa Rica,0,0,rf,lasso,0.0
2016,CUB,Cuba,11,14,rf,lasso,12.254038902048165
2016,CYM,Cayman Islands,0,0,rf,lasso,0.0
2016,CYP,Cyprus,0,1,rf,lasso,0.0
2016,CZE,Czechia,10,10,rf,lasso,9.165391185821273
2016,DEU,Germany,42,44,rf,lasso,46.306238720040035
2016,DJI,Djibouti,0,0,rf,lasso,0.0
2016,DMA,Dominica,0,0,rf,lasso,0.0
2016,DNK,Denmark,15,9,rf,lasso,7.656225372223557
2016,DOM,Dominican Republic,1,2,rf,lasso,1.631410636015124
2016,DZA,Algeria,2,1,rf,lasso,4.087505542956793
2016,ECU,Ecuador,0,0,rf,lasso,1.4159662577832748
2016,EGY,"Egypt, Arab Rep.",3,2,rf,lasso,7.88178728394054
2016,ESP,Spain,17,17,rf,lasso,24.60228444000527
2016,EST,Estonia,1,2,rf,lasso,1.853806119636106
2016,ETH,Ethiopia,8,7,rf,lasso,5.783311358375682
2016,FIN,Finland,1,3,rf,lasso,1.782074330543706
2016,FJI,Fiji,1,0,rf,lasso,1.943886984156748
2016,FRA,France,42,35,rf,lasso,39.244478846268905
2016,FSM,"Micronesia, Fed. Sts.",0,0,rf,lasso,0.0
2016,GAB,Gabon,0,1,rf,lasso,0.0
2016,GBR,United Kingdom,67,65,rf,lasso,52.43413574817717
2016,GEO,Georgia,7,7,rf,lasso,4.815402347073378
2016,GHA,Ghana,0,0,rf,lasso,0.0
2016,GIN,Guinea,0,0,rf,lasso,0.0
2016,GMB,"Gambia, The",0,0,rf,lasso,0.0
2016,GNB,Guinea-Bissau,0,0,rf,lasso,0.0
2016,GNQ,Equatorial Guinea,0,0,rf,lasso,0.0
2016,GRC,Greece,6,2,rf,lasso,4.587634889541031
2016,GRD,Grenada,1,1,rf,lasso,0.0
2016,GTM,Guatemala,0,1,rf,lasso,0.0
2016,GUM,Guam,0,0,rf,lasso,0.0
2016,GUY,Guyana,0,0,rf,lasso,0.0
2016,HKG,"Hong Kong SAR, China",0,1,rf,lasso,0.0
2016,HND,Honduras,0,0,rf,lasso,0.0
2016,HRV,Croatia,10,6,rf,lasso,6.183007716699966
2016,HTI,Haiti,0,0,rf,lasso,0.0
2016,HUN,Hungary,15,18,rf,lasso,15.920264457957394
2016,IDN,Indonesia,3,2,rf,lasso,4.616977346557646
2016,IND,India,2,6,rf,lasso,18.081133704654135
2016,IRL,Ireland,2,5,rf,lasso,2.9053601275105283
2016,IRN,"Iran, Islamic Rep.",8,12,rf,lasso,9.814748127344336
2016,IRQ,Iraq,0,0,rf,lasso,0.0
2016,ISL,Iceland,0,0,rf,lasso,0.0
2016,ISR,Israel,2,0,rf,lasso,0.46144128166815435
2016,ITA,Italy,28,28,rf,lasso,30.787511764101197
2016,JAM,Jamaica,11,12,rf,lasso,8.063269716679324
2016,JOR,Jordan,1,0,rf,lasso,0.0
2016,JPN,Japan,41,38,rf,lasso,41.46338057473213
2016,KAZ,Kazakhstan,18,13,rf,lasso,11.652787628403589
2016,KEN,Kenya,13,11,rf,lasso,9.531676591270715
2016,KGZ,Kyrgyz Republic,0,0,rf,lasso,0.0
2016,KHM,Cambodia,0,0,rf,lasso,0.0
2016,KIR,Kiribati,0,0,rf,lasso,0.0
2016,KNA,St. Kitts and Nevis,0,0,rf,lasso,0.0
2016,KOR,"Korea, Rep.",21,28,rf,lasso,24.963206772727816
2016,LAO,Lao PDR,0,0,rf,lasso,0.0
2016,LBN,Lebanon,0,0,rf,lasso,0.0
2016,LBR,Liberia,0,0,rf,lasso,0.0
2016,LBY,Libya,0,0,rf,lasso,0.0
2016,LCA,St. Lucia,0,0,rf,lasso,0.0
2016,LKA,Sri Lanka,0,0,rf,lasso,0.0
2016,LSO,Lesotho,0,0,rf,lasso,0.0
2016,LTU,Lithuania,4,5,rf,lasso,4.597088835998309
2016,LUX,Luxembourg,0,0,rf,lasso,0.0
2016,LVA,Latvia,0,2,rf,lasso,1.32083865245575
2016,MAR,Morocco,1,1,rf,lasso,2.7640823204958505
2016,MCO,Monaco,0,0,rf,lasso,0.0
2016,MDA,Moldova,0,2,rf,lasso,1.4080680852507843
2016,MDG,Madagascar,0,0,rf,lasso,0.0
2016,MDV,Maldives,0,0,rf,lasso,0.0
2016,MEX,Mexico,5,7,rf,lasso,11.416739116550188
2016,MHL,Marshall Islands,0,0,rf,lasso,0.0
2016,MKD,North Macedonia,0,0,rf,lasso,0.0
2016,MLI,Mali,0,0,rf,lasso,0.0
2016,MLT,Malta,0,0,rf,lasso,0.0
2016,MMR,Myanmar,0,0,rf,lasso,0.0
2016,MNE,Montenegro,0,1,rf,lasso,1.3977766544048347
2016,MNG,Mongolia,2,5,rf,lasso,4.4332234318498465
2016,MOZ,Mozambique,0,0,rf,lasso,0.0
2016,MRT,Mauritania,0,0,rf,lasso,0.0
2016,MUS,Mauritius,0,0,rf,lasso,0.0
2016,MWI,Malawi,0,0,rf,lasso,0.0
2016,MYS,Malaysia,5,2,rf,lasso,2.33407455027897
2016,NAM,Namibia,0,0,rf,lasso,0.0
2016,NER,Niger,1,0,rf,lasso,0.0
2016,NGA,Nigeria,1,0,rf,lasso,4.85725926791925
2016,NIC,Nicaragua,0,0,rf,lasso,0.0
2016,NLD,Netherlands,19,20,rf,lasso,20.45924707984872
2016,NOR,Norway,4,4,rf,lasso,1.3037715325172474
2016,NPL,Nepal,0,0,rf,lasso,0.0
2016,NRU,Naoero,0,0,rf,lasso,0.0
2016,NZL,New Zealand,18,13,rf,lasso,14.420472178471051
2016,OMN,Oman,0,0,rf,lasso,0.0
2016,PAK,Pakistan,0,0,rf,lasso,0.0
2016,PAN,Panama,0,0,rf,lasso,0.0
2016,PER,Peru,0,0,rf,lasso,1.3562853192989621
2016,PHL,Philippines,1,0,rf,lasso,0.0
2016,PLW,Palau,0,0,rf,lasso,0.0
2016,PNG,Papua New Guinea,0,0,rf,lasso,0.0
2016,POL,Poland,11,10,rf,lasso,16.91821904415117
2016,PRI,Puerto Rico (US),1,2,rf,lasso,0.9041772243976229
2016,PRT,Portugal,1,1,rf,lasso,3.8912872525270714
2016,PRY,Paraguay,0,0,rf,lasso,0.0
2016,PSE,West Bank and Gaza,0,0,rf,lasso,0.0
2016,QAT,Qatar,1,2,rf,lasso,0.0
2016,ROU,Romania,4,9,rf,lasso,8.708829721889721
2016,RUS,Russian Federation,56,82,rf,lasso,59.927072253143145
2016,RWA,Rwanda,0,0,rf,lasso,0.0
2016,SAU,Saudi Arabia,0,1,rf,lasso,0.0
2016,SDN,Sudan,0,0,rf,lasso,0.0
2016,SEN,Senegal,0,0,rf,lasso,0.0
2016,SGP,Singapore,1,2,rf,lasso,0.0
2016,SLB,Solomon Islands,0,0,rf,lasso,0.0
2016,SLE,Sierra Leone,0,0,rf,lasso,0.0
2016,SLV,El Salvador,0,0,rf,lasso,0.0
2016,SMR,San Marino,0,0,rf,lasso,0.0
2016,SOM,"Somalia, Fed. Rep.",0,0,rf,lasso,0.0
2016,SRB,Serbia,8,4,rf,lasso,6.5737443267694955
2016,STP,Sao Tome and Principe,0,0,rf,lasso,0.0
2016,SUR,Suriname,0,0,rf,lasso,0.0
2016,SVK,Slovak Republic,4,4,rf,lasso,3.336951256345344
2016,SVN,Slovenia,4,4,rf,lasso,3.6146394448690717
2016,SWE,Sweden,11,8,rf,lasso,9.361937712568471
2016,SWZ,Eswatini,0,0,rf,lasso,0.0
2016,SYC,Seychelles,0,0,rf,lasso,0.0
2016,SYR,Syrian Arab Republic,0,0,rf,lasso,0.0
2016,TCD,Chad,0,0,rf,lasso,0.0
2016,TGO,Togo,0,0,rf,lasso,0.0
2016,THA,Thailand,6,3,rf,lasso,4.459101542589815
2016,TJK,Tajikistan,1,1,rf,lasso,0.0
2016,TKM,Turkmenistan,0,0,rf,lasso,0.0
2016,TLS,Timor-Leste,0,0,rf,lasso,0.0
2016,TON,Tonga,0,0,rf,lasso,0.0
2016,TTO,Trinidad and Tobago,1,4,rf,lasso,1.970275454834848
2016,TUN,Tunisia,3,3,rf,lasso,4.137955502038163
2016,TUR,Turkiye,8,5,rf,lasso,8.387663160091765
2016,TUV,Tuvalu,0,0,rf,lasso,0.0
2016,TZA,Tanzania,0,0,rf,lasso,0.0
2016,UGA,Uganda,0,1,rf,lasso,0.0
2016,UKR,Ukraine,11,20,rf,lasso,20.36563916399714
2016,URY,Uruguay,0,0,rf,lasso,0.0
2016,USA,United States,121,103,rf,lasso,106.02593675858758
2016,UZB,Uzbekistan,13,3,rf,lasso,4.9172119563453
2016,VCT,St. Vincent and the Grenadines,0,0,rf,lasso,0.0
2016,VEN,"Venezuela, RB",3,1,rf,lasso,4.710896842947103
2016,VIR,Virgin Islands (U.S.),0,0,rf,lasso,0.0
2016,VNM,Viet Nam,2,0,rf,lasso,0.0
2016,VUT,Vanuatu,0,0,rf,lasso,0.0
2016,WSM,Samoa,0,0,rf,lasso,0.0
2016,YEM,"Yemen, Rep.",0,0,rf,lasso,0.0
2016,ZAF,South Africa,10,6,rf,lasso,10.210425301160525
2016,ZMB,Zambia,0,0,rf,lasso,0.0
2016,ZWE,Zimbabwe,0,0,rf,lasso,1.1999881574500986
2016,ABW,Aruba,0,0,rf,poisson,0.0
2016,AFG,Afghanistan,0,1,rf,poisson,0.0
2016,AGO,Angola,0,0,rf,poisson,0.0
2016,ALB,Albania,0,0,rf,poisson,0.0
2016,AND,Andorra,0,0,rf,poisson,0.0
2016,ARE,United Arab Emirates,1,0,rf,poisson,0.0
2016,ARG,Argentina,4,4,rf,poisson,10.252525483295836
2016,ARM,Armenia,4,3,rf,poisson,5.23773753853452
2016,ASM,American Samoa,0,0,rf,poisson,0.0
2016,ATG,Antigua and Barbuda,0,0,rf,poisson,0.0
2016,AUS,Australia,29,35,rf,poisson,33.743416581945645
2016,AUT,Austria,1,0,rf,poisson,5.215675167890311
2016,AZE,Azerbaijan,18,10,rf,poisson,4.660597201611152
2016,BDI,Burundi,1,0,rf,poisson,0.0
2016,BEL,Belgium,6,3,rf,poisson,6.878913187260555
2016,BEN,Benin,0,0,rf,poisson,0.0
2016,BFA,Burkina Faso,0,0,rf,poisson,0.0
2016,BGD,Bangladesh,0,0,rf,poisson,0.0
2016,BGR,Bulgaria,3,2,rf,poisson,6.861746128087591
2016,BHR,Bahrain,2,1,rf,poisson,2.5123221251750225
2016,BHS,"Bahamas, The",2,1,rf,poisson,4.428082754404259
2016,BIH,Bosnia and Herzegovina,0,0,rf,poisson,0.0
2016,BLR,Belarus,9,12,rf,poisson,7.812983578744943
2016,BLZ,Belize,0,0,rf,poisson,0.0
2016,BMU,Bermuda,0,0,rf,poisson,0.0
2016,BOL,Bolivia,0,0,rf,poisson,0.0
2016,BRA,Brazil,19,17,rf,poisson,40.132092441980866
2016,BRB,Barbados,0,0,rf,poisson,0.0
2016,BRN,Brunei Darussalam,0,0,rf,poisson,0.0
2016,BTN,Bhutan,0,0,rf,poisson,0.0
2016,BWA,Botswana,0,1,rf,poisson,0.0
2016,CAF,Central African Republic,0,0,rf,poisson,0.0
2016,CAN,Canada,22,18,rf,poisson,18.80526962387369
2016,CHE,Switzerland,7,4,rf,poisson,6.7819634297098235
2016,CHL,Chile,0,0,rf,poisson,4.135820960210867
2016,CHN,China,70,88,rf,poisson,66.68472298970725
2016,CIV,Cote d'Ivoire,2,0,rf,poisson,0.0
2016,CMR,Cameroon,0,0,rf,poisson,0.0
2016,COD,"Congo, Dem. Rep.",0,0,rf,poisson,0.0
2016,COG,"Congo, Rep.",0,0,rf,poisson,0.0
2016,COL,Colombia,8,8,rf,poisson,7.351403089255017
2016,COM,Comoros,0,0,rf,poisson,0.0
2016,CPV,Cabo Verde,0,0,rf,poisson,0.0
2016,CRI,Costa Rica,0,0,rf,poisson,0.0
2016,CUB,Cuba,11,14,rf,poisson,8.161282935835475
2016,CYM,Cayman Islands,0,0,rf,poisson,0.0
2016,CYP,Cyprus,0,1,rf,poisson,0.0
2016,CZE,Czechia,10,10,rf,poisson,7.282167730500727
2016,DEU,Germany,42,44,rf,poisson,39.04780633384777
2016,DJI,Djibouti,0,0,rf,poisson,0.0
2016,DMA,Dominica,0,0,rf,poisson,0.0
2016,DNK,Denmark,15,9,rf,poisson,7.574838158410768
2016,DOM,Dominican Republic,1,2,rf,poisson,3.9153853935551672
2016,DZA,Algeria,2,1,rf,poisson,3.939521400159002
2016,ECU,Ecuador,0,0,rf,poisson,3.7674728952888747
2016,EGY,"Egypt, Arab Rep.",3,2,rf,poisson,5.306905372923367
2016,ESP,Spain,17,17,rf,poisson,21.20579697235106
2016,EST,Estonia,1,2,rf,poisson,5.36673852313065
2016,ETH,Ethiopia,8,7,rf,poisson,3.26146534901855
2016,FIN,Finland,1,3,rf,poisson,5.674294116262221
2016,FJI,Fiji,1,0,rf,poisson,5.263148826289043
2016,FRA,France,42,35,rf,poisson,35.45599948392458
2016,FSM,"Micronesia, Fed. Sts.",0,0,rf,poisson,0.0
2016,GAB,Gabon,0,1,rf,poisson,0.0
2016,GBR,United Kingdom,67,65,rf,poisson,34.21493070557087
2016,GEO,Georgia,7,7,rf,poisson,5.192999369417067
2016,GHA,Ghana,0,0,rf,poisson,0.0
2016,GIN,Guinea,0,0,rf,poisson,0.0
2016,GMB,"Gambia, The",0,0,rf,poisson,0.0
2016,GNB,Guinea-Bissau,0,0,rf,poisson,0.0
2016,GNQ,Equatorial Guinea,0,0,rf,poisson,0.0
2016,GRC,Greece,6,2,rf,poisson,7.232353817184992
2016,GRD,Grenada,1,1,rf,poisson,0.0
2016,GTM,Guatemala,0,1,rf,poisson,0.0
2016,GUM,Guam,0,0,rf,poisson,0.0
2016,GUY,Guyana,0,0,rf,poisson,0.0
2016,HKG,"Hong Kong SAR, China",0,1,rf,poisson,4.8429156282165575
2016,HND,Honduras,0,0,rf,poisson,0.0
2016,HRV,Croatia,10,6,rf,poisson,8.082598841912308
2016,HTI,Haiti,0,0,rf,poisson,0.0
2016,HUN,Hungary,15,18,rf,poisson,10.764444401821077
2016,IDN,Indonesia,3,2,rf,poisson,4.274733281172099
2016,IND,India,2,6,rf,poisson,9.214579851396755
2016,IRL,Ireland,2,5,rf,poisson,5.5644696412846075
2016,IRN,"Iran, Islamic Rep.",8,12,rf,poisson,4.847118517268341
2016,IRQ,Iraq,0,0,rf,poisson,0.0
2016,ISL,Iceland,0,0,rf,poisson,0.0
2016,ISR,Israel,2,0,rf,poisson,3.896846891191148
2016,ITA,Italy,28,28,rf,poisson,24.406466952031444
2016,JAM,Jamaica,11,12,rf,poisson,5.598308709654172
2016,JOR,Jordan,1,0,rf,poisson,0.0
2016,JPN,Japan,41,38,rf,poisson,29.12307986339759
2016,KAZ,Kazakhstan,18,13,rf,poisson,5.614954617042389
2016,KEN,Kenya,13,11,rf,poisson,4.376018021771274
2016,KGZ,Kyrgyz Republic,0,0,rf,poisson,0.0
2016,KHM,Cambodia,0,0,rf,poisson,0.0
2016,KIR,Kiribati,0,0,rf,poisson,0.0
2016,KNA,St. Kitts and Nevis,0,0,rf,poisson,0.0
2016,KOR,"Korea, Rep.",21,28,rf,poisson,13.421172122394228
2016,LAO,Lao PDR,0,0,rf,poisson,0.0
2016,LBN,Lebanon,0,0,rf,poisson,0.0
2016,LBR,Liberia,0,0,rf,poisson,0.0
2016,LBY,Libya,0,0,rf,poisson,0.0
2016,LCA,St. Lucia,0,0,rf,poisson,0.0
2016,LKA,Sri Lanka,0,0,rf,poisson,0.0
2016,LSO,Lesotho,0,0,rf,poisson,0.0
2016,LTU,Lithuania,4,5,rf,poisson,7.497002714590514
2016,LUX,Luxembourg,0,0,rf,poisson,0.0
2016,LVA,Latvia,0,2,rf,poisson,5.902052884104388
2016,MAR,Morocco,1,1,rf,poisson,4.209580236737713
2016,MCO,Monaco,0,0,rf,poisson,0.0
2016,MDA,Moldova,0,2,rf,poisson,5.7887828323746495
2016,MDG,Madagascar,0,0,rf,poisson,0.0
2016,MDV,Maldives,0,0,rf,poisson,0.0
2016,MEX,Mexico,5,7,rf,poisson,6.832049015978128
2016,MHL,Marshall Islands,0,0,rf,poisson,0.0
2016,MKD,North Macedonia,0,0,rf,poisson,0.0
2016,MLI,Mali,0,0,rf,poisson,0.0
2016,MLT,Malta,0,0,rf,poisson,0.0
2016,MMR,Myanmar,0,0,rf,poisson,0.0
2016,MNE,Montenegro,0,1,rf,poisson,4.842826018132296
2016,MNG,Mongolia,2,5,rf,poisson,3.608467105639257
2016,MOZ,Mozambique,0,0,rf,poisson,0.0
2016,MRT,Mauritania,0,0,rf,poisson,0.0
2016,MUS,Mauritius,0,0,rf,poisson,0.0
2016,MWI,Malawi,0,0,rf,poisson,0.0
2016,MYS,Malaysia,5,2,rf,poisson,3.5949222187830276
2016,NAM,Namibia,0,0,rf,poisson,0.0
2016,NER,Niger,1,0,rf,poisson,0.0
2016,NGA,Nigeria,1,0,rf,poisson,3.862155592667485
2016,NIC,Nicaragua,0,0,rf,poisson,0.0
2016,NLD,Netherlands,19,20,rf,poisson,14.793875867658773
2016,NOR,Norway,4,4,rf,poisson,5.6904193313525875
2016,NPL,Nepal,0,0,rf,poisson,0.0
2016,NRU,Naoero,0,0,rf,poisson,0.0
2016,NZL,New Zealand,18,13,rf,poisson,8.293133348795564
2016,OMN,Oman,0,0,rf,poisson,0.0
2016,PAK,Pakistan,0,0,rf,poisson,0.0
2016,PAN,Panama,0,0,rf,poisson,0.0
2016,PER,Peru,0,0,rf,poisson,3.7689008777949393
2016,PHL,Philippines,1,0,rf,poisson,0.0
2016,PLW,Palau,0,0,rf,poisson,0.0
2016,PNG,Papua New Guinea,0,0,rf,poisson,0.0
2016,POL,Poland,11,10,rf,poisson,14.119930441912304
2016,PRI,Puerto Rico (US),1,2,rf,poisson,7.134870429933584
2016,PRT,Portugal,1,1,rf,poisson,7.038584360296617
2016,PRY,Paraguay,0,0,rf,poisson,0.0
2016,PSE,West Bank and Gaza,0,0,rf,poisson,0.0
2016,QAT,Qatar,1,2,rf,poisson,2.0626682582389324
2016,ROU,Romania,4,9,rf,poisson,7.837449927703407
2016,RUS,Russian Federation,56,82,rf,poisson,29.845762672284078
2016,RWA,Rwanda,0,0,rf,poisson,0.0
2016,SAU,Saudi Arabia,0,1,rf,poisson,0.0
2016,SDN,Sudan,0,0,rf,poisson,0.0
2016,SEN,Senegal,0,0,rf,poisson,0.0
2016,SGP,Singapore,1,2,rf,poisson,4.202276243956352
2016,SLB,Solomon Islands,0,0,rf,poisson,0.0
2016,SLE,Sierra Leone,0,0,rf,poisson,0.0
2016,SLV,El Salvador,0,0,rf,poisson,0.0
2016,SMR,San Marino,0,0,rf,poisson,0.0
2016,SOM,"Somalia, Fed. Rep.",0,0,rf,poisson,0.0
2016,SRB,Serbia,8,4,rf,poisson,7.708506820959771
2016,STP,Sao Tome and Principe,0,0,rf,poisson,0.0
2016,SUR,Suriname,0,0,rf,poisson,0.0
2016,SVK,Slovak Republic,4,4,rf,poisson,5.438774153709156
2016,SVN,Slovenia,4,4,rf,poisson,5.895952918693687
2016,SWE,Sweden,11,8,rf,poisson,7.932952128107173
2016,SWZ,Eswatini,0,0,rf,poisson,0.0
2016,SYC,Seychelles,0,0,rf,poisson,0.0
2016,SYR,Syrian Arab Republic,0,0,rf,poisson,0.0
2016,TCD,Chad,0,0,rf,poisson,0.0
2016,TGO,Togo,0,0,rf,poisson,0.0
2016,THA,Thailand,6,3,rf,poisson,5.146732969655719
2016,TJK,Tajikistan,1,1,rf,poisson,0.0
2016,TKM,Turkmenistan,0,0,rf,poisson,0.0
2016,TLS,Timor-Leste,0,0,rf,poisson,0.0
2016,TON,Tonga,0,0,rf,poisson,0.0
2016,TTO,Trinidad and Tobago,1,4,rf,poisson,4.63463084456892
2016,TUN,Tunisia,3,3,rf,poisson,4.5969096390043465
2016,TUR,Turkiye,8,5,rf,poisson,5.577913924368051
2016,TUV,Tuvalu,0,0,rf,poisson,0.0
2016,TZA,Tanzania,0,0,rf,poisson,0.0
2016,UGA,Uganda,0,1,rf,poisson,0.0
2016,UKR,Ukraine,11,20,rf,poisson,13.66344233060359
2016,URY,Uruguay,0,0,rf,poisson,0.0
2016,USA,United States,121,103,rf,poisson,111.68680083727588
2016,UZB,Uzbekistan,13,3,rf,poisson,4.3417341080593514
2016,VCT,St. Vincent and the Grenadines,0,0,rf,poisson,0.0
2016,VEN,"Venezuela, RB",3,1,rf,poisson,5.428505659404272
2016,VIR,Virgin Islands (U.S.),0,0,rf,poisson,0.0
2016,VNM,Viet Nam,2,0,rf,poisson,0.0
2016,VUT,Vanuatu,0,0,rf,poisson,0.0
2016,WSM,Samoa,0,0,rf,poisson,0.0
2016,YEM,"Yemen, Rep.",0,0,rf,poisson,0.0
2016,ZAF,South Africa,10,6,rf,poisson,7.041386444797695
2016,ZMB,Zambia,0,0,rf,poisson,0.0
2016,ZWE,Zimbabwe,0,0,rf,poisson,3.662026462502991
2016,ABW,Aruba,0,0,rf,svr,0.0
2016,AFG,Afghanistan,0,1,rf,svr,0.0
2016,AGO,Angola,0,0,rf,svr,0.0
2016,ALB,Albania,0,0,rf,svr,0.0
2016,AND,Andorra,0,0,rf,svr,0.0
2016,ARE,United Arab Emirates,1,0,rf,svr,0.0
2016,ARG,Argentina,4,4,rf,svr,7.352532910842513
2016,ARM,Armenia,4,3,rf,svr,2.6090320088185166
2016,ASM,American Samoa,0,0,rf,svr,0.0
2016,ATG,Antigua and Barbuda,0,0,rf,svr,0.0
2016,AUS,Australia,29,35,rf,svr,34.74114762811097
2016,AUT,Austria,1,0,rf,svr,1.8990272532959125
2016,AZE,Azerbaijan,18,10,rf,svr,6.473851801419954
2016,BDI,Burundi,1,0,rf,svr,0.0
2016,BEL,Belgium,6,3,rf,svr,4.155364224155562
2016,BEN,Benin,0,0,rf,svr,0.0
2016,BFA,Burkina Faso,0,0,rf,svr,0.0
2016,BGD,Bangladesh,0,0,rf,svr,0.0
2016,BGR,Bulgaria,3,2,rf,svr,2.5604753617080007
2016,BHR,Bahrain,2,1,rf,svr,2.0390740780186505
2016,BHS,"Bahamas, The",2,1,rf,svr,1.4202802183912908
2016,BIH,Bosnia and Herzegovina,0,0,rf,svr,0.0
2016,BLR,Belarus,9,12,rf,svr,8.796437935368377
2016,BLZ,Belize,0,0,rf,svr,0.0
2016,BMU,Bermuda,0,0,rf,svr,0.0
2016,BOL,Bolivia,0,0,rf,svr,0.0
2016,BRA,Brazil,19,17,rf,svr,33.787761276492716
2016,BRB,Barbados,0,0,rf,svr,0.0
2016,BRN,Brunei Darussalam,0,0,rf,svr,0.0
2016,BTN,Bhutan,0,0,rf,svr,0.0
2016,BWA,Botswana,0,1,rf,svr,0.0
2016,CAF,Central African Republic,0,0,rf,svr,0.0
2016,CAN,Canada,22,18,rf,svr,19.838775636163685
2016,CHE,Switzerland,7,4,rf,svr,6.303923541794028
2016,CHL,Chile,0,0,rf,svr,0.7995799984154601
2016,CHN,China,70,88,rf,svr,87.79645949650141
2016,CIV,Cote d'Ivoire,2,0,rf,svr,0.0
2016,CMR,Cameroon,0,0,rf,svr,0.0
2016,COD,"Congo, Dem. Rep.",0,0,rf,svr,0.0
2016,COG,"Congo, Rep.",0,0,rf,svr,0.0
2016,COL,Colombia,8,8,rf,svr,7.596831791613802
2016,COM,Comoros,0,0,rf,svr,0.0
2016,CPV,Cabo Verde,0,0,rf,svr,0.0
2016,CRI,Costa Rica,0,0,rf,svr,0.0
2016,CUB,Cuba,11,14,rf,svr,9.886658966588975
2016,CYM,Cayman Islands,0,0,rf,svr,0.0
2016,CYP,Cyprus,0,1,rf,svr,0.0
2016,CZE,Czechia,10,10,rf,svr,7.442770824083539
2016,DEU,Germany,42,44,rf,svr,46.02590086530758
2016,DJI,Djibouti,0,0,rf,svr,0.0
2016,DMA,Dominica,0,0,rf,svr,0.0
2016,DNK,Denmark,15,9,rf,svr,7.504556550186706
2016,DOM,Dominican Republic,1,2,rf,svr,2.574892424341847
2016,DZA,Algeria,2,1,rf,svr,1.6015726208495025
2016,ECU,Ecuador,0,0,rf,svr,1.3145307463117462
2016,EGY,"Egypt, Arab Rep.",3,2,rf,svr,4.2627859456289485
2016,ESP,Spain,17,17,rf,svr,20.460700133563215
2016,EST,Estonia,1,2,rf,svr,2.2468535323393937
2016,ETH,Ethiopia,8,7,rf,svr,5.794116275974886
2016,FIN,Finland,1,3,rf,svr,2.7742673775424507
2016,FJI,Fiji,1,0,rf,svr,1.7435549796672447
2016,FRA,France,42,35,rf,svr,36.98703518601185
2016,FSM,"Micronesia, Fed. Sts.",0,0,rf,svr,0.0
2016,GAB,Gabon,0,1,rf,svr,0.0
2016,GBR,United Kingdom,67,65,rf,svr,50.78789710042812
2016,GEO,Georgia,7,7,rf,svr,4.975407534761466
2016,GHA,Ghana,0,0,rf,svr,0.0
2016,GIN,Guinea,0,0,rf,svr,0.0
2016,GMB,"Gambia, The",0,0,rf,svr,0.0
2016,GNB,Guinea-Bissau,0,0,rf,svr,0.0
2016,GNQ,Equatorial Guinea,0,0,rf,svr,0.0
2016,GRC,Greece,6,2,rf,svr,3.047043891989972
2016,GRD,Grenada,1,1,rf,svr,0.0
2016,GTM,Guatemala,0,1,rf,svr,0.0
2016,GUM,Guam,0,0,rf,svr,0.0
2016,GUY,Guyana,0,0,rf,svr,0.0
2016,HKG,"Hong Kong SAR, China",0,1,rf,svr,1.7503938709961702
2016,HND,Honduras,0,0,rf,svr,0.0
2016,HRV,Croatia,10,6,rf,svr,5.142264029035388
2016,HTI,Haiti,0,0,rf,svr,0.0
2016,HUN,Hungary,15,18,rf,svr,13.233277635969031
2016,IDN,Indonesia,3,2,rf,svr,1.4863384557142254
2016,IND,India,2,6,rf,svr,12.389160358291168
2016,IRL,Ireland,2,5,rf,svr,4.80877578498891
2016,IRN,"Iran, Islamic Rep.",8,12,rf,svr,8.142224064917116
2016,IRQ,Iraq,0,0,rf,svr,0.0
2016,ISL,Iceland,0,0,rf,svr,0.0
2016,ISR,Israel,2,0,rf,svr,1.2223964031780383
2016,ITA,Italy,28,28,rf,svr,27.005378126059078
2016,JAM,Jamaica,11,12,rf,svr,7.738477433699565
2016,JOR,Jordan,1,0,rf,svr,0.0
2016,JPN,Japan,41,38,rf,svr,41.59721643255168
2016,KAZ,Kazakhstan,18,13,rf,svr,8.124481311936016
2016,KEN,Kenya,13,11,rf,svr,8.253937473939665
2016,KGZ,Kyrgyz Republic,0,0,rf,svr,0.0
2016,KHM,Cambodia,0,0,rf,svr,0.0
2016,KIR,Kiribati,0,0,rf,svr,0.0
2016,KNA,St. Kitts and Nevis,0,0,rf,svr,0.0
2016,KOR,"Korea, Rep.",21,28,rf,svr,21.519005307992696
2016,LAO,Lao PDR,0,0,rf,svr,0.0
2016,LBN,Lebanon,0,0,rf,svr,0.0
2016,LBR,Liberia,0,0,rf,svr,0.0
2016,LBY,Libya,0,0,rf,svr,0.0
2016,LCA,St. Lucia,0,0,rf,svr,0.0
2016,LKA,Sri Lanka,0,0,rf,svr,0.0
2016,LSO,Lesotho,0,0,rf,svr,0.0
2016,LTU,Lithuania,4,5,rf,svr,4.128654767400931
2016,LUX,Luxembourg,0,0,rf,svr,0.0
2016,LVA,Latvia,0,2,rf,svr,2.0641642646372347
2016,MAR,Morocco,1,1,rf,svr,1.9067711649017411
2016,MCO,Monaco,0,0,rf,svr,0.0
2016,MDA,Moldova,0,2,rf,svr,2.467294032634477
2016,MDG,Madagascar,0,0,rf,svr,0.0
2016,MDV,Maldives,0,0,rf,svr,0.0
2016,MEX,Mexico,5,7,rf,svr,6.074875948628218
2016,MHL,Marshall Islands,0,0,rf,svr,0.0
2016,MKD,North Macedonia,0,0,rf,svr,0.0
2016,MLI,Mali,0,0,rf,svr,0.0
2016,MLT,Malta,0,0,rf,svr,0.0
2016,MMR,Myanmar,0,0,rf,svr,0.0
2016,MNE,Montenegro,0,1,rf,svr,1.912968731439932
2016,MNG,Mongolia,2,5,rf,svr,3.5313803947657263
2016,MOZ,Mozambique,0,0,rf,svr,0.0
2016,MRT,Mauritania,0,0,rf,svr,0.0
2016,MUS,Mauritius,0,0,rf,svr,0.0
2016,MWI,Malawi,0,0,rf,svr,0.0
2016,MYS,Malaysia,5,2,rf,svr,2.2113532382384875
2016,NAM,Namibia,0,0,rf,svr,0.0
2016,NER,Niger,1,0,rf,svr,0.0
2016,NGA,Nigeria,1,0,rf,svr,1.5841581705103565
2016,NIC,Nicaragua,0,0,rf,svr,0.0
2016,NLD,Netherlands,19,20,rf,svr,17.712761387140432
2016,NOR,Norway,4,4,rf,svr,4.471361628854332
2016,NPL,Nepal,0,0,rf,svr,0.0
2016,NRU,Naoero,0,0,rf,svr,0.0
2016,NZL,New Zealand,18,13,rf,svr,11.80243282040409
2016,OMN,Oman,0,0,rf,svr,0.0
2016,PAK,Pakistan,0,0,rf,svr,0.0
2016,PAN,Panama,0,0,rf,svr,0.0
2016,PER,Peru,0,0,rf,svr,0.7202094386888263
2016,PHL,Philippines,1,0,rf,svr,0.0
2016,PLW,Palau,0,0,rf,svr,0.0
2016,PNG,Papua New Guinea,0,0,rf,svr,0.0
2016,POL,Poland,11,10,rf,svr,12.652267157521212
2016,PRI,Puerto Rico (US),1,2,rf,svr,2.2697334344340163
2016,PRT,Portugal,1,1,rf,svr,2.620188392471576
2016,PRY,Paraguay,0,0,rf,svr,0.0
2016,PSE,West Bank and Gaza,0,0,rf,svr,0.0
2016,QAT,Qatar,1,2,rf,svr,2.6724816073193978
2016,ROU,Romania,4,9,rf,svr,6.7767731846035275
2016,RUS,Russian Federation,56,82,rf,svr,61.03221722752706
2016,RWA,Rwanda,0,0,rf,svr,0.0
2016,SAU,Saudi Arabia,0,1,rf,svr,0.0
2016,SDN,Sudan,0,0,rf,svr,0.0
2016,SEN,Senegal,0,0,rf,svr,0.0
2016,SGP,Singapore,1,2,rf,svr,2.2466475318087973
2016,SLB,Solomon Islands,0,0,rf,svr,0.0
2016,SLE,Sierra Leone,0,0,rf,svr,0.0
2016,SLV,El Salvador,0,0,rf,svr,0.0
2016,SMR,San Marino,0,0,rf,svr,0.0
2016,SOM,"Somalia, Fed. Rep.",0,0,rf,svr,0.0
2016,SRB,Serbia,8,4,rf,svr,4.79268691649245
2016,STP,Sao Tome and Principe,0,0,rf,svr,0.0
2016,SUR,Suriname,0,0,rf,svr,0.0
2016,SVK,Slovak Republic,4,4,rf,svr,3.2176807251483552
2016,SVN,Slovenia,4,4,rf,svr,3.5107181419013997
2016,SWE,Sweden,11,8,rf,svr,7.724123336404936
2016,SWZ,Eswatini,0,0,rf,svr,0.0
2016,SYC,Seychelles,0,0,rf,svr,0.0
2016,SYR,Syrian Arab Republic,0,0,rf,svr,0.0
2016,TCD,Chad,0,0,rf,svr,0.0
2016,TGO,Togo,0,0,rf,svr,0.0
2016,THA,Thailand,6,3,rf,svr,2.849576553955636
2016,TJK,Tajikistan,1,1,rf,svr,0.0
2016,TKM,Turkmenistan,0,0,rf,svr,0.0
2016,TLS,Timor-Leste,0,0,rf,svr,0.0
2016,TON,Tonga,0,0,rf,svr,0.0
2016,TTO,Trinidad and Tobago,1,4,rf,svr,2.893119152313666
2016,TUN,Tunisia,3,3,rf,svr,3.355970336000496
2016,TUR,Turkiye,8,5,rf,svr,4.865235946919064
2016,TUV,Tuvalu,0,0,rf,svr,0.0
2016,TZA,Tanzania,0,0,rf,svr,0.0
2016,UGA,Uganda,0,1,rf,svr,0.0
2016,UKR,Ukraine,11,20,rf,svr,16.67347432378764
2016,URY,Uruguay,0,0,rf,svr,0.0
2016,USA,United States,121,103,rf,svr,97.10209572700859
2016,UZB,Uzbekistan,13,3,rf,svr,3.9955646117225285
2016,VCT,St. Vincent and the Grenadines,0,0,rf,svr,0.0
2016,VEN,"Venezuela, RB",3,1,rf,svr,4.5768872683359945
2016,VIR,Virgin Islands (U.S.),0,0,rf,svr,0.0
2016,VNM,Viet Nam,2,0,rf,svr,0.0
2016,VUT,Vanuatu,0,0,rf,svr,0.0
2016,WSM,Samoa,0,0,rf,svr,0.0
2016,YEM,"Yemen, Rep.",0,0,rf,svr,0.0
2016,ZAF,South Africa,10,6,rf,svr,6.101483431321206
2016,ZMB,Zambia,0,0,rf,svr,0.0
2016,ZWE,Zimbabwe,0,0,rf,svr,1.3637343482958073
2016,ABW,Aruba,0,0,rf,rf,0.0
2016,AFG,Afghanistan,0,1,rf,rf,0.0
2016,AGO,Angola,0,0,rf,rf,0.0
2016,ALB,Albania,0,0,rf,rf,0.0
2016,AND,Andorra,0,0,rf,rf,0.0
2016,ARE,United Arab Emirates,1,0,rf,rf,0.0
2016,ARG,Argentina,4,4,rf,rf,11.171380952380956
2016,ARM,Armenia,4,3,rf,rf,3.059425292599373
2016,ASM,American Samoa,0,0,rf,rf,0.0
2016,ATG,Antigua and Barbuda,0,0,rf,rf,0.0
2016,AUS,Australia,29,35,rf,rf,35.03666666666666
2016,AUT,Austria,1,0,rf,rf,3.5988822781482
2016,AZE,Azerbaijan,18,10,rf,rf,7.9808234265734255
2016,BDI,Burundi,1,0,rf,rf,0.0
2016,BEL,Belgium,6,3,rf,rf,4.672865754574476
2016,BEN,Benin,0,0,rf,rf,0.0
2016,BFA,Burkina Faso,0,0,rf,rf,0.0
2016,BGD,Bangladesh,0,0,rf,rf,0.0
2016,BGR,Bulgaria,3,2,rf,rf,3.226542774005094
2016,BHR,Bahrain,2,1,rf,rf,1.6229964468691553
2016,BHS,"Bahamas, The",2,1,rf,rf,2.1464587374645983
2016,BIH,Bosnia and Herzegovina,0,0,rf,rf,0.0
2016,BLR,Belarus,9,12,rf,rf,9.37862554112554
2016,BLZ,Belize,0,0,rf,rf,0.0
2016,BMU,Bermuda,0,0,rf,rf,0.0
2016,BOL,Bolivia,0,0,rf,rf,0.0
2016,BRA,Brazil,19,17,rf,rf,41.88
2016,BRB,Barbados,0,0,rf,rf,0.0
2016,BRN,Brunei Darussalam,0,0,rf,rf,0.0
2016,BTN,Bhutan,0,0,rf,rf,0.0
2016,BWA,Botswana,0,1,rf,rf,0.0
2016,CAF,Central African Republic,0,0,rf,rf,0.0
2016,CAN,Canada,22,18,rf,rf,19.92614285714286
2016,CHE,Switzerland,7,4,rf,rf,5.254796625114375
2016,CHL,Chile,0,0,rf,rf,2.0129830112186284
2016,CHN,China,70,88,rf,rf,82.57
2016,CIV,Cote d'Ivoire,2,0,rf,rf,0.0
2016,CMR,Cameroon,0,0,rf,rf,0.0
2016,COD,"Congo, Dem. Rep.",0,0,rf,rf,0.0
2016,COG,"Congo, Rep.",0,0,rf,rf,0.0
2016,COL,Colombia,8,8,rf,rf,7.313449941480456
2016,COM,Comoros,0,0,rf,rf,0.0
2016,CPV,Cabo Verde,0,0,rf,rf,0.0
2016,CRI,Costa Rica,0,0,rf,rf,0.0
2016,CUB,Cuba,11,14,rf,rf,11.568342156862743
2016,CYM,Cayman Islands,0,0,rf,rf,0.0
2016,CYP,Cyprus,0,1,rf,rf,0.0
2016,CZE,Czechia,10,10,rf,rf,7.6182041200711605
2016,DEU,Germany,42,44,rf,rf,42.348333333333336
2016,DJI,Djibouti,0,0,rf,rf,0.0
2016,DMA,Dominica,0,0,rf,rf,0.0
2016,DNK,Denmark,15,9,rf,rf,7.3027782957289205
2016,DOM,Dominican Republic,1,2,rf,rf,2.158121967700603
2016,DZA,Algeria,2,1,rf,rf,2.5086859920734472
2016,ECU,Ecuador,0,0,rf,rf,1.9491175391603104
2016,EGY,"Egypt, Arab Rep.",3,2,rf,rf,3.608302688016352
2016,ESP,Spain,17,17,rf,rf,17.860000000000003
2016,EST,Estonia,1,2,rf,rf,2.940935738651067
2016,ETH,Ethiopia,8,7,rf,rf,6.681071428571427
2016,FIN,Finland,1,3,rf,rf,3.5851069444280173
2016,FJI,Fiji,1,0,rf,rf,2.8599640775890776
2016,FRA,France,42,35,rf,rf,37.11636363636364
2016,FSM,"Micronesia, Fed. Sts.",0,0,rf,rf,0.0
2016,GAB,Gabon,0,1,rf,rf,0.0
2016,GBR,United Kingdom,67,65,rf,rf,45.825
2016,GEO,Georgia,7,7,rf,rf,5.86942096777311
2016,GHA,Ghana,0,0,rf,rf,0.0
2016,GIN,Guinea,0,0,rf,rf,0.0
2016,GMB,"Gambia, The",0,0,rf,rf,0.0
2016,GNB,Guinea-Bissau,0,0,rf,rf,0.0
2016,GNQ,Equatorial Guinea,0,0,rf,rf,0.0
2016,GRC,Greece,6,2,rf,rf,3.6120013120817975
2016,GRD,Grenada,1,1,rf,rf,0.0
2016,GTM,Guatemala,0,1,rf,rf,0.0
2016,GUM,Guam,0,0,rf,rf,0.0
2016,GUY,Guyana,0,0,rf,rf,0.0
2016,HKG,"Hong Kong SAR, China",0,1,rf,rf,2.4317062506185376
2016,HND,Honduras,0,0,rf,rf,0.0
2016,HRV,Croatia,10,6,rf,rf,5.1167123854155765
2016,HTI,Haiti,0,0,rf,rf,0.0
2016,HUN,Hungary,15,18,rf,rf,12.876974025974025
2016,IDN,Indonesia,3,2,rf,rf,4.8839548229548235
2016,IND,India,2,6,rf,rf,13.784345238095238
2016,IRL,Ireland,2,5,rf,rf,4.892076950049514
2016,IRN,"Iran, Islamic Rep.",8,12,rf,rf,6.447396084375395
2016,IRQ,Iraq,0,0,rf,rf,0.0
2016,ISL,Iceland,0,0,rf,rf,0.0
2016,ISR,Israel,2,0,rf,rf,2.6844170095465882
2016,ITA,Italy,28,28,rf,rf,29.646363636363635
2016,JAM,Jamaica,11,12,rf,rf,8.301582417582418
2016,JOR,Jordan,1,0,rf,rf,0.0
2016,JPN,Japan,41,38,rf,rf,31.070833333333336
2016,KAZ,Kazakhstan,18,13,rf,rf,9.39489830108057
2016,KEN,Kenya,13,11,rf,rf,7.309711715691265
2016,KGZ,Kyrgyz Republic,0,0,rf,rf,0.0
2016,KHM,Cambodia,0,0,rf,rf,0.0
2016,KIR,Kiribati,0,0,rf,rf,0.0
2016,KNA,St. Kitts and Nevis,0,0,rf,rf,0.0
2016,KOR,"Korea, Rep.",21,28,rf,rf,24.66384615384615
2016,LAO,Lao PDR,0,0,rf,rf,0.0
2016,LBN,Lebanon,0,0,rf,rf,0.0
2016,LBR,Liberia,0,0,rf,rf,0.0
2016,LBY,Libya,0,0,rf,rf,0.0
2016,LCA,St. Lucia,0,0,rf,rf,0.0
2016,LKA,Sri Lanka,0,0,rf,rf,0.0
2016,LSO,Lesotho,0,0,rf,rf,0.0
2016,LTU,Lithuania,4,5,rf,rf,4.651075233812996
2016,LUX,Luxembourg,0,0,rf,rf,0.0
2016,LVA,Latvia,0,2,rf,rf,2.601562711759658
2016,MAR,Morocco,1,1,rf,rf,2.7998807153243064
2016,MCO,Monaco,0,0,rf,rf,0.0
2016,MDA,Moldova,0,2,rf,rf,2.667022127418219
2016,MDG,Madagascar,0,0,rf,rf,0.0
2016,MDV,Maldives,0,0,rf,rf,0.0
2016,MEX,Mexico,5,7,rf,rf,6.2956945593622065
2016,MHL,Marshall Islands,0,0,rf,rf,0.0
2016,MKD,North Macedonia,0,0,rf,rf,0.0
2016,MLI,Mali,0,0,rf,rf,0.0
2016,MLT,Malta,0,0,rf,rf,0.0
2016,MMR,Myanmar,0,0,rf,rf,0.0
2016,MNE,Montenegro,0,1,rf,rf,2.0768754805254592
2016,MNG,Mongolia,2,5,rf,rf,4.6297894298347595
2016,MOZ,Mozambique,0,0,rf,rf,0.0
2016,MRT,Mauritania,0,0,rf,rf,0.0
2016,MUS,Mauritius,0,0,rf,rf,0.0
2016,MWI,Malawi,0,0,rf,rf,0.0
2016,MYS,Malaysia,5,2,rf,rf,1.8854669059610034
2016,NAM,Namibia,0,0,rf,rf,0.0
2016,NER,Niger,1,0,rf,rf,0.0
2016,NGA,Nigeria,1,0,rf,rf,3.336138722758248
2016,NIC,Nicaragua,0,0,rf,rf,0.0
2016,NLD,Netherlands,19,20,rf,rf,18.79725607725608
2016,NOR,Norway,4,4,rf,rf,4.6744200730692835
2016,NPL,Nepal,0,0,rf,rf,0.0
2016,NRU,Naoero,0,0,rf,rf,0.0
2016,NZL,New Zealand,18,13,rf,rf,10.8475
2016,OMN,Oman,0,0,rf,rf,0.0
2016,PAK,Pakistan,0,0,rf,rf,0.0
2016,PAN,Panama,0,0,rf,rf,0.0
2016,PER,Peru,0,0,rf,rf,1.4969459758523354
2016,PHL,Philippines,1,0,rf,rf,0.0
2016,PLW,Palau,0,0,rf,rf,0.0
2016,PNG,Papua New Guinea,0,0,rf,rf,0.0
2016,POL,Poland,11,10,rf,rf,12.76468464868465
2016,PRI,Puerto Rico (US),1,2,rf,rf,3.295549482411771
2016,PRT,Portugal,1,1,rf,rf,3.189553728341344
2016,PRY,Paraguay,0,0,rf,rf,0.0
2016,PSE,West Bank and Gaza,0,0,rf,rf,0.0
2016,QAT,Qatar,1,2,rf,rf,2.1633294910750673
2016,ROU,Romania,4,9,rf,rf,8.010431231556165
2016,RUS,Russian Federation,56,82,rf,rf,60.34
2016,RWA,Rwanda,0,0,rf,rf,0.0
2016,SAU,Saudi Arabia,0,1,rf,rf,0.0
2016,SDN,Sudan,0,0,rf,rf,0.0
2016,SEN,Senegal,0,0,rf,rf,0.0
2016,SGP,Singapore,1,2,rf,rf,2.3294685452096315
2016,SLB,Solomon Islands,0,0,rf,rf,0.0
2016,SLE,Sierra Leone,0,0,rf,rf,0.0
2016,SLV,El Salvador,0,0,rf,rf,0.0
2016,SMR,San Marino,0,0,rf,rf,0.0
2016,SOM,"Somalia, Fed. Rep.",0,0,rf,rf,0.0
2016,SRB,Serbia,8,4,rf,rf,4.831167915431756
2016,STP,Sao Tome and Principe,0,0,rf,rf,0.0
2016,SUR,Suriname,0,0,rf,rf,0.0
2016,SVK,Slovak Republic,4,4,rf,rf,3.8326945435031625
2016,SVN,Slovenia,4,4,rf,rf,3.9440226387576747
2016,SWE,Sweden,11,8,rf,rf,7.631673234811165
2016,SWZ,Eswatini,0,0,rf,rf,0.0
2016,SYC,Seychelles,0,0,rf,rf,0.0
2016,SYR,Syrian Arab Republic,0,0,rf,rf,0.0
2016,TCD,Chad,0,0,rf,rf,0.0
2016,TGO,Togo,0,0,rf,rf,0.0
2016,THA,Thailand,6,3,rf,rf,4.798020381735392
2016,TJK,Tajikistan,1,1,rf,rf,0.0
2016,TKM,Turkmenistan,0,0,rf,rf,0.0
2016,TLS,Timor-Leste,0,0,rf,rf,0.0
2016,TON,Tonga,0,0,rf,rf,0.0
2016,TTO,Trinidad and Tobago,1,4,rf,rf,3.0814253174361865
2016,TUN,Tunisia,3,3,rf,rf,3.831719118386088
2016,TUR,Turkiye,8,5,rf,rf,5.226843686485929
2016,TUV,Tuvalu,0,0,rf,rf,0.0
2016,TZA,Tanzania,0,0,rf,rf,0.0
2016,UGA,Uganda,0,1,rf,rf,0.0
2016,UKR,Ukraine,11,20,rf,rf,17.706476190476195
2016,URY,Uruguay,0,0,rf,rf,0.0
2016,USA,United States,121,103,rf,rf,100.11
2016,UZB,Uzbekistan,13,3,rf,rf,2.714246531967859
2016,VCT,St. Vincent and the Grenadines,0,0,rf,rf,0.0
2016,VEN,"Venezuela, RB",3,1,rf,rf,5.177249575849745
2016,VIR,Virgin Islands (U.S.),0,0,rf,rf,0.0
2016,VNM,Viet Nam,2,0,rf,rf,0.0
2016,VUT,Vanuatu,0,0,rf,rf,0.0
2016,WSM,Samoa,0,0,rf,rf,0.0
2016,YEM,"Yemen, Rep.",0,0,rf,rf,0.0
2016,ZAF,South Africa,10,6,rf,rf,4.72287342980377
2016,ZMB,Zambia,0,0,rf,rf,0.0
2016,ZWE,Zimbabwe,0,0,rf,rf,1.671065377284281
2016,ABW,Aruba,0,0,naive,last_games,0.0
2016,AFG,Afghanistan,0,1,naive,last_games,1.0
2016,AGO,Angola,0,0,naive,last_games,0.0
2016,ALB,Albania,0,0,naive,last_games,0.0
2016,AND,Andorra,0,0,naive,last_games,0.0
2016,ARE,United Arab Emirates,1,0,naive,last_games,0.0
2016,ARG,Argentina,4,4,naive,last_games,4.0
2016,ARM,Armenia,4,3,naive,last_games,3.0
2016,ASM,American Samoa,0,0,naive,last_games,0.0
2016,ATG,Antigua and Barbuda,0,0,naive,last_games,0.0
2016,AUS,Australia,29,35,naive,last_games,35.0
2016,AUT,Austria,1,0,naive,last_games,0.0
2016,AZE,Azerbaijan,18,10,naive,last_games,10.0
2016,BDI,Burundi,1,0,naive,last_games,0.0
2016,BEL,Belgium,6,3,naive,last_games,3.0
2016,BEN,Benin,0,0,naive,last_games,0.0
2016,BFA,Burkina Faso,0,0,naive,last_games,0.0
2016,BGD,Bangladesh,0,0,naive,last_games,0.0
2016,BGR,Bulgaria,3,2,naive,last_games,2.0
2016,BHR,Bahrain,2,1,naive,last_games,1.0
2016,BHS,"Bahamas, The",2,1,naive,last_games,1.0
2016,BIH,Bosnia and Herzegovina,0,0,naive,last_games,0.0
2016,BLR,Belarus,9,12,naive,last_games,12.0
2016,BLZ,Belize,0,0,naive,last_games,0.0
2016,BMU,Bermuda,0,0,naive,last_games,0.0
2016,BOL,Bolivia,0,0,naive,last_games,0.0
2016,BRA,Brazil,19,17,naive,last_games,17.0
2016,BRB,Barbados,0,0,naive,last_games,0.0
2016,BRN,Brunei Darussalam,0,0,naive,last_games,0.0
2016,BTN,Bhutan,0,0,naive,last_games,0.0
2016,BWA,Botswana,0,1,naive,last_games,1.0
2016,CAF,Central African Republic,0,0,naive,last_games,0.0
2016,CAN,Canada,22,18,naive,last_games,18.0
2016,CHE,Switzerland,7,4,naive,last_games,4.0
2016,CHL,Chile,0,0,naive,last_games,0.0
2016,CHN,China,70,88,naive,last_games,88.0
2016,CIV,Cote d'Ivoire,2,0,naive,last_games,0.0
2016,CMR,Cameroon,0,0,naive,last_games,0.0
2016,COD,"Congo, Dem. Rep.",0,0,naive,last_games,0.0
2016,COG,"Congo, Rep.",0,0,naive,last_games,0.0
2016,COL,Colombia,8,8,naive,last_games,8.0
2016,COM,Comoros,0,0,naive,last_games,0.0
2016,CPV,Cabo Verde,0,0,naive,last_games,0.0
2016,CRI,Costa Rica,0,0,naive,last_games,0.0
2016,CUB,Cuba,11,14,naive,last_games,14.0
2016,CYM,Cayman Islands,0,0,naive,last_games,0.0
2016,CYP,Cyprus,0,1,naive,last_games,1.0
2016,CZE,Czechia,10,10,naive,last_games,10.0
2016,DEU,Germany,42,44,naive,last_games,44.0
2016,DJI,Djibouti,0,0,naive,last_games,0.0
2016,DMA,Dominica,0,0,naive,last_games,0.0
2016,DNK,Denmark,15,9,naive,last_games,9.0
2016,DOM,Dominican Republic,1,2,naive,last_games,2.0
2016,DZA,Algeria,2,1,naive,last_games,1.0
2016,ECU,Ecuador,0,0,naive,last_games,0.0
2016,EGY,"Egypt, Arab Rep.",3,2,naive,last_games,2.0
2016,ESP,Spain,17,17,naive,last_games,17.0
2016,EST,Estonia,1,2,naive,last_games,2.0
2016,ETH,Ethiopia,8,7,naive,last_games,7.0
2016,FIN,Finland,1,3,naive,last_games,3.0
2016,FJI,Fiji,1,0,naive,last_games,0.0
2016,FRA,France,42,35,naive,last_games,35.0
2016,FSM,"Micronesia, Fed. Sts.",0,0,naive,last_games,0.0
2016,GAB,Gabon,0,1,naive,last_games,1.0
2016,GBR,United Kingdom,67,65,naive,last_games,65.0
2016,GEO,Georgia,7,7,naive,last_games,7.0
2016,GHA,Ghana,0,0,naive,last_games,0.0
2016,GIN,Guinea,0,0,naive,last_games,0.0
2016,GMB,"Gambia, The",0,0,naive,last_games,0.0
2016,GNB,Guinea-Bissau,0,0,naive,last_games,0.0
2016,GNQ,Equatorial Guinea,0,0,naive,last_games,0.0
2016,GRC,Greece,6,2,naive,last_games,2.0
2016,GRD,Grenada,1,1,naive,last_games,1.0
2016,GTM,Guatemala,0,1,naive,last_games,1.0
2016,GUM,Guam,0,0,naive,last_games,0.0
2016,GUY,Guyana,0,0,naive,last_games,0.0
2016,HKG,"Hong Kong SAR, China",0,1,naive,last_games,1.0
2016,HND,Honduras,0,0,naive,last_games,0.0
2016,HRV,Croatia,10,6,naive,last_games,6.0
2016,HTI,Haiti,0,0,naive,last_games,0.0
2016,HUN,Hungary,15,18,naive,last_games,18.0
2016,IDN,Indonesia,3,2,naive,last_games,2.0
2016,IND,India,2,6,naive,last_games,6.0
2016,IRL,Ireland,2,5,naive,last_games,5.0
2016,IRN,"Iran, Islamic Rep.",8,12,naive,last_games,12.0
2016,IRQ,Iraq,0,0,naive,last_games,0.0
2016,ISL,Iceland,0,0,naive,last_games,0.0
2016,ISR,Israel,2,0,naive,last_games,0.0
2016,ITA,Italy,28,28,naive,last_games,28.0
2016,JAM,Jamaica,11,12,naive,last_games,12.0
2016,JOR,Jordan,1,0,naive,last_games,0.0
2016,JPN,Japan,41,38,naive,last_games,38.0
2016,KAZ,Kazakhstan,18,13,naive,last_games,13.0
2016,KEN,Kenya,13,11,naive,last_games,11.0
2016,KGZ,Kyrgyz Republic,0,0,naive,last_games,0.0
2016,KHM,Cambodia,0,0,naive,last_games,0.0
2016,KIR,Kiribati,0,0,naive,last_games,0.0
2016,KNA,St. Kitts and Nevis,0,0,naive,last_games,0.0
2016,KOR,"Korea, Rep.",21,28,naive,last_games,28.0
2016,LAO,Lao PDR,0,0,naive,last_games,0.0
2016,LBN,Lebanon,0,0,naive,last_games,0.0
2016,LBR,Liberia,0,0,naive,last_games,0.0
2016,LBY,Libya,0,0,naive,last_games,0.0
2016,LCA,St. Lucia,0,0,naive,last_games,0.0
2016,LKA,Sri Lanka,0,0,naive,last_games,0.0
2016,LSO,Lesotho,0,0,naive,last_games,0.0
2016,LTU,Lithuania,4,5,naive,last_games,5.0
2016,LUX,Luxembourg,0,0,naive,last_games,0.0
2016,LVA,Latvia,0,2,naive,last_games,2.0
2016,MAR,Morocco,1,1,naive,last_games,1.0
2016,MCO,Monaco,0,0,naive,last_games,0.0
2016,MDA,Moldova,0,2,naive,last_games,2.0
2016,MDG,Madagascar,0,0,naive,last_games,0.0
2016,MDV,Maldives,0,0,naive,last_games,0.0
2016,MEX,Mexico,5,7,naive,last_games,7.0
2016,MHL,Marshall Islands,0,0,naive,last_games,0.0
2016,MKD,North Macedonia,0,0,naive,last_games,0.0
2016,MLI,Mali,0,0,naive,last_games,0.0
2016,MLT,Malta,0,0,naive,last_games,0.0
2016,MMR,Myanmar,0,0,naive,last_games,0.0
2016,MNE,Montenegro,0,1,naive,last_games,1.0
2016,MNG,Mongolia,2,5,naive,last_games,5.0
2016,MOZ,Mozambique,0,0,naive,last_games,0.0
2016,MRT,Mauritania,0,0,naive,last_games,0.0
2016,MUS,Mauritius,0,0,naive,last_games,0.0
2016,MWI,Malawi,0,0,naive,last_games,0.0
2016,MYS,Malaysia,5,2,naive,last_games,2.0
2016,NAM,Namibia,0,0,naive,last_games,0.0
2016,NER,Niger,1,0,naive,last_games,0.0
2016,NGA,Nigeria,1,0,naive,last_games,0.0
2016,NIC,Nicaragua,0,0,naive,last_games,0.0
2016,NLD,Netherlands,19,20,naive,last_games,20.0
2016,NOR,Norway,4,4,naive,last_games,4.0
2016,NPL,Nepal,0,0,naive,last_games,0.0
2016,NRU,Naoero,0,0,naive,last_games,0.0
2016,NZL,New Zealand,18,13,naive,last_games,13.0
2016,OMN,Oman,0,0,naive,last_games,0.0
2016,PAK,Pakistan,0,0,naive,last_games,0.0
2016,PAN,Panama,0,0,naive,last_games,0.0
2016,PER,Peru,0,0,naive,last_games,0.0
2016,PHL,Philippines,1,0,naive,last_games,0.0
2016,PLW,Palau,0,0,naive,last_games,0.0
2016,PNG,Papua New Guinea,0,0,naive,last_games,0.0
2016,POL,Poland,11,10,naive,last_games,10.0
2016,PRI,Puerto Rico (US),1,2,naive,last_games,2.0
2016,PRT,Portugal,1,1,naive,last_games,1.0
2016,PRY,Paraguay,0,0,naive,last_games,0.0
2016,PSE,West Bank and Gaza,0,0,naive,last_games,0.0
2016,QAT,Qatar,1,2,naive,last_games,2.0
2016,ROU,Romania,4,9,naive,last_games,9.0
2016,RUS,Russian Federation,56,82,naive,last_games,82.0
2016,RWA,Rwanda,0,0,naive,last_games,0.0
2016,SAU,Saudi Arabia,0,1,naive,last_games,1.0
2016,SDN,Sudan,0,0,naive,last_games,0.0
2016,SEN,Senegal,0,0,naive,last_games,0.0
2016,SGP,Singapore,1,2,naive,last_games,2.0
2016,SLB,Solomon Islands,0,0,naive,last_games,0.0
2016,SLE,Sierra Leone,0,0,naive,last_games,0.0
2016,SLV,El Salvador,0,0,naive,last_games,0.0
2016,SMR,San Marino,0,0,naive,last_games,0.0
2016,SOM,"Somalia, Fed. Rep.",0,0,naive,last_games,0.0
2016,SRB,Serbia,8,4,naive,last_games,4.0
2016,STP,Sao Tome and Principe,0,0,naive,last_games,0.0
2016,SUR,Suriname,0,0,naive,last_games,0.0
2016,SVK,Slovak Republic,4,4,naive,last_games,4.0
2016,SVN,Slovenia,4,4,naive,last_games,4.0
2016,SWE,Sweden,11,8,naive,last_games,8.0
2016,SWZ,Eswatini,0,0,naive,last_games,0.0
2016,SYC,Seychelles,0,0,naive,last_games,0.0
2016,SYR,Syrian Arab Republic,0,0,naive,last_games,0.0
2016,TCD,Chad,0,0,naive,last_games,0.0
2016,TGO,Togo,0,0,naive,last_games,0.0
2016,THA,Thailand,6,3,naive,last_games,3.0
2016,TJK,Tajikistan,1,1,naive,last_games,1.0
2016,TKM,Turkmenistan,0,0,naive,last_games,0.0
2016,TLS,Timor-Leste,0,0,naive,last_games,0.0
2016,TON,Tonga,0,0,naive,last_games,0.0
2016,TTO,Trinidad and Tobago,1,4,naive,last_games,4.0
2016,TUN,Tunisia,3,3,naive,last_games,3.0
2016,TUR,Turkiye,8,5,naive,last_games,5.0
2016,TUV,Tuvalu,0,0,naive,last_games,0.0
2016,TZA,Tanzania,0,0,naive,last_games,0.0
2016,UGA,Uganda,0,1,naive,last_games,1.0
2016,UKR,Ukraine,11,20,naive,last_games,20.0
2016,URY,Uruguay,0,0,naive,last_games,0.0
2016,USA,United States,121,103,naive,last_games,103.0
2016,UZB,Uzbekistan,13,3,naive,last_games,3.0
2016,VCT,St. Vincent and the Grenadines,0,0,naive,last_games,0.0
2016,VEN,"Venezuela, RB",3,1,naive,last_games,1.0
2016,VIR,Virgin Islands (U.S.),0,0,naive,last_games,0.0
2016,VNM,Viet Nam,2,0,naive,last_games,0.0
2016,VUT,Vanuatu,0,0,naive,last_games,0.0
2016,WSM,Samoa,0,0,naive,last_games,0.0
2016,YEM,"Yemen, Rep.",0,0,naive,last_games,0.0
2016,ZAF,South Africa,10,6,naive,last_games,6.0
2016,ZMB,Zambia,0,0,naive,last_games,0.0
2016,ZWE,Zimbabwe,0,0,naive,last_games,0.0
2020,ABW,Aruba,0,0,none,linear,0.0
2020,AFG,Afghanistan,0,0,none,linear,0.6265389134623849
2020,AGO,Angola,0,0,none,linear,1.3712073876376172
2020,ALB,Albania,0,0,none,linear,0.41870534624650624
2020,AND,Andorra,0,0,none,linear,0.0
2020,ARE,United Arab Emirates,0,1,none,linear,1.0362472611092954
2020,ARG,Argentina,3,4,none,linear,10.749082045307706
2020,ARM,Armenia,4,4,none,linear,3.0158039327226516
2020,ASM,American Samoa,0,0,none,linear,0.19558812919562207
2020,ATG,Antigua and Barbuda,0,0,none,linear,0.20125837763663945
2020,AUS,Australia,46,29,none,linear,38.17361216679923
2020,AUT,Austria,7,1,none,linear,3.812469972392128
2020,AZE,Azerbaijan,7,18,none,linear,11.853803732160067
2020,BDI,Burundi,0,1,none,linear,1.1321153101547514
2020,BEL,Belgium,7,6,none,linear,8.776045304221114
2020,BEN,Benin,0,0,none,linear,0.6426944890017792
2020,BFA,Burkina Faso,1,0,none,linear,0.6456226674696763
2020,BGD,Bangladesh,0,0,none,linear,0.9821100001324701
2020,BGR,Bulgaria,6,3,none,linear,3.4549759383303122
2020,BHR,Bahrain,1,2,none,linear,2.2339884564647217
2020,BHS,"Bahamas, The",2,2,none,linear,1.4985306353241201
2020,BIH,Bosnia and Herzegovina,0,0,none,linear,0.35733047587980504
2020,BLR,Belarus,7,9,none,linear,9.27389917879775
2020,BLZ,Belize,0,0,none,linear,0.28766102030728735
2020,BMU,Bermuda,1,0,none,linear,0.0
2020,BOL,Bolivia,0,0,none,linear,0.5951231700129833
2020,BRA,Brazil,21,19,none,linear,26.6613541982945
2020,BRB,Barbados,0,0,none,linear,0.21763606955561787
2020,BRN,Brunei Darussalam,0,0,none,linear,0.0
2020,BTN,Bhutan,0,0,none,linear,0.3371498208792687
2020,BWA,Botswana,1,0,none,linear,0.787117627037627
2020,CAF,Central African Republic,0,0,none,linear,0.44547225842092164
2020,CAN,Canada,24,22,none,linear,31.17981541257959
2020,CHE,Switzerland,13,7,none,linear,8.770734490998375
2020,CHL,Chile,0,0,none,linear,2.6579840855941748
2020,CHN,China,89,70,none,linear,83.43790841545052
2020,CIV,Cote d'Ivoire,1,2,none,linear,2.567685104956464
2020,CMR,Cameroon,0,0,none,linear,0.9111313587002154
2020,COD,"Congo, Dem. Rep.",0,0,none,linear,0.8645172901784419
2020,COG,"Congo, Rep.",0,0,none,linear,0.46412295683148574
2020,COL,Colombia,5,8,none,linear,7.97204184452232
2020,COM,Comoros,0,0,none,linear,0.40528937899795814
2020,CPV,Cabo Verde,0,0,none,linear,0.35221736933143966
2020,CRI,Costa Rica,0,0,none,linear,0.6897017654519848
2020,CUB,Cuba,15,11,none,linear,9.055515559276852
2020,CYM,Cayman Islands,0,0,none,linear,0.0
2020,CYP,Cyprus,0,0,none,linear,0.49196739246344734
2020,CZE,Czechia,11,10,none,linear,10.185524904843927
2020,DEU,Germany,37,42,none,linear,45.842470435750506
2020,DJI,Djibouti,0,0,none,linear,0.4115419670878886
2020,DMA,Dominica,0,0,none,linear,0.1083537906271772
2020,DNK,Denmark,11,15,none,linear,12.376078565333149
2020,DOM,Dominican Republic,5,1,none,linear,3.435389884855751
2020,DZA,Algeria,0,2,none,linear,3.421229546156682
2020,ECU,Ecuador,3,0,none,linear,2.2058739544340096
2020,EGY,"Egypt, Arab Rep.",6,3,none,linear,8.118060672382429
2020,ESP,Spain,17,17,none,linear,24.78993946108145
2020,EST,Estonia,2,1,none,linear,1.7894641640340376
2020,ETH,Ethiopia,4,8,none,linear,6.342950904386981
2020,FIN,Finland,2,1,none,linear,2.3934980854714105
2020,FJI,Fiji,2,1,none,linear,1.9362180329524552
2020,FRA,France,33,42,none,linear,43.00131944832346
2020,FSM,"Micronesia, Fed. Sts.",0,0,none,linear,0.30073612839510755
2020,GAB,Gabon,0,0,none,linear,0.487360017582267
2020,GBR,United Kingdom,64,67,none,linear,56.53789464732603
2020,GEO,Georgia,8,7,none,linear,5.31621244642684
2020,GHA,Ghana,1,0,none,linear,0.8812604287380985
2020,GIN,Guinea,0,0,none,linear,0.5347238524553415
2020,GMB,"Gambia, The",0,0,none,linear,0.4802710530511831
2020,GNB,Guinea-Bissau,0,0,none,linear,0.48267212945196736
2020,GNQ,Equatorial Guinea,0,0,none,linear,0.39014354660544726
2020,GRC,Greece,4,6,none,linear,6.894942928900074
2020,GRD,Grenada,1,1,none,linear,0.8436721000664353
2020,GTM,Guatemala,0,0,none,linear,1.3161177666722037
2020,GUM,Guam,0,0,none,linear,0.0
2020,GUY,Guyana,0,0,none,linear,0.5262373877959972
2020,HKG,"Hong Kong SAR, China",6,0,none,linear,1.8753742301198968
2020,HND,Honduras,0,0,none,linear,1.2098809940872322
2020,HRV,Croatia,9,10,none,linear,7.9091136914536975
2020,HTI,Haiti,0,0,none,linear,0.49937863540490124
2020,HUN,Hungary,20,15,none,linear,15.352891221468738
2020,IDN,Indonesia,5,3,none,linear,4.890359225348873
2020,IND,India,7,2,none,linear,9.803978112688444
2020,IRL,Ireland,4,2,none,linear,5.766223176149853
2020,IRN,"Iran, Islamic Rep.",7,8,none,linear,7.833455954512352
2020,IRQ,Iraq,0,0,none,linear,0.7002513173898226
2020,ISL,Iceland,0,0,none,linear,0.0
2020,ISR,Israel,4,2,none,linear,5.089351619754553
2020,ITA,Italy,40,28,none,linear,34.0986045319382
2020,JAM,Jamaica,9,11,none,linear,8.32792223559685
2020,JOR,Jordan,2,1,none,linear,1.4286831824625472
2020,JPN,Japan,58,41,none,linear,54.34186536669226
2020,KAZ,Kazakhstan,8,18,none,linear,14.540091701290958
2020,KEN,Kenya,10,13,none,linear,10.997880076657975
2020,KGZ,Kyrgyz Republic,3,0,none,linear,0.9501563796811294
2020,KHM,Cambodia,0,0,none,linear,0.43019209608176023
2020,KIR,Kiribati,0,0,none,linear,0.38678980108957717
2020,KNA,St. Kitts and Nevis,0,0,none,linear,0.0
2020,KOR,"Korea, Rep.",20,21,none,linear,23.981686156959825
2020,KWT,Kuwait,1,0,none,linear,0.38325249072184775
2020,LAO,Lao PDR,0,0,none,linear,0.4630430202211926
2020,LBN,Lebanon,0,0,none,linear,0.2840105620606943
2020,LBR,Liberia,0,0,none,linear,0.42822834190439796
2020,LBY,Libya,0,0,none,linear,0.5796436400774301
2020,LCA,St. Lucia,0,0,none,linear,0.24326304784176056
2020,LKA,Sri Lanka,0,0,none,linear,0.6682148235610983
2020,LSO,Lesotho,0,0,none,linear,0.3181691477956212
2020,LTU,Lithuania,1,4,none,linear,3.889197972275135
2020,LUX,Luxembourg,0,0,none,linear,0.0
2020,LVA,Latvia,2,0,none,linear,1.254577422064346
2020,MAR,Morocco,1,1,none,linear,2.7513937438911786
2020,MCO,Monaco,0,0,none,linear,0.0
2020,MDA,Moldova,1,0,none,linear,0.8894742937686635
2020,MDG,Madagascar,0,0,none,linear,0.6170027431697562
2020,MDV,Maldives,0,0,none,linear,0.3331000784264404
2020,MEX,Mexico,4,5,none,linear,11.52996864221478
2020,MHL,Marshall Islands,0,0,none,linear,0.03941244050459414
2020,MKD,North Macedonia,1,0,none,linear,0.38482908556615314
2020,MLI,Mali,0,0,none,linear,0.6762331121874592
2020,MLT,Malta,0,0,none,linear,0.11216444942227977
2020,MMR,Myanmar,0,0,none,linear,0.4452415430875174
2020,MNE,Montenegro,0,0,none,linear,1.4305000250667663
2020,MNG,Mongolia,4,2,none,linear,3.2750769614532746
2020,MOZ,Mozambique,0,0,none,linear,0.8390777996531824
2020,MRT,Mauritania,0,0,none,linear,0.5547392513268443
2020,MUS,Mauritius,0,0,none,linear,0.3771323405258311
2020,MWI,Malawi,0,0,none,linear,0.5434182641104979
2020,MYS,Malaysia,2,5,none,linear,4.707370436378565
2020,NAM,Namibia,1,0,none,linear,0.8456676289697271
2020,NER,Niger,0,1,none,linear,1.3666681618458498
2020,NGA,Nigeria,2,1,none,linear,3.9279417763744746
2020,NIC,Nicaragua,0,0,none,linear,0.5883974900620581
2020,NLD,Netherlands,36,19,none,linear,22.342201218215656
2020,NOR,Norway,8,4,none,linear,5.883387493091918
2020,NPL,Nepal,0,0,none,linear,0.5266163459790532
2020,NRU,Naoero,0,0,none,linear,0.15464348412022133
2020,NZL,New Zealand,20,18,none,linear,18.601607809524374
2020,OMN,Oman,0,0,none,linear,0.25262017014651406
2020,PAK,Pakistan,0,0,none,linear,1.0408291191869328
2020,PAN,Panama,0,0,none,linear,0.552128384165524
2020,PER,Peru,0,0,none,linear,2.0723275619577413
2020,PHL,Philippines,4,1,none,linear,2.0946762492313002
2020,PLW,Palau,0,0,none,linear,0.0927902301066501
2020,PNG,Papua New Guinea,0,0,none,linear,0.6854280548563949
2020,POL,Poland,14,11,none,linear,15.358240085004258
2020,PRI,Puerto Rico (US),1,1,none,linear,1.924343979246843
2020,PRT,Portugal,4,1,none,linear,4.547011449755069
2020,PRY,Paraguay,0,0,none,linear,0.6269520765348124
2020,PSE,West Bank and Gaza,0,0,none,linear,0.4834909115483814
2020,QAT,Qatar,3,1,none,linear,1.1515822989925453
2020,ROU,Romania,4,4,none,linear,6.751079304834011
2020,RUS,Russian Federation,71,56,none,linear,48.949571730186854
2020,RWA,Rwanda,0,0,none,linear,0.508777006966195
2020,SAU,Saudi Arabia,1,0,none,linear,3.0719978452057135
2020,SDN,Sudan,0,0,none,linear,0.7219376148781391
2020,SEN,Senegal,0,0,none,linear,0.7342322216430137
2020,SGP,Singapore,0,1,none,linear,1.4095290248331467
2020,SLB,Solomon Islands,0,0,none,linear,0.40714287027968776
2020,SLE,Sierra Leone,0,0,none,linear,0.4409208652025445
2020,SLV,El Salvador,0,0,none,linear,0.3803169720560309
2020,SMR,San Marino,3,0,none,linear,0.0
2020,SOM,"Somalia, Fed. Rep.",0,0,none,linear,0.543919953930736
2020,SRB,Serbia,8,8,none,linear,8.025287164674944
2020,STP,Sao Tome and Principe,0,0,none,linear,0.39736304450810156
2020,SUR,Suriname,0,0,none,linear,0.2576088499248028
2020,SVK,Slovak Republic,4,4,none,linear,3.9517389611420346
2020,SVN,Slovenia,5,4,none,linear,4.270472207213811
2020,SWE,Sweden,9,11,none,linear,11.91333206546578
2020,SWZ,Eswatini,0,0,none,linear,0.3716271568532754
2020,SYC,Seychelles,0,0,none,linear,0.21496757237794117
2020,SYR,Syrian Arab Republic,1,0,none,linear,0.6327915075049466
2020,TCD,Chad,0,0,none,linear,0.6478488536475995
2020,TGO,Togo,0,0,none,linear,0.48044430526596926
2020,THA,Thailand,2,6,none,linear,5.9685716534739806
2020,TJK,Tajikistan,0,1,none,linear,1.2898172342580785
2020,TKM,Turkmenistan,1,0,none,linear,0.737719831495474
2020,TLS,Timor-Leste,0,0,none,linear,0.4809156692567065
2020,TON,Tonga,0,0,none,linear,0.38153219562782237
2020,TTO,Trinidad and Tobago,0,1,none,linear,1.5566455611075192
2020,TUN,Tunisia,2,3,none,linear,4.430411968842907
2020,TUR,Turkiye,13,8,none,linear,10.140443736163704
2020,TUV,Tuvalu,0,0,none,linear,0.11336835860081962
2020,TZA,Tanzania,0,0,none,linear,0.6300058099435404
2020,UGA,Uganda,4,0,none,linear,1.4142167271589487
2020,UKR,Ukraine,19,11,none,linear,12.426300196916763
2020,URY,Uruguay,0,0,none,linear,0.5200710983493693
2020,USA,United States,113,121,none,linear,132.70702902290716
2020,UZB,Uzbekistan,5,13,none,linear,10.219951030286756
2020,VCT,St. Vincent and the Grenadines,0,0,none,linear,0.16035941402162024
2020,VEN,"Venezuela, RB",4,3,none,linear,3.589273525020344
2020,VIR,Virgin Islands (U.S.),0,0,none,linear,0.0
2020,VNM,Viet Nam,0,2,none,linear,2.6069998540143295
2020,VUT,Vanuatu,0,0,none,linear,0.3844951976851343
2020,WSM,Samoa,0,0,none,linear,0.5125492331680324
2020,ZAF,South Africa,3,10,none,linear,13.503176863853604
2020,ZMB,Zambia,0,0,none,linear,1.525876061787704
2020,ZWE,Zimbabwe,0,0,none,linear,0.5342275183365794
2020,ABW,Aruba,0,0,none,weighted_lr,0.0
2020,AFG,Afghanistan,0,0,none,weighted_lr,0.14602130872692154
2020,AGO,Angola,0,0,none,weighted_lr,0.9752333972484748
2020,ALB,Albania,0,0,none,weighted_lr,0.20827244548752066
2020,AND,Andorra,0,0,none,weighted_lr,0.0
2020,ARE,United Arab Emirates,0,1,none,weighted_lr,0.6422209834952
2020,ARG,Argentina,3,4,none,weighted_lr,11.291707977799366
2020,ARM,Armenia,4,4,none,weighted_lr,2.7252226288182433
2020,ASM,American Samoa,0,0,none,weighted_lr,0.0
2020,ATG,Antigua and Barbuda,0,0,none,weighted_lr,0.0
2020,AUS,Australia,46,29,none,weighted_lr,39.921107370352864
2020,AUT,Austria,7,1,none,weighted_lr,3.7181212365056577
2020,AZE,Azerbaijan,7,18,none,weighted_lr,11.511064702631405
2020,BDI,Burundi,0,1,none,weighted_lr,0.6667490087359438
2020,BEL,Belgium,7,6,none,weighted_lr,8.872443207733571
2020,BEN,Benin,0,0,none,weighted_lr,0.2080802102492596
2020,BFA,Burkina Faso,1,0,none,weighted_lr,0.21909249104685635
2020,BGD,Bangladesh,0,0,none,weighted_lr,0.44022384044489193
2020,BGR,Bulgaria,6,3,none,weighted_lr,3.3463193692341013
2020,BHR,Bahrain,1,2,none,weighted_lr,2.071636017748334
2020,BHS,"Bahamas, The",2,2,none,weighted_lr,1.183960586655683
2020,BIH,Bosnia and Herzegovina,0,0,none,weighted_lr,0.12754961309844326
2020,BLR,Belarus,7,9,none,weighted_lr,9.403352700302566
2020,BLZ,Belize,0,0,none,weighted_lr,0.0
2020,BMU,Bermuda,1,0,none,weighted_lr,0.0
2020,BOL,Bolivia,0,0,none,weighted_lr,0.23164196057675035
2020,BRA,Brazil,21,19,none,weighted_lr,27.510676656474907
2020,BRB,Barbados,0,0,none,weighted_lr,0.0
2020,BRN,Brunei Darussalam,0,0,none,weighted_lr,0.0
2020,BTN,Bhutan,0,0,none,weighted_lr,0.0
2020,BWA,Botswana,1,0,none,weighted_lr,0.45633794458619903
2020,CAF,Central African Republic,0,0,none,weighted_lr,0.05803360270897784
2020,CAN,Canada,24,22,none,weighted_lr,32.426577008591174
2020,CHE,Switzerland,13,7,none,weighted_lr,8.724922428738108
2020,CHL,Chile,0,0,none,weighted_lr,2.4976033625254717
2020,CHN,China,89,70,none,weighted_lr,80.4481717349296
2020,CIV,Cote d'Ivoire,1,2,none,weighted_lr,2.2003700343966033
2020,CMR,Cameroon,0,0,none,weighted_lr,0.4918906860801471
2020,COD,"Congo, Dem. Rep.",0,0,none,weighted_lr,0.38569378955033784
2020,COG,"Congo, Rep.",0,0,none,weighted_lr,0.026331721587835588
2020,COL,Colombia,5,8,none,weighted_lr,7.7844635024642255
2020,COM,Comoros,0,0,none,weighted_lr,0.0
2020,CPV,Cabo Verde,0,0,none,weighted_lr,0.03141058273815567
2020,CRI,Costa Rica,0,0,none,weighted_lr,0.3709979651638866
2020,CUB,Cuba,15,11,none,weighted_lr,8.953050321308847
2020,CYM,Cayman Islands,0,0,none,weighted_lr,0.0
2020,CYP,Cyprus,0,0,none,weighted_lr,0.161733685850721
2020,CZE,Czechia,11,10,none,weighted_lr,10.245066379199887
2020,DEU,Germany,37,42,none,weighted_lr,46.21564233887482
2020,DJI,Djibouti,0,0,none,weighted_lr,0.026807964598571488
2020,DMA,Dominica,0,0,none,weighted_lr,0.0
2020,DNK,Denmark,11,15,none,weighted_lr,12.318988163045184
2020,DOM,Dominican Republic,5,1,none,weighted_lr,3.3573481641855665
2020,DZA,Algeria,0,2,none,weighted_lr,3.1805026392799185
2020,ECU,Ecuador,3,0,none,weighted_lr,2.0265097384383393
2020,EGY,"Egypt, Arab Rep.",6,3,none,weighted_lr,8.270422072957135
2020,ESP,Spain,17,17,none,weighted_lr,25.683491870388742
2020,EST,Estonia,2,1,none,weighted_lr,1.59794671978341
2020,ETH,Ethiopia,4,8,none,weighted_lr,5.906584794361377
2020,FIN,Finland,2,1,none,weighted_lr,2.2111175493147273
2020,FJI,Fiji,2,1,none,weighted_lr,1.7512183304555813
2020,FRA,France,33,42,none,weighted_lr,43.59839507975966
2020,FSM,"Micronesia, Fed. Sts.",0,0,none,weighted_lr,0.0
2020,GAB,Gabon,0,0,none,weighted_lr,0.06159345742195832
2020,GBR,United Kingdom,64,67,none,weighted_lr,56.817610501997024
2020,GEO,Georgia,8,7,none,weighted_lr,5.074091509697528
2020,GHA,Ghana,1,0,none,weighted_lr,0.48173899912369933
2020,GIN,Guinea,0,0,none,weighted_lr,0.09446316300775237
2020,GMB,"Gambia, The",0,0,none,weighted_lr,0.05034311333991415
2020,GNB,Guinea-Bissau,0,0,none,weighted_lr,0.05958379740674591
2020,GNQ,Equatorial Guinea,0,0,none,weighted_lr,0.0
2020,GRC,Greece,4,6,none,weighted_lr,6.895878243606723
2020,GRD,Grenada,1,1,none,weighted_lr,0.5056909434293813
2020,GTM,Guatemala,0,0,none,weighted_lr,1.0106366333431671
2020,GUM,Guam,0,0,none,weighted_lr,0.0
2020,GUY,Guyana,0,0,none,weighted_lr,0.2737940357741344
2020,HKG,"Hong Kong SAR, China",6,0,none,weighted_lr,1.6901542888765935
2020,HND,Honduras,0,0,none,weighted_lr,0.8971120945404425
2020,HRV,Croatia,9,10,none,weighted_lr,7.812625691710316
2020,HTI,Haiti,0,0,none,weighted_lr,0.12561827716864826
2020,HUN,Hungary,20,15,none,weighted_lr,15.746073758191304
2020,IDN,Indonesia,5,3,none,weighted_lr,4.245690500724687
2020,IND,India,7,2,none,weighted_lr,8.471327101046251
2020,IRL,Ireland,4,2,none,weighted_lr,5.866423304439821
2020,IRN,"Iran, Islamic Rep.",7,8,none,weighted_lr,7.647883266969677
2020,IRQ,Iraq,0,0,none,weighted_lr,0.20365848143338905
2020,ISL,Iceland,0,0,none,weighted_lr,0.0
2020,ISR,Israel,4,2,none,weighted_lr,5.009240123596147
2020,ITA,Italy,40,28,none,weighted_lr,35.07338516006122
2020,JAM,Jamaica,9,11,none,weighted_lr,8.14194833795518
2020,JOR,Jordan,2,1,none,weighted_lr,1.0536744571559193
2020,JPN,Japan,58,41,none,weighted_lr,55.320738850092255
2020,KAZ,Kazakhstan,8,18,none,weighted_lr,14.483657065242296
2020,KEN,Kenya,10,13,none,weighted_lr,10.83709502135685
2020,KGZ,Kyrgyz Republic,3,0,none,weighted_lr,0.5949706835837016
2020,KHM,Cambodia,0,0,none,weighted_lr,0.023732461330091326
2020,KIR,Kiribati,0,0,none,weighted_lr,0.0
2020,KNA,St. Kitts and Nevis,0,0,none,weighted_lr,0.0
2020,KOR,"Korea, Rep.",20,21,none,weighted_lr,24.244442071841625
2020,KWT,Kuwait,1,0,none,weighted_lr,0.115851604341759
2020,LAO,Lao PDR,0,0,none,weighted_lr,0.07606288685235807
2020,LBN,Lebanon,0,0,none,weighted_lr,0.03953174222159017
2020,LBR,Liberia,0,0,none,weighted_lr,0.005312747977876953
2020,LBY,Libya,0,0,none,weighted_lr,0.21211663941173597
2020,LCA,St. Lucia,0,0,none,weighted_lr,0.0
2020,LKA,Sri Lanka,0,0,none,weighted_lr,0.32237719049800617
2020,LSO,Lesotho,0,0,none,weighted_lr,0.0
2020,LTU,Lithuania,1,4,none,weighted_lr,3.722479430849946
2020,LUX,Luxembourg,0,0,none,weighted_lr,0.0
2020,LVA,Latvia,2,0,none,weighted_lr,1.1166396047138205
2020,MAR,Morocco,1,1,none,weighted_lr,2.5466606568428762
2020,MCO,Monaco,0,0,none,weighted_lr,0.0
2020,MDA,Moldova,1,0,none,weighted_lr,0.7126380722952099
2020,MDG,Madagascar,0,0,none,weighted_lr,0.17519946121763752
2020,MDV,Maldives,0,0,none,weighted_lr,0.0
2020,MEX,Mexico,4,5,none,weighted_lr,11.666024800104813
2020,MHL,Marshall Islands,0,0,none,weighted_lr,0.0
2020,MKD,North Macedonia,1,0,none,weighted_lr,0.14493582958077056
2020,MLI,Mali,0,0,none,weighted_lr,0.22758859403571563
2020,MLT,Malta,0,0,none,weighted_lr,0.0
2020,MMR,Myanmar,0,0,none,weighted_lr,0.044477126180005655
2020,MNE,Montenegro,0,0,none,weighted_lr,1.269274792796915
2020,MNG,Mongolia,4,2,none,weighted_lr,3.0970190938547977
2020,MOZ,Mozambique,0,0,none,weighted_lr,0.40739776885353685
2020,MRT,Mauritania,0,0,none,weighted_lr,0.11097234231045938
2020,MUS,Mauritius,0,0,none,weighted_lr,0.07292589872024724
2020,MWI,Malawi,0,0,none,weighted_lr,0.09261447443687842
2020,MYS,Malaysia,2,5,none,weighted_lr,4.318537803049591
2020,NAM,Namibia,1,0,none,weighted_lr,0.43837610269119676
2020,NER,Niger,0,1,none,weighted_lr,0.9148641611246537
2020,NGA,Nigeria,2,1,none,weighted_lr,3.489243915614942
2020,NIC,Nicaragua,0,0,none,weighted_lr,0.23208303568513333
2020,NLD,Netherlands,36,19,none,weighted_lr,22.967279806052076
2020,NOR,Norway,8,4,none,weighted_lr,5.8715038992648125
2020,NPL,Nepal,0,0,none,weighted_lr,0.09887698526425304
2020,NRU,Naoero,0,0,none,weighted_lr,0.0
2020,NZL,New Zealand,20,18,none,weighted_lr,19.064273923562055
2020,OMN,Oman,0,0,none,weighted_lr,0.007768487002088875
2020,PAK,Pakistan,0,0,none,weighted_lr,0.4493494901610484
2020,PAN,Panama,0,0,none,weighted_lr,0.17343800812292987
2020,PER,Peru,0,0,none,weighted_lr,1.8268387982911332
2020,PHL,Philippines,4,1,none,weighted_lr,1.6336079735851272
2020,PLW,Palau,0,0,none,weighted_lr,0.0
2020,PNG,Papua New Guinea,0,0,none,weighted_lr,0.2878049927997548
2020,POL,Poland,14,11,none,weighted_lr,15.9142274198415
2020,PRI,Puerto Rico (US),1,1,none,weighted_lr,1.7749779873068539
2020,PRT,Portugal,4,1,none,weighted_lr,4.62381875355182
2020,PRY,Paraguay,0,0,none,weighted_lr,0.26815916203774925
2020,PSE,West Bank and Gaza,0,0,none,weighted_lr,0.037218505359483345
2020,QAT,Qatar,3,1,none,weighted_lr,0.5413444356383259
2020,ROU,Romania,4,4,none,weighted_lr,6.882741842512954
2020,RUS,Russian Federation,71,56,none,weighted_lr,49.83808318562035
2020,RWA,Rwanda,0,0,none,weighted_lr,0.07835366880189198
2020,SAU,Saudi Arabia,1,0,none,weighted_lr,2.5188700694318062
2020,SDN,Sudan,0,0,none,weighted_lr,0.2864614502969314
2020,SEN,Senegal,0,0,none,weighted_lr,0.3072107931743089
2020,SGP,Singapore,0,1,none,weighted_lr,1.0997479703547226
2020,SLB,Solomon Islands,0,0,none,weighted_lr,0.0
2020,SLE,Sierra Leone,0,0,none,weighted_lr,0.0037669083999647412
2020,SLV,El Salvador,0,0,none,weighted_lr,0.05113984646862679
2020,SMR,San Marino,3,0,none,weighted_lr,0.0
2020,SOM,"Somalia, Fed. Rep.",0,0,none,weighted_lr,0.03294342575578568
2020,SRB,Serbia,8,8,none,weighted_lr,8.091156706008547
2020,STP,Sao Tome and Principe,0,0,none,weighted_lr,0.0
2020,SUR,Suriname,0,0,none,weighted_lr,0.0
2020,SVK,Slovak Republic,4,4,none,weighted_lr,3.7586673366446792
2020,SVN,Slovenia,5,4,none,weighted_lr,4.121717675974177
2020,SWE,Sweden,9,11,none,weighted_lr,12.00216624667934
2020,SWZ,Eswatini,0,0,none,weighted_lr,0.004250168885998384
2020,SYC,Seychelles,0,0,none,weighted_lr,0.0
2020,SYR,Syrian Arab Republic,1,0,none,weighted_lr,0.15149800036124983
2020,TCD,Chad,0,0,none,weighted_lr,0.19190010971398852
2020,TGO,Togo,0,0,none,weighted_lr,0.057253971606309406
2020,THA,Thailand,2,6,none,weighted_lr,5.629223202313744
2020,TJK,Tajikistan,0,1,none,weighted_lr,0.885803793324468
2020,TKM,Turkmenistan,1,0,none,weighted_lr,0.35442478781434605
2020,TLS,Timor-Leste,0,0,none,weighted_lr,0.09509583115374998
2020,TON,Tonga,0,0,none,weighted_lr,0.08320979810242424
2020,TTO,Trinidad and Tobago,0,1,none,weighted_lr,1.322235027246438
2020,TUN,Tunisia,2,3,none,weighted_lr,4.3417830081979885
2020,TUR,Turkiye,13,8,none,weighted_lr,10.03403451067145
2020,TUV,Tuvalu,0,0,none,weighted_lr,0.0
2020,TZA,Tanzania,0,0,none,weighted_lr,0.13023627762557055
2020,UGA,Uganda,4,0,none,weighted_lr,1.0147568027519962
2020,UKR,Ukraine,19,11,none,weighted_lr,12.75212338026849
2020,URY,Uruguay,0,0,none,weighted_lr,0.22636814507923564
2020,USA,United States,113,121,none,weighted_lr,129.6509890517486
2020,UZB,Uzbekistan,5,13,none,weighted_lr,9.985936452795226
2020,VCT,St. Vincent and the Grenadines,0,0,none,weighted_lr,0.0
2020,VEN,"Venezuela, RB",4,3,none,weighted_lr,3.521901576714251
2020,VIR,Virgin Islands (U.S.),0,0,none,weighted_lr,0.0
2020,VNM,Viet Nam,0,2,none,weighted_lr,2.16534042663221
2020,VUT,Vanuatu,0,0,none,weighted_lr,0.0
2020,WSM,Samoa,0,0,none,weighted_lr,0.17018098082210198
2020,ZAF,South Africa,3,10,none,weighted_lr,13.838596408393675
2020,ZMB,Zambia,0,0,none,weighted_lr,1.193706845500742
2020,ZWE,Zimbabwe,0,0,none,weighted_lr,0.1329245622938009
2020,ABW,Aruba,0,0,none,ridge,0.0
2020,AFG,Afghanistan,0,0,none,ridge,0.25454426255494855
2020,AGO,Angola,0,0,none,ridge,1.1141007069453819
2020,ALB,Albania,0,0,none,ridge,0.018991762316264094
2020,AND,Andorra,0,0,none,ridge,0.0
2020,ARE,United Arab Emirates,0,1,none,ridge,0.48953576707267743
2020,ARG,Argentina,3,4,none,ridge,11.476547104203544
2020,ARM,Armenia,4,4,none,ridge,2.4595468254921435
2020,ASM,American Samoa,0,0,none,ridge,0.0
2020,ATG,Antigua and Barbuda,0,0,none,ridge,0.0
2020,AUS,Australia,46,29,none,ridge,39.80588497868948
2020,AUT,Austria,7,1,none,ridge,3.6521366309089762
2020,AZE,Azerbaijan,7,18,none,ridge,10.88269310279546
2020,BDI,Burundi,0,1,none,ridge,0.598471655959373
2020,BEL,Belgium,7,6,none,ridge,8.683358716572219
2020,BEN,Benin,0,0,none,ridge,0.17262603182481495
2020,BFA,Burkina Faso,1,0,none,ridge,0.21877264923162976
2020,BGD,Bangladesh,0,0,none,ridge,0.8949918528038205
2020,BGR,Bulgaria,6,3,none,ridge,3.1278044105280522
2020,BHR,Bahrain,1,2,none,ridge,1.8819318436333443
2020,BHS,"Bahamas, The",2,2,none,ridge,1.011564698707215
2020,BIH,Bosnia and Herzegovina,0,0,none,ridge,0.0
2020,BLR,Belarus,7,9,none,ridge,9.07589734817326
2020,BLZ,Belize,0,0,none,ridge,0.0
2020,BMU,Bermuda,1,0,none,ridge,0.0
2020,BOL,Bolivia,0,0,none,ridge,0.21314768703688092
2020,BRA,Brazil,21,19,none,ridge,28.19785206051258
2020,BRB,Barbados,0,0,none,ridge,0.0
2020,BRN,Brunei Darussalam,0,0,none,ridge,0.0
2020,BTN,Bhutan,0,0,none,ridge,0.0
2020,BWA,Botswana,1,0,none,ridge,0.3881018541506247
2020,CAF,Central African Republic,0,0,none,ridge,0.0
2020,CAN,Canada,24,22,none,ridge,32.521511356571644
2020,CHE,Switzerland,13,7,none,ridge,8.537525120270319
2020,CHL,Chile,0,0,none,ridge,2.504091391415062
2020,CHN,China,89,70,none,ridge,82.67741372287482
2020,CIV,Cote d'Ivoire,1,2,none,ridge,2.1840359373256195
2020,CMR,Cameroon,0,0,none,ridge,0.5330024049011097
2020,COD,"Congo, Dem. Rep.",0,0,none,ridge,0.8170035562796256
2020,COG,"Congo, Rep.",0,0,none,ridge,0.0
2020,COL,Colombia,5,8,none,ridge,7.702396564942276
2020,COM,Comoros,0,0,none,ridge,0.0
2020,CPV,Cabo Verde,0,0,none,ridge,0.0
2020,CRI,Costa Rica,0,0,none,ridge,0.2630883208027903
2020,CUB,Cuba,15,11,none,ridge,8.541466552781008
2020,CYM,Cayman Islands,0,0,none,ridge,0.0
2020,CYP,Cyprus,0,0,none,ridge,0.08306984123724259
2020,CZE,Czechia,11,10,none,ridge,9.911835454287166
2020,DEU,Germany,37,42,none,ridge,45.0149061744097
2020,DJI,Djibouti,0,0,none,ridge,0.0
2020,DMA,Dominica,0,0,none,ridge,0.0
2020,DNK,Denmark,11,15,none,ridge,11.858279499333694
2020,DOM,Dominican Republic,5,1,none,ridge,3.2809995463098094
2020,DZA,Algeria,0,2,none,ridge,3.3350009549612416
2020,ECU,Ecuador,3,0,none,ridge,2.002800625664538
2020,EGY,"Egypt, Arab Rep.",6,3,none,ridge,8.601009599050906
2020,ESP,Spain,17,17,none,ridge,25.36637555888477
2020,EST,Estonia,2,1,none,ridge,1.4695053791959527
2020,ETH,Ethiopia,4,8,none,ridge,6.10757595051637
2020,FIN,Finland,2,1,none,ridge,2.137167560511333
2020,FJI,Fiji,2,1,none,ridge,1.5829579562391407
2020,FRA,France,33,42,none,ridge,42.48658617424289
2020,FSM,"Micronesia, Fed. Sts.",0,0,none,ridge,0.0
2020,GAB,Gabon,0,0,none,ridge,0.0
2020,GBR,United Kingdom,64,67,none,ridge,54.897297638388395
2020,GEO,Georgia,8,7,none,ridge,4.73690510118739
2020,GHA,Ghana,1,0,none,ridge,0.5054155600757895
2020,GIN,Guinea,0,0,none,ridge,0.06354228292980402
2020,GMB,"Gambia, The",0,0,none,ridge,0.0
2020,GNB,Guinea-Bissau,0,0,none,ridge,0.0
2020,GNQ,Equatorial Guinea,0,0,none,ridge,0.0
2020,GRC,Greece,4,6,none,ridge,6.653271099489642
2020,GRD,Grenada,1,1,none,ridge,0.32896180947728126
2020,GTM,Guatemala,0,0,none,ridge,0.9688797420257638
2020,GUM,Guam,0,0,none,ridge,0.0
2020,GUY,Guyana,0,0,none,ridge,0.1392134033027279
2020,HKG,"Hong Kong SAR, China",6,0,none,ridge,1.6049589368079187
2020,HND,Honduras,0,0,none,ridge,0.8371847611367604
2020,HRV,Croatia,9,10,none,ridge,7.3896659145271855
2020,HTI,Haiti,0,0,none,ridge,0.03665535687514154
2020,HUN,Hungary,20,15,none,ridge,15.291385462399953
2020,IDN,Indonesia,5,3,none,ridge,5.074552792567266
2020,IND,India,7,2,none,ridge,13.563504149273673
2020,IRL,Ireland,4,2,none,ridge,5.879030536416172
2020,IRN,"Iran, Islamic Rep.",7,8,none,ridge,7.714669604168344
2020,IRQ,Iraq,0,0,none,ridge,0.26780756090532254
2020,ISL,Iceland,0,0,none,ridge,0.0
2020,ISR,Israel,4,2,none,ridge,4.9562493903465805
2020,ITA,Italy,40,28,none,ridge,34.401918958060605
2020,JAM,Jamaica,9,11,none,ridge,7.69783305380195
2020,JOR,Jordan,2,1,none,ridge,0.9597844082465525
2020,JPN,Japan,58,41,none,ridge,54.27800747020311
2020,KAZ,Kazakhstan,8,18,none,ridge,14.119291640334179
2020,KEN,Kenya,10,13,none,ridge,10.613624180807125
2020,KGZ,Kyrgyz Republic,3,0,none,ridge,0.5302961657850158
2020,KHM,Cambodia,0,0,none,ridge,0.0
2020,KIR,Kiribati,0,0,none,ridge,0.0
2020,KNA,St. Kitts and Nevis,0,0,none,ridge,0.0
2020,KOR,"Korea, Rep.",20,21,none,ridge,23.668515395425867
2020,KWT,Kuwait,1,0,none,ridge,0.0
2020,LAO,Lao PDR,0,0,none,ridge,0.0
2020,LBN,Lebanon,0,0,none,ridge,0.0
2020,LBR,Liberia,0,0,none,ridge,0.0
2020,LBY,Libya,0,0,none,ridge,0.225140475195853
2020,LCA,St. Lucia,0,0,none,ridge,0.0
2020,LKA,Sri Lanka,0,0,none,ridge,0.2546551866894138
2020,LSO,Lesotho,0,0,none,ridge,0.0
2020,LTU,Lithuania,1,4,none,ridge,3.5010115190759508
2020,LUX,Luxembourg,0,0,none,ridge,0.0
2020,LVA,Latvia,2,0,none,ridge,0.9859086148785638
2020,MAR,Morocco,1,1,none,ridge,2.5651640045840627
2020,MCO,Monaco,0,0,none,ridge,0.0
2020,MDA,Moldova,1,0,none,ridge,0.542314243834956
2020,MDG,Madagascar,0,0,none,ridge,0.22530450188698925
2020,MDV,Maldives,0,0,none,ridge,0.0
2020,MEX,Mexico,4,5,none,ridge,11.980612770175934
2020,MHL,Marshall Islands,0,0,none,ridge,0.0
2020,MKD,North Macedonia,1,0,none,ridge,0.0
2020,MLI,Mali,0,0,none,ridge,0.30415869632223025
2020,MLT,Malta,0,0,none,ridge,0.0
2020,MMR,Myanmar,0,0,none,ridge,0.12946905819459165
2020,MNE,Montenegro,0,0,none,ridge,1.1361764459203565
2020,MNG,Mongolia,4,2,none,ridge,3.0673678873512853
2020,MOZ,Mozambique,0,0,none,ridge,0.4928607807508856
2020,MRT,Mauritania,0,0,none,ridge,0.10876557652367413
2020,MUS,Mauritius,0,0,none,ridge,0.0
2020,MWI,Malawi,0,0,none,ridge,0.07719219615539963
2020,MYS,Malaysia,2,5,none,ridge,4.178997232177388
2020,NAM,Namibia,1,0,none,ridge,0.4243644871908714
2020,NER,Niger,0,1,none,ridge,0.9824461613647122
2020,NGA,Nigeria,2,1,none,ridge,4.192384987491976
2020,NIC,Nicaragua,0,0,none,ridge,0.13480709494512766
2020,NLD,Netherlands,36,19,none,ridge,22.48325586324569
2020,NOR,Norway,8,4,none,ridge,5.782758754687414
2020,NPL,Nepal,0,0,none,ridge,0.10070592475438556
2020,NRU,Naoero,0,0,none,ridge,0.0
2020,NZL,New Zealand,20,18,none,ridge,18.64532557577327
2020,OMN,Oman,0,0,none,ridge,0.0
2020,PAK,Pakistan,0,0,none,ridge,1.2436547357795948
2020,PAN,Panama,0,0,none,ridge,0.08104972200095162
2020,PER,Peru,0,0,none,ridge,1.9095445224693073
2020,PHL,Philippines,4,1,none,ridge,1.883404670668836
2020,PLW,Palau,0,0,none,ridge,0.0
2020,PNG,Papua New Guinea,0,0,none,ridge,0.2486812323410783
2020,POL,Poland,14,11,none,ridge,15.650867192669933
2020,PRI,Puerto Rico (US),1,1,none,ridge,1.6354071763748514
2020,PRT,Portugal,4,1,none,ridge,4.550317368693069
2020,PRY,Paraguay,0,0,none,ridge,0.19537730660543318
2020,PSE,West Bank and Gaza,0,0,none,ridge,0.0
2020,QAT,Qatar,3,1,none,ridge,0.588298121137445
2020,ROU,Romania,4,4,none,ridge,6.732423929693507
2020,RUS,Russian Federation,71,56,none,ridge,49.67781089455421
2020,RWA,Rwanda,0,0,none,ridge,0.022880876655546167
2020,SAU,Saudi Arabia,1,0,none,ridge,2.716725676958595
2020,SDN,Sudan,0,0,none,ridge,0.49023344885311637
2020,SEN,Senegal,0,0,none,ridge,0.2909870722600729
2020,SGP,Singapore,0,1,none,ridge,0.9878440728964906
2020,SLB,Solomon Islands,0,0,none,ridge,0.0
2020,SLE,Sierra Leone,0,0,none,ridge,0.0
2020,SLV,El Salvador,0,0,none,ridge,0.0
2020,SMR,San Marino,3,0,none,ridge,0.0
2020,SOM,"Somalia, Fed. Rep.",0,0,none,ridge,0.07155923401800468
2020,SRB,Serbia,8,8,none,ridge,7.760955294290568
2020,STP,Sao Tome and Principe,0,0,none,ridge,0.0
2020,SUR,Suriname,0,0,none,ridge,0.0
2020,SVK,Slovak Republic,4,4,none,ridge,3.5411764089383175
2020,SVN,Slovenia,5,4,none,ridge,3.9309809413443455
2020,SWE,Sweden,9,11,none,ridge,11.705163895033031
2020,SWZ,Eswatini,0,0,none,ridge,0.0
2020,SYC,Seychelles,0,0,none,ridge,0.0
2020,SYR,Syrian Arab Republic,1,0,none,ridge,0.1686451958314441
2020,TCD,Chad,0,0,none,ridge,0.2584421804018522
2020,TGO,Togo,0,0,none,ridge,0.0
2020,THA,Thailand,2,6,none,ridge,5.566261319112803
2020,TJK,Tajikistan,0,1,none,ridge,0.8006358636882043
2020,TKM,Turkmenistan,1,0,none,ridge,0.30942846712365046
2020,TLS,Timor-Leste,0,0,none,ridge,0.0
2020,TON,Tonga,0,0,none,ridge,0.0
2020,TTO,Trinidad and Tobago,0,1,none,ridge,1.1713866641429158
2020,TUN,Tunisia,2,3,none,ridge,4.205203142975991
2020,TUR,Turkiye,13,8,none,ridge,10.02090302343337
2020,TUV,Tuvalu,0,0,none,ridge,0.0
2020,TZA,Tanzania,0,0,none,ridge,0.3273897566155961
2020,UGA,Uganda,4,0,none,ridge,1.133832826316378
2020,UKR,Ukraine,19,11,none,ridge,12.53669721331824
2020,URY,Uruguay,0,0,none,ridge,0.10716671609670225
2020,USA,United States,113,121,none,ridge,125.70386363749638
2020,UZB,Uzbekistan,5,13,none,ridge,9.66969624104128
2020,VCT,St. Vincent and the Grenadines,0,0,none,ridge,0.0
2020,VEN,"Venezuela, RB",4,3,none,ridge,3.403818752639025
2020,VIR,Virgin Islands (U.S.),0,0,none,ridge,0.0
2020,VNM,Viet Nam,0,2,none,ridge,2.329237418581258
2020,VUT,Vanuatu,0,0,none,ridge,0.0
2020,WSM,Samoa,0,0,none,ridge,0.0396345355687755
2020,ZAF,South Africa,3,10,none,ridge,13.822242546181577
2020,ZMB,Zambia,0,0,none,ridge,1.2438382394764615
2020,ZWE,Zimbabwe,0,0,none,ridge,0.09348951821327578
2020,ABW,Aruba,0,0,none,lasso,0.0
2020,AFG,Afghanistan,0,0,none,lasso,0.0
2020,AGO,Angola,0,0,none,lasso,0.7355420624796567
2020,ALB,Albania,0,0,none,lasso,0.0
2020,AND,Andorra,0,0,none,lasso,0.0
2020,ARE,United Arab Emirates,0,1,none,lasso,0.5312466870886627
2020,ARG,Argentina,3,4,none,lasso,10.505524671095317
2020,ARM,Armenia,4,4,none,lasso,2.394550303406397
2020,ASM,American Samoa,0,0,none,lasso,0.0
2020,ATG,Antigua and Barbuda,0,0,none,lasso,0.0
2020,AUS,Australia,46,29,none,lasso,38.0184034732255
2020,AUT,Austria,7,1,none,lasso,3.4300594458748757
2020,AZE,Azerbaijan,7,18,none,lasso,11.055787597136186
2020,BDI,Burundi,0,1,none,lasso,0.3661033856207032
2020,BEL,Belgium,7,6,none,lasso,8.35140110292085
2020,BEN,Benin,0,0,none,lasso,0.0
2020,BFA,Burkina Faso,1,0,none,lasso,0.0
2020,BGD,Bangladesh,0,0,none,lasso,0.6264240419328448
2020,BGR,Bulgaria,6,3,none,lasso,2.9689927485679286
2020,BHR,Bahrain,1,2,none,lasso,1.8390695782780973
2020,BHS,"Bahamas, The",2,2,none,lasso,1.072554239611502
2020,BIH,Bosnia and Herzegovina,0,0,none,lasso,0.0
2020,BLR,Belarus,7,9,none,lasso,8.780587833207214
2020,BLZ,Belize,0,0,none,lasso,0.0
2020,BMU,Bermuda,1,0,none,lasso,0.0
2020,BOL,Bolivia,0,0,none,lasso,0.0
2020,BRA,Brazil,21,19,none,lasso,26.532503399935283
2020,BRB,Barbados,0,0,none,lasso,0.0
2020,BRN,Brunei Darussalam,0,0,none,lasso,0.0
2020,BTN,Bhutan,0,0,none,lasso,0.0
2020,BWA,Botswana,1,0,none,lasso,0.17364455124936207
2020,CAF,Central African Republic,0,0,none,lasso,0.0
2020,CAN,Canada,24,22,none,lasso,30.767195051136305
2020,CHE,Switzerland,13,7,none,lasso,8.460817310394454
2020,CHL,Chile,0,0,none,lasso,2.1160577984730553
2020,CHN,China,89,70,none,lasso,78.75078524891249
2020,CIV,Cote d'Ivoire,1,2,none,lasso,1.89065247236408
2020,CMR,Cameroon,0,0,none,lasso,0.2297409128997776
2020,COD,"Congo, Dem. Rep.",0,0,none,lasso,0.4267881755894827
2020,COG,"Congo, Rep.",0,0,none,lasso,0.0
2020,COL,Colombia,5,8,none,lasso,7.3792801147884175
2020,COM,Comoros,0,0,none,lasso,0.0
2020,CPV,Cabo Verde,0,0,none,lasso,0.0
2020,CRI,Costa Rica,0,0,none,lasso,0.11077259591960686
2020,CUB,Cuba,15,11,none,lasso,8.47921514432394
2020,CYM,Cayman Islands,0,0,none,lasso,0.0
2020,CYP,Cyprus,0,0,none,lasso,0.015127366568343348
2020,CZE,Czechia,11,10,none,lasso,9.68208386104568
2020,DEU,Germany,37,42,none,lasso,43.71992617468934
2020,DJI,Djibouti,0,0,none,lasso,0.0
2020,DMA,Dominica,0,0,none,lasso,0.0
2020,DNK,Denmark,11,15,none,lasso,11.985649143681957
2020,DOM,Dominican Republic,5,1,none,lasso,2.910418021852859
2020,DZA,Algeria,0,2,none,lasso,2.904375053523627
2020,ECU,Ecuador,3,0,none,lasso,1.6576050268864733
2020,EGY,"Egypt, Arab Rep.",6,3,none,lasso,7.802161122003481
2020,ESP,Spain,17,17,none,lasso,24.1879949611201
2020,EST,Estonia,2,1,none,lasso,1.3530289836943306
2020,ETH,Ethiopia,4,8,none,lasso,5.871715332515695
2020,FIN,Finland,2,1,none,lasso,2.053959807354246
2020,FJI,Fiji,2,1,none,lasso,1.4103372949839548
2020,FRA,France,33,42,none,lasso,41.511182190724114
2020,FSM,"Micronesia, Fed. Sts.",0,0,none,lasso,0.0
2020,GAB,Gabon,0,0,none,lasso,0.0
2020,GBR,United Kingdom,64,67,none,lasso,54.65650140212424
2020,GEO,Georgia,8,7,none,lasso,4.680956617050231
2020,GHA,Ghana,1,0,none,lasso,0.2336593152799793
2020,GIN,Guinea,0,0,none,lasso,0.0
2020,GMB,"Gambia, The",0,0,none,lasso,0.0
2020,GNB,Guinea-Bissau,0,0,none,lasso,0.0
2020,GNQ,Equatorial Guinea,0,0,none,lasso,0.0
2020,GRC,Greece,4,6,none,lasso,6.421909394995432
2020,GRD,Grenada,1,1,none,lasso,0.2716422778609955
2020,GTM,Guatemala,0,0,none,lasso,0.686758776189814
2020,GUM,Guam,0,0,none,lasso,0.0
2020,GUY,Guyana,0,0,none,lasso,0.0
2020,HKG,"Hong Kong SAR, China",6,0,none,lasso,1.5111858515122853
2020,HND,Honduras,0,0,none,lasso,0.5737202102441561
2020,HRV,Croatia,9,10,none,lasso,7.397021384103012
2020,HTI,Haiti,0,0,none,lasso,0.0
2020,HUN,Hungary,20,15,none,lasso,14.931708874376476
2020,IDN,Indonesia,5,3,none,lasso,4.574912213849346
2020,IND,India,7,2,none,lasso,12.415243674324698
2020,IRL,Ireland,4,2,none,lasso,5.661788884615626
2020,IRN,"Iran, Islamic Rep.",7,8,none,lasso,7.354186221388663
2020,IRQ,Iraq,0,0,none,lasso,0.04367754590007511
2020,ISL,Iceland,0,0,none,lasso,0.0
2020,ISR,Israel,4,2,none,lasso,4.626784818896428
2020,ITA,Italy,40,28,none,lasso,33.20719417099092
2020,JAM,Jamaica,9,11,none,lasso,7.677987952320779
2020,JOR,Jordan,2,1,none,lasso,0.7418995948664411
2020,JPN,Japan,58,41,none,lasso,51.9442058936121
2020,KAZ,Kazakhstan,8,18,none,lasso,13.898612142558388
2020,KEN,Kenya,10,13,none,lasso,10.382291730649065
2020,KGZ,Kyrgyz Republic,3,0,none,lasso,0.2728467796412932
2020,KHM,Cambodia,0,0,none,lasso,0.0
2020,KIR,Kiribati,0,0,none,lasso,0.0
2020,KNA,St. Kitts and Nevis,0,0,none,lasso,0.0
2020,KOR,"Korea, Rep.",20,21,none,lasso,22.90478064515908
2020,KWT,Kuwait,1,0,none,lasso,0.0
2020,LAO,Lao PDR,0,0,none,lasso,0.0
2020,LBN,Lebanon,0,0,none,lasso,0.0
2020,LBR,Liberia,0,0,none,lasso,0.0
2020,LBY,Libya,0,0,none,lasso,0.04660926857417369
2020,LCA,St. Lucia,0,0,none,lasso,0.0
2020,LKA,Sri Lanka,0,0,none,lasso,0.06777333544929487
2020,LSO,Lesotho,0,0,none,lasso,0.0
2020,LTU,Lithuania,1,4,none,lasso,3.397926239537025
2020,LUX,Luxembourg,0,0,none,lasso,0.0
2020,LVA,Latvia,2,0,none,lasso,0.8315126997804958
2020,MAR,Morocco,1,1,none,lasso,2.225645417037886
2020,MCO,Monaco,0,0,none,lasso,0.0
2020,MDA,Moldova,1,0,none,lasso,0.3884154967669655
2020,MDG,Madagascar,0,0,none,lasso,0.0
2020,MDV,Maldives,0,0,none,lasso,0.0
2020,MEX,Mexico,4,5,none,lasso,10.999946817377861
2020,MHL,Marshall Islands,0,0,none,lasso,0.0
2020,MKD,North Macedonia,1,0,none,lasso,0.0
2020,MLI,Mali,0,0,none,lasso,0.0
2020,MLT,Malta,0,0,none,lasso,0.0
2020,MMR,Myanmar,0,0,none,lasso,0.0
2020,MNE,Montenegro,0,0,none,lasso,0.9398487457834994
2020,MNG,Mongolia,4,2,none,lasso,2.691105272455277
2020,MOZ,Mozambique,0,0,none,lasso,0.17897690759178264
2020,MRT,Mauritania,0,0,none,lasso,0.0
2020,MUS,Mauritius,0,0,none,lasso,0.0
2020,MWI,Malawi,0,0,none,lasso,0.0
2020,MYS,Malaysia,2,5,none,lasso,3.9860211334150257
2020,NAM,Namibia,1,0,none,lasso,0.14558971697834622
2020,NER,Niger,0,1,none,lasso,0.6521321443336383
2020,NGA,Nigeria,2,1,none,lasso,3.6672681479732523
2020,NIC,Nicaragua,0,0,none,lasso,0.0
2020,NLD,Netherlands,36,19,none,lasso,21.86226836378926
2020,NOR,Norway,8,4,none,lasso,5.678400279484906
2020,NPL,Nepal,0,0,none,lasso,0.0
2020,NRU,Naoero,0,0,none,lasso,0.0
2020,NZL,New Zealand,20,18,none,lasso,18.25216211934736
2020,OMN,Oman,0,0,none,lasso,0.0
2020,PAK,Pakistan,0,0,none,lasso,0.937955230337574
2020,PAN,Panama,0,0,none,lasso,0.0
2020,PER,Peru,0,0,none,lasso,1.5362942718080235
2020,PHL,Philippines,4,1,none,lasso,1.6126800706564346
2020,PLW,Palau,0,0,none,lasso,0.0
2020,PNG,Papua New Guinea,0,0,none,lasso,0.0
2020,POL,Poland,14,11,none,lasso,14.937310117628444
2020,PRI,Puerto Rico (US),1,1,none,lasso,1.5619766329234825
2020,PRT,Portugal,4,1,none,lasso,4.151217352462511
2020,PRY,Paraguay,0,0,none,lasso,0.0
2020,PSE,West Bank and Gaza,0,0,none,lasso,0.0
2020,QAT,Qatar,3,1,none,lasso,0.5398813551262673
2020,ROU,Romania,4,4,none,lasso,6.3086747745011245
2020,RUS,Russian Federation,71,56,none,lasso,48.50467077525991
2020,RWA,Rwanda,0,0,none,lasso,0.0
2020,SAU,Saudi Arabia,1,0,none,lasso,2.152775656011893
2020,SDN,Sudan,0,0,none,lasso,0.15605614424766934
2020,SEN,Senegal,0,0,none,lasso,0.016471206825102058
2020,SGP,Singapore,0,1,none,lasso,1.0893145575910865
2020,SLB,Solomon Islands,0,0,none,lasso,0.0
2020,SLE,Sierra Leone,0,0,none,lasso,0.0
2020,SLV,El Salvador,0,0,none,lasso,0.0
2020,SMR,San Marino,3,0,none,lasso,0.0
2020,SOM,"Somalia, Fed. Rep.",0,0,none,lasso,0.0
2020,SRB,Serbia,8,8,none,lasso,7.528543744765402
2020,STP,Sao Tome and Principe,0,0,none,lasso,0.0
2020,SUR,Suriname,0,0,none,lasso,0.0
2020,SVK,Slovak Republic,4,4,none,lasso,3.4319245722839415
2020,SVN,Slovenia,5,4,none,lasso,3.8118149774417067
2020,SWE,Sweden,9,11,none,lasso,11.469873401002378
2020,SWZ,Eswatini,0,0,none,lasso,0.0
2020,SYC,Seychelles,0,0,none,lasso,0.0
2020,SYR,Syrian Arab Republic,1,0,none,lasso,0.0
2020,TCD,Chad,0,0,none,lasso,0.0
2020,TGO,Togo,0,0,none,lasso,0.0
2020,THA,Thailand,2,6,none,lasso,5.328096656141324
2020,TJK,Tajikistan,0,1,none,lasso,0.5514479493364632
2020,TKM,Turkmenistan,1,0,none,lasso,0.031211130491720418
2020,TLS,Timor-Leste,0,0,none,lasso,0.0
2020,TON,Tonga,0,0,none,lasso,0.0
2020,TTO,Trinidad and Tobago,0,1,none,lasso,1.0576369282179132
2020,TUN,Tunisia,2,3,none,lasso,3.8885223513310923
2020,TUR,Turkiye,13,8,none,lasso,9.466789127182384
2020,TUV,Tuvalu,0,0,none,lasso,0.0
2020,TZA,Tanzania,0,0,none,lasso,0.022010546292243305
2020,UGA,Uganda,4,0,none,lasso,0.766843886972068
2020,UKR,Ukraine,19,11,none,lasso,12.068400493863916
2020,URY,Uruguay,0,0,none,lasso,0.0076437339019772566
2020,USA,United States,113,121,none,lasso,120.85376821913731
2020,UZB,Uzbekistan,5,13,none,lasso,9.521127809032375
2020,VCT,St. Vincent and the Grenadines,0,0,none,lasso,0.0
2020,VEN,"Venezuela, RB",4,3,none,lasso,3.2559638610329364
2020,VIR,Virgin Islands (U.S.),0,0,none,lasso,0.0
2020,VNM,Viet Nam,0,2,none,lasso,2.056969695103677
2020,VUT,Vanuatu,0,0,none,lasso,0.0
2020,WSM,Samoa,0,0,none,lasso,0.0
2020,ZAF,South Africa,3,10,none,lasso,13.089117262494367
2020,ZMB,Zambia,0,0,none,lasso,0.8695508007375756
2020,ZWE,Zimbabwe,0,0,none,lasso,0.0
2020,ABW,Aruba,0,0,none,poisson,3.052535317916642
2020,AFG,Afghanistan,0,0,none,poisson,1.1476241217505305
2020,AGO,Angola,0,0,none,poisson,1.249007524693424
2020,ALB,Albania,0,0,none,poisson,3.422197207393631
2020,AND,Andorra,0,0,none,poisson,2.0984469616382633
2020,ARE,United Arab Emirates,0,1,none,poisson,3.089168665808508
2020,ARG,Argentina,3,4,none,poisson,7.43371465192025
2020,ARM,Armenia,4,4,none,poisson,2.667420483750557
2020,ASM,American Samoa,0,0,none,poisson,2.9345956069277186
2020,ATG,Antigua and Barbuda,0,0,none,poisson,2.3189835277576285
2020,AUS,Australia,46,29,none,poisson,59.83955401897133
2020,AUT,Austria,7,1,none,poisson,4.116847646193295
2020,AZE,Azerbaijan,7,18,none,poisson,2.9962164286402295
2020,BDI,Burundi,0,1,none,poisson,1.2055483711555044
2020,BEL,Belgium,7,6,none,poisson,5.816671551481247
2020,BEN,Benin,0,0,none,poisson,1.2622860825064397
2020,BFA,Burkina Faso,1,0,none,poisson,1.3386647317914933
2020,BGD,Bangladesh,0,0,none,poisson,2.0064465416420245
2020,BGR,Bulgaria,6,3,none,poisson,3.9383697334794654
2020,BHR,Bahrain,1,2,none,poisson,3.7317354249904398
2020,BHS,"Bahamas, The",2,2,none,poisson,2.7702788639141547
2020,BIH,Bosnia and Herzegovina,0,0,none,poisson,3.2621446990776306
2020,BLR,Belarus,7,9,none,poisson,5.277444346449192
2020,BLZ,Belize,0,0,none,poisson,1.8005500439989868
2020,BMU,Bermuda,1,0,none,poisson,3.343898366226435
2020,BOL,Bolivia,0,0,none,poisson,1.8299787300478794
2020,BRA,Brazil,21,19,none,poisson,18.676234344611714
2020,BRB,Barbados,0,0,none,poisson,2.573412141622616
2020,BRN,Brunei Darussalam,0,0,none,poisson,1.9698303874036425
2020,BTN,Bhutan,0,0,none,poisson,2.0352060694331366
2020,BWA,Botswana,1,0,none,poisson,1.8354854033976051
2020,CAF,Central African Republic,0,0,none,poisson,1.5392311771422074
2020,CAN,Canada,24,22,none,poisson,29.329556034525133
2020,CHE,Switzerland,13,7,none,poisson,6.087876989893139
2020,CHL,Chile,0,0,none,poisson,2.723926964364491
2020,CHN,China,89,70,none,poisson,66.82577414635558
2020,CIV,Cote d'Ivoire,1,2,none,poisson,1.527335918574484
2020,CMR,Cameroon,0,0,none,poisson,1.3102103926345867
2020,COD,"Congo, Dem. Rep.",0,0,none,poisson,1.149274391571198
2020,COG,"Congo, Rep.",0,0,none,poisson,1.3515794553915423
2020,COL,Colombia,5,8,none,poisson,2.853503789470069
2020,COM,Comoros,0,0,none,poisson,1.4537750656705284
2020,CPV,Cabo Verde,0,0,none,poisson,2.429403178669076
2020,CRI,Costa Rica,0,0,none,poisson,2.197191568908046
2020,CUB,Cuba,15,11,none,poisson,4.338791353048759
2020,CYM,Cayman Islands,0,0,none,poisson,2.134692621795165
2020,CYP,Cyprus,0,0,none,poisson,2.1225620347227863
2020,CZE,Czechia,11,10,none,poisson,5.201271928027886
2020,DEU,Germany,37,42,none,poisson,46.32060744207684
2020,DJI,Djibouti,0,0,none,poisson,1.6241155170823731
2020,DMA,Dominica,0,0,none,poisson,2.6901109542360593
2020,DNK,Denmark,11,15,none,poisson,6.019480729067806
2020,DOM,Dominican Republic,5,1,none,poisson,2.859270410439096
2020,DZA,Algeria,0,2,none,poisson,2.0403318443897644
2020,ECU,Ecuador,3,0,none,poisson,2.4243835991717355
2020,EGY,"Egypt, Arab Rep.",6,3,none,poisson,4.003467482010996
2020,ESP,Spain,17,17,none,poisson,22.465484123517733
2020,EST,Estonia,2,1,none,poisson,2.957217011744149
2020,ETH,Ethiopia,4,8,none,poisson,1.6589680923624377
2020,FIN,Finland,2,1,none,poisson,3.6006236003202376
2020,FJI,Fiji,2,1,none,poisson,2.9534576426607737
2020,FRA,France,33,42,none,poisson,40.571178690375405
2020,FSM,"Micronesia, Fed. Sts.",0,0,none,poisson,2.0130356944394703
2020,GAB,Gabon,0,0,none,poisson,1.3770067661354972
2020,GBR,United Kingdom,64,67,none,poisson,49.94893641970896
2020,GEO,Georgia,8,7,none,poisson,2.956344074364089
2020,GHA,Ghana,1,0,none,poisson,1.550132682052963
2020,GIN,Guinea,0,0,none,poisson,1.264194594947629
2020,GMB,"Gambia, The",0,0,none,poisson,1.3284734532821831
2020,GNB,Guinea-Bissau,0,0,none,poisson,1.3423039397263108
2020,GNQ,Equatorial Guinea,0,0,none,poisson,1.2661716647476895
2020,GRC,Greece,4,6,none,poisson,4.659513798124601
2020,GRD,Grenada,1,1,none,poisson,2.342262237917094
2020,GTM,Guatemala,0,0,none,poisson,1.9081471316382177
2020,GUM,Guam,0,0,none,poisson,2.6385367436702114
2020,GUY,Guyana,0,0,none,poisson,2.0535936559785446
2020,HKG,"Hong Kong SAR, China",6,0,none,poisson,3.95030360670047
2020,HND,Honduras,0,0,none,poisson,1.8025123446641182
2020,HRV,Croatia,9,10,none,poisson,4.730661944064362
2020,HTI,Haiti,0,0,none,poisson,1.766512200459151
2020,HUN,Hungary,20,15,none,poisson,8.853563729084776
2020,IDN,Indonesia,5,3,none,poisson,2.490593703387574
2020,IND,India,7,2,none,poisson,6.7961983405561694
2020,IRL,Ireland,4,2,none,poisson,5.285034360190287
2020,IRN,"Iran, Islamic Rep.",7,8,none,poisson,3.0968406033807483
2020,IRQ,Iraq,0,0,none,poisson,1.4640942858548913
2020,ISL,Iceland,0,0,none,poisson,2.09761165443575
2020,ISR,Israel,4,2,none,poisson,3.2973380234079444
2020,ITA,Italy,40,28,none,poisson,44.403919472681004
2020,JAM,Jamaica,9,11,none,poisson,3.388756407887722
2020,JOR,Jordan,2,1,none,poisson,1.6666485674019866
2020,JPN,Japan,58,41,none,poisson,141.5229349965135
2020,KAZ,Kazakhstan,8,18,none,poisson,3.6551001929379257
2020,KEN,Kenya,10,13,none,poisson,2.8152262289972514
2020,KGZ,Kyrgyz Republic,3,0,none,poisson,1.591972088388318
2020,KHM,Cambodia,0,0,none,poisson,1.654875517931011
2020,KIR,Kiribati,0,0,none,poisson,1.5339459164862295
2020,KNA,St. Kitts and Nevis,0,0,none,poisson,2.6519430187950146
2020,KOR,"Korea, Rep.",20,21,none,poisson,13.420659270002146
2020,KWT,Kuwait,1,0,none,poisson,3.2997847476840447
2020,LAO,Lao PDR,0,0,none,poisson,1.6324091465512542
2020,LBN,Lebanon,0,0,none,poisson,3.613022879844519
2020,LBR,Liberia,0,0,none,poisson,1.4274895152026377
2020,LBY,Libya,0,0,none,poisson,1.8959695912529784
2020,LCA,St. Lucia,0,0,none,poisson,2.36640617255739
2020,LKA,Sri Lanka,0,0,none,poisson,2.152375840919909
2020,LSO,Lesotho,0,0,none,poisson,1.7625133255209589
2020,LTU,Lithuania,1,4,none,poisson,3.2898848315941205
2020,LUX,Luxembourg,0,0,none,poisson,2.7635533486704884
2020,LVA,Latvia,2,0,none,poisson,3.472758187459103
2020,MAR,Morocco,1,1,none,poisson,2.4719531622795503
2020,MCO,Monaco,0,0,none,poisson,5.470006288525328
2020,MDA,Moldova,1,0,none,poisson,3.3627939544938736
2020,MDG,Madagascar,0,0,none,poisson,1.3332901159916
2020,MDV,Maldives,0,0,none,poisson,1.3588075535877875
2020,MEX,Mexico,4,5,none,poisson,5.964406788857995
2020,MHL,Marshall Islands,0,0,none,poisson,4.5114639303377295
2020,MKD,North Macedonia,1,0,none,poisson,3.0864516767798182
2020,MLI,Mali,0,0,none,poisson,1.1634857015930091
2020,MLT,Malta,0,0,none,poisson,1.6018406492686605
2020,MMR,Myanmar,0,0,none,poisson,2.0069713425317377
2020,MNE,Montenegro,0,0,none,poisson,3.008650835096884
2020,MNG,Mongolia,4,2,none,poisson,2.03998722657799
2020,MOZ,Mozambique,0,0,none,poisson,1.2279992677593485
2020,MRT,Mauritania,0,0,none,poisson,1.1668850566311666
2020,MUS,Mauritius,0,0,none,poisson,2.5295560918167137
2020,MWI,Malawi,0,0,none,poisson,1.2665586636313722
2020,MYS,Malaysia,2,5,none,poisson,2.2074653199947996
2020,NAM,Namibia,1,0,none,poisson,1.2857361632485071
2020,NER,Niger,0,1,none,poisson,1.1004586642356016
2020,NGA,Nigeria,2,1,none,poisson,2.1665896785679553
2020,NIC,Nicaragua,0,0,none,poisson,1.7811158473009598
2020,NLD,Netherlands,36,19,none,poisson,16.536670849980737
2020,NOR,Norway,8,4,none,poisson,5.022810393657153
2020,NPL,Nepal,0,0,none,poisson,1.5097313636711902
2020,NRU,Naoero,0,0,none,poisson,2.0834404048949793
2020,NZL,New Zealand,20,18,none,poisson,7.949720340506278
2020,OMN,Oman,0,0,none,poisson,3.4676685902526394
2020,PAK,Pakistan,0,0,none,poisson,1.7287685355806792
2020,PAN,Panama,0,0,none,poisson,1.944487402539017
2020,PER,Peru,0,0,none,poisson,2.273528508584523
2020,PHL,Philippines,4,1,none,poisson,2.1096254386963453
2020,PLW,Palau,0,0,none,poisson,2.4578932020293647
2020,PNG,Papua New Guinea,0,0,none,poisson,1.4718260969458459
2020,POL,Poland,14,11,none,poisson,13.143538407008528
2020,PRI,Puerto Rico (US),1,1,none,poisson,3.80223031031353
2020,PRT,Portugal,4,1,none,poisson,4.498310682703656
2020,PRY,Paraguay,0,0,none,poisson,1.7579421898955347
2020,PSE,West Bank and Gaza,0,0,none,poisson,1.3725698056115134
2020,QAT,Qatar,3,1,none,poisson,0.8618843311019615
2020,ROU,Romania,4,4,none,poisson,5.393767076952261
2020,RUS,Russian Federation,71,56,none,poisson,33.23073019055266
2020,RWA,Rwanda,0,0,none,poisson,1.3978325285218474
2020,SAU,Saudi Arabia,1,0,none,poisson,1.0202995138194326
2020,SDN,Sudan,0,0,none,poisson,1.2728376795558582
2020,SEN,Senegal,0,0,none,poisson,1.3016951170628228
2020,SGP,Singapore,0,1,none,poisson,3.663064136967205
2020,SLB,Solomon Islands,0,0,none,poisson,1.390109303803657
2020,SLE,Sierra Leone,0,0,none,poisson,1.3495907477180848
2020,SLV,El Salvador,0,0,none,poisson,2.2738449641952267
2020,SMR,San Marino,3,0,none,poisson,2.643489728195684
2020,SOM,"Somalia, Fed. Rep.",0,0,none,poisson,0.9669331291544251
2020,SRB,Serbia,8,8,none,poisson,5.011623454861245
2020,STP,Sao Tome and Principe,0,0,none,poisson,1.4714760685192463
2020,SUR,Suriname,0,0,none,poisson,1.8853892008905409
2020,SVK,Slovak Republic,4,4,none,poisson,3.205813233107912
2020,SVN,Slovenia,5,4,none,poisson,3.1388492364059495
2020,SWE,Sweden,9,11,none,poisson,6.161873772391917
2020,SWZ,Eswatini,0,0,none,poisson,1.8143606652874702
2020,SYC,Seychelles,0,0,none,poisson,2.076932667464782
2020,SYR,Syrian Arab Republic,1,0,none,poisson,1.0833874361878282
2020,TCD,Chad,0,0,none,poisson,1.1086643837112333
2020,TGO,Togo,0,0,none,poisson,1.3819355018961699
2020,THA,Thailand,2,6,none,poisson,3.1071917870716885
2020,TJK,Tajikistan,0,1,none,poisson,1.4082635391889835
2020,TKM,Turkmenistan,1,0,none,poisson,1.4464262171945492
2020,TLS,Timor-Leste,0,0,none,poisson,1.3195970708241633
2020,TON,Tonga,0,0,none,poisson,2.301856017814945
2020,TTO,Trinidad and Tobago,0,1,none,poisson,2.752212407088826
2020,TUN,Tunisia,2,3,none,poisson,2.971681452507977
2020,TUR,Turkiye,13,8,none,poisson,3.9394256118098
2020,TUV,Tuvalu,0,0,none,poisson,3.3906128462714147
2020,TZA,Tanzania,0,0,none,poisson,1.1688356479846507
2020,UGA,Uganda,4,0,none,poisson,1.2402461280002122
2020,UKR,Ukraine,19,11,none,poisson,7.657490526803683
2020,URY,Uruguay,0,0,none,poisson,2.5668849201731296
2020,USA,United States,113,121,none,poisson,256.6747737320796
2020,UZB,Uzbekistan,5,13,none,poisson,2.521129189309737
2020,VCT,St. Vincent and the Grenadines,0,0,none,poisson,2.708253632098134
2020,VEN,"Venezuela, RB",4,3,none,poisson,4.968868739587298
2020,VIR,Virgin Islands (U.S.),0,0,none,poisson,2.9338088376818843
2020,VNM,Viet Nam,0,2,none,poisson,2.1172660028186123
2020,VUT,Vanuatu,0,0,none,poisson,1.376456378534647
2020,WSM,Samoa,0,0,none,poisson,1.8927972920307763
2020,ZAF,South Africa,3,10,none,poisson,5.630929760661515
2020,ZMB,Zambia,0,0,none,poisson,1.3962405501770034
2020,ZWE,Zimbabwe,0,0,none,poisson,1.6295735585101319
2020,ABW,Aruba,0,0,none,svr,0.9676350755800556
2020,AFG,Afghanistan,0,0,none,svr,0.5571220884047818
2020,AGO,Angola,0,0,none,svr,0.6741058785923286
2020,ALB,Albania,0,0,none,svr,0.4478855691946393
2020,AND,Andorra,0,0,none,svr,0.30831657226595865
2020,ARE,United Arab Emirates,0,1,none,svr,0.8413840037668052
2020,ARG,Argentina,3,4,none,svr,4.436997991337606
2020,ARM,Armenia,4,4,none,svr,2.5426374406991954
2020,ASM,American Samoa,0,0,none,svr,0.5132947759545914
2020,ATG,Antigua and Barbuda,0,0,none,svr,0.5738031957429683
2020,AUS,Australia,46,29,none,svr,28.55561943747226
2020,AUT,Austria,7,1,none,svr,2.667516649787501
2020,AZE,Azerbaijan,7,18,none,svr,11.461143430772278
2020,BDI,Burundi,0,1,none,svr,1.2694998054234787
2020,BEL,Belgium,7,6,none,svr,6.606329095346094
2020,BEN,Benin,0,0,none,svr,0.7492118124505112
2020,BFA,Burkina Faso,1,0,none,svr,0.6632761654074173
2020,BGD,Bangladesh,0,0,none,svr,0.8871996117002539
2020,BGR,Bulgaria,6,3,none,svr,2.42174929136484
2020,BHR,Bahrain,1,2,none,svr,1.6036719344138177
2020,BHS,"Bahamas, The",2,2,none,svr,1.7714733342094888
2020,BIH,Bosnia and Herzegovina,0,0,none,svr,0.4047793694846291
2020,BLR,Belarus,7,9,none,svr,7.226294573698183
2020,BLZ,Belize,0,0,none,svr,0.36658099766107455
2020,BMU,Bermuda,1,0,none,svr,1.4349615477903797
2020,BOL,Bolivia,0,0,none,svr,0.22920466684391982
2020,BRA,Brazil,21,19,none,svr,17.21577896726754
2020,BRB,Barbados,0,0,none,svr,0.4773867544410777
2020,BRN,Brunei Darussalam,0,0,none,svr,0.09449787287740463
2020,BTN,Bhutan,0,0,none,svr,0.2620779858437601
2020,BWA,Botswana,1,0,none,svr,0.32317163745955213
2020,CAF,Central African Republic,0,0,none,svr,0.508450318880115
2020,CAN,Canada,24,22,none,svr,20.914417587587153
2020,CHE,Switzerland,13,7,none,svr,7.866547196218821
2020,CHL,Chile,0,0,none,svr,0.7986915326553898
2020,CHN,China,89,70,none,svr,52.82870694288867
2020,CIV,Cote d'Ivoire,1,2,none,svr,2.061546467710812
2020,CMR,Cameroon,0,0,none,svr,0.6605697769634773
2020,COD,"Congo, Dem. Rep.",0,0,none,svr,0.7166136307576068
2020,COG,"Congo, Rep.",0,0,none,svr,0.4041777765114887
2020,COL,Colombia,5,8,none,svr,5.430028531831901
2020,COM,Comoros,0,0,none,svr,0.5116219791133716
2020,CPV,Cabo Verde,0,0,none,svr,0.7083749904530947
2020,CRI,Costa Rica,0,0,none,svr,0.29955155380773135
2020,CUB,Cuba,15,11,none,svr,6.992657749947838
2020,CYM,Cayman Islands,0,0,none,svr,0.9546368146647595
2020,CYP,Cyprus,0,0,none,svr,0.30802340816171636
2020,CZE,Czechia,11,10,none,svr,7.80406217876369
2020,DEU,Germany,37,42,none,svr,40.95646962204694
2020,DJI,Djibouti,0,0,none,svr,0.5124509438823139
2020,DMA,Dominica,0,0,none,svr,0.2503830143090582
2020,DNK,Denmark,11,15,none,svr,10.749752800847517
2020,DOM,Dominican Republic,5,1,none,svr,1.885537102076647
2020,DZA,Algeria,0,2,none,svr,1.6091150588963572
2020,ECU,Ecuador,3,0,none,svr,0.9269041166011007
2020,EGY,"Egypt, Arab Rep.",6,3,none,svr,4.3718307212760905
2020,ESP,Spain,17,17,none,svr,18.770643079553363
2020,EST,Estonia,2,1,none,svr,1.1519808287679538
2020,ETH,Ethiopia,4,8,none,svr,6.042427032791757
2020,FIN,Finland,2,1,none,svr,1.6253121336676912
2020,FJI,Fiji,2,1,none,svr,1.33515966231559
2020,FRA,France,33,42,none,svr,36.85894642212427
2020,FSM,"Micronesia, Fed. Sts.",0,0,none,svr,0.35086918468817174
2020,GAB,Gabon,0,0,none,svr,0.379295864337422
2020,GBR,United Kingdom,64,67,none,svr,48.25346263203005
2020,GEO,Georgia,8,7,none,svr,4.505436575264689
2020,GHA,Ghana,1,0,none,svr,0.6229643786023402
2020,GIN,Guinea,0,0,none,svr,0.7256526384589037
2020,GMB,"Gambia, The",0,0,none,svr,0.6009964156716663
2020,GNB,Guinea-Bissau,0,0,none,svr,0.6675562708485714
2020,GNQ,Equatorial Guinea,0,0,none,svr,0.41542677341903556
2020,GRC,Greece,4,6,none,svr,4.678060112867968
2020,GRD,Grenada,1,1,none,svr,0.7581674076642742
2020,GTM,Guatemala,0,0,none,svr,0.6885896096346968
2020,GUM,Guam,0,0,none,svr,0.2536631111177101
2020,GUY,Guyana,0,0,none,svr,1.5167249678025456
2020,HKG,"Hong Kong SAR, China",6,0,none,svr,1.309986953051144
2020,HND,Honduras,0,0,none,svr,0.6823988325317458
2020,HRV,Croatia,9,10,none,svr,6.246570615536125
2020,HTI,Haiti,0,0,none,svr,0.427342923980369
2020,HUN,Hungary,20,15,none,svr,12.191334340387154
2020,IDN,Indonesia,5,3,none,svr,2.60154954357683
2020,IND,India,7,2,none,svr,10.994830311286414
2020,IRL,Ireland,4,2,none,svr,5.141084072909052
2020,IRN,"Iran, Islamic Rep.",7,8,none,svr,5.914466901249007
2020,IRQ,Iraq,0,0,none,svr,0.41148205677617256
2020,ISL,Iceland,0,0,none,svr,0.534725091719487
2020,ISR,Israel,4,2,none,svr,3.6363666033726147
2020,ITA,Italy,40,28,none,svr,27.627815539995503
2020,JAM,Jamaica,9,11,none,svr,7.080083551495896
2020,JOR,Jordan,2,1,none,svr,1.1412268889303832
2020,JPN,Japan,58,41,none,svr,50.64265937900622
2020,KAZ,Kazakhstan,8,18,none,svr,11.315356291527774
2020,KEN,Kenya,10,13,none,svr,9.63014332212946
2020,KGZ,Kyrgyz Republic,3,0,none,svr,0.6035884952295874
2020,KHM,Cambodia,0,0,none,svr,0.34699555722689013
2020,KIR,Kiribati,0,0,none,svr,0.4608663641876092
2020,KNA,St. Kitts and Nevis,0,0,none,svr,0.21913380174390795
2020,KOR,"Korea, Rep.",20,21,none,svr,19.71166093224133
2020,KWT,Kuwait,1,0,none,svr,0.22265476707567444
2020,LAO,Lao PDR,0,0,none,svr,0.4693762065745446
2020,LBN,Lebanon,0,0,none,svr,0.6705873043640196
2020,LBR,Liberia,0,0,none,svr,0.46374961042094043
2020,LBY,Libya,0,0,none,svr,1.7877177645596802
2020,LCA,St. Lucia,0,0,none,svr,0.8948282322340972
2020,LKA,Sri Lanka,0,0,none,svr,0.34358503420077824
2020,LSO,Lesotho,0,0,none,svr,0.3126682726974721
2020,LTU,Lithuania,1,4,none,svr,3.0687480504792646
2020,LUX,Luxembourg,0,0,none,svr,1.3481049904933329
2020,LVA,Latvia,2,0,none,svr,0.6037431256090713
2020,MAR,Morocco,1,1,none,svr,1.3416974263054726
2020,MCO,Monaco,0,0,none,svr,3.4312532980052097
2020,MDA,Moldova,1,0,none,svr,0.4748748015508113
2020,MDG,Madagascar,0,0,none,svr,0.46442258183256513
2020,MDV,Maldives,0,0,none,svr,3.333796355354316
2020,MEX,Mexico,4,5,none,svr,5.190060852062501
2020,MHL,Marshall Islands,0,0,none,svr,0.6844637699616669
2020,MKD,North Macedonia,1,0,none,svr,0.32767370975469134
2020,MLI,Mali,0,0,none,svr,0.5385166445035452
2020,MLT,Malta,0,0,none,svr,0.21984153916719862
2020,MMR,Myanmar,0,0,none,svr,0.14993328915958415
2020,MNE,Montenegro,0,0,none,svr,0.7892699739513702
2020,MNG,Mongolia,4,2,none,svr,1.8453824359576245
2020,MOZ,Mozambique,0,0,none,svr,0.6215658702236979
2020,MRT,Mauritania,0,0,none,svr,0.5097512493252339
2020,MUS,Mauritius,0,0,none,svr,0.2988329980764064
2020,MWI,Malawi,0,0,none,svr,0.6315340342465632
2020,MYS,Malaysia,2,5,none,svr,3.398685612251306
2020,NAM,Namibia,1,0,none,svr,0.5341462903038376
2020,NER,Niger,0,1,none,svr,1.3985098418684103
2020,NGA,Nigeria,2,1,none,svr,1.554955217370015
2020,NIC,Nicaragua,0,0,none,svr,0.46071990930687434
2020,NLD,Netherlands,36,19,none,svr,18.93391884573
2020,NOR,Norway,8,4,none,svr,4.787971792321464
2020,NPL,Nepal,0,0,none,svr,0.46428823209326
2020,NRU,Naoero,0,0,none,svr,0.30318173155853856
2020,NZL,New Zealand,20,18,none,svr,16.310522194974997
2020,OMN,Oman,0,0,none,svr,0.18379537961632764
2020,PAK,Pakistan,0,0,none,svr,0.6982012889290132
2020,PAN,Panama,0,0,none,svr,0.6942592694552729
2020,PER,Peru,0,0,none,svr,0.4946889472693101
2020,PHL,Philippines,4,1,none,svr,1.0387173034467736
2020,PLW,Palau,0,0,none,svr,0.07813380771699485
2020,PNG,Papua New Guinea,0,0,none,svr,0.4500212680230291
2020,POL,Poland,14,11,none,svr,10.55816912168606
2020,PRI,Puerto Rico (US),1,1,none,svr,1.265978320778828
2020,PRT,Portugal,4,1,none,svr,2.436673373469638
2020,PRY,Paraguay,0,0,none,svr,0.38832132541191555
2020,PSE,West Bank and Gaza,0,0,none,svr,0.5690780951636256
2020,QAT,Qatar,3,1,none,svr,1.7296749652421681
2020,ROU,Romania,4,4,none,svr,4.099772284553779
2020,RUS,Russian Federation,71,56,none,svr,48.74315877319537
2020,RWA,Rwanda,0,0,none,svr,0.5155742828720662
2020,SAU,Saudi Arabia,1,0,none,svr,1.1699008993070166
2020,SDN,Sudan,0,0,none,svr,0.46377851839436346
2020,SEN,Senegal,0,0,none,svr,0.6758068123304
2020,SGP,Singapore,0,1,none,svr,1.5998691195847954
2020,SLB,Solomon Islands,0,0,none,svr,0.4455670390371367
2020,SLE,Sierra Leone,0,0,none,svr,0.5170524381492072
2020,SLV,El Salvador,0,0,none,svr,0.23308390248813993
2020,SMR,San Marino,3,0,none,svr,0.247921656115615
2020,SOM,"Somalia, Fed. Rep.",0,0,none,svr,0.618767196328811
2020,SRB,Serbia,8,8,none,svr,6.284551645402193
2020,STP,Sao Tome and Principe,0,0,none,svr,0.5856907905616779
2020,SUR,Suriname,0,0,none,svr,0.40854410237063377
2020,SVK,Slovak Republic,4,4,none,svr,2.9712470497931136
2020,SVN,Slovenia,5,4,none,svr,3.2358384386275745
2020,SWE,Sweden,9,11,none,svr,9.400140883638638
2020,SWZ,Eswatini,0,0,none,svr,0.3500461952174092
2020,SYC,Seychelles,0,0,none,svr,0.2134987284820511
2020,SYR,Syrian Arab Republic,1,0,none,svr,0.7074207165631634
2020,TCD,Chad,0,0,none,svr,0.5744059829016948
2020,TGO,Togo,0,0,none,svr,0.6272351728386383
2020,THA,Thailand,2,6,none,svr,3.9324917478435637
2020,TJK,Tajikistan,0,1,none,svr,1.411360924556739
2020,TKM,Turkmenistan,1,0,none,svr,0.7330133069916869
2020,TLS,Timor-Leste,0,0,none,svr,1.7047745646916965
2020,TON,Tonga,0,0,none,svr,0.5249073179423931
2020,TTO,Trinidad and Tobago,0,1,none,svr,0.9772481387107987
2020,TUN,Tunisia,2,3,none,svr,2.864252311613434
2020,TUR,Turkiye,13,8,none,svr,6.826021766473932
2020,TUV,Tuvalu,0,0,none,svr,0.41546059476641517
2020,TZA,Tanzania,0,0,none,svr,0.6097684320385213
2020,UGA,Uganda,4,0,none,svr,1.0508420430911514
2020,UKR,Ukraine,19,11,none,svr,8.763319037594666
2020,URY,Uruguay,0,0,none,svr,0.16142150092700547
2020,USA,United States,113,121,none,svr,99.70251248778224
2020,UZB,Uzbekistan,5,13,none,svr,9.528608064228163
2020,VCT,St. Vincent and the Grenadines,0,0,none,svr,0.2071721315708217
2020,VEN,"Venezuela, RB",4,3,none,svr,2.9518827436698913
2020,VIR,Virgin Islands (U.S.),0,0,none,svr,0.14880014013611031
2020,VNM,Viet Nam,0,2,none,svr,1.9620277806776727
2020,VUT,Vanuatu,0,0,none,svr,0.4126731668900021
2020,WSM,Samoa,0,0,none,svr,0.39721502214817406
2020,ZAF,South Africa,3,10,none,svr,8.800232550496325
2020,ZMB,Zambia,0,0,none,svr,0.8321836703145706
2020,ZWE,Zimbabwe,0,0,none,svr,0.3201975344743033
2020,ABW,Aruba,0,0,none,rf,0.12964010414384658
2020,AFG,Afghanistan,0,0,none,rf,0.08689822542124012
2020,AGO,Angola,0,0,none,rf,0.28553109146955663
2020,ALB,Albania,0,0,none,rf,0.22649696971886282
2020,AND,Andorra,0,0,none,rf,0.037344719637521416
2020,ARE,United Arab Emirates,0,1,none,rf,2.1288671246290907
2020,ARG,Argentina,3,4,none,rf,8.289562196273177
2020,ARM,Armenia,4,4,none,rf,1.9111122596054315
2020,ASM,American Samoa,0,0,none,rf,0.05219275669373169
2020,ATG,Antigua and Barbuda,0,0,none,rf,0.16576463265859387
2020,AUS,Australia,46,29,none,rf,41.25
2020,AUT,Austria,7,1,none,rf,2.9421209154514103
2020,AZE,Azerbaijan,7,18,none,rf,11.943640730614414
2020,BDI,Burundi,0,1,none,rf,0.24634850362981808
2020,BEL,Belgium,7,6,none,rf,6.946721057056517
2020,BEN,Benin,0,0,none,rf,0.0640143839952641
2020,BFA,Burkina Faso,1,0,none,rf,0.04923850264762945
2020,BGD,Bangladesh,0,0,none,rf,0.5284508892004082
2020,BGR,Bulgaria,6,3,none,rf,3.529431463449655
2020,BHR,Bahrain,1,2,none,rf,2.0313878597038624
2020,BHS,"Bahamas, The",2,2,none,rf,1.1083323766813227
2020,BIH,Bosnia and Herzegovina,0,0,none,rf,0.12933631837235676
2020,BLR,Belarus,7,9,none,rf,9.924911118977816
2020,BLZ,Belize,0,0,none,rf,0.044469652554958605
2020,BMU,Bermuda,1,0,none,rf,0.01982005914833874
2020,BOL,Bolivia,0,0,none,rf,0.3434929649574095
2020,BRA,Brazil,21,19,none,rf,25.318428571428566
2020,BRB,Barbados,0,0,none,rf,0.15542747161300505
2020,BRN,Brunei Darussalam,0,0,none,rf,0.035123370816889585
2020,BTN,Bhutan,0,0,none,rf,0.05721379006717592
2020,BWA,Botswana,1,0,none,rf,0.46286791882081246
2020,CAF,Central African Republic,0,0,none,rf,0.04278682645350715
2020,CAN,Canada,24,22,none,rf,26.843666666666664
2020,CHE,Switzerland,13,7,none,rf,7.199731756883008
2020,CHL,Chile,0,0,none,rf,2.4621812683598656
2020,CHN,China,89,70,none,rf,72.97
2020,CIV,Cote d'Ivoire,1,2,none,rf,0.950782224843018
2020,CMR,Cameroon,0,0,none,rf,0.2857588981811702
2020,COD,"Congo, Dem. Rep.",0,0,none,rf,0.19997054025865343
2020,COG,"Congo, Rep.",0,0,none,rf,0.04938973441882826
2020,COL,Colombia,5,8,none,rf,8.166996264560508
2020,COM,Comoros,0,0,none,rf,0.013381746909297889
2020,CPV,Cabo Verde,0,0,none,rf,0.16406534351342836
2020,CRI,Costa Rica,0,0,none,rf,0.38902476790177715
2020,CUB,Cuba,15,11,none,rf,9.385656409258628
2020,CYM,Cayman Islands,0,0,none,rf,0.008985338591457157
2020,CYP,Cyprus,0,0,none,rf,0.6533396811716028
2020,CZE,Czechia,11,10,none,rf,9.943626657824934
2020,DEU,Germany,37,42,none,rf,42.40547619047619
2020,DJI,Djibouti,0,0,none,rf,0.04253738999668952
2020,DMA,Dominica,0,0,none,rf,0.007065095308675643
2020,DNK,Denmark,11,15,none,rf,9.65881896551724
2020,DOM,Dominican Republic,5,1,none,rf,3.4140390320568303
2020,DZA,Algeria,0,2,none,rf,2.432176949980357
2020,ECU,Ecuador,3,0,none,rf,2.3731343911727603
2020,EGY,"Egypt, Arab Rep.",6,3,none,rf,5.50869340564633
2020,ESP,Spain,17,17,none,rf,21.028571428571432
2020,EST,Estonia,2,1,none,rf,1.3674318230916642
2020,ETH,Ethiopia,4,8,none,rf,7.711974358974358
2020,FIN,Finland,2,1,none,rf,1.7896443815641638
2020,FJI,Fiji,2,1,none,rf,0.9803310991124456
2020,FRA,France,33,42,none,rf,41.51357142857143
2020,FSM,"Micronesia, Fed. Sts.",0,0,none,rf,0.007580167667125111
2020,GAB,Gabon,0,0,none,rf,0.18523358527263523
2020,GBR,United Kingdom,64,67,none,rf,54.12523809523809
2020,GEO,Georgia,8,7,none,rf,6.588581339712918
2020,GHA,Ghana,1,0,none,rf,0.25688180185970383
2020,GIN,Guinea,0,0,none,rf,0.03498279707585325
2020,GMB,"Gambia, The",0,0,none,rf,0.0566421795530479
2020,GNB,Guinea-Bissau,0,0,none,rf,0.014790777670078456
2020,GNQ,Equatorial Guinea,0,0,none,rf,0.037309458823839174
2020,GRC,Greece,4,6,none,rf,5.5512922485472815
2020,GRD,Grenada,1,1,none,rf,0.48656100241256767
2020,GTM,Guatemala,0,0,none,rf,0.5025424336647218
2020,GUM,Guam,0,0,none,rf,0.03260159515989771
2020,GUY,Guyana,0,0,none,rf,0.20364705869531602
2020,HKG,"Hong Kong SAR, China",6,0,none,rf,2.2594866974562975
2020,HND,Honduras,0,0,none,rf,0.4333465753760975
2020,HRV,Croatia,9,10,none,rf,9.139548065797293
2020,HTI,Haiti,0,0,none,rf,0.08702006512842422
2020,HUN,Hungary,20,15,none,rf,13.068675824175825
2020,IDN,Indonesia,5,3,none,rf,4.2483062875128095
2020,IND,India,7,2,none,rf,11.576223166612182
2020,IRL,Ireland,4,2,none,rf,5.744410098778233
2020,IRN,"Iran, Islamic Rep.",7,8,none,rf,6.362664038794071
2020,IRQ,Iraq,0,0,none,rf,0.8798057970835116
2020,ISL,Iceland,0,0,none,rf,0.32359018763736375
2020,ISR,Israel,4,2,none,rf,3.1865384758527995
2020,ITA,Italy,40,28,none,rf,31.98290476190476
2020,JAM,Jamaica,9,11,none,rf,10.669
2020,JOR,Jordan,2,1,none,rf,0.4810853822177308
2020,JPN,Japan,58,41,none,rf,66.06833333333333
2020,KAZ,Kazakhstan,8,18,none,rf,12.088748518216061
2020,KEN,Kenya,10,13,none,rf,11.414569919037465
2020,KGZ,Kyrgyz Republic,3,0,none,rf,0.22944517190397223
2020,KHM,Cambodia,0,0,none,rf,0.087850626771874
2020,KIR,Kiribati,0,0,none,rf,0.014001655427968189
2020,KNA,St. Kitts and Nevis,0,0,none,rf,0.030170828375684154
2020,KOR,"Korea, Rep.",20,21,none,rf,20.9205
2020,KWT,Kuwait,1,0,none,rf,0.3985678283250889
2020,LAO,Lao PDR,0,0,none,rf,0.06215484713634308
2020,LBN,Lebanon,0,0,none,rf,0.458619030008292
2020,LBR,Liberia,0,0,none,rf,0.047231110862472815
2020,LBY,Libya,0,0,none,rf,0.761010293213256
2020,LCA,St. Lucia,0,0,none,rf,0.15739884051365752
2020,LKA,Sri Lanka,0,0,none,rf,0.6035219173556591
2020,LSO,Lesotho,0,0,none,rf,0.0847661390285909
2020,LTU,Lithuania,1,4,none,rf,3.5302156536451603
2020,LUX,Luxembourg,0,0,none,rf,0.2332845843354428
2020,LVA,Latvia,2,0,none,rf,1.629253360301756
2020,MAR,Morocco,1,1,none,rf,2.1144375099808865
2020,MCO,Monaco,0,0,none,rf,0.042166156713351936
2020,MDA,Moldova,1,0,none,rf,1.1859904830264103
2020,MDG,Madagascar,0,0,none,rf,0.03880332625827726
2020,MDV,Maldives,0,0,none,rf,0.1474647400509571
2020,MEX,Mexico,4,5,none,rf,8.62684856816207
2020,MHL,Marshall Islands,0,0,none,rf,0.024650324197373612
2020,MKD,North Macedonia,1,0,none,rf,0.09855485735032503
2020,MLI,Mali,0,0,none,rf,0.06267278558701919
2020,MLT,Malta,0,0,none,rf,0.03818051960437163
2020,MMR,Myanmar,0,0,none,rf,1.0564425850969728
2020,MNE,Montenegro,0,0,none,rf,1.0780915561715982
2020,MNG,Mongolia,4,2,none,rf,2.7820548210444973
2020,MOZ,Mozambique,0,0,none,rf,0.09577839463108083
2020,MRT,Mauritania,0,0,none,rf,0.04758259685735488
2020,MUS,Mauritius,0,0,none,rf,0.07448690317914798
2020,MWI,Malawi,0,0,none,rf,0.04732869447156179
2020,MYS,Malaysia,2,5,none,rf,3.772756618410629
2020,NAM,Namibia,1,0,none,rf,0.14170166078107202
2020,NER,Niger,0,1,none,rf,0.20400208386761776
2020,NGA,Nigeria,2,1,none,rf,3.284817727106471
2020,NIC,Nicaragua,0,0,none,rf,0.057094395625782876
2020,NLD,Netherlands,36,19,none,rf,21.228630952380954
2020,NOR,Norway,8,4,none,rf,5.105173909582405
2020,NPL,Nepal,0,0,none,rf,0.09022464103915459
2020,NRU,Naoero,0,0,none,rf,0.007647836962235598
2020,NZL,New Zealand,20,18,none,rf,15.054299783549784
2020,OMN,Oman,0,0,none,rf,0.6095569392909899
2020,PAK,Pakistan,0,0,none,rf,0.2925308473955571
2020,PAN,Panama,0,0,none,rf,0.844561476492425
2020,PER,Peru,0,0,none,rf,1.3112438578032732
2020,PHL,Philippines,4,1,none,rf,1.4983516444359959
2020,PLW,Palau,0,0,none,rf,0.004781179521576494
2020,PNG,Papua New Guinea,0,0,none,rf,0.24372845668483042
2020,POL,Poland,14,11,none,rf,12.847297111385346
2020,PRI,Puerto Rico (US),1,1,none,rf,1.3350063682951292
2020,PRT,Portugal,4,1,none,rf,4.19384355309172
2020,PRY,Paraguay,0,0,none,rf,0.22493774314683126
2020,PSE,West Bank and Gaza,0,0,none,rf,0.1354797486416204
2020,QAT,Qatar,3,1,none,rf,0.5273019142574799
2020,ROU,Romania,4,4,none,rf,5.594649715642925
2020,RUS,Russian Federation,71,56,none,rf,53.33
2020,RWA,Rwanda,0,0,none,rf,0.03775162661994827
2020,SAU,Saudi Arabia,1,0,none,rf,1.1918025375953707
2020,SDN,Sudan,0,0,none,rf,0.21250909652582162
2020,SEN,Senegal,0,0,none,rf,0.049575713493515965
2020,SGP,Singapore,0,1,none,rf,1.9822840191102131
2020,SLB,Solomon Islands,0,0,none,rf,0.00722673076477854
2020,SLE,Sierra Leone,0,0,none,rf,0.0653187715541523
2020,SLV,El Salvador,0,0,none,rf,0.17758564821260753
2020,SMR,San Marino,3,0,none,rf,0.023438972322352276
2020,SOM,"Somalia, Fed. Rep.",0,0,none,rf,0.07028192597190346
2020,SRB,Serbia,8,8,none,rf,8.065985968709652
2020,STP,Sao Tome and Principe,0,0,none,rf,0.00384837728968222
2020,SUR,Suriname,0,0,none,rf,0.06406427285997005
2020,SVK,Slovak Republic,4,4,none,rf,3.414322933777596
2020,SVN,Slovenia,5,4,none,rf,3.8052348811813044
2020,SWE,Sweden,9,11,none,rf,8.487716401414678
2020,SWZ,Eswatini,0,0,none,rf,0.03849870069345809
2020,SYC,Seychelles,0,0,none,rf,0.062010578361820876
2020,SYR,Syrian Arab Republic,1,0,none,rf,0.07530608901459877
2020,TCD,Chad,0,0,none,rf,0.06298831801707884
2020,TGO,Togo,0,0,none,rf,0.05220398809318882
2020,THA,Thailand,2,6,none,rf,5.745147099288552
2020,TJK,Tajikistan,0,1,none,rf,0.14399994164060492
2020,TKM,Turkmenistan,1,0,none,rf,0.03489926980081239
2020,TLS,Timor-Leste,0,0,none,rf,0.07281007094059234
2020,TON,Tonga,0,0,none,rf,0.05531634072460521
2020,TTO,Trinidad and Tobago,0,1,none,rf,1.535997290097568
2020,TUN,Tunisia,2,3,none,rf,4.4794158050786335
2020,TUR,Turkiye,13,8,none,rf,7.249904220263546
2020,TUV,Tuvalu,0,0,none,rf,0.004437558239926802
2020,TZA,Tanzania,0,0,none,rf,0.11756074504388131
2020,UGA,Uganda,4,0,none,rf,0.6621823480491197
2020,UKR,Ukraine,19,11,none,rf,12.743663441692467
2020,URY,Uruguay,0,0,none,rf,0.7379479083774965
2020,USA,United States,113,121,none,rf,110.45
2020,UZB,Uzbekistan,5,13,none,rf,10.586275331995147
2020,VCT,St. Vincent and the Grenadines,0,0,none,rf,0.029414934329217966
2020,VEN,"Venezuela, RB",4,3,none,rf,4.502626341661074
2020,VIR,Virgin Islands (U.S.),0,0,none,rf,0.006706972920076671
2020,VNM,Viet Nam,0,2,none,rf,2.306556603472886
2020,VUT,Vanuatu,0,0,none,rf,0.007572744227015796
2020,WSM,Samoa,0,0,none,rf,0.07472454470063325
2020,ZAF,South Africa,3,10,none,rf,11.899156862745098
2020,ZMB,Zambia,0,0,none,rf,0.15169907098848248
2020,ZWE,Zimbabwe,0,0,none,rf,0.25346713254020353
2020,ABW,Aruba,0,0,logreg,linear,0.0
2020,AFG,Afghanistan,0,0,logreg,linear,0.0
2020,AGO,Angola,0,0,logreg,linear,0.0
2020,ALB,Albania,0,0,logreg,linear,0.0
2020,AND,Andorra,0,0,logreg,linear,0.0
2020,ARE,United Arab Emirates,0,1,logreg,linear,0.0
2020,ARG,Argentina,3,4,logreg,linear,12.45184348736652
2020,ARM,Armenia,4,4,logreg,linear,4.127727604603541
2020,ASM,American Samoa,0,0,logreg,linear,0.0
2020,ATG,Antigua and Barbuda,0,0,logreg,linear,0.0
2020,AUS,Australia,46,29,logreg,linear,39.22669680327664
2020,AUT,Austria,7,1,logreg,linear,3.620260101047757
2020,AZE,Azerbaijan,7,18,logreg,linear,12.98223491938215
2020,BDI,Burundi,0,1,logreg,linear,0.0
2020,BEL,Belgium,7,6,logreg,linear,8.881808368442776
2020,BEN,Benin,0,0,logreg,linear,0.0
2020,BFA,Burkina Faso,1,0,logreg,linear,0.0
2020,BGD,Bangladesh,0,0,logreg,linear,0.0
2020,BGR,Bulgaria,6,3,logreg,linear,4.259942263169721
2020,BHR,Bahrain,1,2,logreg,linear,2.5003076234678776
2020,BHS,"Bahamas, The",2,2,logreg,linear,1.765547865398032
2020,BIH,Bosnia and Herzegovina,0,0,logreg,linear,0.0
2020,BLR,Belarus,7,9,logreg,linear,10.567486146928768
2020,BLZ,Belize,0,0,logreg,linear,0.0
2020,BMU,Bermuda,1,0,logreg,linear,0.0
2020,BOL,Bolivia,0,0,logreg,linear,0.0
2020,BRA,Brazil,21,19,logreg,linear,28.29534348914588
2020,BRB,Barbados,0,0,logreg,linear,0.0
2020,BRN,Brunei Darussalam,0,0,logreg,linear,0.0
2020,BTN,Bhutan,0,0,logreg,linear,0.0
2020,BWA,Botswana,1,0,logreg,linear,0.0
2020,CAF,Central African Republic,0,0,logreg,linear,0.0
2020,CAN,Canada,24,22,logreg,linear,32.089406854319535
2020,CHE,Switzerland,13,7,logreg,linear,7.231234183984168
2020,CHL,Chile,0,0,logreg,linear,3.8289075536906143
2020,CHN,China,89,70,logreg,linear,84.0678109610704
2020,CIV,Cote d'Ivoire,1,2,logreg,linear,4.368546481872357
2020,CMR,Cameroon,0,0,logreg,linear,0.0
2020,COD,"Congo, Dem. Rep.",0,0,logreg,linear,0.0
2020,COG,"Congo, Rep.",0,0,logreg,linear,0.0
2020,COL,Colombia,5,8,logreg,linear,9.420073933868943
2020,COM,Comoros,0,0,logreg,linear,0.0
2020,CPV,Cabo Verde,0,0,logreg,linear,0.0
2020,CRI,Costa Rica,0,0,logreg,linear,0.0
2020,CUB,Cuba,15,11,logreg,linear,10.017533597797275
2020,CYM,Cayman Islands,0,0,logreg,linear,0.0
2020,CYP,Cyprus,0,0,logreg,linear,0.0
2020,CZE,Czechia,11,10,logreg,linear,10.960488584201508
2020,DEU,Germany,37,42,logreg,linear,46.917295049199836
2020,DJI,Djibouti,0,0,logreg,linear,0.0
2020,DMA,Dominica,0,0,logreg,linear,0.0
2020,DNK,Denmark,11,15,logreg,linear,11.556108623229761
2020,DOM,Dominican Republic,5,1,logreg,linear,4.957087721525889
2020,DZA,Algeria,0,2,logreg,linear,4.8719528271151695
2020,ECU,Ecuador,3,0,logreg,linear,3.7168289311656313
2020,EGY,"Egypt, Arab Rep.",6,3,logreg,linear,10.072895535662001
2020,ESP,Spain,17,17,logreg,linear,26.509772779031316
2020,EST,Estonia,2,1,logreg,linear,2.3176795326948856
2020,ETH,Ethiopia,4,8,logreg,linear,7.950373885993619
2020,FIN,Finland,2,1,logreg,linear,1.9760690676699877
2020,FJI,Fiji,2,1,logreg,linear,3.1369202328899366
2020,FRA,France,33,42,logreg,linear,44.178006670712705
2020,FSM,"Micronesia, Fed. Sts.",0,0,logreg,linear,0.0
2020,GAB,Gabon,0,0,logreg,linear,0.0
2020,GBR,United Kingdom,64,67,logreg,linear,57.11464336026389
2020,GEO,Georgia,8,7,logreg,linear,6.472166925000259
2020,GHA,Ghana,1,0,logreg,linear,0.0
2020,GIN,Guinea,0,0,logreg,linear,0.0
2020,GMB,"Gambia, The",0,0,logreg,linear,0.0
2020,GNB,Guinea-Bissau,0,0,logreg,linear,0.0
2020,GNQ,Equatorial Guinea,0,0,logreg,linear,0.0
2020,GRC,Greece,4,6,logreg,linear,7.71303127842918
2020,GRD,Grenada,1,1,logreg,linear,0.0
2020,GTM,Guatemala,0,0,logreg,linear,0.0
2020,GUM,Guam,0,0,logreg,linear,0.0
2020,GUY,Guyana,0,0,logreg,linear,0.0
2020,HKG,"Hong Kong SAR, China",6,0,logreg,linear,1.4804663311182793
2020,HND,Honduras,0,0,logreg,linear,0.0
2020,HRV,Croatia,9,10,logreg,linear,8.50926778050335
2020,HTI,Haiti,0,0,logreg,linear,0.0
2020,HUN,Hungary,20,15,logreg,linear,16.52558585590674
2020,IDN,Indonesia,5,3,logreg,linear,5.7758023482623795
2020,IND,India,7,2,logreg,linear,8.997353344492145
2020,IRL,Ireland,4,2,logreg,linear,4.5099056770684145
2020,IRN,"Iran, Islamic Rep.",7,8,logreg,linear,9.140922841451083
2020,IRQ,Iraq,0,0,logreg,linear,0.0
2020,ISL,Iceland,0,0,logreg,linear,0.0
2020,ISR,Israel,4,2,logreg,linear,5.436070784945796
2020,ITA,Italy,40,28,logreg,linear,35.583675806897325
2020,JAM,Jamaica,9,11,logreg,linear,9.51014187412617
2020,JOR,Jordan,2,1,logreg,linear,0.0
2020,JPN,Japan,58,41,logreg,linear,56.58340289223646
2020,KAZ,Kazakhstan,8,18,logreg,linear,15.75413197176599
2020,KEN,Kenya,10,13,logreg,linear,12.707377115752852
2020,KGZ,Kyrgyz Republic,3,0,logreg,linear,0.0
2020,KHM,Cambodia,0,0,logreg,linear,0.0
2020,KIR,Kiribati,0,0,logreg,linear,0.0
2020,KNA,St. Kitts and Nevis,0,0,logreg,linear,0.0
2020,KOR,"Korea, Rep.",20,21,logreg,linear,24.945859149800345
2020,KWT,Kuwait,1,0,logreg,linear,0.0
2020,LAO,Lao PDR,0,0,logreg,linear,0.0
2020,LBN,Lebanon,0,0,logreg,linear,0.0
2020,LBR,Liberia,0,0,logreg,linear,0.0
2020,LBY,Libya,0,0,logreg,linear,0.0
2020,LCA,St. Lucia,0,0,logreg,linear,0.0
2020,LKA,Sri Lanka,0,0,logreg,linear,0.0
2020,LSO,Lesotho,0,0,logreg,linear,0.0
2020,LTU,Lithuania,1,4,logreg,linear,4.512920686736933
2020,LUX,Luxembourg,0,0,logreg,linear,0.0
2020,LVA,Latvia,2,0,logreg,linear,1.8599105447363034
2020,MAR,Morocco,1,1,logreg,linear,4.247757538856356
2020,MCO,Monaco,0,0,logreg,linear,0.0
2020,MDA,Moldova,1,0,logreg,linear,0.0
2020,MDG,Madagascar,0,0,logreg,linear,0.0
2020,MDV,Maldives,0,0,logreg,linear,0.0
2020,MEX,Mexico,4,5,logreg,linear,13.151648786946067
2020,MHL,Marshall Islands,0,0,logreg,linear,0.0
2020,MKD,North Macedonia,1,0,logreg,linear,0.0
2020,MLI,Mali,0,0,logreg,linear,0.0
2020,MLT,Malta,0,0,logreg,linear,0.0
2020,MMR,Myanmar,0,0,logreg,linear,0.0
2020,MNE,Montenegro,0,0,logreg,linear,2.5458803881447576
2020,MNG,Mongolia,4,2,logreg,linear,4.878719481178361
2020,MOZ,Mozambique,0,0,logreg,linear,0.0
2020,MRT,Mauritania,0,0,logreg,linear,0.0
2020,MUS,Mauritius,0,0,logreg,linear,0.0
2020,MWI,Malawi,0,0,logreg,linear,0.0
2020,MYS,Malaysia,2,5,logreg,linear,5.905397852221263
2020,NAM,Namibia,1,0,logreg,linear,0.0
2020,NER,Niger,0,1,logreg,linear,0.0
2020,NGA,Nigeria,2,1,logreg,linear,5.3930157728412675
2020,NIC,Nicaragua,0,0,logreg,linear,0.0
2020,NLD,Netherlands,36,19,logreg,linear,22.713711883650774
2020,NOR,Norway,8,4,logreg,linear,4.865101780934729
2020,NPL,Nepal,0,0,logreg,linear,0.0
2020,NRU,Naoero,0,0,logreg,linear,0.0
2020,NZL,New Zealand,20,18,logreg,linear,19.40719608398964
2020,OMN,Oman,0,0,logreg,linear,0.0
2020,PAK,Pakistan,0,0,logreg,linear,0.0
2020,PAN,Panama,0,0,logreg,linear,0.0
2020,PER,Peru,0,0,logreg,linear,3.413045000478098
2020,PHL,Philippines,4,1,logreg,linear,3.364024609117873
2020,PLW,Palau,0,0,logreg,linear,0.0
2020,PNG,Papua New Guinea,0,0,logreg,linear,0.0
2020,POL,Poland,14,11,logreg,linear,16.60936536197488
2020,PRI,Puerto Rico (US),1,1,logreg,linear,1.9931931948748698
2020,PRT,Portugal,4,1,logreg,linear,5.413931641018919
2020,PRY,Paraguay,0,0,logreg,linear,0.0
2020,PSE,West Bank and Gaza,0,0,logreg,linear,0.0
2020,QAT,Qatar,3,1,logreg,linear,0.0
2020,ROU,Romania,4,4,logreg,linear,7.844664538081742
2020,RUS,Russian Federation,71,56,logreg,linear,49.32931939430122
2020,RWA,Rwanda,0,0,logreg,linear,0.0
2020,SAU,Saudi Arabia,1,0,logreg,linear,4.509839222540882
2020,SDN,Sudan,0,0,logreg,linear,0.0
2020,SEN,Senegal,0,0,logreg,linear,0.0
2020,SGP,Singapore,0,1,logreg,linear,0.2822381561491163
2020,SLB,Solomon Islands,0,0,logreg,linear,0.0
2020,SLE,Sierra Leone,0,0,logreg,linear,0.0
2020,SLV,El Salvador,0,0,logreg,linear,0.0
2020,SMR,San Marino,3,0,logreg,linear,0.0
2020,SOM,"Somalia, Fed. Rep.",0,0,logreg,linear,0.0
2020,SRB,Serbia,8,8,logreg,linear,9.15178045140662
2020,STP,Sao Tome and Principe,0,0,logreg,linear,0.0
2020,SUR,Suriname,0,0,logreg,linear,0.0
2020,SVK,Slovak Republic,4,4,logreg,linear,4.614256526175615
2020,SVN,Slovenia,5,4,logreg,linear,4.881847546017343
2020,SWE,Sweden,9,11,logreg,linear,11.756746084518273
2020,SWZ,Eswatini,0,0,logreg,linear,0.0
2020,SYC,Seychelles,0,0,logreg,linear,0.0
2020,SYR,Syrian Arab Republic,1,0,logreg,linear,0.0
2020,TCD,Chad,0,0,logreg,linear,0.0
2020,TGO,Togo,0,0,logreg,linear,0.0
2020,THA,Thailand,2,6,logreg,linear,7.006114611364726
2020,TJK,Tajikistan,0,1,logreg,linear,0.0
2020,TKM,Turkmenistan,1,0,logreg,linear,0.0
2020,TLS,Timor-Leste,0,0,logreg,linear,0.0
2020,TON,Tonga,0,0,logreg,linear,0.0
2020,TTO,Trinidad and Tobago,0,1,logreg,linear,2.3698173588994305
2020,TUN,Tunisia,2,3,logreg,linear,5.982409282469948
2020,TUR,Turkiye,13,8,logreg,linear,11.601700081921761
2020,TUV,Tuvalu,0,0,logreg,linear,0.0
2020,TZA,Tanzania,0,0,logreg,linear,0.0
2020,UGA,Uganda,4,0,logreg,linear,0.0
2020,UKR,Ukraine,19,11,logreg,linear,13.891657216586122
2020,URY,Uruguay,0,0,logreg,linear,0.0
2020,USA,United States,113,121,logreg,linear,134.74148853608187
2020,UZB,Uzbekistan,5,13,logreg,linear,11.863534699346738
2020,VCT,St. Vincent and the Grenadines,0,0,logreg,linear,0.0
2020,VEN,"Venezuela, RB",4,3,logreg,linear,4.4019457210458
2020,VIR,Virgin Islands (U.S.),0,0,logreg,linear,0.0
2020,VNM,Viet Nam,0,2,logreg,linear,3.876710200801096
2020,VUT,Vanuatu,0,0,logreg,linear,0.0
2020,WSM,Samoa,0,0,logreg,linear,0.0
2020,ZAF,South Africa,3,10,logreg,linear,15.48123956543976
2020,ZMB,Zambia,0,0,logreg,linear,0.0
2020,ZWE,Zimbabwe,0,0,logreg,linear,0.0
2020,ABW,Aruba,0,0,logreg,weighted_lr,0.0
2020,AFG,Afghanistan,0,0,logreg,weighted_lr,0.0
2020,AGO,Angola,0,0,logreg,weighted_lr,0.0
2020,ALB,Albania,0,0,logreg,weighted_lr,0.0
2020,AND,Andorra,0,0,logreg,weighted_lr,0.0
2020,ARE,United Arab Emirates,0,1,logreg,weighted_lr,0.0
2020,ARG,Argentina,3,4,logreg,weighted_lr,12.101179441527057
2020,ARM,Armenia,4,4,logreg,weighted_lr,3.123652437569845
2020,ASM,American Samoa,0,0,logreg,weighted_lr,0.0
2020,ATG,Antigua and Barbuda,0,0,logreg,weighted_lr,0.0
2020,AUS,Australia,46,29,logreg,weighted_lr,40.092934605309445
2020,AUT,Austria,7,1,logreg,weighted_lr,2.8838356780737495
2020,AZE,Azerbaijan,7,18,logreg,weighted_lr,11.92769553039015
2020,BDI,Burundi,0,1,logreg,weighted_lr,0.0
2020,BEL,Belgium,7,6,logreg,weighted_lr,8.294940590294672
2020,BEN,Benin,0,0,logreg,weighted_lr,0.0
2020,BFA,Burkina Faso,1,0,logreg,weighted_lr,0.0
2020,BGD,Bangladesh,0,0,logreg,weighted_lr,0.0
2020,BGR,Bulgaria,6,3,logreg,weighted_lr,3.510610980100509
2020,BHR,Bahrain,1,2,logreg,weighted_lr,1.7425708383080796
2020,BHS,"Bahamas, The",2,2,logreg,weighted_lr,0.8063859670189153
2020,BIH,Bosnia and Herzegovina,0,0,logreg,weighted_lr,0.0
2020,BLR,Belarus,7,9,logreg,weighted_lr,9.9516952273921
2020,BLZ,Belize,0,0,logreg,weighted_lr,0.0
2020,BMU,Bermuda,1,0,logreg,weighted_lr,0.0
2020,BOL,Bolivia,0,0,logreg,weighted_lr,0.0
2020,BRA,Brazil,21,19,logreg,weighted_lr,28.312515377562917
2020,BRB,Barbados,0,0,logreg,weighted_lr,0.0
2020,BRN,Brunei Darussalam,0,0,logreg,weighted_lr,0.0
2020,BTN,Bhutan,0,0,logreg,weighted_lr,0.0
2020,BWA,Botswana,1,0,logreg,weighted_lr,0.0
2020,CAF,Central African Republic,0,0,logreg,weighted_lr,0.0
2020,CAN,Canada,24,22,logreg,weighted_lr,32.542669873660174
2020,CHE,Switzerland,13,7,logreg,weighted_lr,6.6780845046859785
2020,CHL,Chile,0,0,logreg,weighted_lr,2.857651610326352
2020,CHN,China,89,70,logreg,weighted_lr,81.00749426284554
2020,CIV,Cote d'Ivoire,1,2,logreg,weighted_lr,3.0279094252915826
2020,CMR,Cameroon,0,0,logreg,weighted_lr,0.0
2020,COD,"Congo, Dem. Rep.",0,0,logreg,weighted_lr,0.0
2020,COG,"Congo, Rep.",0,0,logreg,weighted_lr,0.0
2020,COL,Colombia,5,8,logreg,weighted_lr,8.385606662937915
2020,COM,Comoros,0,0,logreg,weighted_lr,0.0
2020,CPV,Cabo Verde,0,0,logreg,weighted_lr,0.0
2020,CRI,Costa Rica,0,0,logreg,weighted_lr,0.0
2020,CUB,Cuba,15,11,logreg,weighted_lr,9.234671114941179
2020,CYM,Cayman Islands,0,0,logreg,weighted_lr,0.0
2020,CYP,Cyprus,0,0,logreg,weighted_lr,0.0
2020,CZE,Czechia,11,10,logreg,weighted_lr,10.297255355063987
2020,DEU,Germany,37,42,logreg,weighted_lr,46.6486665368672
2020,DJI,Djibouti,0,0,logreg,weighted_lr,0.0
2020,DMA,Dominica,0,0,logreg,weighted_lr,0.0
2020,DNK,Denmark,11,15,logreg,weighted_lr,10.973879005051764
2020,DOM,Dominican Republic,5,1,logreg,weighted_lr,4.005263067276936
2020,DZA,Algeria,0,2,logreg,weighted_lr,3.764341625478904
2020,ECU,Ecuador,3,0,logreg,weighted_lr,2.6671347381893824
2020,EGY,"Egypt, Arab Rep.",6,3,logreg,weighted_lr,9.230510603245264
2020,ESP,Spain,17,17,logreg,weighted_lr,26.487850460468778
2020,EST,Estonia,2,1,logreg,weighted_lr,1.4315175353481422
2020,ETH,Ethiopia,4,8,logreg,weighted_lr,6.569917944222762
2020,FIN,Finland,2,1,logreg,weighted_lr,1.2061206949561907
2020,FJI,Fiji,2,1,logreg,weighted_lr,2.207324983837145
2020,FRA,France,33,42,logreg,weighted_lr,44.06873975157283
2020,FSM,"Micronesia, Fed. Sts.",0,0,logreg,weighted_lr,0.0
2020,GAB,Gabon,0,0,logreg,weighted_lr,0.0
2020,GBR,United Kingdom,64,67,logreg,weighted_lr,56.893839242509046
2020,GEO,Georgia,8,7,logreg,weighted_lr,5.508679842910992
2020,GHA,Ghana,1,0,logreg,weighted_lr,0.0
2020,GIN,Guinea,0,0,logreg,weighted_lr,0.0
2020,GMB,"Gambia, The",0,0,logreg,weighted_lr,0.0
2020,GNB,Guinea-Bissau,0,0,logreg,weighted_lr,0.0
2020,GNQ,Equatorial Guinea,0,0,logreg,weighted_lr,0.0
2020,GRC,Greece,4,6,logreg,weighted_lr,7.015511328669891
2020,GRD,Grenada,1,1,logreg,weighted_lr,0.0
2020,GTM,Guatemala,0,0,logreg,weighted_lr,0.0
2020,GUM,Guam,0,0,logreg,weighted_lr,0.0
2020,GUY,Guyana,0,0,logreg,weighted_lr,0.0
2020,HKG,"Hong Kong SAR, China",6,0,logreg,weighted_lr,0.7374380995482905
2020,HND,Honduras,0,0,logreg,weighted_lr,0.0
2020,HRV,Croatia,9,10,logreg,weighted_lr,7.812237005346809
2020,HTI,Haiti,0,0,logreg,weighted_lr,0.0
2020,HUN,Hungary,20,15,logreg,weighted_lr,16.1618777406688
2020,IDN,Indonesia,5,3,logreg,weighted_lr,4.403445265477444
2020,IND,India,7,2,logreg,weighted_lr,7.024481006757599
2020,IRL,Ireland,4,2,logreg,weighted_lr,3.9889396864444837
2020,IRN,"Iran, Islamic Rep.",7,8,logreg,weighted_lr,8.164023922223187
2020,IRQ,Iraq,0,0,logreg,weighted_lr,0.0
2020,ISL,Iceland,0,0,logreg,weighted_lr,0.0
2020,ISR,Israel,4,2,logreg,weighted_lr,4.557688804840936
2020,ITA,Italy,40,28,logreg,weighted_lr,35.76879935334619
2020,JAM,Jamaica,9,11,logreg,weighted_lr,8.593411384779698
2020,JOR,Jordan,2,1,logreg,weighted_lr,0.0
2020,JPN,Japan,58,41,logreg,weighted_lr,56.74525087963188
2020,KAZ,Kazakhstan,8,18,logreg,weighted_lr,14.9174181728464
2020,KEN,Kenya,10,13,logreg,weighted_lr,11.635826550681982
2020,KGZ,Kyrgyz Republic,3,0,logreg,weighted_lr,0.0
2020,KHM,Cambodia,0,0,logreg,weighted_lr,0.0
2020,KIR,Kiribati,0,0,logreg,weighted_lr,0.0
2020,KNA,St. Kitts and Nevis,0,0,logreg,weighted_lr,0.0
2020,KOR,"Korea, Rep.",20,21,logreg,weighted_lr,24.49137026621882
2020,KWT,Kuwait,1,0,logreg,weighted_lr,0.0
2020,LAO,Lao PDR,0,0,logreg,weighted_lr,0.0
2020,LBN,Lebanon,0,0,logreg,weighted_lr,0.0
2020,LBR,Liberia,0,0,logreg,weighted_lr,0.0
2020,LBY,Libya,0,0,logreg,weighted_lr,0.0
2020,LCA,St. Lucia,0,0,logreg,weighted_lr,0.0
2020,LKA,Sri Lanka,0,0,logreg,weighted_lr,0.0
2020,LSO,Lesotho,0,0,logreg,weighted_lr,0.0
2020,LTU,Lithuania,1,4,logreg,weighted_lr,3.6635511378925454
2020,LUX,Luxembourg,0,0,logreg,weighted_lr,0.0
2020,LVA,Latvia,2,0,logreg,weighted_lr,1.0737817328136607
2020,MAR,Morocco,1,1,logreg,weighted_lr,3.190518470159269
2020,MCO,Monaco,0,0,logreg,weighted_lr,0.0
2020,MDA,Moldova,1,0,logreg,weighted_lr,0.0
2020,MDG,Madagascar,0,0,logreg,weighted_lr,0.0
2020,MDV,Maldives,0,0,logreg,weighted_lr,0.0
2020,MEX,Mexico,4,5,logreg,weighted_lr,12.418954846847186
2020,MHL,Marshall Islands,0,0,logreg,weighted_lr,0.0
2020,MKD,North Macedonia,1,0,logreg,weighted_lr,0.0
2020,MLI,Mali,0,0,logreg,weighted_lr,0.0
2020,MLT,Malta,0,0,logreg,weighted_lr,0.0
2020,MMR,Myanmar,0,0,logreg,weighted_lr,0.0
2020,MNE,Montenegro,0,0,logreg,weighted_lr,1.643333903762736
2020,MNG,Mongolia,4,2,logreg,weighted_lr,3.797741909036688
2020,MOZ,Mozambique,0,0,logreg,weighted_lr,0.0
2020,MRT,Mauritania,0,0,logreg,weighted_lr,0.0
2020,MUS,Mauritius,0,0,logreg,weighted_lr,0.0
2020,MWI,Malawi,0,0,logreg,weighted_lr,0.0
2020,MYS,Malaysia,2,5,logreg,weighted_lr,4.712581618987339
2020,NAM,Namibia,1,0,logreg,weighted_lr,0.0
2020,NER,Niger,0,1,logreg,weighted_lr,0.0
2020,NGA,Nigeria,2,1,logreg,weighted_lr,4.035043005840282
2020,NIC,Nicaragua,0,0,logreg,weighted_lr,0.0
2020,NLD,Netherlands,36,19,logreg,weighted_lr,22.59699433337547
2020,NOR,Norway,8,4,logreg,weighted_lr,4.286061282773958
2020,NPL,Nepal,0,0,logreg,weighted_lr,0.0
2020,NRU,Naoero,0,0,logreg,weighted_lr,0.0
2020,NZL,New Zealand,20,18,logreg,weighted_lr,18.98930506880172
2020,OMN,Oman,0,0,logreg,weighted_lr,0.0
2020,PAK,Pakistan,0,0,logreg,weighted_lr,0.0
2020,PAN,Panama,0,0,logreg,weighted_lr,0.0
2020,PER,Peru,0,0,logreg,weighted_lr,2.335426022846594
2020,PHL,Philippines,4,1,logreg,weighted_lr,2.0885454644800365
2020,PLW,Palau,0,0,logreg,weighted_lr,0.0
2020,PNG,Papua New Guinea,0,0,logreg,weighted_lr,0.0
2020,POL,Poland,14,11,logreg,weighted_lr,16.432695092997783
2020,PRI,Puerto Rico (US),1,1,logreg,weighted_lr,1.2532023080727477
2020,PRT,Portugal,4,1,logreg,weighted_lr,4.735317998910498
2020,PRY,Paraguay,0,0,logreg,weighted_lr,0.0
2020,PSE,West Bank and Gaza,0,0,logreg,weighted_lr,0.0
2020,QAT,Qatar,3,1,logreg,weighted_lr,0.0
2020,ROU,Romania,4,4,logreg,weighted_lr,7.245341421331702
2020,RUS,Russian Federation,71,56,logreg,weighted_lr,49.808974578882626
2020,RWA,Rwanda,0,0,logreg,weighted_lr,0.0
2020,SAU,Saudi Arabia,1,0,logreg,weighted_lr,2.905541165924719
2020,SDN,Sudan,0,0,logreg,weighted_lr,0.0
2020,SEN,Senegal,0,0,logreg,weighted_lr,0.0
2020,SGP,Singapore,0,1,logreg,weighted_lr,0.0
2020,SLB,Solomon Islands,0,0,logreg,weighted_lr,0.0
2020,SLE,Sierra Leone,0,0,logreg,weighted_lr,0.0
2020,SLV,El Salvador,0,0,logreg,weighted_lr,0.0
2020,SMR,San Marino,3,0,logreg,weighted_lr,0.0
2020,SOM,"Somalia, Fed. Rep.",0,0,logreg,weighted_lr,0.0
2020,SRB,Serbia,8,8,logreg,weighted_lr,8.51153183210345
2020,STP,Sao Tome and Principe,0,0,logreg,weighted_lr,0.0
2020,SUR,Suriname,0,0,logreg,weighted_lr,0.0
2020,SVK,Slovak Republic,4,4,logreg,weighted_lr,3.731379564962724
2020,SVN,Slovenia,5,4,logreg,weighted_lr,4.001187947263327
2020,SWE,Sweden,9,11,logreg,weighted_lr,11.191260927411811
2020,SWZ,Eswatini,0,0,logreg,weighted_lr,0.0
2020,SYC,Seychelles,0,0,logreg,weighted_lr,0.0
2020,SYR,Syrian Arab Republic,1,0,logreg,weighted_lr,0.0
2020,TCD,Chad,0,0,logreg,weighted_lr,0.0
2020,TGO,Togo,0,0,logreg,weighted_lr,0.0
2020,THA,Thailand,2,6,logreg,weighted_lr,5.958417406827975
2020,TJK,Tajikistan,0,1,logreg,weighted_lr,0.0
2020,TKM,Turkmenistan,1,0,logreg,weighted_lr,0.0
2020,TLS,Timor-Leste,0,0,logreg,weighted_lr,0.0
2020,TON,Tonga,0,0,logreg,weighted_lr,0.0
2020,TTO,Trinidad and Tobago,0,1,logreg,weighted_lr,1.419203194903167
2020,TUN,Tunisia,2,3,logreg,weighted_lr,5.042224569369496
2020,TUR,Turkiye,13,8,logreg,weighted_lr,10.65902238667956
2020,TUV,Tuvalu,0,0,logreg,weighted_lr,0.0
2020,TZA,Tanzania,0,0,logreg,weighted_lr,0.0
2020,UGA,Uganda,4,0,logreg,weighted_lr,0.0
2020,UKR,Ukraine,19,11,logreg,weighted_lr,13.450267119789025
2020,URY,Uruguay,0,0,logreg,weighted_lr,0.0
2020,USA,United States,113,121,logreg,weighted_lr,131.9071544626727
2020,UZB,Uzbekistan,5,13,logreg,weighted_lr,10.742439125022914
2020,VCT,St. Vincent and the Grenadines,0,0,logreg,weighted_lr,0.0
2020,VEN,"Venezuela, RB",4,3,logreg,weighted_lr,3.760841687445973
2020,VIR,Virgin Islands (U.S.),0,0,logreg,weighted_lr,0.0
2020,VNM,Viet Nam,0,2,logreg,weighted_lr,2.6324635123335227
2020,VUT,Vanuatu,0,0,logreg,weighted_lr,0.0
2020,WSM,Samoa,0,0,logreg,weighted_lr,0.0
2020,ZAF,South Africa,3,10,logreg,weighted_lr,14.837148874558288
2020,ZMB,Zambia,0,0,logreg,weighted_lr,0.0
2020,ZWE,Zimbabwe,0,0,logreg,weighted_lr,0.0
2020,ABW,Aruba,0,0,logreg,ridge,0.0
2020,AFG,Afghanistan,0,0,logreg,ridge,0.0
2020,AGO,Angola,0,0,logreg,ridge,0.0
2020,ALB,Albania,0,0,logreg,ridge,0.0
2020,AND,Andorra,0,0,logreg,ridge,0.0
2020,ARE,United Arab Emirates,0,1,logreg,ridge,0.0
2020,ARG,Argentina,3,4,logreg,ridge,12.631938724716333
2020,ARM,Armenia,4,4,logreg,ridge,2.311995505608472
2020,ASM,American Samoa,0,0,logreg,ridge,0.0
2020,ATG,Antigua and Barbuda,0,0,logreg,ridge,0.0
2020,AUS,Australia,46,29,logreg,ridge,40.892511601906875
2020,AUT,Austria,7,1,logreg,ridge,2.7307030481164105
2020,AZE,Azerbaijan,7,18,logreg,ridge,10.269232598880238
2020,BDI,Burundi,0,1,logreg,ridge,0.0
2020,BEL,Belgium,7,6,logreg,ridge,7.978212056492726
2020,BEN,Benin,0,0,logreg,ridge,0.0
2020,BFA,Burkina Faso,1,0,logreg,ridge,0.0
2020,BGD,Bangladesh,0,0,logreg,ridge,0.0
2020,BGR,Bulgaria,6,3,logreg,ridge,3.025497277439893
2020,BHR,Bahrain,1,2,logreg,ridge,1.2837025900352792
2020,BHS,"Bahamas, The",2,2,logreg,ridge,0.05620907314727219
2020,BIH,Bosnia and Herzegovina,0,0,logreg,ridge,0.0
2020,BLR,Belarus,7,9,logreg,ridge,9.327676473219359
2020,BLZ,Belize,0,0,logreg,ridge,0.0
2020,BMU,Bermuda,1,0,logreg,ridge,0.0
2020,BOL,Bolivia,0,0,logreg,ridge,0.0
2020,BRA,Brazil,21,19,logreg,ridge,30.034863392435888
2020,BRB,Barbados,0,0,logreg,ridge,0.0
2020,BRN,Brunei Darussalam,0,0,logreg,ridge,0.0
2020,BTN,Bhutan,0,0,logreg,ridge,0.0
2020,BWA,Botswana,1,0,logreg,ridge,0.0
2020,CAF,Central African Republic,0,0,logreg,ridge,0.0
2020,CAN,Canada,24,22,logreg,ridge,33.484644912599876
2020,CHE,Switzerland,13,7,logreg,ridge,6.433961684021645
2020,CHL,Chile,0,0,logreg,ridge,2.690640448465352
2020,CHN,China,89,70,logreg,ridge,83.13884865051361
2020,CIV,Cote d'Ivoire,1,2,logreg,ridge,2.6385848470263564
2020,CMR,Cameroon,0,0,logreg,ridge,0.0
2020,COD,"Congo, Dem. Rep.",0,0,logreg,ridge,0.0
2020,COG,"Congo, Rep.",0,0,logreg,ridge,0.0
2020,COL,Colombia,5,8,logreg,ridge,7.892797258077589
2020,COM,Comoros,0,0,logreg,ridge,0.0
2020,CPV,Cabo Verde,0,0,logreg,ridge,0.0
2020,CRI,Costa Rica,0,0,logreg,ridge,0.0
2020,CUB,Cuba,15,11,logreg,ridge,8.16232395590286
2020,CYM,Cayman Islands,0,0,logreg,ridge,0.0
2020,CYP,Cyprus,0,0,logreg,ridge,0.0
2020,CZE,Czechia,11,10,logreg,ridge,9.57316963006057
2020,DEU,Germany,37,42,logreg,ridge,44.341324731986475
2020,DJI,Djibouti,0,0,logreg,ridge,0.0
2020,DMA,Dominica,0,0,logreg,ridge,0.0
2020,DNK,Denmark,11,15,logreg,ridge,10.06180733185107
2020,DOM,Dominican Republic,5,1,logreg,ridge,3.645432553119891
2020,DZA,Algeria,0,2,logreg,ridge,3.793686399139361
2020,ECU,Ecuador,3,0,logreg,ridge,2.334166674221491
2020,EGY,"Egypt, Arab Rep.",6,3,logreg,ridge,9.866656452286277
2020,ESP,Spain,17,17,logreg,ridge,26.14548179941916
2020,EST,Estonia,2,1,logreg,ridge,1.0742389179818979
2020,ETH,Ethiopia,4,8,logreg,ridge,6.546913029014123
2020,FIN,Finland,2,1,logreg,ridge,1.0565573826362282
2020,FJI,Fiji,2,1,logreg,ridge,1.5327791322002167
2020,FRA,France,33,42,logreg,ridge,41.94339858054569
2020,FSM,"Micronesia, Fed. Sts.",0,0,logreg,ridge,0.0
2020,GAB,Gabon,0,0,logreg,ridge,0.0
2020,GBR,United Kingdom,64,67,logreg,ridge,52.79020194151984
2020,GEO,Georgia,8,7,logreg,ridge,4.567887105870323
2020,GHA,Ghana,1,0,logreg,ridge,0.0
2020,GIN,Guinea,0,0,logreg,ridge,0.0
2020,GMB,"Gambia, The",0,0,logreg,ridge,0.0
2020,GNB,Guinea-Bissau,0,0,logreg,ridge,0.0
2020,GNQ,Equatorial Guinea,0,0,logreg,ridge,0.0
2020,GRC,Greece,4,6,logreg,ridge,6.421327500390424
2020,GRD,Grenada,1,1,logreg,ridge,0.0
2020,GTM,Guatemala,0,0,logreg,ridge,0.0
2020,GUM,Guam,0,0,logreg,ridge,0.0
2020,GUY,Guyana,0,0,logreg,ridge,0.0
2020,HKG,"Hong Kong SAR, China",6,0,logreg,ridge,0.5294340172413374
2020,HND,Honduras,0,0,logreg,ridge,0.0
2020,HRV,Croatia,9,10,logreg,ridge,6.815579572205529
2020,HTI,Haiti,0,0,logreg,ridge,0.0
2020,HUN,Hungary,20,15,logreg,ridge,15.358759804525041
2020,IDN,Indonesia,5,3,logreg,ridge,5.489529765834818
2020,IND,India,7,2,logreg,ridge,15.432037640162909
2020,IRL,Ireland,4,2,logreg,ridge,4.343046212881733
2020,IRN,"Iran, Islamic Rep.",7,8,logreg,ridge,8.139094177347026
2020,IRQ,Iraq,0,0,logreg,ridge,0.0
2020,ISL,Iceland,0,0,logreg,ridge,0.0
2020,ISR,Israel,4,2,logreg,ridge,4.406044319977153
2020,ITA,Italy,40,28,logreg,ridge,34.79573122991047
2020,JAM,Jamaica,9,11,logreg,ridge,7.407654184424158
2020,JOR,Jordan,2,1,logreg,ridge,0.0
2020,JPN,Japan,58,41,logreg,ridge,55.10521004472009
2020,KAZ,Kazakhstan,8,18,logreg,ridge,13.994394181883543
2020,KEN,Kenya,10,13,logreg,ridge,10.877581894104864
2020,KGZ,Kyrgyz Republic,3,0,logreg,ridge,0.0
2020,KHM,Cambodia,0,0,logreg,ridge,0.0
2020,KIR,Kiribati,0,0,logreg,ridge,0.0
2020,KNA,St. Kitts and Nevis,0,0,logreg,ridge,0.0
2020,KOR,"Korea, Rep.",20,21,logreg,ridge,23.445782397217823
2020,KWT,Kuwait,1,0,logreg,ridge,0.0
2020,LAO,Lao PDR,0,0,logreg,ridge,0.0
2020,LBN,Lebanon,0,0,logreg,ridge,0.0
2020,LBR,Liberia,0,0,logreg,ridge,0.0
2020,LBY,Libya,0,0,logreg,ridge,0.0
2020,LCA,St. Lucia,0,0,logreg,ridge,0.0
2020,LKA,Sri Lanka,0,0,logreg,ridge,0.0
2020,LSO,Lesotho,0,0,logreg,ridge,0.0
2020,LTU,Lithuania,1,4,logreg,ridge,3.1552077025648
2020,LUX,Luxembourg,0,0,logreg,ridge,0.0
2020,LVA,Latvia,2,0,logreg,ridge,0.7687302466387251
2020,MAR,Morocco,1,1,logreg,ridge,2.9419889962308616
2020,MCO,Monaco,0,0,logreg,ridge,0.0
2020,MDA,Moldova,1,0,logreg,ridge,0.0
2020,MDG,Madagascar,0,0,logreg,ridge,0.0
2020,MDV,Maldives,0,0,logreg,ridge,0.0
2020,MEX,Mexico,4,5,logreg,ridge,12.93558875089537
2020,MHL,Marshall Islands,0,0,logreg,ridge,0.0
2020,MKD,North Macedonia,1,0,logreg,ridge,0.0
2020,MLI,Mali,0,0,logreg,ridge,0.0
2020,MLT,Malta,0,0,logreg,ridge,0.0
2020,MMR,Myanmar,0,0,logreg,ridge,0.0
2020,MNE,Montenegro,0,0,logreg,ridge,1.0987148282537227
2020,MNG,Mongolia,4,2,logreg,ridge,3.5019112898514564
2020,MOZ,Mozambique,0,0,logreg,ridge,0.0
2020,MRT,Mauritania,0,0,logreg,ridge,0.0
2020,MUS,Mauritius,0,0,logreg,ridge,0.0
2020,MWI,Malawi,0,0,logreg,ridge,0.0
2020,MYS,Malaysia,2,5,logreg,ridge,4.056522294484474
2020,NAM,Namibia,1,0,logreg,ridge,0.0
2020,NER,Niger,0,1,logreg,ridge,0.0
2020,NGA,Nigeria,2,1,logreg,ridge,4.872627482644375
2020,NIC,Nicaragua,0,0,logreg,ridge,0.0
2020,NLD,Netherlands,36,19,logreg,ridge,21.931351819665007
2020,NOR,Norway,8,4,logreg,ridge,4.242874917243098
2020,NPL,Nepal,0,0,logreg,ridge,0.0
2020,NRU,Naoero,0,0,logreg,ridge,0.0
2020,NZL,New Zealand,20,18,logreg,ridge,18.294539824519063
2020,OMN,Oman,0,0,logreg,ridge,0.0
2020,PAK,Pakistan,0,0,logreg,ridge,0.0
2020,PAN,Panama,0,0,logreg,ridge,0.0
2020,PER,Peru,0,0,logreg,ridge,2.17277854990256
2020,PHL,Philippines,4,1,logreg,ridge,2.074038225549346
2020,PLW,Palau,0,0,logreg,ridge,0.0
2020,PNG,Papua New Guinea,0,0,logreg,ridge,0.0
2020,POL,Poland,14,11,logreg,ridge,16.208339522810604
2020,PRI,Puerto Rico (US),1,1,logreg,ridge,0.9465047550604098
2020,PRT,Portugal,4,1,logreg,ridge,4.563825179116842
2020,PRY,Paraguay,0,0,logreg,ridge,0.0
2020,PSE,West Bank and Gaza,0,0,logreg,ridge,0.0
2020,QAT,Qatar,3,1,logreg,ridge,0.0
2020,ROU,Romania,4,4,logreg,ridge,6.996715631263445
2020,RUS,Russian Federation,71,56,logreg,ridge,49.89233588802302
2020,RWA,Rwanda,0,0,logreg,ridge,0.0
2020,SAU,Saudi Arabia,1,0,logreg,ridge,2.8046838716246754
2020,SDN,Sudan,0,0,logreg,ridge,0.0
2020,SEN,Senegal,0,0,logreg,ridge,0.0
2020,SGP,Singapore,0,1,logreg,ridge,0.0
2020,SLB,Solomon Islands,0,0,logreg,ridge,0.0
2020,SLE,Sierra Leone,0,0,logreg,ridge,0.0
2020,SLV,El Salvador,0,0,logreg,ridge,0.0
2020,SMR,San Marino,3,0,logreg,ridge,0.0
2020,SOM,"Somalia, Fed. Rep.",0,0,logreg,ridge,0.0
2020,SRB,Serbia,8,8,logreg,ridge,7.867029814793807
2020,STP,Sao Tome and Principe,0,0,logreg,ridge,0.0
2020,SUR,Suriname,0,0,logreg,ridge,0.0
2020,SVK,Slovak Republic,4,4,logreg,ridge,3.1729281926747053
2020,SVN,Slovenia,5,4,logreg,ridge,3.485512691077181
2020,SWE,Sweden,9,11,logreg,ridge,10.674051060312152
2020,SWZ,Eswatini,0,0,logreg,ridge,0.0
2020,SYC,Seychelles,0,0,logreg,ridge,0.0
2020,SYR,Syrian Arab Republic,1,0,logreg,ridge,0.0
2020,TCD,Chad,0,0,logreg,ridge,0.0
2020,TGO,Togo,0,0,logreg,ridge,0.0
2020,THA,Thailand,2,6,logreg,ridge,5.502040065895235
2020,TJK,Tajikistan,0,1,logreg,ridge,0.0
2020,TKM,Turkmenistan,1,0,logreg,ridge,0.0
2020,TLS,Timor-Leste,0,0,logreg,ridge,0.0
2020,TON,Tonga,0,0,logreg,ridge,0.0
2020,TTO,Trinidad and Tobago,0,1,logreg,ridge,0.8871679385732598
2020,TUN,Tunisia,2,3,logreg,ridge,4.529806213396398
2020,TUR,Turkiye,13,8,logreg,ridge,10.490351259248428
2020,TUV,Tuvalu,0,0,logreg,ridge,0.0
2020,TZA,Tanzania,0,0,logreg,ridge,0.0
2020,UGA,Uganda,4,0,logreg,ridge,0.0
2020,UKR,Ukraine,19,11,logreg,ridge,13.089003324681816
2020,URY,Uruguay,0,0,logreg,ridge,0.0
2020,USA,United States,113,121,logreg,ridge,122.4802414287208
2020,UZB,Uzbekistan,5,13,logreg,ridge,9.79998390415316
2020,VCT,St. Vincent and the Grenadines,0,0,logreg,ridge,0.0
2020,VEN,"Venezuela, RB",4,3,logreg,ridge,3.1487992921510024
2020,VIR,Virgin Islands (U.S.),0,0,logreg,ridge,0.0
2020,VNM,Viet Nam,0,2,logreg,ridge,2.640058845762523
2020,VUT,Vanuatu,0,0,logreg,ridge,0.0
2020,WSM,Samoa,0,0,logreg,ridge,0.0
2020,ZAF,South Africa,3,10,logreg,ridge,14.748085833941733
2020,ZMB,Zambia,0,0,logreg,ridge,0.0
2020,ZWE,Zimbabwe,0,0,logreg,ridge,0.0
2020,ABW,Aruba,0,0,logreg,lasso,0.0
2020,AFG,Afghanistan,0,0,logreg,lasso,0.0
2020,AGO,Angola,0,0,logreg,lasso,0.0
2020,ALB,Albania,0,0,logreg,lasso,0.0
2020,AND,Andorra,0,0,logreg,lasso,0.0
2020,ARE,United Arab Emirates,0,1,logreg,lasso,0.0
2020,ARG,Argentina,3,4,logreg,lasso,11.478409829804813
2020,ARM,Armenia,4,4,logreg,lasso,2.682124541147326
2020,ASM,American Samoa,0,0,logreg,lasso,0.0
2020,ATG,Antigua and Barbuda,0,0,logreg,lasso,0.0
2020,AUS,Australia,46,29,logreg,lasso,38.70919044239741
2020,AUT,Austria,7,1,logreg,lasso,2.5755848194787454
2020,AZE,Azerbaijan,7,18,logreg,lasso,11.405494293614137
2020,BDI,Burundi,0,1,logreg,lasso,0.0
2020,BEL,Belgium,7,6,logreg,lasso,7.82845299073633
2020,BEN,Benin,0,0,logreg,lasso,0.0
2020,BFA,Burkina Faso,1,0,logreg,lasso,0.0
2020,BGD,Bangladesh,0,0,logreg,lasso,0.0
2020,BGR,Bulgaria,6,3,logreg,lasso,3.118501238724921
2020,BHR,Bahrain,1,2,logreg,lasso,1.4489212462975
2020,BHS,"Bahamas, The",2,2,logreg,lasso,0.47645521927067414
2020,BIH,Bosnia and Herzegovina,0,0,logreg,lasso,0.0
2020,BLR,Belarus,7,9,logreg,lasso,9.39702296691766
2020,BLZ,Belize,0,0,logreg,lasso,0.0
2020,BMU,Bermuda,1,0,logreg,lasso,0.0
2020,BOL,Bolivia,0,0,logreg,lasso,0.0
2020,BRA,Brazil,21,19,logreg,lasso,28.058509458045407
2020,BRB,Barbados,0,0,logreg,lasso,0.0
2020,BRN,Brunei Darussalam,0,0,logreg,lasso,0.0
2020,BTN,Bhutan,0,0,logreg,lasso,0.0
2020,BWA,Botswana,1,0,logreg,lasso,0.0
2020,CAF,Central African Republic,0,0,logreg,lasso,0.0
2020,CAN,Canada,24,22,logreg,lasso,31.26795819155707
2020,CHE,Switzerland,13,7,logreg,lasso,6.468345795833578
2020,CHL,Chile,0,0,logreg,lasso,2.4358419982700212
2020,CHN,China,89,70,logreg,lasso,82.85562559687193
2020,CIV,Cote d'Ivoire,1,2,logreg,lasso,2.680753980854208
2020,CMR,Cameroon,0,0,logreg,lasso,0.0
2020,COD,"Congo, Dem. Rep.",0,0,logreg,lasso,0.0
2020,COG,"Congo, Rep.",0,0,logreg,lasso,0.0
2020,COL,Colombia,5,8,logreg,lasso,8.00764308052685
2020,COM,Comoros,0,0,logreg,lasso,0.0
2020,CPV,Cabo Verde,0,0,logreg,lasso,0.0
2020,CRI,Costa Rica,0,0,logreg,lasso,0.0
2020,CUB,Cuba,15,11,logreg,lasso,8.706643319448702
2020,CYM,Cayman Islands,0,0,logreg,lasso,0.0
2020,CYP,Cyprus,0,0,logreg,lasso,0.0
2020,CZE,Czechia,11,10,logreg,lasso,9.763298271492378
2020,DEU,Germany,37,42,logreg,lasso,44.65945450409021
2020,DJI,Djibouti,0,0,logreg,lasso,0.0
2020,DMA,Dominica,0,0,logreg,lasso,0.0
2020,DNK,Denmark,11,15,logreg,lasso,10.681288223252592
2020,DOM,Dominican Republic,5,1,logreg,lasso,3.4993944854372554
2020,DZA,Algeria,0,2,logreg,lasso,3.47412734224668
2020,ECU,Ecuador,3,0,logreg,lasso,2.2173270107975043
2020,EGY,"Egypt, Arab Rep.",6,3,logreg,lasso,9.094502546211135
2020,ESP,Spain,17,17,logreg,lasso,25.31927827382865
2020,EST,Estonia,2,1,logreg,lasso,1.1273882269441415
2020,ETH,Ethiopia,4,8,logreg,lasso,6.753038141370192
2020,FIN,Finland,2,1,logreg,lasso,1.0224858059995618
2020,FJI,Fiji,2,1,logreg,lasso,1.6954197681626386
2020,FRA,France,33,42,logreg,lasso,42.41767235360183
2020,FSM,"Micronesia, Fed. Sts.",0,0,logreg,lasso,0.0
2020,GAB,Gabon,0,0,logreg,lasso,0.0
2020,GBR,United Kingdom,64,67,logreg,lasso,55.12096252583364
2020,GEO,Georgia,8,7,logreg,lasso,5.028544116617592
2020,GHA,Ghana,1,0,logreg,lasso,0.0
2020,GIN,Guinea,0,0,logreg,lasso,0.0
2020,GMB,"Gambia, The",0,0,logreg,lasso,0.0
2020,GNB,Guinea-Bissau,0,0,logreg,lasso,0.0
2020,GNQ,Equatorial Guinea,0,0,logreg,lasso,0.0
2020,GRC,Greece,4,6,logreg,lasso,6.521386153240912
2020,GRD,Grenada,1,1,logreg,lasso,0.0
2020,GTM,Guatemala,0,0,logreg,lasso,0.0
2020,GUM,Guam,0,0,logreg,lasso,0.0
2020,GUY,Guyana,0,0,logreg,lasso,0.0
2020,HKG,"Hong Kong SAR, China",6,0,logreg,lasso,0.5146066589906901
2020,HND,Honduras,0,0,logreg,lasso,0.0
2020,HRV,Croatia,9,10,logreg,lasso,7.351097779263435
2020,HTI,Haiti,0,0,logreg,lasso,0.0
2020,HUN,Hungary,20,15,logreg,lasso,15.467959637466828
2020,IDN,Indonesia,5,3,logreg,lasso,5.284692139287602
2020,IND,India,7,2,logreg,lasso,14.258621946868606
2020,IRL,Ireland,4,2,logreg,lasso,3.906612472749032
2020,IRN,"Iran, Islamic Rep.",7,8,logreg,lasso,8.082490952007408
2020,IRQ,Iraq,0,0,logreg,lasso,0.0
2020,ISL,Iceland,0,0,logreg,lasso,0.0
2020,ISR,Israel,4,2,logreg,lasso,4.1773055486447355
2020,ITA,Italy,40,28,logreg,lasso,34.352825587171445
2020,JAM,Jamaica,9,11,logreg,lasso,8.04367711568769
2020,JOR,Jordan,2,1,logreg,lasso,0.0
2020,JPN,Japan,58,41,logreg,lasso,54.17839862579497
2020,KAZ,Kazakhstan,8,18,logreg,lasso,14.347443851545655
2020,KEN,Kenya,10,13,logreg,lasso,11.268792953233245
2020,KGZ,Kyrgyz Republic,3,0,logreg,lasso,0.0
2020,KHM,Cambodia,0,0,logreg,lasso,0.0
2020,KIR,Kiribati,0,0,logreg,lasso,0.0
2020,KNA,St. Kitts and Nevis,0,0,logreg,lasso,0.0
2020,KOR,"Korea, Rep.",20,21,logreg,lasso,23.45116224952572
2020,KWT,Kuwait,1,0,logreg,lasso,0.0
2020,LAO,Lao PDR,0,0,logreg,lasso,0.0
2020,LBN,Lebanon,0,0,logreg,lasso,0.0
2020,LBR,Liberia,0,0,logreg,lasso,0.0
2020,LBY,Libya,0,0,logreg,lasso,0.0
2020,LCA,St. Lucia,0,0,logreg,lasso,0.0
2020,LKA,Sri Lanka,0,0,logreg,lasso,0.0
2020,LSO,Lesotho,0,0,logreg,lasso,0.0
2020,LTU,Lithuania,1,4,logreg,lasso,3.3184088871020485
2020,LUX,Luxembourg,0,0,logreg,lasso,0.0
2020,LVA,Latvia,2,0,logreg,lasso,0.7454596355679382
2020,MAR,Morocco,1,1,logreg,lasso,2.8486176173789826
2020,MCO,Monaco,0,0,logreg,lasso,0.0
2020,MDA,Moldova,1,0,logreg,lasso,0.0
2020,MDG,Madagascar,0,0,logreg,lasso,0.0
2020,MDV,Maldives,0,0,logreg,lasso,0.0
2020,MEX,Mexico,4,5,logreg,lasso,12.073309207081758
2020,MHL,Marshall Islands,0,0,logreg,lasso,0.0
2020,MKD,North Macedonia,1,0,logreg,lasso,0.0
2020,MLI,Mali,0,0,logreg,lasso,0.0
2020,MLT,Malta,0,0,logreg,lasso,0.0
2020,MMR,Myanmar,0,0,logreg,lasso,0.0
2020,MNE,Montenegro,0,0,logreg,lasso,1.163969611267385
2020,MNG,Mongolia,4,2,logreg,lasso,3.2916948262392065
2020,MOZ,Mozambique,0,0,logreg,lasso,0.0
2020,MRT,Mauritania,0,0,logreg,lasso,0.0
2020,MUS,Mauritius,0,0,logreg,lasso,0.0
2020,MWI,Malawi,0,0,logreg,lasso,0.0
2020,MYS,Malaysia,2,5,logreg,lasso,4.3365254145964425
2020,NAM,Namibia,1,0,logreg,lasso,0.0
2020,NER,Niger,0,1,logreg,lasso,0.0
2020,NGA,Nigeria,2,1,logreg,lasso,4.597900956558765
2020,NIC,Nicaragua,0,0,logreg,lasso,0.0
2020,NLD,Netherlands,36,19,logreg,lasso,21.73308407144706
2020,NOR,Norway,8,4,logreg,lasso,4.126887107198311
2020,NPL,Nepal,0,0,logreg,lasso,0.0
2020,NRU,Naoero,0,0,logreg,lasso,0.0
2020,NZL,New Zealand,20,18,logreg,lasso,18.321940037173167
2020,OMN,Oman,0,0,logreg,lasso,0.0
2020,PAK,Pakistan,0,0,logreg,lasso,0.0
2020,PAN,Panama,0,0,logreg,lasso,0.0
2020,PER,Peru,0,0,logreg,lasso,1.9706614671090446
2020,PHL,Philippines,4,1,logreg,lasso,2.1704330663441898
2020,PLW,Palau,0,0,logreg,lasso,0.0
2020,PNG,Papua New Guinea,0,0,logreg,lasso,0.0
2020,POL,Poland,14,11,logreg,lasso,15.72334836962613
2020,PRI,Puerto Rico (US),1,1,logreg,lasso,1.0016380409821313
2020,PRT,Portugal,4,1,logreg,lasso,4.258478412796673
2020,PRY,Paraguay,0,0,logreg,lasso,0.0
2020,PSE,West Bank and Gaza,0,0,logreg,lasso,0.0
2020,QAT,Qatar,3,1,logreg,lasso,0.0
2020,ROU,Romania,4,4,logreg,lasso,6.746147762650087
2020,RUS,Russian Federation,71,56,logreg,lasso,49.05800654509951
2020,RWA,Rwanda,0,0,logreg,lasso,0.0
2020,SAU,Saudi Arabia,1,0,logreg,lasso,2.4228503913048893
2020,SDN,Sudan,0,0,logreg,lasso,0.0
2020,SEN,Senegal,0,0,logreg,lasso,0.0
2020,SGP,Singapore,0,1,logreg,lasso,0.0
2020,SLB,Solomon Islands,0,0,logreg,lasso,0.0
2020,SLE,Sierra Leone,0,0,logreg,lasso,0.0
2020,SLV,El Salvador,0,0,logreg,lasso,0.0
2020,SMR,San Marino,3,0,logreg,lasso,0.0
2020,SOM,"Somalia, Fed. Rep.",0,0,logreg,lasso,0.0
2020,SRB,Serbia,8,8,logreg,lasso,7.995900469823978
2020,STP,Sao Tome and Principe,0,0,logreg,lasso,0.0
2020,SUR,Suriname,0,0,logreg,lasso,0.0
2020,SVK,Slovak Republic,4,4,logreg,lasso,3.3655592622604384
2020,SVN,Slovenia,5,4,logreg,lasso,3.6364132055451517
2020,SWE,Sweden,9,11,logreg,lasso,10.734886164983457
2020,SWZ,Eswatini,0,0,logreg,lasso,0.0
2020,SYC,Seychelles,0,0,logreg,lasso,0.0
2020,SYR,Syrian Arab Republic,1,0,logreg,lasso,0.0
2020,TCD,Chad,0,0,logreg,lasso,0.0
2020,TGO,Togo,0,0,logreg,lasso,0.0
2020,THA,Thailand,2,6,logreg,lasso,5.735987540461037
2020,TJK,Tajikistan,0,1,logreg,lasso,0.0
2020,TKM,Turkmenistan,1,0,logreg,lasso,0.0
2020,TLS,Timor-Leste,0,0,logreg,lasso,0.0
2020,TON,Tonga,0,0,logreg,lasso,0.0
2020,TTO,Trinidad and Tobago,0,1,logreg,lasso,1.0379908950793073
2020,TUN,Tunisia,2,3,logreg,lasso,4.524303995558092
2020,TUR,Turkiye,13,8,logreg,lasso,10.316809181173728
2020,TUV,Tuvalu,0,0,logreg,lasso,0.0
2020,TZA,Tanzania,0,0,logreg,lasso,0.0
2020,UGA,Uganda,4,0,logreg,lasso,0.0
2020,UKR,Ukraine,19,11,logreg,lasso,12.953676519069353
2020,URY,Uruguay,0,0,logreg,lasso,0.0
2020,USA,United States,113,121,logreg,lasso,124.21255205174914
2020,UZB,Uzbekistan,5,13,logreg,lasso,10.315631459125806
2020,VCT,St. Vincent and the Grenadines,0,0,logreg,lasso,0.0
2020,VEN,"Venezuela, RB",4,3,logreg,lasso,3.3441307333245405
2020,VIR,Virgin Islands (U.S.),0,0,logreg,lasso,0.0
2020,VNM,Viet Nam,0,2,logreg,lasso,2.6917020433435273
2020,VUT,Vanuatu,0,0,logreg,lasso,0.0
2020,WSM,Samoa,0,0,logreg,lasso,0.0
2020,ZAF,South Africa,3,10,logreg,lasso,14.275279221168661
2020,ZMB,Zambia,0,0,logreg,lasso,0.0
2020,ZWE,Zimbabwe,0,0,logreg,lasso,0.0
2020,ABW,Aruba,0,0,logreg,poisson,0.0
2020,AFG,Afghanistan,0,0,logreg,poisson,0.0
2020,AGO,Angola,0,0,logreg,poisson,0.0
2020,ALB,Albania,0,0,logreg,poisson,0.0
2020,AND,Andorra,0,0,logreg,poisson,0.0
2020,ARE,United Arab Emirates,0,1,logreg,poisson,0.0
2020,ARG,Argentina,3,4,logreg,poisson,10.018052470547628
2020,ARM,Armenia,4,4,logreg,poisson,4.893562600238665
2020,ASM,American Samoa,0,0,logreg,poisson,0.0
2020,ATG,Antigua and Barbuda,0,0,logreg,poisson,0.0
2020,AUS,Australia,46,29,logreg,poisson,50.07016459983492
2020,AUT,Austria,7,1,logreg,poisson,6.4308757779388435
2020,AZE,Azerbaijan,7,18,logreg,poisson,5.603556494884479
2020,BDI,Burundi,0,1,logreg,poisson,0.0
2020,BEL,Belgium,7,6,logreg,poisson,8.466505411535538
2020,BEN,Benin,0,0,logreg,poisson,0.0
2020,BFA,Burkina Faso,1,0,logreg,poisson,0.0
2020,BGD,Bangladesh,0,0,logreg,poisson,0.0
2020,BGR,Bulgaria,6,3,logreg,poisson,6.671418162664646
2020,BHR,Bahrain,1,2,logreg,poisson,6.1935850800787415
2020,BHS,"Bahamas, The",2,2,logreg,poisson,4.476931018457437
2020,BIH,Bosnia and Herzegovina,0,0,logreg,poisson,0.0
2020,BLR,Belarus,7,9,logreg,poisson,8.49116804441143
2020,BLZ,Belize,0,0,logreg,poisson,0.0
2020,BMU,Bermuda,1,0,logreg,poisson,0.0
2020,BOL,Bolivia,0,0,logreg,poisson,0.0
2020,BRA,Brazil,21,19,logreg,poisson,21.573137762256067
2020,BRB,Barbados,0,0,logreg,poisson,0.0
2020,BRN,Brunei Darussalam,0,0,logreg,poisson,0.0
2020,BTN,Bhutan,0,0,logreg,poisson,0.0
2020,BWA,Botswana,1,0,logreg,poisson,0.0
2020,CAF,Central African Republic,0,0,logreg,poisson,0.0
2020,CAN,Canada,24,22,logreg,poisson,28.86414979877139
2020,CHE,Switzerland,13,7,logreg,poisson,8.62657078035066
2020,CHL,Chile,0,0,logreg,poisson,4.8887590194328014
2020,CHN,China,89,70,logreg,poisson,72.06473436037525
2020,CIV,Cote d'Ivoire,1,2,logreg,poisson,3.370639294008089
2020,CMR,Cameroon,0,0,logreg,poisson,0.0
2020,COD,"Congo, Dem. Rep.",0,0,logreg,poisson,0.0
2020,COG,"Congo, Rep.",0,0,logreg,poisson,0.0
2020,COL,Colombia,5,8,logreg,poisson,5.134908032074243
2020,COM,Comoros,0,0,logreg,poisson,0.0
2020,CPV,Cabo Verde,0,0,logreg,poisson,0.0
2020,CRI,Costa Rica,0,0,logreg,poisson,0.0
2020,CUB,Cuba,15,11,logreg,poisson,6.877905236685881
2020,CYM,Cayman Islands,0,0,logreg,poisson,0.0
2020,CYP,Cyprus,0,0,logreg,poisson,0.0
2020,CZE,Czechia,11,10,logreg,poisson,8.00838944682073
2020,DEU,Germany,37,42,logreg,poisson,43.01766210712158
2020,DJI,Djibouti,0,0,logreg,poisson,0.0
2020,DMA,Dominica,0,0,logreg,poisson,0.0
2020,DNK,Denmark,11,15,logreg,poisson,8.966613745757874
2020,DOM,Dominican Republic,5,1,logreg,poisson,5.014945799043238
2020,DZA,Algeria,0,2,logreg,poisson,4.03379187531373
2020,ECU,Ecuador,3,0,logreg,poisson,4.40472734856821
2020,EGY,"Egypt, Arab Rep.",6,3,logreg,poisson,6.957220602352587
2020,ESP,Spain,17,17,logreg,poisson,22.52536357325653
2020,EST,Estonia,2,1,logreg,poisson,5.2906478708796225
2020,ETH,Ethiopia,4,8,logreg,poisson,3.772434787338515
2020,FIN,Finland,2,1,logreg,poisson,6.00772567462546
2020,FJI,Fiji,2,1,logreg,poisson,4.867859210400461
2020,FRA,France,33,42,logreg,poisson,37.93062460487032
2020,FSM,"Micronesia, Fed. Sts.",0,0,logreg,poisson,0.0
2020,GAB,Gabon,0,0,logreg,poisson,0.0
2020,GBR,United Kingdom,64,67,logreg,poisson,46.27643274860617
2020,GEO,Georgia,8,7,logreg,poisson,5.339999748402348
2020,GHA,Ghana,1,0,logreg,poisson,0.0
2020,GIN,Guinea,0,0,logreg,poisson,0.0
2020,GMB,"Gambia, The",0,0,logreg,poisson,0.0
2020,GNB,Guinea-Bissau,0,0,logreg,poisson,0.0
2020,GNQ,Equatorial Guinea,0,0,logreg,poisson,0.0
2020,GRC,Greece,4,6,logreg,poisson,7.186056700307323
2020,GRD,Grenada,1,1,logreg,poisson,0.0
2020,GTM,Guatemala,0,0,logreg,poisson,0.0
2020,GUM,Guam,0,0,logreg,poisson,0.0
2020,GUY,Guyana,0,0,logreg,poisson,0.0
2020,HKG,"Hong Kong SAR, China",6,0,logreg,poisson,6.269897627877509
2020,HND,Honduras,0,0,logreg,poisson,0.0
2020,HRV,Croatia,9,10,logreg,poisson,7.446097179049613
2020,HTI,Haiti,0,0,logreg,poisson,0.0
2020,HUN,Hungary,20,15,logreg,poisson,12.085256804095808
2020,IDN,Indonesia,5,3,logreg,poisson,4.820712598490857
2020,IND,India,7,2,logreg,poisson,9.618321099287748
2020,IRL,Ireland,4,2,logreg,poisson,8.150268180117434
2020,IRN,"Iran, Islamic Rep.",7,8,logreg,poisson,5.955940679635136
2020,IRQ,Iraq,0,0,logreg,poisson,0.0
2020,ISL,Iceland,0,0,logreg,poisson,0.0
2020,ISR,Israel,4,2,logreg,poisson,5.6180842702019325
2020,ITA,Italy,40,28,logreg,poisson,38.811423197482405
2020,JAM,Jamaica,9,11,logreg,poisson,5.854067324113389
2020,JOR,Jordan,2,1,logreg,poisson,0.0
2020,JPN,Japan,58,41,logreg,poisson,97.45858790956774
2020,KAZ,Kazakhstan,8,18,logreg,poisson,6.511357195701989
2020,KEN,Kenya,10,13,logreg,poisson,5.381350020683121
2020,KGZ,Kyrgyz Republic,3,0,logreg,poisson,0.0
2020,KHM,Cambodia,0,0,logreg,poisson,0.0
2020,KIR,Kiribati,0,0,logreg,poisson,0.0
2020,KNA,St. Kitts and Nevis,0,0,logreg,poisson,0.0
2020,KOR,"Korea, Rep.",20,21,logreg,poisson,16.929864828430425
2020,KWT,Kuwait,1,0,logreg,poisson,0.0
2020,LAO,Lao PDR,0,0,logreg,poisson,0.0
2020,LBN,Lebanon,0,0,logreg,poisson,0.0
2020,LBR,Liberia,0,0,logreg,poisson,0.0
2020,LBY,Libya,0,0,logreg,poisson,0.0
2020,LCA,St. Lucia,0,0,logreg,poisson,0.0
2020,LKA,Sri Lanka,0,0,logreg,poisson,0.0
2020,LSO,Lesotho,0,0,logreg,poisson,0.0
2020,LTU,Lithuania,1,4,logreg,poisson,5.907099698818502
2020,LUX,Luxembourg,0,0,logreg,poisson,0.0
2020,LVA,Latvia,2,0,logreg,poisson,5.979437032500006
2020,MAR,Morocco,1,1,logreg,poisson,4.559942087632638
2020,MCO,Monaco,0,0,logreg,poisson,0.0
2020,MDA,Moldova,1,0,logreg,poisson,0.0
2020,MDG,Madagascar,0,0,logreg,poisson,0.0
2020,MDV,Maldives,0,0,logreg,poisson,0.0
2020,MEX,Mexico,4,5,logreg,poisson,8.676373975898724
2020,MHL,Marshall Islands,0,0,logreg,poisson,0.0
2020,MKD,North Macedonia,1,0,logreg,poisson,0.0
2020,MLI,Mali,0,0,logreg,poisson,0.0
2020,MLT,Malta,0,0,logreg,poisson,0.0
2020,MMR,Myanmar,0,0,logreg,poisson,0.0
2020,MNE,Montenegro,0,0,logreg,poisson,4.98498220351196
2020,MNG,Mongolia,4,2,logreg,poisson,4.031351413155775
2020,MOZ,Mozambique,0,0,logreg,poisson,0.0
2020,MRT,Mauritania,0,0,logreg,poisson,0.0
2020,MUS,Mauritius,0,0,logreg,poisson,0.0
2020,MWI,Malawi,0,0,logreg,poisson,0.0
2020,MYS,Malaysia,2,5,logreg,poisson,4.27356347297225
2020,NAM,Namibia,1,0,logreg,poisson,0.0
2020,NER,Niger,0,1,logreg,poisson,0.0
2020,NGA,Nigeria,2,1,logreg,poisson,4.1398617745667545
2020,NIC,Nicaragua,0,0,logreg,poisson,0.0
2020,NLD,Netherlands,36,19,logreg,poisson,18.612112634949355
2020,NOR,Norway,8,4,logreg,poisson,7.589464203077732
2020,NPL,Nepal,0,0,logreg,poisson,0.0
2020,NRU,Naoero,0,0,logreg,poisson,0.0
2020,NZL,New Zealand,20,18,logreg,poisson,11.128355032506668
2020,OMN,Oman,0,0,logreg,poisson,0.0
2020,PAK,Pakistan,0,0,logreg,poisson,0.0
2020,PAN,Panama,0,0,logreg,poisson,0.0
2020,PER,Peru,0,0,logreg,poisson,4.166343859202511
2020,PHL,Philippines,4,1,logreg,poisson,4.002621922100314
2020,PLW,Palau,0,0,logreg,poisson,0.0
2020,PNG,Papua New Guinea,0,0,logreg,poisson,0.0
2020,POL,Poland,14,11,logreg,poisson,16.350951118890404
2020,PRI,Puerto Rico (US),1,1,logreg,poisson,6.295509740845076
2020,PRT,Portugal,4,1,logreg,poisson,6.916679488060184
2020,PRY,Paraguay,0,0,logreg,poisson,0.0
2020,PSE,West Bank and Gaza,0,0,logreg,poisson,0.0
2020,QAT,Qatar,3,1,logreg,poisson,0.0
2020,ROU,Romania,4,4,logreg,poisson,8.318927042373101
2020,RUS,Russian Federation,71,56,logreg,poisson,37.00424674691205
2020,RWA,Rwanda,0,0,logreg,poisson,0.0
2020,SAU,Saudi Arabia,1,0,logreg,poisson,2.3615876439809043
2020,SDN,Sudan,0,0,logreg,poisson,0.0
2020,SEN,Senegal,0,0,logreg,poisson,0.0
2020,SGP,Singapore,0,1,logreg,poisson,5.99944467032978
2020,SLB,Solomon Islands,0,0,logreg,poisson,0.0
2020,SLE,Sierra Leone,0,0,logreg,poisson,0.0
2020,SLV,El Salvador,0,0,logreg,poisson,0.0
2020,SMR,San Marino,3,0,logreg,poisson,0.0
2020,SOM,"Somalia, Fed. Rep.",0,0,logreg,poisson,0.0
2020,SRB,Serbia,8,8,logreg,poisson,8.151018462616728
2020,STP,Sao Tome and Principe,0,0,logreg,poisson,0.0
2020,SUR,Suriname,0,0,logreg,poisson,0.0
2020,SVK,Slovak Republic,4,4,logreg,poisson,5.692748937547877
2020,SVN,Slovenia,5,4,logreg,poisson,5.489650123810493
2020,SWE,Sweden,9,11,logreg,poisson,9.057544722782119
2020,SWZ,Eswatini,0,0,logreg,poisson,0.0
2020,SYC,Seychelles,0,0,logreg,poisson,0.0
2020,SYR,Syrian Arab Republic,1,0,logreg,poisson,0.0
2020,TCD,Chad,0,0,logreg,poisson,0.0
2020,TGO,Togo,0,0,logreg,poisson,0.0
2020,THA,Thailand,2,6,logreg,poisson,5.534324648246417
2020,TJK,Tajikistan,0,1,logreg,poisson,0.0
2020,TKM,Turkmenistan,1,0,logreg,poisson,0.0
2020,TLS,Timor-Leste,0,0,logreg,poisson,0.0
2020,TON,Tonga,0,0,logreg,poisson,0.0
2020,TTO,Trinidad and Tobago,0,1,logreg,poisson,4.855371655227249
2020,TUN,Tunisia,2,3,logreg,poisson,5.170727985066669
2020,TUR,Turkiye,13,8,logreg,poisson,6.924025335442242
2020,TUV,Tuvalu,0,0,logreg,poisson,0.0
2020,TZA,Tanzania,0,0,logreg,poisson,0.0
2020,UGA,Uganda,4,0,logreg,poisson,0.0
2020,UKR,Ukraine,19,11,logreg,poisson,10.97166028055268
2020,URY,Uruguay,0,0,logreg,poisson,0.0
2020,USA,United States,113,121,logreg,poisson,218.2063353616421
2020,UZB,Uzbekistan,5,13,logreg,poisson,5.040362111247895
2020,VCT,St. Vincent and the Grenadines,0,0,logreg,poisson,0.0
2020,VEN,"Venezuela, RB",4,3,logreg,poisson,6.6466148702071415
2020,VIR,Virgin Islands (U.S.),0,0,logreg,poisson,0.0
2020,VNM,Viet Nam,0,2,logreg,poisson,4.394840049486083
2020,VUT,Vanuatu,0,0,logreg,poisson,0.0
2020,WSM,Samoa,0,0,logreg,poisson,0.0
2020,ZAF,South Africa,3,10,logreg,poisson,8.456397785977876
2020,ZMB,Zambia,0,0,logreg,poisson,0.0
2020,ZWE,Zimbabwe,0,0,logreg,poisson,0.0
2020,ABW,Aruba,0,0,logreg,svr,0.0
2020,AFG,Afghanistan,0,0,logreg,svr,0.0
2020,AGO,Angola,0,0,logreg,svr,0.0
2020,ALB,Albania,0,0,logreg,svr,0.0
2020,AND,Andorra,0,0,logreg,svr,0.0
2020,ARE,United Arab Emirates,0,1,logreg,svr,0.0
2020,ARG,Argentina,3,4,logreg,svr,3.8140171575369095
2020,ARM,Armenia,4,4,logreg,svr,2.833679977725815
2020,ASM,American Samoa,0,0,logreg,svr,0.0
2020,ATG,Antigua and Barbuda,0,0,logreg,svr,0.0
2020,AUS,Australia,46,29,logreg,svr,31.05347890042839
2020,AUT,Austria,7,1,logreg,svr,2.54872768149815
2020,AZE,Azerbaijan,7,18,logreg,svr,10.223819162486524
2020,BDI,Burundi,0,1,logreg,svr,0.0
2020,BEL,Belgium,7,6,logreg,svr,5.8890590183074
2020,BEN,Benin,0,0,logreg,svr,0.0
2020,BFA,Burkina Faso,1,0,logreg,svr,0.0
2020,BGD,Bangladesh,0,0,logreg,svr,0.0
2020,BGR,Bulgaria,6,3,logreg,svr,2.6813057073693045
2020,BHR,Bahrain,1,2,logreg,svr,1.858812165090221
2020,BHS,"Bahamas, The",2,2,logreg,svr,3.0667323504335897
2020,BIH,Bosnia and Herzegovina,0,0,logreg,svr,0.0
2020,BLR,Belarus,7,9,logreg,svr,6.898654502851848
2020,BLZ,Belize,0,0,logreg,svr,0.0
2020,BMU,Bermuda,1,0,logreg,svr,0.0
2020,BOL,Bolivia,0,0,logreg,svr,0.0
2020,BRA,Brazil,21,19,logreg,svr,17.683880372496034
2020,BRB,Barbados,0,0,logreg,svr,0.0
2020,BRN,Brunei Darussalam,0,0,logreg,svr,0.0
2020,BTN,Bhutan,0,0,logreg,svr,0.0
2020,BWA,Botswana,1,0,logreg,svr,0.0
2020,CAF,Central African Republic,0,0,logreg,svr,0.0
2020,CAN,Canada,24,22,logreg,svr,21.246152941208848
2020,CHE,Switzerland,13,7,logreg,svr,8.6322756671203
2020,CHL,Chile,0,0,logreg,svr,0.6890603704972165
2020,CHN,China,89,70,logreg,svr,71.521797613622
2020,CIV,Cote d'Ivoire,1,2,logreg,svr,2.6410529035917776
2020,CMR,Cameroon,0,0,logreg,svr,0.0
2020,COD,"Congo, Dem. Rep.",0,0,logreg,svr,0.0
2020,COG,"Congo, Rep.",0,0,logreg,svr,0.0
2020,COL,Colombia,5,8,logreg,svr,4.650318539671055
2020,COM,Comoros,0,0,logreg,svr,0.0
2020,CPV,Cabo Verde,0,0,logreg,svr,0.0
2020,CRI,Costa Rica,0,0,logreg,svr,0.0
2020,CUB,Cuba,15,11,logreg,svr,6.078176861755338
2020,CYM,Cayman Islands,0,0,logreg,svr,0.0
2020,CYP,Cyprus,0,0,logreg,svr,0.0
2020,CZE,Czechia,11,10,logreg,svr,6.8014582858582315
2020,DEU,Germany,37,42,logreg,svr,40.00924567493087
2020,DJI,Djibouti,0,0,logreg,svr,0.0
2020,DMA,Dominica,0,0,logreg,svr,0.0
2020,DNK,Denmark,11,15,logreg,svr,10.26296787493959
2020,DOM,Dominican Republic,5,1,logreg,svr,1.958828037035346
2020,DZA,Algeria,0,2,logreg,svr,0.957609409391381
2020,ECU,Ecuador,3,0,logreg,svr,1.2262861123179718
2020,EGY,"Egypt, Arab Rep.",6,3,logreg,svr,4.841131118631786
2020,ESP,Spain,17,17,logreg,svr,17.167581820658395
2020,EST,Estonia,2,1,logreg,svr,1.4009387464899703
2020,ETH,Ethiopia,4,8,logreg,svr,6.229885044837253
2020,FIN,Finland,2,1,logreg,svr,1.9038693599232843
2020,FJI,Fiji,2,1,logreg,svr,2.4040660680425177
2020,FRA,France,33,42,logreg,svr,35.177437080983665
2020,FSM,"Micronesia, Fed. Sts.",0,0,logreg,svr,0.0
2020,GAB,Gabon,0,0,logreg,svr,0.0
2020,GBR,United Kingdom,64,67,logreg,svr,45.587535916404704
2020,GEO,Georgia,8,7,logreg,svr,4.375230393271373
2020,GHA,Ghana,1,0,logreg,svr,0.0
2020,GIN,Guinea,0,0,logreg,svr,0.0
2020,GMB,"Gambia, The",0,0,logreg,svr,0.0
2020,GNB,Guinea-Bissau,0,0,logreg,svr,0.0
2020,GNQ,Equatorial Guinea,0,0,logreg,svr,0.0
2020,GRC,Greece,4,6,logreg,svr,4.088738599741831
2020,GRD,Grenada,1,1,logreg,svr,0.0
2020,GTM,Guatemala,0,0,logreg,svr,0.0
2020,GUM,Guam,0,0,logreg,svr,0.0
2020,GUY,Guyana,0,0,logreg,svr,0.0
2020,HKG,"Hong Kong SAR, China",6,0,logreg,svr,1.6947411610781629
2020,HND,Honduras,0,0,logreg,svr,0.0
2020,HRV,Croatia,9,10,logreg,svr,5.565614420457976
2020,HTI,Haiti,0,0,logreg,svr,0.0
2020,HUN,Hungary,20,15,logreg,svr,10.889503173862764
2020,IDN,Indonesia,5,3,logreg,svr,1.6249356674061772
2020,IND,India,7,2,logreg,svr,7.910847960197955
2020,IRL,Ireland,4,2,logreg,svr,6.419686960551978
2020,IRN,"Iran, Islamic Rep.",7,8,logreg,svr,6.005567914496048
2020,IRQ,Iraq,0,0,logreg,svr,0.0
2020,ISL,Iceland,0,0,logreg,svr,0.0
2020,ISR,Israel,4,2,logreg,svr,3.109423025919547
2020,ITA,Italy,40,28,logreg,svr,26.088105649688224
2020,JAM,Jamaica,9,11,logreg,svr,6.323313612751562
2020,JOR,Jordan,2,1,logreg,svr,0.0
2020,JPN,Japan,58,41,logreg,svr,50.73239389234833
2020,KAZ,Kazakhstan,8,18,logreg,svr,9.96159884061062
2020,KEN,Kenya,10,13,logreg,svr,8.944409441751382
2020,KGZ,Kyrgyz Republic,3,0,logreg,svr,0.0
2020,KHM,Cambodia,0,0,logreg,svr,0.0
2020,KIR,Kiribati,0,0,logreg,svr,0.0
2020,KNA,St. Kitts and Nevis,0,0,logreg,svr,0.0
2020,KOR,"Korea, Rep.",20,21,logreg,svr,18.5058318768394
2020,KWT,Kuwait,1,0,logreg,svr,0.0
2020,LAO,Lao PDR,0,0,logreg,svr,0.0
2020,LBN,Lebanon,0,0,logreg,svr,0.0
2020,LBR,Liberia,0,0,logreg,svr,0.0
2020,LBY,Libya,0,0,logreg,svr,0.0
2020,LCA,St. Lucia,0,0,logreg,svr,0.0
2020,LKA,Sri Lanka,0,0,logreg,svr,0.0
2020,LSO,Lesotho,0,0,logreg,svr,0.0
2020,LTU,Lithuania,1,4,logreg,svr,3.245756758952659
2020,LUX,Luxembourg,0,0,logreg,svr,0.0
2020,LVA,Latvia,2,0,logreg,svr,1.0625571892159016
2020,MAR,Morocco,1,1,logreg,svr,1.4965275081109795
2020,MCO,Monaco,0,0,logreg,svr,0.0
2020,MDA,Moldova,1,0,logreg,svr,0.0
2020,MDG,Madagascar,0,0,logreg,svr,0.0
2020,MDV,Maldives,0,0,logreg,svr,0.0
2020,MEX,Mexico,4,5,logreg,svr,4.477595374759858
2020,MHL,Marshall Islands,0,0,logreg,svr,0.0
2020,MKD,North Macedonia,1,0,logreg,svr,0.0
2020,MLI,Mali,0,0,logreg,svr,0.0
2020,MLT,Malta,0,0,logreg,svr,0.0
2020,MMR,Myanmar,0,0,logreg,svr,0.0
2020,MNE,Montenegro,0,0,logreg,svr,1.6165841213374534
2020,MNG,Mongolia,4,2,logreg,svr,1.561285546294819
2020,MOZ,Mozambique,0,0,logreg,svr,0.0
2020,MRT,Mauritania,0,0,logreg,svr,0.0
2020,MUS,Mauritius,0,0,logreg,svr,0.0
2020,MWI,Malawi,0,0,logreg,svr,0.0
2020,MYS,Malaysia,2,5,logreg,svr,3.203457898528761
2020,NAM,Namibia,1,0,logreg,svr,0.0
2020,NER,Niger,0,1,logreg,svr,0.0
2020,NGA,Nigeria,2,1,logreg,svr,1.1273938332187612
2020,NIC,Nicaragua,0,0,logreg,svr,0.0
2020,NLD,Netherlands,36,19,logreg,svr,17.638097750648004
2020,NOR,Norway,8,4,logreg,svr,5.224470271205178
2020,NPL,Nepal,0,0,logreg,svr,0.0
2020,NRU,Naoero,0,0,logreg,svr,0.0
2020,NZL,New Zealand,20,18,logreg,svr,14.709788800531825
2020,OMN,Oman,0,0,logreg,svr,0.0
2020,PAK,Pakistan,0,0,logreg,svr,0.0
2020,PAN,Panama,0,0,logreg,svr,0.0
2020,PER,Peru,0,0,logreg,svr,0.48565689583020344
2020,PHL,Philippines,4,1,logreg,svr,1.2091849239837913
2020,PLW,Palau,0,0,logreg,svr,0.0
2020,PNG,Papua New Guinea,0,0,logreg,svr,0.0
2020,POL,Poland,14,11,logreg,svr,10.11560431660364
2020,PRI,Puerto Rico (US),1,1,logreg,svr,1.5984375287656007
2020,PRT,Portugal,4,1,logreg,svr,2.1254916445019276
2020,PRY,Paraguay,0,0,logreg,svr,0.0
2020,PSE,West Bank and Gaza,0,0,logreg,svr,0.0
2020,QAT,Qatar,3,1,logreg,svr,0.0
2020,ROU,Romania,4,4,logreg,svr,3.8485184613107677
2020,RUS,Russian Federation,71,56,logreg,svr,43.096529941438284
2020,RWA,Rwanda,0,0,logreg,svr,0.0
2020,SAU,Saudi Arabia,1,0,logreg,svr,0.5828674517583039
2020,SDN,Sudan,0,0,logreg,svr,0.0
2020,SEN,Senegal,0,0,logreg,svr,0.0
2020,SGP,Singapore,0,1,logreg,svr,2.624741182126492
2020,SLB,Solomon Islands,0,0,logreg,svr,0.0
2020,SLE,Sierra Leone,0,0,logreg,svr,0.0
2020,SLV,El Salvador,0,0,logreg,svr,0.0
2020,SMR,San Marino,3,0,logreg,svr,0.0
2020,SOM,"Somalia, Fed. Rep.",0,0,logreg,svr,0.0
2020,SRB,Serbia,8,8,logreg,svr,6.070905455939702
2020,STP,Sao Tome and Principe,0,0,logreg,svr,0.0
2020,SUR,Suriname,0,0,logreg,svr,0.0
2020,SVK,Slovak Republic,4,4,logreg,svr,2.992171889494479
2020,SVN,Slovenia,5,4,logreg,svr,2.993316462124163
2020,SWE,Sweden,9,11,logreg,svr,8.650435584004825
2020,SWZ,Eswatini,0,0,logreg,svr,0.0
2020,SYC,Seychelles,0,0,logreg,svr,0.0
2020,SYR,Syrian Arab Republic,1,0,logreg,svr,0.0
2020,TCD,Chad,0,0,logreg,svr,0.0
2020,TGO,Togo,0,0,logreg,svr,0.0
2020,THA,Thailand,2,6,logreg,svr,3.565883591417844
2020,TJK,Tajikistan,0,1,logreg,svr,0.0
2020,TKM,Turkmenistan,1,0,logreg,svr,0.0
2020,TLS,Timor-Leste,0,0,logreg,svr,0.0
2020,TON,Tonga,0,0,logreg,svr,0.0
2020,TTO,Trinidad and Tobago,0,1,logreg,svr,1.2933428365665165
2020,TUN,Tunisia,2,3,logreg,svr,2.829967461631533
2020,TUR,Turkiye,13,8,logreg,svr,6.642166859911285
2020,TUV,Tuvalu,0,0,logreg,svr,0.0
2020,TZA,Tanzania,0,0,logreg,svr,0.0
2020,UGA,Uganda,4,0,logreg,svr,0.0
2020,UKR,Ukraine,19,11,logreg,svr,8.132291575016474
2020,URY,Uruguay,0,0,logreg,svr,0.0
2020,USA,United States,113,121,logreg,svr,101.10241984068847
2020,UZB,Uzbekistan,5,13,logreg,svr,9.036564185255248
2020,VCT,St. Vincent and the Grenadines,0,0,logreg,svr,0.0
2020,VEN,"Venezuela, RB",4,3,logreg,svr,7.2978744919990035
2020,VIR,Virgin Islands (U.S.),0,0,logreg,svr,0.0
2020,VNM,Viet Nam,0,2,logreg,svr,2.4988204109359273
2020,VUT,Vanuatu,0,0,logreg,svr,0.0
2020,WSM,Samoa,0,0,logreg,svr,0.0
2020,ZAF,South Africa,3,10,logreg,svr,7.9311512723362725
2020,ZMB,Zambia,0,0,logreg,svr,0.0
2020,ZWE,Zimbabwe,0,0,logreg,svr,0.0
2020,ABW,Aruba,0,0,logreg,rf,0.0
2020,AFG,Afghanistan,0,0,logreg,rf,0.0
2020,AGO,Angola,0,0,logreg,rf,0.0
2020,ALB,Albania,0,0,logreg,rf,0.0
2020,AND,Andorra,0,0,logreg,rf,0.0
2020,ARE,United Arab Emirates,0,1,logreg,rf,0.0
2020,ARG,Argentina,3,4,logreg,rf,8.486460127591705
2020,ARM,Armenia,4,4,logreg,rf,3.3107601830995055
2020,ASM,American Samoa,0,0,logreg,rf,0.0
2020,ATG,Antigua and Barbuda,0,0,logreg,rf,0.0
2020,AUS,Australia,46,29,logreg,rf,39.33
2020,AUT,Austria,7,1,logreg,rf,3.656975833288846
2020,AZE,Azerbaijan,7,18,logreg,rf,13.44089971139971
2020,BDI,Burundi,0,1,logreg,rf,0.0
2020,BEL,Belgium,7,6,logreg,rf,6.95678664889649
2020,BEN,Benin,0,0,logreg,rf,0.0
2020,BFA,Burkina Faso,1,0,logreg,rf,0.0
2020,BGD,Bangladesh,0,0,logreg,rf,0.0
2020,BGR,Bulgaria,6,3,logreg,rf,3.076614701254477
2020,BHR,Bahrain,1,2,logreg,rf,2.6481456333622186
2020,BHS,"Bahamas, The",2,2,logreg,rf,2.181140731944952
2020,BIH,Bosnia and Herzegovina,0,0,logreg,rf,0.0
2020,BLR,Belarus,7,9,logreg,rf,9.096343506589198
2020,BLZ,Belize,0,0,logreg,rf,0.0
2020,BMU,Bermuda,1,0,logreg,rf,0.0
2020,BOL,Bolivia,0,0,logreg,rf,0.0
2020,BRA,Brazil,21,19,logreg,rf,23.098205128205127
2020,BRB,Barbados,0,0,logreg,rf,0.0
2020,BRN,Brunei Darussalam,0,0,logreg,rf,0.0
2020,BTN,Bhutan,0,0,logreg,rf,0.0
2020,BWA,Botswana,1,0,logreg,rf,0.0
2020,CAF,Central African Republic,0,0,logreg,rf,0.0
2020,CAN,Canada,24,22,logreg,rf,28.84415750915751
2020,CHE,Switzerland,13,7,logreg,rf,7.745743271221532
2020,CHL,Chile,0,0,logreg,rf,2.452162439899775
2020,CHN,China,89,70,logreg,rf,76.7
2020,CIV,Cote d'Ivoire,1,2,logreg,rf,2.069045209655642
2020,CMR,Cameroon,0,0,logreg,rf,0.0
2020,COD,"Congo, Dem. Rep.",0,0,logreg,rf,0.0
2020,COG,"Congo, Rep.",0,0,logreg,rf,0.0
2020,COL,Colombia,5,8,logreg,rf,8.672502700511666
2020,COM,Comoros,0,0,logreg,rf,0.0
2020,CPV,Cabo Verde,0,0,logreg,rf,0.0
2020,CRI,Costa Rica,0,0,logreg,rf,0.0
2020,CUB,Cuba,15,11,logreg,rf,10.406529473400164
2020,CYM,Cayman Islands,0,0,logreg,rf,0.0
2020,CYP,Cyprus,0,0,logreg,rf,0.0
2020,CZE,Czechia,11,10,logreg,rf,10.387660973084888
2020,DEU,Germany,37,42,logreg,rf,44.01666666666667
2020,DJI,Djibouti,0,0,logreg,rf,0.0
2020,DMA,Dominica,0,0,logreg,rf,0.0
2020,DNK,Denmark,11,15,logreg,rf,9.739571428571429
2020,DOM,Dominican Republic,5,1,logreg,rf,2.945538995949838
2020,DZA,Algeria,0,2,logreg,rf,2.7566329781864187
2020,ECU,Ecuador,3,0,logreg,rf,2.524371548852317
2020,EGY,"Egypt, Arab Rep.",6,3,logreg,rf,4.428183013495981
2020,ESP,Spain,17,17,logreg,rf,21.8747912087912
2020,EST,Estonia,2,1,logreg,rf,1.9515883260062303
2020,ETH,Ethiopia,4,8,logreg,rf,7.3018253968253966
2020,FIN,Finland,2,1,logreg,rf,2.4345145831509707
2020,FJI,Fiji,2,1,logreg,rf,2.0983540128592413
2020,FRA,France,33,42,logreg,rf,42.091428571428565
2020,FSM,"Micronesia, Fed. Sts.",0,0,logreg,rf,0.0
2020,GAB,Gabon,0,0,logreg,rf,0.0
2020,GBR,United Kingdom,64,67,logreg,rf,55.419333333333334
2020,GEO,Georgia,8,7,logreg,rf,7.530426933782919
2020,GHA,Ghana,1,0,logreg,rf,0.0
2020,GIN,Guinea,0,0,logreg,rf,0.0
2020,GMB,"Gambia, The",0,0,logreg,rf,0.0
2020,GNB,Guinea-Bissau,0,0,logreg,rf,0.0
2020,GNQ,Equatorial Guinea,0,0,logreg,rf,0.0
2020,GRC,Greece,4,6,logreg,rf,6.1452474804081145
2020,GRD,Grenada,1,1,logreg,rf,0.0
2020,GTM,Guatemala,0,0,logreg,rf,0.0
2020,GUM,Guam,0,0,logreg,rf,0.0
2020,GUY,Guyana,0,0,logreg,rf,0.0
2020,HKG,"Hong Kong SAR, China",6,0,logreg,rf,2.020221410165887
2020,HND,Honduras,0,0,logreg,rf,0.0
2020,HRV,Croatia,9,10,logreg,rf,9.197982871309444
2020,HTI,Haiti,0,0,logreg,rf,0.0
2020,HUN,Hungary,20,15,logreg,rf,13.653464285714286
2020,IDN,Indonesia,5,3,logreg,rf,3.9750727328227327
2020,IND,India,7,2,logreg,rf,8.997664449371767
2020,IRL,Ireland,4,2,logreg,rf,5.807609684570249
2020,IRN,"Iran, Islamic Rep.",7,8,logreg,rf,6.613141084186815
2020,IRQ,Iraq,0,0,logreg,rf,0.0
2020,ISL,Iceland,0,0,logreg,rf,0.0
2020,ISR,Israel,4,2,logreg,rf,3.339727180346494
2020,ITA,Italy,40,28,logreg,rf,33.6807619047619
2020,JAM,Jamaica,9,11,logreg,rf,11.282394636015326
2020,JOR,Jordan,2,1,logreg,rf,0.0
2020,JPN,Japan,58,41,logreg,rf,60.93
2020,KAZ,Kazakhstan,8,18,logreg,rf,13.593833333333333
2020,KEN,Kenya,10,13,logreg,rf,12.149220238095237
2020,KGZ,Kyrgyz Republic,3,0,logreg,rf,0.0
2020,KHM,Cambodia,0,0,logreg,rf,0.0
2020,KIR,Kiribati,0,0,logreg,rf,0.0
2020,KNA,St. Kitts and Nevis,0,0,logreg,rf,0.0
2020,KOR,"Korea, Rep.",20,21,logreg,rf,19.794291208791208
2020,KWT,Kuwait,1,0,logreg,rf,0.0
2020,LAO,Lao PDR,0,0,logreg,rf,0.0
2020,LBN,Lebanon,0,0,logreg,rf,0.0
2020,LBR,Liberia,0,0,logreg,rf,0.0
2020,LBY,Libya,0,0,logreg,rf,0.0
2020,LCA,St. Lucia,0,0,logreg,rf,0.0
2020,LKA,Sri Lanka,0,0,logreg,rf,0.0
2020,LSO,Lesotho,0,0,logreg,rf,0.0
2020,LTU,Lithuania,1,4,logreg,rf,3.314128890463934
2020,LUX,Luxembourg,0,0,logreg,rf,0.0
2020,LVA,Latvia,2,0,logreg,rf,2.760346776266602
2020,MAR,Morocco,1,1,logreg,rf,2.6059474919060843
2020,MCO,Monaco,0,0,logreg,rf,0.0
2020,MDA,Moldova,1,0,logreg,rf,0.0
2020,MDG,Madagascar,0,0,logreg,rf,0.0
2020,MDV,Maldives,0,0,logreg,rf,0.0
2020,MEX,Mexico,4,5,logreg,rf,9.384280303030302
2020,MHL,Marshall Islands,0,0,logreg,rf,0.0
2020,MKD,North Macedonia,1,0,logreg,rf,0.0
2020,MLI,Mali,0,0,logreg,rf,0.0
2020,MLT,Malta,0,0,logreg,rf,0.0
2020,MMR,Myanmar,0,0,logreg,rf,0.0
2020,MNE,Montenegro,0,0,logreg,rf,1.9735515262908436
2020,MNG,Mongolia,4,2,logreg,rf,3.040476517657139
2020,MOZ,Mozambique,0,0,logreg,rf,0.0
2020,MRT,Mauritania,0,0,logreg,rf,0.0
2020,MUS,Mauritius,0,0,logreg,rf,0.0
2020,MWI,Malawi,0,0,logreg,rf,0.0
2020,MYS,Malaysia,2,5,logreg,rf,4.23685652200142
2020,NAM,Namibia,1,0,logreg,rf,0.0
2020,NER,Niger,0,1,logreg,rf,0.0
2020,NGA,Nigeria,2,1,logreg,rf,4.354727639755236
2020,NIC,Nicaragua,0,0,logreg,rf,0.0
2020,NLD,Netherlands,36,19,logreg,rf,20.002895604395604
2020,NOR,Norway,8,4,logreg,rf,4.888318647386806
2020,NPL,Nepal,0,0,logreg,rf,0.0
2020,NRU,Naoero,0,0,logreg,rf,0.0
2020,NZL,New Zealand,20,18,logreg,rf,14.211823412698411
2020,OMN,Oman,0,0,logreg,rf,0.0
2020,PAK,Pakistan,0,0,logreg,rf,0.0
2020,PAN,Panama,0,0,logreg,rf,0.0
2020,PER,Peru,0,0,logreg,rf,3.277389264822507
2020,PHL,Philippines,4,1,logreg,rf,2.2765469982047786
2020,PLW,Palau,0,0,logreg,rf,0.0
2020,PNG,Papua New Guinea,0,0,logreg,rf,0.0
2020,POL,Poland,14,11,logreg,rf,12.707315476190477
2020,PRI,Puerto Rico (US),1,1,logreg,rf,2.0818081230311325
2020,PRT,Portugal,4,1,logreg,rf,2.9243150484034395
2020,PRY,Paraguay,0,0,logreg,rf,0.0
2020,PSE,West Bank and Gaza,0,0,logreg,rf,0.0
2020,QAT,Qatar,3,1,logreg,rf,0.0
2020,ROU,Romania,4,4,logreg,rf,5.300050457184883
2020,RUS,Russian Federation,71,56,logreg,rf,54.8
2020,RWA,Rwanda,0,0,logreg,rf,0.0
2020,SAU,Saudi Arabia,1,0,logreg,rf,3.1872747841347415
2020,SDN,Sudan,0,0,logreg,rf,0.0
2020,SEN,Senegal,0,0,logreg,rf,0.0
2020,SGP,Singapore,0,1,logreg,rf,2.0914834958459974
2020,SLB,Solomon Islands,0,0,logreg,rf,0.0
2020,SLE,Sierra Leone,0,0,logreg,rf,0.0
2020,SLV,El Salvador,0,0,logreg,rf,0.0
2020,SMR,San Marino,3,0,logreg,rf,0.0
2020,SOM,"Somalia, Fed. Rep.",0,0,logreg,rf,0.0
2020,SRB,Serbia,8,8,logreg,rf,7.5207799067903025
2020,STP,Sao Tome and Principe,0,0,logreg,rf,0.0
2020,SUR,Suriname,0,0,logreg,rf,0.0
2020,SVK,Slovak Republic,4,4,logreg,rf,3.0888802311265353
2020,SVN,Slovenia,5,4,logreg,rf,3.9596651552106867
2020,SWE,Sweden,9,11,logreg,rf,9.082392496392497
2020,SWZ,Eswatini,0,0,logreg,rf,0.0
2020,SYC,Seychelles,0,0,logreg,rf,0.0
2020,SYR,Syrian Arab Republic,1,0,logreg,rf,0.0
2020,TCD,Chad,0,0,logreg,rf,0.0
2020,TGO,Togo,0,0,logreg,rf,0.0
2020,THA,Thailand,2,6,logreg,rf,6.035437645369138
2020,TJK,Tajikistan,0,1,logreg,rf,0.0
2020,TKM,Turkmenistan,1,0,logreg,rf,0.0
2020,TLS,Timor-Leste,0,0,logreg,rf,0.0
2020,TON,Tonga,0,0,logreg,rf,0.0
2020,TTO,Trinidad and Tobago,0,1,logreg,rf,1.6974097259829373
2020,TUN,Tunisia,2,3,logreg,rf,4.188944564490362
2020,TUR,Turkiye,13,8,logreg,rf,6.616218043995908
2020,TUV,Tuvalu,0,0,logreg,rf,0.0
2020,TZA,Tanzania,0,0,logreg,rf,0.0
2020,UGA,Uganda,4,0,logreg,rf,0.0
2020,UKR,Ukraine,19,11,logreg,rf,11.972607142857143
2020,URY,Uruguay,0,0,logreg,rf,0.0
2020,USA,United States,113,121,logreg,rf,110.57
2020,UZB,Uzbekistan,5,13,logreg,rf,11.559159632034634
2020,VCT,St. Vincent and the Grenadines,0,0,logreg,rf,0.0
2020,VEN,"Venezuela, RB",4,3,logreg,rf,5.766440525332843
2020,VIR,Virgin Islands (U.S.),0,0,logreg,rf,0.0
2020,VNM,Viet Nam,0,2,logreg,rf,2.93538811615116
2020,VUT,Vanuatu,0,0,logreg,rf,0.0
2020,WSM,Samoa,0,0,logreg,rf,0.0
2020,ZAF,South Africa,3,10,logreg,rf,13.004787878787882
2020,ZMB,Zambia,0,0,logreg,rf,0.0
2020,ZWE,Zimbabwe,0,0,logreg,rf,0.0
2020,ABW,Aruba,0,0,svc,linear,0.0
2020,AFG,Afghanistan,0,0,svc,linear,0.0
2020,AGO,Angola,0,0,svc,linear,0.0
2020,ALB,Albania,0,0,svc,linear,0.0
2020,AND,Andorra,0,0,svc,linear,0.0
2020,ARE,United Arab Emirates,0,1,svc,linear,0.0
2020,ARG,Argentina,3,4,svc,linear,12.45184348736652
2020,ARM,Armenia,4,4,svc,linear,4.127727604603541
2020,ASM,American Samoa,0,0,svc,linear,0.0
2020,ATG,Antigua and Barbuda,0,0,svc,linear,0.0
2020,AUS,Australia,46,29,svc,linear,39.22669680327664
2020,AUT,Austria,7,1,svc,linear,3.620260101047757
2020,AZE,Azerbaijan,7,18,svc,linear,12.98223491938215
2020,BDI,Burundi,0,1,svc,linear,0.0
2020,BEL,Belgium,7,6,svc,linear,8.881808368442776
2020,BEN,Benin,0,0,svc,linear,0.0
2020,BFA,Burkina Faso,1,0,svc,linear,0.0
2020,BGD,Bangladesh,0,0,svc,linear,0.0
2020,BGR,Bulgaria,6,3,svc,linear,4.259942263169721
2020,BHR,Bahrain,1,2,svc,linear,2.5003076234678776
2020,BHS,"Bahamas, The",2,2,svc,linear,1.765547865398032
2020,BIH,Bosnia and Herzegovina,0,0,svc,linear,0.0
2020,BLR,Belarus,7,9,svc,linear,10.567486146928768
2020,BLZ,Belize,0,0,svc,linear,0.0
2020,BMU,Bermuda,1,0,svc,linear,0.0
2020,BOL,Bolivia,0,0,svc,linear,0.0
2020,BRA,Brazil,21,19,svc,linear,28.29534348914588
2020,BRB,Barbados,0,0,svc,linear,0.0
2020,BRN,Brunei Darussalam,0,0,svc,linear,0.0
2020,BTN,Bhutan,0,0,svc,linear,0.0
2020,BWA,Botswana,1,0,svc,linear,0.0
2020,CAF,Central African Republic,0,0,svc,linear,0.0
2020,CAN,Canada,24,22,svc,linear,32.089406854319535
2020,CHE,Switzerland,13,7,svc,linear,7.231234183984168
2020,CHL,Chile,0,0,svc,linear,3.8289075536906143
2020,CHN,China,89,70,svc,linear,84.0678109610704
2020,CIV,Cote d'Ivoire,1,2,svc,linear,4.368546481872357
2020,CMR,Cameroon,0,0,svc,linear,0.0
2020,COD,"Congo, Dem. Rep.",0,0,svc,linear,0.0
2020,COG,"Congo, Rep.",0,0,svc,linear,0.0
2020,COL,Colombia,5,8,svc,linear,9.420073933868943
2020,COM,Comoros,0,0,svc,linear,0.0
2020,CPV,Cabo Verde,0,0,svc,linear,0.0
2020,CRI,Costa Rica,0,0,svc,linear,0.0
2020,CUB,Cuba,15,11,svc,linear,10.017533597797275
2020,CYM,Cayman Islands,0,0,svc,linear,0.0
2020,CYP,Cyprus,0,0,svc,linear,0.0
2020,CZE,Czechia,11,10,svc,linear,10.960488584201508
2020,DEU,Germany,37,42,svc,linear,46.917295049199836
2020,DJI,Djibouti,0,0,svc,linear,0.0
2020,DMA,Dominica,0,0,svc,linear,0.0
2020,DNK,Denmark,11,15,svc,linear,11.556108623229761
2020,DOM,Dominican Republic,5,1,svc,linear,4.957087721525889
2020,DZA,Algeria,0,2,svc,linear,4.8719528271151695
2020,ECU,Ecuador,3,0,svc,linear,3.7168289311656313
2020,EGY,"Egypt, Arab Rep.",6,3,svc,linear,10.072895535662001
2020,ESP,Spain,17,17,svc,linear,26.509772779031316
2020,EST,Estonia,2,1,svc,linear,2.3176795326948856
2020,ETH,Ethiopia,4,8,svc,linear,7.950373885993619
2020,FIN,Finland,2,1,svc,linear,1.9760690676699877
2020,FJI,Fiji,2,1,svc,linear,3.1369202328899366
2020,FRA,France,33,42,svc,linear,44.178006670712705
2020,FSM,"Micronesia, Fed. Sts.",0,0,svc,linear,0.0
2020,GAB,Gabon,0,0,svc,linear,0.0
2020,GBR,United Kingdom,64,67,svc,linear,57.11464336026389
2020,GEO,Georgia,8,7,svc,linear,6.472166925000259
2020,GHA,Ghana,1,0,svc,linear,0.0
2020,GIN,Guinea,0,0,svc,linear,0.0
2020,GMB,"Gambia, The",0,0,svc,linear,0.0
2020,GNB,Guinea-Bissau,0,0,svc,linear,0.0
2020,GNQ,Equatorial Guinea,0,0,svc,linear,0.0
2020,GRC,Greece,4,6,svc,linear,7.71303127842918
2020,GRD,Grenada,1,1,svc,linear,0.0
2020,GTM,Guatemala,0,0,svc,linear,0.0
2020,GUM,Guam,0,0,svc,linear,0.0
2020,GUY,Guyana,0,0,svc,linear,0.0
2020,HKG,"Hong Kong SAR, China",6,0,svc,linear,1.4804663311182793
2020,HND,Honduras,0,0,svc,linear,0.0
2020,HRV,Croatia,9,10,svc,linear,8.50926778050335
2020,HTI,Haiti,0,0,svc,linear,0.0
2020,HUN,Hungary,20,15,svc,linear,16.52558585590674
2020,IDN,Indonesia,5,3,svc,linear,5.7758023482623795
2020,IND,India,7,2,svc,linear,8.997353344492145
2020,IRL,Ireland,4,2,svc,linear,4.5099056770684145
2020,IRN,"Iran, Islamic Rep.",7,8,svc,linear,9.140922841451083
2020,IRQ,Iraq,0,0,svc,linear,0.0
2020,ISL,Iceland,0,0,svc,linear,0.0
2020,ISR,Israel,4,2,svc,linear,5.436070784945796
2020,ITA,Italy,40,28,svc,linear,35.583675806897325
2020,JAM,Jamaica,9,11,svc,linear,9.51014187412617
2020,JOR,Jordan,2,1,svc,linear,0.0
2020,JPN,Japan,58,41,svc,linear,56.58340289223646
2020,KAZ,Kazakhstan,8,18,svc,linear,15.75413197176599
2020,KEN,Kenya,10,13,svc,linear,12.707377115752852
2020,KGZ,Kyrgyz Republic,3,0,svc,linear,0.0
2020,KHM,Cambodia,0,0,svc,linear,0.0
2020,KIR,Kiribati,0,0,svc,linear,0.0
2020,KNA,St. Kitts and Nevis,0,0,svc,linear,0.0
2020,KOR,"Korea, Rep.",20,21,svc,linear,24.945859149800345
2020,KWT,Kuwait,1,0,svc,linear,0.0
2020,LAO,Lao PDR,0,0,svc,linear,0.0
2020,LBN,Lebanon,0,0,svc,linear,0.0
2020,LBR,Liberia,0,0,svc,linear,0.0
2020,LBY,Libya,0,0,svc,linear,0.0
2020,LCA,St. Lucia,0,0,svc,linear,0.0
2020,LKA,Sri Lanka,0,0,svc,linear,0.0
2020,LSO,Lesotho,0,0,svc,linear,0.0
2020,LTU,Lithuania,1,4,svc,linear,4.512920686736933
2020,LUX,Luxembourg,0,0,svc,linear,0.0
2020,LVA,Latvia,2,0,svc,linear,0.0
2020,MAR,Morocco,1,1,svc,linear,4.247757538856356
2020,MCO,Monaco,0,0,svc,linear,0.0
2020,MDA,Moldova,1,0,svc,linear,0.0
2020,MDG,Madagascar,0,0,svc,linear,0.0
2020,MDV,Maldives,0,0,svc,linear,0.0
2020,MEX,Mexico,4,5,svc,linear,13.151648786946067
2020,MHL,Marshall Islands,0,0,svc,linear,0.0
2020,MKD,North Macedonia,1,0,svc,linear,0.0
2020,MLI,Mali,0,0,svc,linear,0.0
2020,MLT,Malta,0,0,svc,linear,0.0
2020,MMR,Myanmar,0,0,svc,linear,0.0
2020,MNE,Montenegro,0,0,svc,linear,0.0
2020,MNG,Mongolia,4,2,svc,linear,4.878719481178361
2020,MOZ,Mozambique,0,0,svc,linear,0.0
2020,MRT,Mauritania,0,0,svc,linear,0.0
2020,MUS,Mauritius,0,0,svc,linear,0.0
2020,MWI,Malawi,0,0,svc,linear,0.0
2020,MYS,Malaysia,2,5,svc,linear,5.905397852221263
2020,NAM,Namibia,1,0,svc,linear,0.0
2020,NER,Niger,0,1,svc,linear,0.0
2020,NGA,Nigeria,2,1,svc,linear,5.3930157728412675
2020,NIC,Nicaragua,0,0,svc,linear,0.0
2020,NLD,Netherlands,36,19,svc,linear,22.713711883650774
2020,NOR,Norway,8,4,svc,linear,4.865101780934729
2020,NPL,Nepal,0,0,svc,linear,0.0
2020,NRU,Naoero,0,0,svc,linear,0.0
2020,NZL,New Zealand,20,18,svc,linear,19.40719608398964
2020,OMN,Oman,0,0,svc,linear,0.0
2020,PAK,Pakistan,0,0,svc,linear,0.0
2020,PAN,Panama,0,0,svc,linear,0.0
2020,PER,Peru,0,0,svc,linear,3.413045000478098
2020,PHL,Philippines,4,1,svc,linear,3.364024609117873
2020,PLW,Palau,0,0,svc,linear,0.0
2020,PNG,Papua New Guinea,0,0,svc,linear,0.0
2020,POL,Poland,14,11,svc,linear,16.60936536197488
2020,PRI,Puerto Rico (US),1,1,svc,linear,1.9931931948748698
2020,PRT,Portugal,4,1,svc,linear,5.413931641018919
2020,PRY,Paraguay,0,0,svc,linear,0.0
2020,PSE,West Bank and Gaza,0,0,svc,linear,0.0
2020,QAT,Qatar,3,1,svc,linear,0.0
2020,ROU,Romania,4,4,svc,linear,7.844664538081742
2020,RUS,Russian Federation,71,56,svc,linear,49.32931939430122
2020,RWA,Rwanda,0,0,svc,linear,0.0
2020,SAU,Saudi Arabia,1,0,svc,linear,4.509839222540882
2020,SDN,Sudan,0,0,svc,linear,0.0
2020,SEN,Senegal,0,0,svc,linear,0.0
2020,SGP,Singapore,0,1,svc,linear,0.2822381561491163
2020,SLB,Solomon Islands,0,0,svc,linear,0.0
2020,SLE,Sierra Leone,0,0,svc,linear,0.0
2020,SLV,El Salvador,0,0,svc,linear,0.0
2020,SMR,San Marino,3,0,svc,linear,0.0
2020,SOM,"Somalia, Fed. Rep.",0,0,svc,linear,0.0
2020,SRB,Serbia,8,8,svc,linear,9.15178045140662
2020,STP,Sao Tome and Principe,0,0,svc,linear,0.0
2020,SUR,Suriname,0,0,svc,linear,0.0
2020,SVK,Slovak Republic,4,4,svc,linear,4.614256526175615
2020,SVN,Slovenia,5,4,svc,linear,4.881847546017343
2020,SWE,Sweden,9,11,svc,linear,11.756746084518273
2020,SWZ,Eswatini,0,0,svc,linear,0.0
2020,SYC,Seychelles,0,0,svc,linear,0.0
2020,SYR,Syrian Arab Republic,1,0,svc,linear,0.0
2020,TCD,Chad,0,0,svc,linear,0.0
2020,TGO,Togo,0,0,svc,linear,0.0
2020,THA,Thailand,2,6,svc,linear,7.006114611364726
2020,TJK,Tajikistan,0,1,svc,linear,0.0
2020,TKM,Turkmenistan,1,0,svc,linear,0.0
2020,TLS,Timor-Leste,0,0,svc,linear,0.0
2020,TON,Tonga,0,0,svc,linear,0.0
2020,TTO,Trinidad and Tobago,0,1,svc,linear,2.3698173588994305
2020,TUN,Tunisia,2,3,svc,linear,5.982409282469948
2020,TUR,Turkiye,13,8,svc,linear,11.601700081921761
2020,TUV,Tuvalu,0,0,svc,linear,0.0
2020,TZA,Tanzania,0,0,svc,linear,0.0
2020,UGA,Uganda,4,0,svc,linear,0.0
2020,UKR,Ukraine,19,11,svc,linear,13.891657216586122
2020,URY,Uruguay,0,0,svc,linear,0.0
2020,USA,United States,113,121,svc,linear,134.74148853608187
2020,UZB,Uzbekistan,5,13,svc,linear,11.863534699346738
2020,VCT,St. Vincent and the Grenadines,0,0,svc,linear,0.0
2020,VEN,"Venezuela, RB",4,3,svc,linear,4.4019457210458
2020,VIR,Virgin Islands (U.S.),0,0,svc,linear,0.0
2020,VNM,Viet Nam,0,2,svc,linear,3.876710200801096
2020,VUT,Vanuatu,0,0,svc,linear,0.0
2020,WSM,Samoa,0,0,svc,linear,0.0
2020,ZAF,South Africa,3,10,svc,linear,15.48123956543976
2020,ZMB,Zambia,0,0,svc,linear,0.0
2020,ZWE,Zimbabwe,0,0,svc,linear,0.0
2020,ABW,Aruba,0,0,svc,weighted_lr,0.0
2020,AFG,Afghanistan,0,0,svc,weighted_lr,0.0
2020,AGO,Angola,0,0,svc,weighted_lr,0.0
2020,ALB,Albania,0,0,svc,weighted_lr,0.0
2020,AND,Andorra,0,0,svc,weighted_lr,0.0
2020,ARE,United Arab Emirates,0,1,svc,weighted_lr,0.0
2020,ARG,Argentina,3,4,svc,weighted_lr,12.101179441527057
2020,ARM,Armenia,4,4,svc,weighted_lr,3.123652437569845
2020,ASM,American Samoa,0,0,svc,weighted_lr,0.0
2020,ATG,Antigua and Barbuda,0,0,svc,weighted_lr,0.0
2020,AUS,Australia,46,29,svc,weighted_lr,40.092934605309445
2020,AUT,Austria,7,1,svc,weighted_lr,2.8838356780737495
2020,AZE,Azerbaijan,7,18,svc,weighted_lr,11.92769553039015
2020,BDI,Burundi,0,1,svc,weighted_lr,0.0
2020,BEL,Belgium,7,6,svc,weighted_lr,8.294940590294672
2020,BEN,Benin,0,0,svc,weighted_lr,0.0
2020,BFA,Burkina Faso,1,0,svc,weighted_lr,0.0
2020,BGD,Bangladesh,0,0,svc,weighted_lr,0.0
2020,BGR,Bulgaria,6,3,svc,weighted_lr,3.510610980100509
2020,BHR,Bahrain,1,2,svc,weighted_lr,1.7425708383080796
2020,BHS,"Bahamas, The",2,2,svc,weighted_lr,0.8063859670189153
2020,BIH,Bosnia and Herzegovina,0,0,svc,weighted_lr,0.0
2020,BLR,Belarus,7,9,svc,weighted_lr,9.9516952273921
2020,BLZ,Belize,0,0,svc,weighted_lr,0.0
2020,BMU,Bermuda,1,0,svc,weighted_lr,0.0
2020,BOL,Bolivia,0,0,svc,weighted_lr,0.0
2020,BRA,Brazil,21,19,svc,weighted_lr,28.312515377562917
2020,BRB,Barbados,0,0,svc,weighted_lr,0.0
2020,BRN,Brunei Darussalam,0,0,svc,weighted_lr,0.0
2020,BTN,Bhutan,0,0,svc,weighted_lr,0.0
2020,BWA,Botswana,1,0,svc,weighted_lr,0.0
2020,CAF,Central African Republic,0,0,svc,weighted_lr,0.0
2020,CAN,Canada,24,22,svc,weighted_lr,32.542669873660174
2020,CHE,Switzerland,13,7,svc,weighted_lr,6.6780845046859785
2020,CHL,Chile,0,0,svc,weighted_lr,2.857651610326352
2020,CHN,China,89,70,svc,weighted_lr,81.00749426284554
2020,CIV,Cote d'Ivoire,1,2,svc,weighted_lr,3.0279094252915826
2020,CMR,Cameroon,0,0,svc,weighted_lr,0.0
2020,COD,"Congo, Dem. Rep.",0,0,svc,weighted_lr,0.0
2020,COG,"Congo, Rep.",0,0,svc,weighted_lr,0.0
2020,COL,Colombia,5,8,svc,weighted_lr,8.385606662937915
2020,COM,Comoros,0,0,svc,weighted_lr,0.0
2020,CPV,Cabo Verde,0,0,svc,weighted_lr,0.0
2020,CRI,Costa Rica,0,0,svc,weighted_lr,0.0
2020,CUB,Cuba,15,11,svc,weighted_lr,9.234671114941179
2020,CYM,Cayman Islands,0,0,svc,weighted_lr,0.0
2020,CYP,Cyprus,0,0,svc,weighted_lr,0.0
2020,CZE,Czechia,11,10,svc,weighted_lr,10.297255355063987
2020,DEU,Germany,37,42,svc,weighted_lr,46.6486665368672
2020,DJI,Djibouti,0,0,svc,weighted_lr,0.0
2020,DMA,Dominica,0,0,svc,weighted_lr,0.0
2020,DNK,Denmark,11,15,svc,weighted_lr,10.973879005051764
2020,DOM,Dominican Republic,5,1,svc,weighted_lr,4.005263067276936
2020,DZA,Algeria,0,2,svc,weighted_lr,3.764341625478904
2020,ECU,Ecuador,3,0,svc,weighted_lr,2.6671347381893824
2020,EGY,"Egypt, Arab Rep.",6,3,svc,weighted_lr,9.230510603245264
2020,ESP,Spain,17,17,svc,weighted_lr,26.487850460468778
2020,EST,Estonia,2,1,svc,weighted_lr,1.4315175353481422
2020,ETH,Ethiopia,4,8,svc,weighted_lr,6.569917944222762
2020,FIN,Finland,2,1,svc,weighted_lr,1.2061206949561907
2020,FJI,Fiji,2,1,svc,weighted_lr,2.207324983837145
2020,FRA,France,33,42,svc,weighted_lr,44.06873975157283
2020,FSM,"Micronesia, Fed. Sts.",0,0,svc,weighted_lr,0.0
2020,GAB,Gabon,0,0,svc,weighted_lr,0.0
2020,GBR,United Kingdom,64,67,svc,weighted_lr,56.893839242509046
2020,GEO,Georgia,8,7,svc,weighted_lr,5.508679842910992
2020,GHA,Ghana,1,0,svc,weighted_lr,0.0
2020,GIN,Guinea,0,0,svc,weighted_lr,0.0
2020,GMB,"Gambia, The",0,0,svc,weighted_lr,0.0
2020,GNB,Guinea-Bissau,0,0,svc,weighted_lr,0.0
2020,GNQ,Equatorial Guinea,0,0,svc,weighted_lr,0.0
2020,GRC,Greece,4,6,svc,weighted_lr,7.015511328669891
2020,GRD,Grenada,1,1,svc,weighted_lr,0.0
2020,GTM,Guatemala,0,0,svc,weighted_lr,0.0
2020,GUM,Guam,0,0,svc,weighted_lr,0.0
2020,GUY,Guyana,0,0,svc,weighted_lr,0.0
2020,HKG,"Hong Kong SAR, China",6,0,svc,weighted_lr,0.7374380995482905
2020,HND,Honduras,0,0,svc,weighted_lr,0.0
2020,HRV,Croatia,9,10,svc,weighted_lr,7.812237005346809
2020,HTI,Haiti,0,0,svc,weighted_lr,0.0
2020,HUN,Hungary,20,15,svc,weighted_lr,16.1618777406688
2020,IDN,Indonesia,5,3,svc,weighted_lr,4.403445265477444
2020,IND,India,7,2,svc,weighted_lr,7.024481006757599
2020,IRL,Ireland,4,2,svc,weighted_lr,3.9889396864444837
2020,IRN,"Iran, Islamic Rep.",7,8,svc,weighted_lr,8.164023922223187
2020,IRQ,Iraq,0,0,svc,weighted_lr,0.0
2020,ISL,Iceland,0,0,svc,weighted_lr,0.0
2020,ISR,Israel,4,2,svc,weighted_lr,4.557688804840936
2020,ITA,Italy,40,28,svc,weighted_lr,35.76879935334619
2020,JAM,Jamaica,9,11,svc,weighted_lr,8.593411384779698
2020,JOR,Jordan,2,1,svc,weighted_lr,0.0
2020,JPN,Japan,58,41,svc,weighted_lr,56.74525087963188
2020,KAZ,Kazakhstan,8,18,svc,weighted_lr,14.9174181728464
2020,KEN,Kenya,10,13,svc,weighted_lr,11.635826550681982
2020,KGZ,Kyrgyz Republic,3,0,svc,weighted_lr,0.0
2020,KHM,Cambodia,0,0,svc,weighted_lr,0.0
2020,KIR,Kiribati,0,0,svc,weighted_lr,0.0
2020,KNA,St. Kitts and Nevis,0,0,svc,weighted_lr,0.0
2020,KOR,"Korea, Rep.",20,21,svc,weighted_lr,24.49137026621882
2020,KWT,Kuwait,1,0,svc,weighted_lr,0.0
2020,LAO,Lao PDR,0,0,svc,weighted_lr,0.0
2020,LBN,Lebanon,0,0,svc,weighted_lr,0.0
2020,LBR,Liberia,0,0,svc,weighted_lr,0.0
2020,LBY,Libya,0,0,svc,weighted_lr,0.0
2020,LCA,St. Lucia,0,0,svc,weighted_lr,0.0
2020,LKA,Sri Lanka,0,0,svc,weighted_lr,0.0
2020,LSO,Lesotho,0,0,svc,weighted_lr,0.0
2020,LTU,Lithuania,1,4,svc,weighted_lr,3.6635511378925454
2020,LUX,Luxembourg,0,0,svc,weighted_lr,0.0
2020,LVA,Latvia,2,0,svc,weighted_lr,0.0
2020,MAR,Morocco,1,1,svc,weighted_lr,3.190518470159269
2020,MCO,Monaco,0,0,svc,weighted_lr,0.0
2020,MDA,Moldova,1,0,svc,weighted_lr,0.0
2020,MDG,Madagascar,0,0,svc,weighted_lr,0.0
2020,MDV,Maldives,0,0,svc,weighted_lr,0.0
2020,MEX,Mexico,4,5,svc,weighted_lr,12.418954846847186
2020,MHL,Marshall Islands,0,0,svc,weighted_lr,0.0
2020,MKD,North Macedonia,1,0,svc,weighted_lr,0.0
2020,MLI,Mali,0,0,svc,weighted_lr,0.0
2020,MLT,Malta,0,0,svc,weighted_lr,0.0
2020,MMR,Myanmar,0,0,svc,weighted_lr,0.0
2020,MNE,Montenegro,0,0,svc,weighted_lr,0.0
2020,MNG,Mongolia,4,2,svc,weighted_lr,3.797741909036688
2020,MOZ,Mozambique,0,0,svc,weighted_lr,0.0
2020,MRT,Mauritania,0,0,svc,weighted_lr,0.0
2020,MUS,Mauritius,0,0,svc,weighted_lr,0.0
2020,MWI,Malawi,0,0,svc,weighted_lr,0.0
2020,MYS,Malaysia,2,5,svc,weighted_lr,4.712581618987339
2020,NAM,Namibia,1,0,svc,weighted_lr,0.0
2020,NER,Niger,0,1,svc,weighted_lr,0.0
2020,NGA,Nigeria,2,1,svc,weighted_lr,4.035043005840282
2020,NIC,Nicaragua,0,0,svc,weighted_lr,0.0
2020,NLD,Netherlands,36,19,svc,weighted_lr,22.59699433337547
2020,NOR,Norway,8,4,svc,weighted_lr,4.286061282773958
2020,NPL,Nepal,0,0,svc,weighted_lr,0.0
2020,NRU,Naoero,0,0,svc,weighted_lr,0.0
2020,NZL,New Zealand,20,18,svc,weighted_lr,18.98930506880172
2020,OMN,Oman,0,0,svc,weighted_lr,0.0
2020,PAK,Pakistan,0,0,svc,weighted_lr,0.0
2020,PAN,Panama,0,0,svc,weighted_lr,0.0
2020,PER,Peru,0,0,svc,weighted_lr,2.335426022846594
2020,PHL,Philippines,4,1,svc,weighted_lr,2.0885454644800365
2020,PLW,Palau,0,0,svc,weighted_lr,0.0
2020,PNG,Papua New Guinea,0,0,svc,weighted_lr,0.0
2020,POL,Poland,14,11,svc,weighted_lr,16.432695092997783
2020,PRI,Puerto Rico (US),1,1,svc,weighted_lr,1.2532023080727477
2020,PRT,Portugal,4,1,svc,weighted_lr,4.735317998910498
2020,PRY,Paraguay,0,0,svc,weighted_lr,0.0
2020,PSE,West Bank and Gaza,0,0,svc,weighted_lr,0.0
2020,QAT,Qatar,3,1,svc,weighted_lr,0.0
2020,ROU,Romania,4,4,svc,weighted_lr,7.245341421331702
2020,RUS,Russian Federation,71,56,svc,weighted_lr,49.808974578882626
2020,RWA,Rwanda,0,0,svc,weighted_lr,0.0
2020,SAU,Saudi Arabia,1,0,svc,weighted_lr,2.905541165924719
2020,SDN,Sudan,0,0,svc,weighted_lr,0.0
2020,SEN,Senegal,0,0,svc,weighted_lr,0.0
2020,SGP,Singapore,0,1,svc,weighted_lr,0.0
2020,SLB,Solomon Islands,0,0,svc,weighted_lr,0.0
2020,SLE,Sierra Leone,0,0,svc,weighted_lr,0.0
2020,SLV,El Salvador,0,0,svc,weighted_lr,0.0
2020,SMR,San Marino,3,0,svc,weighted_lr,0.0
2020,SOM,"Somalia, Fed. Rep.",0,0,svc,weighted_lr,0.0
2020,SRB,Serbia,8,8,svc,weighted_lr,8.51153183210345
2020,STP,Sao Tome and Principe,0,0,svc,weighted_lr,0.0
2020,SUR,Suriname,0,0,svc,weighted_lr,0.0
2020,SVK,Slovak Republic,4,4,svc,weighted_lr,3.731379564962724
2020,SVN,Slovenia,5,4,svc,weighted_lr,4.001187947263327
2020,SWE,Sweden,9,11,svc,weighted_lr,11.191260927411811
2020,SWZ,Eswatini,0,0,svc,weighted_lr,0.0
2020,SYC,Seychelles,0,0,svc,weighted_lr,0.0
2020,SYR,Syrian Arab Republic,1,0,svc,weighted_lr,0.0
2020,TCD,Chad,0,0,svc,weighted_lr,0.0
2020,TGO,Togo,0,0,svc,weighted_lr,0.0
2020,THA,Thailand,2,6,svc,weighted_lr,5.958417406827975
2020,TJK,Tajikistan,0,1,svc,weighted_lr,0.0
2020,TKM,Turkmenistan,1,0,svc,weighted_lr,0.0
2020,TLS,Timor-Leste,0,0,svc,weighted_lr,0.0
2020,TON,Tonga,0,0,svc,weighted_lr,0.0
2020,TTO,Trinidad and Tobago,0,1,svc,weighted_lr,1.419203194903167
2020,TUN,Tunisia,2,3,svc,weighted_lr,5.042224569369496
2020,TUR,Turkiye,13,8,svc,weighted_lr,10.65902238667956
2020,TUV,Tuvalu,0,0,svc,weighted_lr,0.0
2020,TZA,Tanzania,0,0,svc,weighted_lr,0.0
2020,UGA,Uganda,4,0,svc,weighted_lr,0.0
2020,UKR,Ukraine,19,11,svc,weighted_lr,13.450267119789025
2020,URY,Uruguay,0,0,svc,weighted_lr,0.0
2020,USA,United States,113,121,svc,weighted_lr,131.9071544626727
2020,UZB,Uzbekistan,5,13,svc,weighted_lr,10.742439125022914
2020,VCT,St. Vincent and the Grenadines,0,0,svc,weighted_lr,0.0
2020,VEN,"Venezuela, RB",4,3,svc,weighted_lr,3.760841687445973
2020,VIR,Virgin Islands (U.S.),0,0,svc,weighted_lr,0.0
2020,VNM,Viet Nam,0,2,svc,weighted_lr,2.6324635123335227
2020,VUT,Vanuatu,0,0,svc,weighted_lr,0.0
2020,WSM,Samoa,0,0,svc,weighted_lr,0.0
2020,ZAF,South Africa,3,10,svc,weighted_lr,14.837148874558288
2020,ZMB,Zambia,0,0,svc,weighted_lr,0.0
2020,ZWE,Zimbabwe,0,0,svc,weighted_lr,0.0
2020,ABW,Aruba,0,0,svc,ridge,0.0
2020,AFG,Afghanistan,0,0,svc,ridge,0.0
2020,AGO,Angola,0,0,svc,ridge,0.0
2020,ALB,Albania,0,0,svc,ridge,0.0
2020,AND,Andorra,0,0,svc,ridge,0.0
2020,ARE,United Arab Emirates,0,1,svc,ridge,0.0
2020,ARG,Argentina,3,4,svc,ridge,12.631938724716333
2020,ARM,Armenia,4,4,svc,ridge,2.311995505608472
2020,ASM,American Samoa,0,0,svc,ridge,0.0
2020,ATG,Antigua and Barbuda,0,0,svc,ridge,0.0
2020,AUS,Australia,46,29,svc,ridge,40.892511601906875
2020,AUT,Austria,7,1,svc,ridge,2.7307030481164105
2020,AZE,Azerbaijan,7,18,svc,ridge,10.269232598880238
2020,BDI,Burundi,0,1,svc,ridge,0.0
2020,BEL,Belgium,7,6,svc,ridge,7.978212056492726
2020,BEN,Benin,0,0,svc,ridge,0.0
2020,BFA,Burkina Faso,1,0,svc,ridge,0.0
2020,BGD,Bangladesh,0,0,svc,ridge,0.0
2020,BGR,Bulgaria,6,3,svc,ridge,3.025497277439893
2020,BHR,Bahrain,1,2,svc,ridge,1.2837025900352792
2020,BHS,"Bahamas, The",2,2,svc,ridge,0.05620907314727219
2020,BIH,Bosnia and Herzegovina,0,0,svc,ridge,0.0
2020,BLR,Belarus,7,9,svc,ridge,9.327676473219359
2020,BLZ,Belize,0,0,svc,ridge,0.0
2020,BMU,Bermuda,1,0,svc,ridge,0.0
2020,BOL,Bolivia,0,0,svc,ridge,0.0
2020,BRA,Brazil,21,19,svc,ridge,30.034863392435888
2020,BRB,Barbados,0,0,svc,ridge,0.0
2020,BRN,Brunei Darussalam,0,0,svc,ridge,0.0
2020,BTN,Bhutan,0,0,svc,ridge,0.0
2020,BWA,Botswana,1,0,svc,ridge,0.0
2020,CAF,Central African Republic,0,0,svc,ridge,0.0
2020,CAN,Canada,24,22,svc,ridge,33.484644912599876
2020,CHE,Switzerland,13,7,svc,ridge,6.433961684021645
2020,CHL,Chile,0,0,svc,ridge,2.690640448465352
2020,CHN,China,89,70,svc,ridge,83.13884865051361
2020,CIV,Cote d'Ivoire,1,2,svc,ridge,2.6385848470263564
2020,CMR,Cameroon,0,0,svc,ridge,0.0
2020,COD,"Congo, Dem. Rep.",0,0,svc,ridge,0.0
2020,COG,"Congo, Rep.",0,0,svc,ridge,0.0
2020,COL,Colombia,5,8,svc,ridge,7.892797258077589
2020,COM,Comoros,0,0,svc,ridge,0.0
2020,CPV,Cabo Verde,0,0,svc,ridge,0.0
2020,CRI,Costa Rica,0,0,svc,ridge,0.0
2020,CUB,Cuba,15,11,svc,ridge,8.16232395590286
2020,CYM,Cayman Islands,0,0,svc,ridge,0.0
2020,CYP,Cyprus,0,0,svc,ridge,0.0
2020,CZE,Czechia,11,10,svc,ridge,9.57316963006057
2020,DEU,Germany,37,42,svc,ridge,44.341324731986475
2020,DJI,Djibouti,0,0,svc,ridge,0.0
2020,DMA,Dominica,0,0,svc,ridge,0.0
2020,DNK,Denmark,11,15,svc,ridge,10.06180733185107
2020,DOM,Dominican Republic,5,1,svc,ridge,3.645432553119891
2020,DZA,Algeria,0,2,svc,ridge,3.793686399139361
2020,ECU,Ecuador,3,0,svc,ridge,2.334166674221491
2020,EGY,"Egypt, Arab Rep.",6,3,svc,ridge,9.866656452286277
2020,ESP,Spain,17,17,svc,ridge,26.14548179941916
2020,EST,Estonia,2,1,svc,ridge,1.0742389179818979
2020,ETH,Ethiopia,4,8,svc,ridge,6.546913029014123
2020,FIN,Finland,2,1,svc,ridge,1.0565573826362282
2020,FJI,Fiji,2,1,svc,ridge,1.5327791322002167
2020,FRA,France,33,42,svc,ridge,41.94339858054569
2020,FSM,"Micronesia, Fed. Sts.",0,0,svc,ridge,0.0
2020,GAB,Gabon,0,0,svc,ridge,0.0
2020,GBR,United Kingdom,64,67,svc,ridge,52.79020194151984
2020,GEO,Georgia,8,7,svc,ridge,4.567887105870323
2020,GHA,Ghana,1,0,svc,ridge,0.0
2020,GIN,Guinea,0,0,svc,ridge,0.0
2020,GMB,"Gambia, The",0,0,svc,ridge,0.0
2020,GNB,Guinea-Bissau,0,0,svc,ridge,0.0
2020,GNQ,Equatorial Guinea,0,0,svc,ridge,0.0
2020,GRC,Greece,4,6,svc,ridge,6.421327500390424
2020,GRD,Grenada,1,1,svc,ridge,0.0
2020,GTM,Guatemala,0,0,svc,ridge,0.0
2020,GUM,Guam,0,0,svc,ridge,0.0
2020,GUY,Guyana,0,0,svc,ridge,0.0
2020,HKG,"Hong Kong SAR, China",6,0,svc,ridge,0.5294340172413374
2020,HND,Honduras,0,0,svc,ridge,0.0
2020,HRV,Croatia,9,10,svc,ridge,6.815579572205529
2020,HTI,Haiti,0,0,svc,ridge,0.0
2020,HUN,Hungary,20,15,svc,ridge,15.358759804525041
2020,IDN,Indonesia,5,3,svc,ridge,5.489529765834818
2020,IND,India,7,2,svc,ridge,15.432037640162909
2020,IRL,Ireland,4,2,svc,ridge,4.343046212881733
2020,IRN,"Iran, Islamic Rep.",7,8,svc,ridge,8.139094177347026
2020,IRQ,Iraq,0,0,svc,ridge,0.0
2020,ISL,Iceland,0,0,svc,ridge,0.0
2020,ISR,Israel,4,2,svc,ridge,4.406044319977153
2020,ITA,Italy,40,28,svc,ridge,34.79573122991047
2020,JAM,Jamaica,9,11,svc,ridge,7.407654184424158
2020,JOR,Jordan,2,1,svc,ridge,0.0
2020,JPN,Japan,58,41,svc,ridge,55.10521004472009
2020,KAZ,Kazakhstan,8,18,svc,ridge,13.994394181883543
2020,KEN,Kenya,10,13,svc,ridge,10.877581894104864
2020,KGZ,Kyrgyz Republic,3,0,svc,ridge,0.0
2020,KHM,Cambodia,0,0,svc,ridge,0.0
2020,KIR,Kiribati,0,0,svc,ridge,0.0
2020,KNA,St. Kitts and Nevis,0,0,svc,ridge,0.0
2020,KOR,"Korea, Rep.",20,21,svc,ridge,23.445782397217823
2020,KWT,Kuwait,1,0,svc,ridge,0.0
2020,LAO,Lao PDR,0,0,svc,ridge,0.0
2020,LBN,Lebanon,0,0,svc,ridge,0.0
2020,LBR,Liberia,0,0,svc,ridge,0.0
2020,LBY,Libya,0,0,svc,ridge,0.0
2020,LCA,St. Lucia,0,0,svc,ridge,0.0
2020,LKA,Sri Lanka,0,0,svc,ridge,0.0
2020,LSO,Lesotho,0,0,svc,ridge,0.0
2020,LTU,Lithuania,1,4,svc,ridge,3.1552077025648
2020,LUX,Luxembourg,0,0,svc,ridge,0.0
2020,LVA,Latvia,2,0,svc,ridge,0.0
2020,MAR,Morocco,1,1,svc,ridge,2.9419889962308616
2020,MCO,Monaco,0,0,svc,ridge,0.0
2020,MDA,Moldova,1,0,svc,ridge,0.0
2020,MDG,Madagascar,0,0,svc,ridge,0.0
2020,MDV,Maldives,0,0,svc,ridge,0.0
2020,MEX,Mexico,4,5,svc,ridge,12.93558875089537
2020,MHL,Marshall Islands,0,0,svc,ridge,0.0
2020,MKD,North Macedonia,1,0,svc,ridge,0.0
2020,MLI,Mali,0,0,svc,ridge,0.0
2020,MLT,Malta,0,0,svc,ridge,0.0
2020,MMR,Myanmar,0,0,svc,ridge,0.0
2020,MNE,Montenegro,0,0,svc,ridge,0.0
2020,MNG,Mongolia,4,2,svc,ridge,3.5019112898514564
2020,MOZ,Mozambique,0,0,svc,ridge,0.0
2020,MRT,Mauritania,0,0,svc,ridge,0.0
2020,MUS,Mauritius,0,0,svc,ridge,0.0
2020,MWI,Malawi,0,0,svc,ridge,0.0
2020,MYS,Malaysia,2,5,svc,ridge,4.056522294484474
2020,NAM,Namibia,1,0,svc,ridge,0.0
2020,NER,Niger,0,1,svc,ridge,0.0
2020,NGA,Nigeria,2,1,svc,ridge,4.872627482644375
2020,NIC,Nicaragua,0,0,svc,ridge,0.0
2020,NLD,Netherlands,36,19,svc,ridge,21.931351819665007
2020,NOR,Norway,8,4,svc,ridge,4.242874917243098
2020,NPL,Nepal,0,0,svc,ridge,0.0
2020,NRU,Naoero,0,0,svc,ridge,0.0
2020,NZL,New Zealand,20,18,svc,ridge,18.294539824519063
2020,OMN,Oman,0,0,svc,ridge,0.0
2020,PAK,Pakistan,0,0,svc,ridge,0.0
2020,PAN,Panama,0,0,svc,ridge,0.0
2020,PER,Peru,0,0,svc,ridge,2.17277854990256
2020,PHL,Philippines,4,1,svc,ridge,2.074038225549346
2020,PLW,Palau,0,0,svc,ridge,0.0
2020,PNG,Papua New Guinea,0,0,svc,ridge,0.0
2020,POL,Poland,14,11,svc,ridge,16.208339522810604
2020,PRI,Puerto Rico (US),1,1,svc,ridge,0.9465047550604098
2020,PRT,Portugal,4,1,svc,ridge,4.563825179116842
2020,PRY,Paraguay,0,0,svc,ridge,0.0
2020,PSE,West Bank and Gaza,0,0,svc,ridge,0.0
2020,QAT,Qatar,3,1,svc,ridge,0.0
2020,ROU,Romania,4,4,svc,ridge,6.996715631263445
2020,RUS,Russian Federation,71,56,svc,ridge,49.89233588802302
2020,RWA,Rwanda,0,0,svc,ridge,0.0
2020,SAU,Saudi Arabia,1,0,svc,ridge,2.8046838716246754
2020,SDN,Sudan,0,0,svc,ridge,0.0
2020,SEN,Senegal,0,0,svc,ridge,0.0
2020,SGP,Singapore,0,1,svc,ridge,0.0
2020,SLB,Solomon Islands,0,0,svc,ridge,0.0
2020,SLE,Sierra Leone,0,0,svc,ridge,0.0
2020,SLV,El Salvador,0,0,svc,ridge,0.0
2020,SMR,San Marino,3,0,svc,ridge,0.0
2020,SOM,"Somalia, Fed. Rep.",0,0,svc,ridge,0.0
2020,SRB,Serbia,8,8,svc,ridge,7.867029814793807
2020,STP,Sao Tome and Principe,0,0,svc,ridge,0.0
2020,SUR,Suriname,0,0,svc,ridge,0.0
2020,SVK,Slovak Republic,4,4,svc,ridge,3.1729281926747053
2020,SVN,Slovenia,5,4,svc,ridge,3.485512691077181
2020,SWE,Sweden,9,11,svc,ridge,10.674051060312152
2020,SWZ,Eswatini,0,0,svc,ridge,0.0
2020,SYC,Seychelles,0,0,svc,ridge,0.0
2020,SYR,Syrian Arab Republic,1,0,svc,ridge,0.0
2020,TCD,Chad,0,0,svc,ridge,0.0
2020,TGO,Togo,0,0,svc,ridge,0.0
2020,THA,Thailand,2,6,svc,ridge,5.502040065895235
2020,TJK,Tajikistan,0,1,svc,ridge,0.0
2020,TKM,Turkmenistan,1,0,svc,ridge,0.0
2020,TLS,Timor-Leste,0,0,svc,ridge,0.0
2020,TON,Tonga,0,0,svc,ridge,0.0
2020,TTO,Trinidad and Tobago,0,1,svc,ridge,0.8871679385732598
2020,TUN,Tunisia,2,3,svc,ridge,4.529806213396398
2020,TUR,Turkiye,13,8,svc,ridge,10.490351259248428
2020,TUV,Tuvalu,0,0,svc,ridge,0.0
2020,TZA,Tanzania,0,0,svc,ridge,0.0
2020,UGA,Uganda,4,0,svc,ridge,0.0
2020,UKR,Ukraine,19,11,svc,ridge,13.089003324681816
2020,URY,Uruguay,0,0,svc,ridge,0.0
2020,USA,United States,113,121,svc,ridge,122.4802414287208
2020,UZB,Uzbekistan,5,13,svc,ridge,9.79998390415316
2020,VCT,St. Vincent and the Grenadines,0,0,svc,ridge,0.0
2020,VEN,"Venezuela, RB",4,3,svc,ridge,3.1487992921510024
2020,VIR,Virgin Islands (U.S.),0,0,svc,ridge,0.0
2020,VNM,Viet Nam,0,2,svc,ridge,2.640058845762523
2020,VUT,Vanuatu,0,0,svc,ridge,0.0
2020,WSM,Samoa,0,0,svc,ridge,0.0
2020,ZAF,South Africa,3,10,svc,ridge,14.748085833941733
2020,ZMB,Zambia,0,0,svc,ridge,0.0
2020,ZWE,Zimbabwe,0,0,svc,ridge,0.0
2020,ABW,Aruba,0,0,svc,lasso,0.0
2020,AFG,Afghanistan,0,0,svc,lasso,0.0
2020,AGO,Angola,0,0,svc,lasso,0.0
2020,ALB,Albania,0,0,svc,lasso,0.0
2020,AND,Andorra,0,0,svc,lasso,0.0
2020,ARE,United Arab Emirates,0,1,svc,lasso,0.0
2020,ARG,Argentina,3,4,svc,lasso,11.478409829804813
2020,ARM,Armenia,4,4,svc,lasso,2.682124541147326
2020,ASM,American Samoa,0,0,svc,lasso,0.0
2020,ATG,Antigua and Barbuda,0,0,svc,lasso,0.0
2020,AUS,Australia,46,29,svc,lasso,38.70919044239741
2020,AUT,Austria,7,1,svc,lasso,2.5755848194787454
2020,AZE,Azerbaijan,7,18,svc,lasso,11.405494293614137
2020,BDI,Burundi,0,1,svc,lasso,0.0
2020,BEL,Belgium,7,6,svc,lasso,7.82845299073633
2020,BEN,Benin,0,0,svc,lasso,0.0
2020,BFA,Burkina Faso,1,0,svc,lasso,0.0
2020,BGD,Bangladesh,0,0,svc,lasso,0.0
2020,BGR,Bulgaria,6,3,svc,lasso,3.118501238724921
2020,BHR,Bahrain,1,2,svc,lasso,1.4489212462975
2020,BHS,"Bahamas, The",2,2,svc,lasso,0.47645521927067414
2020,BIH,Bosnia and Herzegovina,0,0,svc,lasso,0.0
2020,BLR,Belarus,7,9,svc,lasso,9.39702296691766
2020,BLZ,Belize,0,0,svc,lasso,0.0
2020,BMU,Bermuda,1,0,svc,lasso,0.0
2020,BOL,Bolivia,0,0,svc,lasso,0.0
2020,BRA,Brazil,21,19,svc,lasso,28.058509458045407
2020,BRB,Barbados,0,0,svc,lasso,0.0
2020,BRN,Brunei Darussalam,0,0,svc,lasso,0.0
2020,BTN,Bhutan,0,0,svc,lasso,0.0
2020,BWA,Botswana,1,0,svc,lasso,0.0
2020,CAF,Central African Republic,0,0,svc,lasso,0.0
2020,CAN,Canada,24,22,svc,lasso,31.26795819155707
2020,CHE,Switzerland,13,7,svc,lasso,6.468345795833578
2020,CHL,Chile,0,0,svc,lasso,2.4358419982700212
2020,CHN,China,89,70,svc,lasso,82.85562559687193
2020,CIV,Cote d'Ivoire,1,2,svc,lasso,2.680753980854208
2020,CMR,Cameroon,0,0,svc,lasso,0.0
2020,COD,"Congo, Dem. Rep.",0,0,svc,lasso,0.0
2020,COG,"Congo, Rep.",0,0,svc,lasso,0.0
2020,COL,Colombia,5,8,svc,lasso,8.00764308052685
2020,COM,Comoros,0,0,svc,lasso,0.0
2020,CPV,Cabo Verde,0,0,svc,lasso,0.0
2020,CRI,Costa Rica,0,0,svc,lasso,0.0
2020,CUB,Cuba,15,11,svc,lasso,8.706643319448702
2020,CYM,Cayman Islands,0,0,svc,lasso,0.0
2020,CYP,Cyprus,0,0,svc,lasso,0.0
2020,CZE,Czechia,11,10,svc,lasso,9.763298271492378
2020,DEU,Germany,37,42,svc,lasso,44.65945450409021
2020,DJI,Djibouti,0,0,svc,lasso,0.0
2020,DMA,Dominica,0,0,svc,lasso,0.0
2020,DNK,Denmark,11,15,svc,lasso,10.681288223252592
2020,DOM,Dominican Republic,5,1,svc,lasso,3.4993944854372554
2020,DZA,Algeria,0,2,svc,lasso,3.47412734224668
2020,ECU,Ecuador,3,0,svc,lasso,2.2173270107975043
2020,EGY,"Egypt, Arab Rep.",6,3,svc,lasso,9.094502546211135
2020,ESP,Spain,17,17,svc,lasso,25.31927827382865
2020,EST,Estonia,2,1,svc,lasso,1.1273882269441415
2020,ETH,Ethiopia,4,8,svc,lasso,6.753038141370192
2020,FIN,Finland,2,1,svc,lasso,1.0224858059995618
2020,FJI,Fiji,2,1,svc,lasso,1.6954197681626386
2020,FRA,France,33,42,svc,lasso,42.41767235360183
2020,FSM,"Micronesia, Fed. Sts.",0,0,svc,lasso,0.0
2020,GAB,Gabon,0,0,svc,lasso,0.0
2020,GBR,United Kingdom,64,67,svc,lasso,55.12096252583364
2020,GEO,Georgia,8,7,svc,lasso,5.028544116617592
2020,GHA,Ghana,1,0,svc,lasso,0.0
2020,GIN,Guinea,0,0,svc,lasso,0.0
2020,GMB,"Gambia, The",0,0,svc,lasso,0.0
2020,GNB,Guinea-Bissau,0,0,svc,lasso,0.0
2020,GNQ,Equatorial Guinea,0,0,svc,lasso,0.0
2020,GRC,Greece,4,6,svc,lasso,6.521386153240912
2020,GRD,Grenada,1,1,svc,lasso,0.0
2020,GTM,Guatemala,0,0,svc,lasso,0.0
2020,GUM,Guam,0,0,svc,lasso,0.0
2020,GUY,Guyana,0,0,svc,lasso,0.0
2020,HKG,"Hong Kong SAR, China",6,0,svc,lasso,0.5146066589906901
2020,HND,Honduras,0,0,svc,lasso,0.0
2020,HRV,Croatia,9,10,svc,lasso,7.351097779263435
2020,HTI,Haiti,0,0,svc,lasso,0.0
2020,HUN,Hungary,20,15,svc,lasso,15.467959637466828
2020,IDN,Indonesia,5,3,svc,lasso,5.284692139287602
2020,IND,India,7,2,svc,lasso,14.258621946868606
2020,IRL,Ireland,4,2,svc,lasso,3.906612472749032
2020,IRN,"Iran, Islamic Rep.",7,8,svc,lasso,8.082490952007408
2020,IRQ,Iraq,0,0,svc,lasso,0.0
2020,ISL,Iceland,0,0,svc,lasso,0.0
2020,ISR,Israel,4,2,svc,lasso,4.1773055486447355
2020,ITA,Italy,40,28,svc,lasso,34.352825587171445
2020,JAM,Jamaica,9,11,svc,lasso,8.04367711568769
2020,JOR,Jordan,2,1,svc,lasso,0.0
2020,JPN,Japan,58,41,svc,lasso,54.17839862579497
2020,KAZ,Kazakhstan,8,18,svc,lasso,14.347443851545655
2020,KEN,Kenya,10,13,svc,lasso,11.268792953233245
2020,KGZ,Kyrgyz Republic,3,0,svc,lasso,0.0
2020,KHM,Cambodia,0,0,svc,lasso,0.0
2020,KIR,Kiribati,0,0,svc,lasso,0.0
2020,KNA,St. Kitts and Nevis,0,0,svc,lasso,0.0
2020,KOR,"Korea, Rep.",20,21,svc,lasso,23.45116224952572
2020,KWT,Kuwait,1,0,svc,lasso,0.0
2020,LAO,Lao PDR,0,0,svc,lasso,0.0
2020,LBN,Lebanon,0,0,svc,lasso,0.0
2020,LBR,Liberia,0,0,svc,lasso,0.0
2020,LBY,Libya,0,0,svc,lasso,0.0
2020,LCA,St. Lucia,0,0,svc,lasso,0.0
2020,LKA,Sri Lanka,0,0,svc,lasso,0.0
2020,LSO,Lesotho,0,0,svc,lasso,0.0
2020,LTU,Lithuania,1,4,svc,lasso,3.3184088871020485
2020,LUX,Luxembourg,0,0,svc,lasso,0.0
2020,LVA,Latvia,2,0,svc,lasso,0.0
2020,MAR,Morocco,1,1,svc,lasso,2.8486176173789826
2020,MCO,Monaco,0,0,svc,lasso,0.0
2020,MDA,Moldova,1,0,svc,lasso,0.0
2020,MDG,Madagascar,0,0,svc,lasso,0.0
2020,MDV,Maldives,0,0,svc,lasso,0.0
2020,MEX,Mexico,4,5,svc,lasso,12.073309207081758
2020,MHL,Marshall Islands,0,0,svc,lasso,0.0
2020,MKD,North Macedonia,1,0,svc,lasso,0.0
2020,MLI,Mali,0,0,svc,lasso,0.0
2020,MLT,Malta,0,0,svc,lasso,0.0
2020,MMR,Myanmar,0,0,svc,lasso,0.0
2020,MNE,Montenegro,0,0,svc,lasso,0.0
2020,MNG,Mongolia,4,2,svc,lasso,3.2916948262392065
2020,MOZ,Mozambique,0,0,svc,lasso,0.0
2020,MRT,Mauritania,0,0,svc,lasso,0.0
2020,MUS,Mauritius,0,0,svc,lasso,0.0
2020,MWI,Malawi,0,0,svc,lasso,0.0
2020,MYS,Malaysia,2,5,svc,lasso,4.3365254145964425
2020,NAM,Namibia,1,0,svc,lasso,0.0
2020,NER,Niger,0,1,svc,lasso,0.0
2020,NGA,Nigeria,2,1,svc,lasso,4.597900956558765
2020,NIC,Nicaragua,0,0,svc,lasso,0.0
2020,NLD,Netherlands,36,19,svc,lasso,21.73308407144706
2020,NOR,Norway,8,4,svc,lasso,4.126887107198311
2020,NPL,Nepal,0,0,svc,lasso,0.0
2020,NRU,Naoero,0,0,svc,lasso,0.0
2020,NZL,New Zealand,20,18,svc,lasso,18.321940037173167
2020,OMN,Oman,0,0,svc,lasso,0.0
2020,PAK,Pakistan,0,0,svc,lasso,0.0
2020,PAN,Panama,0,0,svc,lasso,0.0
2020,PER,Peru,0,0,svc,lasso,1.9706614671090446
2020,PHL,Philippines,4,1,svc,lasso,2.1704330663441898
2020,PLW,Palau,0,0,svc,lasso,0.0
2020,PNG,Papua New Guinea,0,0,svc,lasso,0.0
2020,POL,Poland,14,11,svc,lasso,15.72334836962613
2020,PRI,Puerto Rico (US),1,1,svc,lasso,1.0016380409821313
2020,PRT,Portugal,4,1,svc,lasso,4.258478412796673
2020,PRY,Paraguay,0,0,svc,lasso,0.0
2020,PSE,West Bank and Gaza,0,0,svc,lasso,0.0
2020,QAT,Qatar,3,1,svc,lasso,0.0
2020,ROU,Romania,4,4,svc,lasso,6.746147762650087
2020,RUS,Russian Federation,71,56,svc,lasso,49.05800654509951
2020,RWA,Rwanda,0,0,svc,lasso,0.0
2020,SAU,Saudi Arabia,1,0,svc,lasso,2.4228503913048893
2020,SDN,Sudan,0,0,svc,lasso,0.0
2020,SEN,Senegal,0,0,svc,lasso,0.0
2020,SGP,Singapore,0,1,svc,lasso,0.0
2020,SLB,Solomon Islands,0,0,svc,lasso,0.0
2020,SLE,Sierra Leone,0,0,svc,lasso,0.0
2020,SLV,El Salvador,0,0,svc,lasso,0.0
2020,SMR,San Marino,3,0,svc,lasso,0.0
2020,SOM,"Somalia, Fed. Rep.",0,0,svc,lasso,0.0
2020,SRB,Serbia,8,8,svc,lasso,7.995900469823978
2020,STP,Sao Tome and Principe,0,0,svc,lasso,0.0
2020,SUR,Suriname,0,0,svc,lasso,0.0
2020,SVK,Slovak Republic,4,4,svc,lasso,3.3655592622604384
2020,SVN,Slovenia,5,4,svc,lasso,3.6364132055451517
2020,SWE,Sweden,9,11,svc,lasso,10.734886164983457
2020,SWZ,Eswatini,0,0,svc,lasso,0.0
2020,SYC,Seychelles,0,0,svc,lasso,0.0
2020,SYR,Syrian Arab Republic,1,0,svc,lasso,0.0
2020,TCD,Chad,0,0,svc,lasso,0.0
2020,TGO,Togo,0,0,svc,lasso,0.0
2020,THA,Thailand,2,6,svc,lasso,5.735987540461037
2020,TJK,Tajikistan,0,1,svc,lasso,0.0
2020,TKM,Turkmenistan,1,0,svc,lasso,0.0
2020,TLS,Timor-Leste,0,0,svc,lasso,0.0
2020,TON,Tonga,0,0,svc,lasso,0.0
2020,TTO,Trinidad and Tobago,0,1,svc,lasso,1.0379908950793073
2020,TUN,Tunisia,2,3,svc,lasso,4.524303995558092
2020,TUR,Turkiye,13,8,svc,lasso,10.316809181173728
2020,TUV,Tuvalu,0,0,svc,lasso,0.0
2020,TZA,Tanzania,0,0,svc,lasso,0.0
2020,UGA,Uganda,4,0,svc,lasso,0.0
2020,UKR,Ukraine,19,11,svc,lasso,12.953676519069353
2020,URY,Uruguay,0,0,svc,lasso,0.0
2020,USA,United States,113,121,svc,lasso,124.21255205174914
2020,UZB,Uzbekistan,5,13,svc,lasso,10.315631459125806
2020,VCT,St. Vincent and the Grenadines,0,0,svc,lasso,0.0
2020,VEN,"Venezuela, RB",4,3,svc,lasso,3.3441307333245405
2020,VIR,Virgin Islands (U.S.),0,0,svc,lasso,0.0
2020,VNM,Viet Nam,0,2,svc,lasso,2.6917020433435273
2020,VUT,Vanuatu,0,0,svc,lasso,0.0
2020,WSM,Samoa,0,0,svc,lasso,0.0
2020,ZAF,South Africa,3,10,svc,lasso,14.275279221168661
2020,ZMB,Zambia,0,0,svc,lasso,0.0
2020,ZWE,Zimbabwe,0,0,svc,lasso,0.0
2020,ABW,Aruba,0,0,svc,poisson,0.0
2020,AFG,Afghanistan,0,0,svc,poisson,0.0
2020,AGO,Angola,0,0,svc,poisson,0.0
2020,ALB,Albania,0,0,svc,poisson,0.0
2020,AND,Andorra,0,0,svc,poisson,0.0
2020,ARE,United Arab Emirates,0,1,svc,poisson,0.0
2020,ARG,Argentina,3,4,svc,poisson,10.018052470547628
2020,ARM,Armenia,4,4,svc,poisson,4.893562600238665
2020,ASM,American Samoa,0,0,svc,poisson,0.0
2020,ATG,Antigua and Barbuda,0,0,svc,poisson,0.0
2020,AUS,Australia,46,29,svc,poisson,50.07016459983492
2020,AUT,Austria,7,1,svc,poisson,6.4308757779388435
2020,AZE,Azerbaijan,7,18,svc,poisson,5.603556494884479
2020,BDI,Burundi,0,1,svc,poisson,0.0
2020,BEL,Belgium,7,6,svc,poisson,8.466505411535538
2020,BEN,Benin,0,0,svc,poisson,0.0
2020,BFA,Burkina Faso,1,0,svc,poisson,0.0
2020,BGD,Bangladesh,0,0,svc,poisson,0.0
2020,BGR,Bulgaria,6,3,svc,poisson,6.671418162664646
2020,BHR,Bahrain,1,2,svc,poisson,6.1935850800787415
2020,BHS,"Bahamas, The",2,2,svc,poisson,4.476931018457437
2020,BIH,Bosnia and Herzegovina,0,0,svc,poisson,0.0
2020,BLR,Belarus,7,9,svc,poisson,8.49116804441143
2020,BLZ,Belize,0,0,svc,poisson,0.0
2020,BMU,Bermuda,1,0,svc,poisson,0.0
2020,BOL,Bolivia,0,0,svc,poisson,0.0
2020,BRA,Brazil,21,19,svc,poisson,21.573137762256067
2020,BRB,Barbados,0,0,svc,poisson,0.0
2020,BRN,Brunei Darussalam,0,0,svc,poisson,0.0
2020,BTN,Bhutan,0,0,svc,poisson,0.0
2020,BWA,Botswana,1,0,svc,poisson,0.0
2020,CAF,Central African Republic,0,0,svc,poisson,0.0
2020,CAN,Canada,24,22,svc,poisson,28.86414979877139
2020,CHE,Switzerland,13,7,svc,poisson,8.62657078035066
2020,CHL,Chile,0,0,svc,poisson,4.8887590194328014
2020,CHN,China,89,70,svc,poisson,72.06473436037525
2020,CIV,Cote d'Ivoire,1,2,svc,poisson,3.370639294008089
2020,CMR,Cameroon,0,0,svc,poisson,0.0
2020,COD,"Congo, Dem. Rep.",0,0,svc,poisson,0.0
2020,COG,"Congo, Rep.",0,0,svc,poisson,0.0
2020,COL,Colombia,5,8,svc,poisson,5.134908032074243
2020,COM,Comoros,0,0,svc,poisson,0.0
2020,CPV,Cabo Verde,0,0,svc,poisson,0.0
2020,CRI,Costa Rica,0,0,svc,poisson,0.0
2020,CUB,Cuba,15,11,svc,poisson,6.877905236685881
2020,CYM,Cayman Islands,0,0,svc,poisson,0.0
2020,CYP,Cyprus,0,0,svc,poisson,0.0
2020,CZE,Czechia,11,10,svc,poisson,8.00838944682073
2020,DEU,Germany,37,42,svc,poisson,43.01766210712158
2020,DJI,Djibouti,0,0,svc,poisson,0.0
2020,DMA,Dominica,0,0,svc,poisson,0.0
2020,DNK,Denmark,11,15,svc,poisson,8.966613745757874
2020,DOM,Dominican Republic,5,1,svc,poisson,5.014945799043238
2020,DZA,Algeria,0,2,svc,poisson,4.03379187531373
2020,ECU,Ecuador,3,0,svc,poisson,4.40472734856821
2020,EGY,"Egypt, Arab Rep.",6,3,svc,poisson,6.957220602352587
2020,ESP,Spain,17,17,svc,poisson,22.52536357325653
2020,EST,Estonia,2,1,svc,poisson,5.2906478708796225
2020,ETH,Ethiopia,4,8,svc,poisson,3.772434787338515
2020,FIN,Finland,2,1,svc,poisson,6.00772567462546
2020,FJI,Fiji,2,1,svc,poisson,4.867859210400461
2020,FRA,France,33,42,svc,poisson,37.93062460487032
2020,FSM,"Micronesia, Fed. Sts.",0,0,svc,poisson,0.0
2020,GAB,Gabon,0,0,svc,poisson,0.0
2020,GBR,United Kingdom,64,67,svc,poisson,46.27643274860617
2020,GEO,Georgia,8,7,svc,poisson,5.339999748402348
2020,GHA,Ghana,1,0,svc,poisson,0.0
2020,GIN,Guinea,0,0,svc,poisson,0.0
2020,GMB,"Gambia, The",0,0,svc,poisson,0.0
2020,GNB,Guinea-Bissau,0,0,svc,poisson,0.0
2020,GNQ,Equatorial Guinea,0,0,svc,poisson,0.0
2020,GRC,Greece,4,6,svc,poisson,7.186056700307323
2020,GRD,Grenada,1,1,svc,poisson,0.0
2020,GTM,Guatemala,0,0,svc,poisson,0.0
2020,GUM,Guam,0,0,svc,poisson,0.0
2020,GUY,Guyana,0,0,svc,poisson,0.0
2020,HKG,"Hong Kong SAR, China",6,0,svc,poisson,6.269897627877509
2020,HND,Honduras,0,0,svc,poisson,0.0
2020,HRV,Croatia,9,10,svc,poisson,7.446097179049613
2020,HTI,Haiti,0,0,svc,poisson,0.0
2020,HUN,Hungary,20,15,svc,poisson,12.085256804095808
2020,IDN,Indonesia,5,3,svc,poisson,4.820712598490857
2020,IND,India,7,2,svc,poisson,9.618321099287748
2020,IRL,Ireland,4,2,svc,poisson,8.150268180117434
2020,IRN,"Iran, Islamic Rep.",7,8,svc,poisson,5.955940679635136
2020,IRQ,Iraq,0,0,svc,poisson,0.0
2020,ISL,Iceland,0,0,svc,poisson,0.0
2020,ISR,Israel,4,2,svc,poisson,5.6180842702019325
2020,ITA,Italy,40,28,svc,poisson,38.811423197482405
2020,JAM,Jamaica,9,11,svc,poisson,5.854067324113389
2020,JOR,Jordan,2,1,svc,poisson,0.0
2020,JPN,Japan,58,41,svc,poisson,97.45858790956774
2020,KAZ,Kazakhstan,8,18,svc,poisson,6.511357195701989
2020,KEN,Kenya,10,13,svc,poisson,5.381350020683121
2020,KGZ,Kyrgyz Republic,3,0,svc,poisson,0.0
2020,KHM,Cambodia,0,0,svc,poisson,0.0
2020,KIR,Kiribati,0,0,svc,poisson,0.0
2020,KNA,St. Kitts and Nevis,0,0,svc,poisson,0.0
2020,KOR,"Korea, Rep.",20,21,svc,poisson,16.929864828430425
2020,KWT,Kuwait,1,0,svc,poisson,0.0
2020,LAO,Lao PDR,0,0,svc,poisson,0.0
2020,LBN,Lebanon,0,0,svc,poisson,0.0
2020,LBR,Liberia,0,0,svc,poisson,0.0
2020,LBY,Libya,0,0,svc,poisson,0.0
2020,LCA,St. Lucia,0,0,svc,poisson,0.0
2020,LKA,Sri Lanka,0,0,svc,poisson,0.0
2020,LSO,Lesotho,0,0,svc,poisson,0.0
2020,LTU,Lithuania,1,4,svc,poisson,5.907099698818502
2020,LUX,Luxembourg,0,0,svc,poisson,0.0
2020,LVA,Latvia,2,0,svc,poisson,0.0
2020,MAR,Morocco,1,1,svc,poisson,4.559942087632638
2020,MCO,Monaco,0,0,svc,poisson,0.0
2020,MDA,Moldova,1,0,svc,poisson,0.0
2020,MDG,Madagascar,0,0,svc,poisson,0.0
2020,MDV,Maldives,0,0,svc,poisson,0.0
2020,MEX,Mexico,4,5,svc,poisson,8.676373975898724
2020,MHL,Marshall Islands,0,0,svc,poisson,0.0
2020,MKD,North Macedonia,1,0,svc,poisson,0.0
2020,MLI,Mali,0,0,svc,poisson,0.0
2020,MLT,Malta,0,0,svc,poisson,0.0
2020,MMR,Myanmar,0,0,svc,poisson,0.0
2020,MNE,Montenegro,0,0,svc,poisson,0.0
2020,MNG,Mongolia,4,2,svc,poisson,4.031351413155775
2020,MOZ,Mozambique,0,0,svc,poisson,0.0
2020,MRT,Mauritania,0,0,svc,poisson,0.0
2020,MUS,Mauritius,0,0,svc,poisson,0.0
2020,MWI,Malawi,0,0,svc,poisson,0.0
2020,MYS,Malaysia,2,5,svc,poisson,4.27356347297225
2020,NAM,Namibia,1,0,svc,poisson,0.0
2020,NER,Niger,0,1,svc,poisson,0.0
2020,NGA,Nigeria,2,1,svc,poisson,4.1398617745667545
2020,NIC,Nicaragua,0,0,svc,poisson,0.0
2020,NLD,Netherlands,36,19,svc,poisson,18.612112634949355
2020,NOR,Norway,8,4,svc,poisson,7.589464203077732
2020,NPL,Nepal,0,0,svc,poisson,0.0
2020,NRU,Naoero,0,0,svc,poisson,0.0
2020,NZL,New Zealand,20,18,svc,poisson,11.128355032506668
2020,OMN,Oman,0,0,svc,poisson,0.0
2020,PAK,Pakistan,0,0,svc,poisson,0.0
2020,PAN,Panama,0,0,svc,poisson,0.0
2020,PER,Peru,0,0,svc,poisson,4.166343859202511
2020,PHL,Philippines,4,1,svc,poisson,4.002621922100314
2020,PLW,Palau,0,0,svc,poisson,0.0
2020,PNG,Papua New Guinea,0,0,svc,poisson,0.0
2020,POL,Poland,14,11,svc,poisson,16.350951118890404
2020,PRI,Puerto Rico (US),1,1,svc,poisson,6.295509740845076
2020,PRT,Portugal,4,1,svc,poisson,6.916679488060184
2020,PRY,Paraguay,0,0,svc,poisson,0.0
2020,PSE,West Bank and Gaza,0,0,svc,poisson,0.0
2020,QAT,Qatar,3,1,svc,poisson,0.0
2020,ROU,Romania,4,4,svc,poisson,8.318927042373101
2020,RUS,Russian Federation,71,56,svc,poisson,37.00424674691205
2020,RWA,Rwanda,0,0,svc,poisson,0.0
2020,SAU,Saudi Arabia,1,0,svc,poisson,2.3615876439809043
2020,SDN,Sudan,0,0,svc,poisson,0.0
2020,SEN,Senegal,0,0,svc,poisson,0.0
2020,SGP,Singapore,0,1,svc,poisson,5.99944467032978
2020,SLB,Solomon Islands,0,0,svc,poisson,0.0
2020,SLE,Sierra Leone,0,0,svc,poisson,0.0
2020,SLV,El Salvador,0,0,svc,poisson,0.0
2020,SMR,San Marino,3,0,svc,poisson,0.0
2020,SOM,"Somalia, Fed. Rep.",0,0,svc,poisson,0.0
2020,SRB,Serbia,8,8,svc,poisson,8.151018462616728
2020,STP,Sao Tome and Principe,0,0,svc,poisson,0.0
2020,SUR,Suriname,0,0,svc,poisson,0.0
2020,SVK,Slovak Republic,4,4,svc,poisson,5.692748937547877
2020,SVN,Slovenia,5,4,svc,poisson,5.489650123810493
2020,SWE,Sweden,9,11,svc,poisson,9.057544722782119
2020,SWZ,Eswatini,0,0,svc,poisson,0.0
2020,SYC,Seychelles,0,0,svc,poisson,0.0
2020,SYR,Syrian Arab Republic,1,0,svc,poisson,0.0
2020,TCD,Chad,0,0,svc,poisson,0.0
2020,TGO,Togo,0,0,svc,poisson,0.0
2020,THA,Thailand,2,6,svc,poisson,5.534324648246417
2020,TJK,Tajikistan,0,1,svc,poisson,0.0
2020,TKM,Turkmenistan,1,0,svc,poisson,0.0
2020,TLS,Timor-Leste,0,0,svc,poisson,0.0
2020,TON,Tonga,0,0,svc,poisson,0.0
2020,TTO,Trinidad and Tobago,0,1,svc,poisson,4.855371655227249
2020,TUN,Tunisia,2,3,svc,poisson,5.170727985066669
2020,TUR,Turkiye,13,8,svc,poisson,6.924025335442242
2020,TUV,Tuvalu,0,0,svc,poisson,0.0
2020,TZA,Tanzania,0,0,svc,poisson,0.0
2020,UGA,Uganda,4,0,svc,poisson,0.0
2020,UKR,Ukraine,19,11,svc,poisson,10.97166028055268
2020,URY,Uruguay,0,0,svc,poisson,0.0
2020,USA,United States,113,121,svc,poisson,218.2063353616421
2020,UZB,Uzbekistan,5,13,svc,poisson,5.040362111247895
2020,VCT,St. Vincent and the Grenadines,0,0,svc,poisson,0.0
2020,VEN,"Venezuela, RB",4,3,svc,poisson,6.6466148702071415
2020,VIR,Virgin Islands (U.S.),0,0,svc,poisson,0.0
2020,VNM,Viet Nam,0,2,svc,poisson,4.394840049486083
2020,VUT,Vanuatu,0,0,svc,poisson,0.0
2020,WSM,Samoa,0,0,svc,poisson,0.0
2020,ZAF,South Africa,3,10,svc,poisson,8.456397785977876
2020,ZMB,Zambia,0,0,svc,poisson,0.0
2020,ZWE,Zimbabwe,0,0,svc,poisson,0.0
2020,ABW,Aruba,0,0,svc,svr,0.0
2020,AFG,Afghanistan,0,0,svc,svr,0.0
2020,AGO,Angola,0,0,svc,svr,0.0
2020,ALB,Albania,0,0,svc,svr,0.0
2020,AND,Andorra,0,0,svc,svr,0.0
2020,ARE,United Arab Emirates,0,1,svc,svr,0.0
2020,ARG,Argentina,3,4,svc,svr,3.8140171575369095
2020,ARM,Armenia,4,4,svc,svr,2.833679977725815
2020,ASM,American Samoa,0,0,svc,svr,0.0
2020,ATG,Antigua and Barbuda,0,0,svc,svr,0.0
2020,AUS,Australia,46,29,svc,svr,31.05347890042839
2020,AUT,Austria,7,1,svc,svr,2.54872768149815
2020,AZE,Azerbaijan,7,18,svc,svr,10.223819162486524
2020,BDI,Burundi,0,1,svc,svr,0.0
2020,BEL,Belgium,7,6,svc,svr,5.8890590183074
2020,BEN,Benin,0,0,svc,svr,0.0
2020,BFA,Burkina Faso,1,0,svc,svr,0.0
2020,BGD,Bangladesh,0,0,svc,svr,0.0
2020,BGR,Bulgaria,6,3,svc,svr,2.6813057073693045
2020,BHR,Bahrain,1,2,svc,svr,1.858812165090221
2020,BHS,"Bahamas, The",2,2,svc,svr,3.0667323504335897
2020,BIH,Bosnia and Herzegovina,0,0,svc,svr,0.0
2020,BLR,Belarus,7,9,svc,svr,6.898654502851848
2020,BLZ,Belize,0,0,svc,svr,0.0
2020,BMU,Bermuda,1,0,svc,svr,0.0
2020,BOL,Bolivia,0,0,svc,svr,0.0
2020,BRA,Brazil,21,19,svc,svr,17.683880372496034
2020,BRB,Barbados,0,0,svc,svr,0.0
2020,BRN,Brunei Darussalam,0,0,svc,svr,0.0
2020,BTN,Bhutan,0,0,svc,svr,0.0
2020,BWA,Botswana,1,0,svc,svr,0.0
2020,CAF,Central African Republic,0,0,svc,svr,0.0
2020,CAN,Canada,24,22,svc,svr,21.246152941208848
2020,CHE,Switzerland,13,7,svc,svr,8.6322756671203
2020,CHL,Chile,0,0,svc,svr,0.6890603704972165
2020,CHN,China,89,70,svc,svr,71.521797613622
2020,CIV,Cote d'Ivoire,1,2,svc,svr,2.6410529035917776
2020,CMR,Cameroon,0,0,svc,svr,0.0
2020,COD,"Congo, Dem. Rep.",0,0,svc,svr,0.0
2020,COG,"Congo, Rep.",0,0,svc,svr,0.0
2020,COL,Colombia,5,8,svc,svr,4.650318539671055
2020,COM,Comoros,0,0,svc,svr,0.0
2020,CPV,Cabo Verde,0,0,svc,svr,0.0
2020,CRI,Costa Rica,0,0,svc,svr,0.0
2020,CUB,Cuba,15,11,svc,svr,6.078176861755338
2020,CYM,Cayman Islands,0,0,svc,svr,0.0
2020,CYP,Cyprus,0,0,svc,svr,0.0
2020,CZE,Czechia,11,10,svc,svr,6.8014582858582315
2020,DEU,Germany,37,42,svc,svr,40.00924567493087
2020,DJI,Djibouti,0,0,svc,svr,0.0
2020,DMA,Dominica,0,0,svc,svr,0.0
2020,DNK,Denmark,11,15,svc,svr,10.26296787493959
2020,DOM,Dominican Republic,5,1,svc,svr,1.958828037035346
2020,DZA,Algeria,0,2,svc,svr,0.957609409391381
2020,ECU,Ecuador,3,0,svc,svr,1.2262861123179718
2020,EGY,"Egypt, Arab Rep.",6,3,svc,svr,4.841131118631786
2020,ESP,Spain,17,17,svc,svr,17.167581820658395
2020,EST,Estonia,2,1,svc,svr,1.4009387464899703
2020,ETH,Ethiopia,4,8,svc,svr,6.229885044837253
2020,FIN,Finland,2,1,svc,svr,1.9038693599232843
2020,FJI,Fiji,2,1,svc,svr,2.4040660680425177
2020,FRA,France,33,42,svc,svr,35.177437080983665
2020,FSM,"Micronesia, Fed. Sts.",0,0,svc,svr,0.0
2020,GAB,Gabon,0,0,svc,svr,0.0
2020,GBR,United Kingdom,64,67,svc,svr,45.587535916404704
2020,GEO,Georgia,8,7,svc,svr,4.375230393271373
2020,GHA,Ghana,1,0,svc,svr,0.0
2020,GIN,Guinea,0,0,svc,svr,0.0
2020,GMB,"Gambia, The",0,0,svc,svr,0.0
2020,GNB,Guinea-Bissau,0,0,svc,svr,0.0
2020,GNQ,Equatorial Guinea,0,0,svc,svr,0.0
2020,GRC,Greece,4,6,svc,svr,4.088738599741831
2020,GRD,Grenada,1,1,svc,svr,0.0
2020,GTM,Guatemala,0,0,svc,svr,0.0
2020,GUM,Guam,0,0,svc,svr,0.0
2020,GUY,Guyana,0,0,svc,svr,0.0
2020,HKG,"Hong Kong SAR, China",6,0,svc,svr,1.6947411610781629
2020,HND,Honduras,0,0,svc,svr,0.0
2020,HRV,Croatia,9,10,svc,svr,5.565614420457976
2020,HTI,Haiti,0,0,svc,svr,0.0
2020,HUN,Hungary,20,15,svc,svr,10.889503173862764
2020,IDN,Indonesia,5,3,svc,svr,1.6249356674061772
2020,IND,India,7,2,svc,svr,7.910847960197955
2020,IRL,Ireland,4,2,svc,svr,6.419686960551978
2020,IRN,"Iran, Islamic Rep.",7,8,svc,svr,6.005567914496048
2020,IRQ,Iraq,0,0,svc,svr,0.0
2020,ISL,Iceland,0,0,svc,svr,0.0
2020,ISR,Israel,4,2,svc,svr,3.109423025919547
2020,ITA,Italy,40,28,svc,svr,26.088105649688224
2020,JAM,Jamaica,9,11,svc,svr,6.323313612751562
2020,JOR,Jordan,2,1,svc,svr,0.0
2020,JPN,Japan,58,41,svc,svr,50.73239389234833
2020,KAZ,Kazakhstan,8,18,svc,svr,9.96159884061062
2020,KEN,Kenya,10,13,svc,svr,8.944409441751382
2020,KGZ,Kyrgyz Republic,3,0,svc,svr,0.0
2020,KHM,Cambodia,0,0,svc,svr,0.0
2020,KIR,Kiribati,0,0,svc,svr,0.0
2020,KNA,St. Kitts and Nevis,0,0,svc,svr,0.0
2020,KOR,"Korea, Rep.",20,21,svc,svr,18.5058318768394
2020,KWT,Kuwait,1,0,svc,svr,0.0
2020,LAO,Lao PDR,0,0,svc,svr,0.0
2020,LBN,Lebanon,0,0,svc,svr,0.0
2020,LBR,Liberia,0,0,svc,svr,0.0
2020,LBY,Libya,0,0,svc,svr,0.0
2020,LCA,St. Lucia,0,0,svc,svr,0.0
2020,LKA,Sri Lanka,0,0,svc,svr,0.0
2020,LSO,Lesotho,0,0,svc,svr,0.0
2020,LTU,Lithuania,1,4,svc,svr,3.245756758952659
2020,LUX,Luxembourg,0,0,svc,svr,0.0
2020,LVA,Latvia,2,0,svc,svr,0.0
2020,MAR,Morocco,1,1,svc,svr,1.4965275081109795
2020,MCO,Monaco,0,0,svc,svr,0.0
2020,MDA,Moldova,1,0,svc,svr,0.0
2020,MDG,Madagascar,0,0,svc,svr,0.0
2020,MDV,Maldives,0,0,svc,svr,0.0
2020,MEX,Mexico,4,5,svc,svr,4.477595374759858
2020,MHL,Marshall Islands,0,0,svc,svr,0.0
2020,MKD,North Macedonia,1,0,svc,svr,0.0
2020,MLI,Mali,0,0,svc,svr,0.0
2020,MLT,Malta,0,0,svc,svr,0.0
2020,MMR,Myanmar,0,0,svc,svr,0.0
2020,MNE,Montenegro,0,0,svc,svr,0.0
2020,MNG,Mongolia,4,2,svc,svr,1.561285546294819
2020,MOZ,Mozambique,0,0,svc,svr,0.0
2020,MRT,Mauritania,0,0,svc,svr,0.0
2020,MUS,Mauritius,0,0,svc,svr,0.0
2020,MWI,Malawi,0,0,svc,svr,0.0
2020,MYS,Malaysia,2,5,svc,svr,3.203457898528761
2020,NAM,Namibia,1,0,svc,svr,0.0
2020,NER,Niger,0,1,svc,svr,0.0
2020,NGA,Nigeria,2,1,svc,svr,1.1273938332187612
2020,NIC,Nicaragua,0,0,svc,svr,0.0
2020,NLD,Netherlands,36,19,svc,svr,17.638097750648004
2020,NOR,Norway,8,4,svc,svr,5.224470271205178
2020,NPL,Nepal,0,0,svc,svr,0.0
2020,NRU,Naoero,0,0,svc,svr,0.0
2020,NZL,New Zealand,20,18,svc,svr,14.709788800531825
2020,OMN,Oman,0,0,svc,svr,0.0
2020,PAK,Pakistan,0,0,svc,svr,0.0
2020,PAN,Panama,0,0,svc,svr,0.0
2020,PER,Peru,0,0,svc,svr,0.48565689583020344
2020,PHL,Philippines,4,1,svc,svr,1.2091849239837913
2020,PLW,Palau,0,0,svc,svr,0.0
2020,PNG,Papua New Guinea,0,0,svc,svr,0.0
2020,POL,Poland,14,11,svc,svr,10.11560431660364
2020,PRI,Puerto Rico (US),1,1,svc,svr,1.5984375287656007
2020,PRT,Portugal,4,1,svc,svr,2.1254916445019276
2020,PRY,Paraguay,0,0,svc,svr,0.0
2020,PSE,West Bank and Gaza,0,0,svc,svr,0.0
2020,QAT,Qatar,3,1,svc,svr,0.0
2020,ROU,Romania,4,4,svc,svr,3.8485184613107677
2020,RUS,Russian Federation,71,56,svc,svr,43.096529941438284
2020,RWA,Rwanda,0,0,svc,svr,0.0
2020,SAU,Saudi Arabia,1,0,svc,svr,0.5828674517583039
2020,SDN,Sudan,0,0,svc,svr,0.0
2020,SEN,Senegal,0,0,svc,svr,0.0
2020,SGP,Singapore,0,1,svc,svr,2.624741182126492
2020,SLB,Solomon Islands,0,0,svc,svr,0.0
2020,SLE,Sierra Leone,0,0,svc,svr,0.0
2020,SLV,El Salvador,0,0,svc,svr,0.0
2020,SMR,San Marino,3,0,svc,svr,0.0
2020,SOM,"Somalia, Fed. Rep.",0,0,svc,svr,0.0
2020,SRB,Serbia,8,8,svc,svr,6.070905455939702
2020,STP,Sao Tome and Principe,0,0,svc,svr,0.0
2020,SUR,Suriname,0,0,svc,svr,0.0
2020,SVK,Slovak Republic,4,4,svc,svr,2.992171889494479
2020,SVN,Slovenia,5,4,svc,svr,2.993316462124163
2020,SWE,Sweden,9,11,svc,svr,8.650435584004825
2020,SWZ,Eswatini,0,0,svc,svr,0.0
2020,SYC,Seychelles,0,0,svc,svr,0.0
2020,SYR,Syrian Arab Republic,1,0,svc,svr,0.0
2020,TCD,Chad,0,0,svc,svr,0.0
2020,TGO,Togo,0,0,svc,svr,0.0
2020,THA,Thailand,2,6,svc,svr,3.565883591417844
2020,TJK,Tajikistan,0,1,svc,svr,0.0
2020,TKM,Turkmenistan,1,0,svc,svr,0.0
2020,TLS,Timor-Leste,0,0,svc,svr,0.0
2020,TON,Tonga,0,0,svc,svr,0.0
2020,TTO,Trinidad and Tobago,0,1,svc,svr,1.2933428365665165
2020,TUN,Tunisia,2,3,svc,svr,2.829967461631533
2020,TUR,Turkiye,13,8,svc,svr,6.642166859911285
2020,TUV,Tuvalu,0,0,svc,svr,0.0
2020,TZA,Tanzania,0,0,svc,svr,0.0
2020,UGA,Uganda,4,0,svc,svr,0.0
2020,UKR,Ukraine,19,11,svc,svr,8.132291575016474
2020,URY,Uruguay,0,0,svc,svr,0.0
2020,USA,United States,113,121,svc,svr,101.10241984068847
2020,UZB,Uzbekistan,5,13,svc,svr,9.036564185255248
2020,VCT,St. Vincent and the Grenadines,0,0,svc,svr,0.0
2020,VEN,"Venezuela, RB",4,3,svc,svr,7.2978744919990035
2020,VIR,Virgin Islands (U.S.),0,0,svc,svr,0.0
2020,VNM,Viet Nam,0,2,svc,svr,2.4988204109359273
2020,VUT,Vanuatu,0,0,svc,svr,0.0
2020,WSM,Samoa,0,0,svc,svr,0.0
2020,ZAF,South Africa,3,10,svc,svr,7.9311512723362725
2020,ZMB,Zambia,0,0,svc,svr,0.0
2020,ZWE,Zimbabwe,0,0,svc,svr,0.0
2020,ABW,Aruba,0,0,svc,rf,0.0
2020,AFG,Afghanistan,0,0,svc,rf,0.0
2020,AGO,Angola,0,0,svc,rf,0.0
2020,ALB,Albania,0,0,svc,rf,0.0
2020,AND,Andorra,0,0,svc,rf,0.0
2020,ARE,United Arab Emirates,0,1,svc,rf,0.0
2020,ARG,Argentina,3,4,svc,rf,8.486460127591705
2020,ARM,Armenia,4,4,svc,rf,3.3107601830995055
2020,ASM,American Samoa,0,0,svc,rf,0.0
2020,ATG,Antigua and Barbuda,0,0,svc,rf,0.0
2020,AUS,Australia,46,29,svc,rf,39.33
2020,AUT,Austria,7,1,svc,rf,3.656975833288846
2020,AZE,Azerbaijan,7,18,svc,rf,13.44089971139971
2020,BDI,Burundi,0,1,svc,rf,0.0
2020,BEL,Belgium,7,6,svc,rf,6.95678664889649
2020,BEN,Benin,0,0,svc,rf,0.0
2020,BFA,Burkina Faso,1,0,svc,rf,0.0
2020,BGD,Bangladesh,0,0,svc,rf,0.0
2020,BGR,Bulgaria,6,3,svc,rf,3.076614701254477
2020,BHR,Bahrain,1,2,svc,rf,2.6481456333622186
2020,BHS,"Bahamas, The",2,2,svc,rf,2.181140731944952
2020,BIH,Bosnia and Herzegovina,0,0,svc,rf,0.0
2020,BLR,Belarus,7,9,svc,rf,9.096343506589198
2020,BLZ,Belize,0,0,svc,rf,0.0
2020,BMU,Bermuda,1,0,svc,rf,0.0
2020,BOL,Bolivia,0,0,svc,rf,0.0
2020,BRA,Brazil,21,19,svc,rf,23.098205128205127
2020,BRB,Barbados,0,0,svc,rf,0.0
2020,BRN,Brunei Darussalam,0,0,svc,rf,0.0
2020,BTN,Bhutan,0,0,svc,rf,0.0
2020,BWA,Botswana,1,0,svc,rf,0.0
2020,CAF,Central African Republic,0,0,svc,rf,0.0
2020,CAN,Canada,24,22,svc,rf,28.84415750915751
2020,CHE,Switzerland,13,7,svc,rf,7.745743271221532
2020,CHL,Chile,0,0,svc,rf,2.452162439899775
2020,CHN,China,89,70,svc,rf,76.7
2020,CIV,Cote d'Ivoire,1,2,svc,rf,2.069045209655642
2020,CMR,Cameroon,0,0,svc,rf,0.0
2020,COD,"Congo, Dem. Rep.",0,0,svc,rf,0.0
2020,COG,"Congo, Rep.",0,0,svc,rf,0.0
2020,COL,Colombia,5,8,svc,rf,8.672502700511666
2020,COM,Comoros,0,0,svc,rf,0.0
2020,CPV,Cabo Verde,0,0,svc,rf,0.0
2020,CRI,Costa Rica,0,0,svc,rf,0.0
2020,CUB,Cuba,15,11,svc,rf,10.406529473400164
2020,CYM,Cayman Islands,0,0,svc,rf,0.0
2020,CYP,Cyprus,0,0,svc,rf,0.0
2020,CZE,Czechia,11,10,svc,rf,10.387660973084888
2020,DEU,Germany,37,42,svc,rf,44.01666666666667
2020,DJI,Djibouti,0,0,svc,rf,0.0
2020,DMA,Dominica,0,0,svc,rf,0.0
2020,DNK,Denmark,11,15,svc,rf,9.739571428571429
2020,DOM,Dominican Republic,5,1,svc,rf,2.945538995949838
2020,DZA,Algeria,0,2,svc,rf,2.7566329781864187
2020,ECU,Ecuador,3,0,svc,rf,2.524371548852317
2020,EGY,"Egypt, Arab Rep.",6,3,svc,rf,4.428183013495981
2020,ESP,Spain,17,17,svc,rf,21.8747912087912
2020,EST,Estonia,2,1,svc,rf,1.9515883260062303
2020,ETH,Ethiopia,4,8,svc,rf,7.3018253968253966
2020,FIN,Finland,2,1,svc,rf,2.4345145831509707
2020,FJI,Fiji,2,1,svc,rf,2.0983540128592413
2020,FRA,France,33,42,svc,rf,42.091428571428565
2020,FSM,"Micronesia, Fed. Sts.",0,0,svc,rf,0.0
2020,GAB,Gabon,0,0,svc,rf,0.0
2020,GBR,United Kingdom,64,67,svc,rf,55.419333333333334
2020,GEO,Georgia,8,7,svc,rf,7.530426933782919
2020,GHA,Ghana,1,0,svc,rf,0.0
2020,GIN,Guinea,0,0,svc,rf,0.0
2020,GMB,"Gambia, The",0,0,svc,rf,0.0
2020,GNB,Guinea-Bissau,0,0,svc,rf,0.0
2020,GNQ,Equatorial Guinea,0,0,svc,rf,0.0
2020,GRC,Greece,4,6,svc,rf,6.1452474804081145
2020,GRD,Grenada,1,1,svc,rf,0.0
2020,GTM,Guatemala,0,0,svc,rf,0.0
2020,GUM,Guam,0,0,svc,rf,0.0
2020,GUY,Guyana,0,0,svc,rf,0.0
2020,HKG,"Hong Kong SAR, China",6,0,svc,rf,2.020221410165887
2020,HND,Honduras,0,0,svc,rf,0.0
2020,HRV,Croatia,9,10,svc,rf,9.197982871309444
2020,HTI,Haiti,0,0,svc,rf,0.0
2020,HUN,Hungary,20,15,svc,rf,13.653464285714286
2020,IDN,Indonesia,5,3,svc,rf,3.9750727328227327
2020,IND,India,7,2,svc,rf,8.997664449371767
2020,IRL,Ireland,4,2,svc,rf,5.807609684570249
2020,IRN,"Iran, Islamic Rep.",7,8,svc,rf,6.613141084186815
2020,IRQ,Iraq,0,0,svc,rf,0.0
2020,ISL,Iceland,0,0,svc,rf,0.0
2020,ISR,Israel,4,2,svc,rf,3.339727180346494
2020,ITA,Italy,40,28,svc,rf,33.6807619047619
2020,JAM,Jamaica,9,11,svc,rf,11.282394636015326
2020,JOR,Jordan,2,1,svc,rf,0.0
2020,JPN,Japan,58,41,svc,rf,60.93
2020,KAZ,Kazakhstan,8,18,svc,rf,13.593833333333333
2020,KEN,Kenya,10,13,svc,rf,12.149220238095237
2020,KGZ,Kyrgyz Republic,3,0,svc,rf,0.0
2020,KHM,Cambodia,0,0,svc,rf,0.0
2020,KIR,Kiribati,0,0,svc,rf,0.0
2020,KNA,St. Kitts and Nevis,0,0,svc,rf,0.0
2020,KOR,"Korea, Rep.",20,21,svc,rf,19.794291208791208
2020,KWT,Kuwait,1,0,svc,rf,0.0
2020,LAO,Lao PDR,0,0,svc,rf,0.0
2020,LBN,Lebanon,0,0,svc,rf,0.0
2020,LBR,Liberia,0,0,svc,rf,0.0
2020,LBY,Libya,0,0,svc,rf,0.0
2020,LCA,St. Lucia,0,0,svc,rf,0.0
2020,LKA,Sri Lanka,0,0,svc,rf,0.0
2020,LSO,Lesotho,0,0,svc,rf,0.0
2020,LTU,Lithuania,1,4,svc,rf,3.314128890463934
2020,LUX,Luxembourg,0,0,svc,rf,0.0
2020,LVA,Latvia,2,0,svc,rf,0.0
2020,MAR,Morocco,1,1,svc,rf,2.6059474919060843
2020,MCO,Monaco,0,0,svc,rf,0.0
2020,MDA,Moldova,1,0,svc,rf,0.0
2020,MDG,Madagascar,0,0,svc,rf,0.0
2020,MDV,Maldives,0,0,svc,rf,0.0
2020,MEX,Mexico,4,5,svc,rf,9.384280303030302
2020,MHL,Marshall Islands,0,0,svc,rf,0.0
2020,MKD,North Macedonia,1,0,svc,rf,0.0
2020,MLI,Mali,0,0,svc,rf,0.0
2020,MLT,Malta,0,0,svc,rf,0.0
2020,MMR,Myanmar,0,0,svc,rf,0.0
2020,MNE,Montenegro,0,0,svc,rf,0.0
2020,MNG,Mongolia,4,2,svc,rf,3.040476517657139
2020,MOZ,Mozambique,0,0,svc,rf,0.0
2020,MRT,Mauritania,0,0,svc,rf,0.0
2020,MUS,Mauritius,0,0,svc,rf,0.0
2020,MWI,Malawi,0,0,svc,rf,0.0
2020,MYS,Malaysia,2,5,svc,rf,4.23685652200142
2020,NAM,Namibia,1,0,svc,rf,0.0
2020,NER,Niger,0,1,svc,rf,0.0
2020,NGA,Nigeria,2,1,svc,rf,4.354727639755236
2020,NIC,Nicaragua,0,0,svc,rf,0.0
2020,NLD,Netherlands,36,19,svc,rf,20.002895604395604
2020,NOR,Norway,8,4,svc,rf,4.888318647386806
2020,NPL,Nepal,0,0,svc,rf,0.0
2020,NRU,Naoero,0,0,svc,rf,0.0
2020,NZL,New Zealand,20,18,svc,rf,14.211823412698411
2020,OMN,Oman,0,0,svc,rf,0.0
2020,PAK,Pakistan,0,0,svc,rf,0.0
2020,PAN,Panama,0,0,svc,rf,0.0
2020,PER,Peru,0,0,svc,rf,3.277389264822507
2020,PHL,Philippines,4,1,svc,rf,2.2765469982047786
2020,PLW,Palau,0,0,svc,rf,0.0
2020,PNG,Papua New Guinea,0,0,svc,rf,0.0
2020,POL,Poland,14,11,svc,rf,12.707315476190477
2020,PRI,Puerto Rico (US),1,1,svc,rf,2.0818081230311325
2020,PRT,Portugal,4,1,svc,rf,2.9243150484034395
2020,PRY,Paraguay,0,0,svc,rf,0.0
2020,PSE,West Bank and Gaza,0,0,svc,rf,0.0
2020,QAT,Qatar,3,1,svc,rf,0.0
2020,ROU,Romania,4,4,svc,rf,5.300050457184883
2020,RUS,Russian Federation,71,56,svc,rf,54.8
2020,RWA,Rwanda,0,0,svc,rf,0.0
2020,SAU,Saudi Arabia,1,0,svc,rf,3.1872747841347415
2020,SDN,Sudan,0,0,svc,rf,0.0
2020,SEN,Senegal,0,0,svc,rf,0.0
2020,SGP,Singapore,0,1,svc,rf,2.0914834958459974
2020,SLB,Solomon Islands,0,0,svc,rf,0.0
2020,SLE,Sierra Leone,0,0,svc,rf,0.0
2020,SLV,El Salvador,0,0,svc,rf,0.0
2020,SMR,San Marino,3,0,svc,rf,0.0
2020,SOM,"Somalia, Fed. Rep.",0,0,svc,rf,0.0
2020,SRB,Serbia,8,8,svc,rf,7.5207799067903025
2020,STP,Sao Tome and Principe,0,0,svc,rf,0.0
2020,SUR,Suriname,0,0,svc,rf,0.0
2020,SVK,Slovak Republic,4,4,svc,rf,3.0888802311265353
2020,SVN,Slovenia,5,4,svc,rf,3.9596651552106867
2020,SWE,Sweden,9,11,svc,rf,9.082392496392497
2020,SWZ,Eswatini,0,0,svc,rf,0.0
2020,SYC,Seychelles,0,0,svc,rf,0.0
2020,SYR,Syrian Arab Republic,1,0,svc,rf,0.0
2020,TCD,Chad,0,0,svc,rf,0.0
2020,TGO,Togo,0,0,svc,rf,0.0
2020,THA,Thailand,2,6,svc,rf,6.035437645369138
2020,TJK,Tajikistan,0,1,svc,rf,0.0
2020,TKM,Turkmenistan,1,0,svc,rf,0.0
2020,TLS,Timor-Leste,0,0,svc,rf,0.0
2020,TON,Tonga,0,0,svc,rf,0.0
2020,TTO,Trinidad and Tobago,0,1,svc,rf,1.6974097259829373
2020,TUN,Tunisia,2,3,svc,rf,4.188944564490362
2020,TUR,Turkiye,13,8,svc,rf,6.616218043995908
2020,TUV,Tuvalu,0,0,svc,rf,0.0
2020,TZA,Tanzania,0,0,svc,rf,0.0
2020,UGA,Uganda,4,0,svc,rf,0.0
2020,UKR,Ukraine,19,11,svc,rf,11.972607142857143
2020,URY,Uruguay,0,0,svc,rf,0.0
2020,USA,United States,113,121,svc,rf,110.57
2020,UZB,Uzbekistan,5,13,svc,rf,11.559159632034634
2020,VCT,St. Vincent and the Grenadines,0,0,svc,rf,0.0
2020,VEN,"Venezuela, RB",4,3,svc,rf,5.766440525332843
2020,VIR,Virgin Islands (U.S.),0,0,svc,rf,0.0
2020,VNM,Viet Nam,0,2,svc,rf,2.93538811615116
2020,VUT,Vanuatu,0,0,svc,rf,0.0
2020,WSM,Samoa,0,0,svc,rf,0.0
2020,ZAF,South Africa,3,10,svc,rf,13.004787878787882
2020,ZMB,Zambia,0,0,svc,rf,0.0
2020,ZWE,Zimbabwe,0,0,svc,rf,0.0
2020,ABW,Aruba,0,0,gnb,linear,0.0
2020,AFG,Afghanistan,0,0,gnb,linear,0.0
2020,AGO,Angola,0,0,gnb,linear,0.0
2020,ALB,Albania,0,0,gnb,linear,0.0
2020,AND,Andorra,0,0,gnb,linear,0.0
2020,ARE,United Arab Emirates,0,1,gnb,linear,0.7150761069614759
2020,ARG,Argentina,3,4,gnb,linear,12.45184348736652
2020,ARM,Armenia,4,4,gnb,linear,4.127727604603541
2020,ASM,American Samoa,0,0,gnb,linear,0.0
2020,ATG,Antigua and Barbuda,0,0,gnb,linear,0.0
2020,AUS,Australia,46,29,gnb,linear,39.22669680327664
2020,AUT,Austria,7,1,gnb,linear,3.620260101047757
2020,AZE,Azerbaijan,7,18,gnb,linear,12.98223491938215
2020,BDI,Burundi,0,1,gnb,linear,0.0
2020,BEL,Belgium,7,6,gnb,linear,8.881808368442776
2020,BEN,Benin,0,0,gnb,linear,0.0
2020,BFA,Burkina Faso,1,0,gnb,linear,0.0
2020,BGD,Bangladesh,0,0,gnb,linear,2.1310061283532473
2020,BGR,Bulgaria,6,3,gnb,linear,4.259942263169721
2020,BHR,Bahrain,1,2,gnb,linear,0.0
2020,BHS,"Bahamas, The",2,2,gnb,linear,0.0
2020,BIH,Bosnia and Herzegovina,0,0,gnb,linear,0.0
2020,BLR,Belarus,7,9,gnb,linear,10.567486146928768
2020,BLZ,Belize,0,0,gnb,linear,0.0
2020,BMU,Bermuda,1,0,gnb,linear,0.0
2020,BOL,Bolivia,0,0,gnb,linear,0.0
2020,BRA,Brazil,21,19,gnb,linear,28.29534348914588
2020,BRB,Barbados,0,0,gnb,linear,0.0
2020,BRN,Brunei Darussalam,0,0,gnb,linear,0.0
2020,BTN,Bhutan,0,0,gnb,linear,0.0
2020,BWA,Botswana,1,0,gnb,linear,0.0
2020,CAF,Central African Republic,0,0,gnb,linear,0.0
2020,CAN,Canada,24,22,gnb,linear,32.089406854319535
2020,CHE,Switzerland,13,7,gnb,linear,7.231234183984168
2020,CHL,Chile,0,0,gnb,linear,3.8289075536906143
2020,CHN,China,89,70,gnb,linear,84.0678109610704
2020,CIV,Cote d'Ivoire,1,2,gnb,linear,0.0
2020,CMR,Cameroon,0,0,gnb,linear,0.0
2020,COD,"Congo, Dem. Rep.",0,0,gnb,linear,0.0
2020,COG,"Congo, Rep.",0,0,gnb,linear,0.0
2020,COL,Colombia,5,8,gnb,linear,9.420073933868943
2020,COM,Comoros,0,0,gnb,linear,0.0
2020,CPV,Cabo Verde,0,0,gnb,linear,0.0
2020,CRI,Costa Rica,0,0,gnb,linear,0.0
2020,CUB,Cuba,15,11,gnb,linear,10.017533597797275
2020,CYM,Cayman Islands,0,0,gnb,linear,0.0
2020,CYP,Cyprus,0,0,gnb,linear,0.0
2020,CZE,Czechia,11,10,gnb,linear,10.960488584201508
2020,DEU,Germany,37,42,gnb,linear,46.917295049199836
2020,DJI,Djibouti,0,0,gnb,linear,0.0
2020,DMA,Dominica,0,0,gnb,linear,0.0
2020,DNK,Denmark,11,15,gnb,linear,11.556108623229761
2020,DOM,Dominican Republic,5,1,gnb,linear,4.957087721525889
2020,DZA,Algeria,0,2,gnb,linear,4.8719528271151695
2020,ECU,Ecuador,3,0,gnb,linear,0.0
2020,EGY,"Egypt, Arab Rep.",6,3,gnb,linear,10.072895535662001
2020,ESP,Spain,17,17,gnb,linear,26.509772779031316
2020,EST,Estonia,2,1,gnb,linear,0.0
2020,ETH,Ethiopia,4,8,gnb,linear,7.950373885993619
2020,FIN,Finland,2,1,gnb,linear,1.9760690676699877
2020,FJI,Fiji,2,1,gnb,linear,0.0
2020,FRA,France,33,42,gnb,linear,44.178006670712705
2020,FSM,"Micronesia, Fed. Sts.",0,0,gnb,linear,0.0
2020,GAB,Gabon,0,0,gnb,linear,0.0
2020,GBR,United Kingdom,64,67,gnb,linear,57.11464336026389
2020,GEO,Georgia,8,7,gnb,linear,6.472166925000259
2020,GHA,Ghana,1,0,gnb,linear,0.0
2020,GIN,Guinea,0,0,gnb,linear,0.0
2020,GMB,"Gambia, The",0,0,gnb,linear,0.0
2020,GNB,Guinea-Bissau,0,0,gnb,linear,0.0
2020,GNQ,Equatorial Guinea,0,0,gnb,linear,0.0
2020,GRC,Greece,4,6,gnb,linear,7.71303127842918
2020,GRD,Grenada,1,1,gnb,linear,0.0
2020,GTM,Guatemala,0,0,gnb,linear,0.0
2020,GUM,Guam,0,0,gnb,linear,0.0
2020,GUY,Guyana,0,0,gnb,linear,0.0
2020,HKG,"Hong Kong SAR, China",6,0,gnb,linear,1.4804663311182793
2020,HND,Honduras,0,0,gnb,linear,0.0
2020,HRV,Croatia,9,10,gnb,linear,8.50926778050335
2020,HTI,Haiti,0,0,gnb,linear,0.0
2020,HUN,Hungary,20,15,gnb,linear,16.52558585590674
2020,IDN,Indonesia,5,3,gnb,linear,5.7758023482623795
2020,IND,India,7,2,gnb,linear,8.997353344492145
2020,IRL,Ireland,4,2,gnb,linear,4.5099056770684145
2020,IRN,"Iran, Islamic Rep.",7,8,gnb,linear,9.140922841451083
2020,IRQ,Iraq,0,0,gnb,linear,0.0
2020,ISL,Iceland,0,0,gnb,linear,0.0
2020,ISR,Israel,4,2,gnb,linear,5.436070784945796
2020,ITA,Italy,40,28,gnb,linear,35.583675806897325
2020,JAM,Jamaica,9,11,gnb,linear,9.51014187412617
2020,JOR,Jordan,2,1,gnb,linear,0.0
2020,JPN,Japan,58,41,gnb,linear,56.58340289223646
2020,KAZ,Kazakhstan,8,18,gnb,linear,15.75413197176599
2020,KEN,Kenya,10,13,gnb,linear,12.707377115752852
2020,KGZ,Kyrgyz Republic,3,0,gnb,linear,0.0
2020,KHM,Cambodia,0,0,gnb,linear,0.0
2020,KIR,Kiribati,0,0,gnb,linear,0.0
2020,KNA,St. Kitts and Nevis,0,0,gnb,linear,0.0
2020,KOR,"Korea, Rep.",20,21,gnb,linear,24.945859149800345
2020,KWT,Kuwait,1,0,gnb,linear,0.0
2020,LAO,Lao PDR,0,0,gnb,linear,0.0
2020,LBN,Lebanon,0,0,gnb,linear,0.0
2020,LBR,Liberia,0,0,gnb,linear,0.0
2020,LBY,Libya,0,0,gnb,linear,0.0
2020,LCA,St. Lucia,0,0,gnb,linear,0.0
2020,LKA,Sri Lanka,0,0,gnb,linear,0.0
2020,LSO,Lesotho,0,0,gnb,linear,0.0
2020,LTU,Lithuania,1,4,gnb,linear,4.512920686736933
2020,LUX,Luxembourg,0,0,gnb,linear,0.0
2020,LVA,Latvia,2,0,gnb,linear,0.0
2020,MAR,Morocco,1,1,gnb,linear,0.0
2020,MCO,Monaco,0,0,gnb,linear,0.0
2020,MDA,Moldova,1,0,gnb,linear,0.0
2020,MDG,Madagascar,0,0,gnb,linear,0.0
2020,MDV,Maldives,0,0,gnb,linear,0.0
2020,MEX,Mexico,4,5,gnb,linear,13.151648786946067
2020,MHL,Marshall Islands,0,0,gnb,linear,0.0
2020,MKD,North Macedonia,1,0,gnb,linear,0.0
2020,MLI,Mali,0,0,gnb,linear,0.0
2020,MLT,Malta,0,0,gnb,linear,0.0
2020,MMR,Myanmar,0,0,gnb,linear,0.0
2020,MNE,Montenegro,0,0,gnb,linear,0.0
2020,MNG,Mongolia,4,2,gnb,linear,0.0
2020,MOZ,Mozambique,0,0,gnb,linear,0.0
2020,MRT,Mauritania,0,0,gnb,linear,0.0
2020,MUS,Mauritius,0,0,gnb,linear,0.0
2020,MWI,Malawi,0,0,gnb,linear,0.0
2020,MYS,Malaysia,2,5,gnb,linear,5.905397852221263
2020,NAM,Namibia,1,0,gnb,linear,0.0
2020,NER,Niger,0,1,gnb,linear,0.0
2020,NGA,Nigeria,2,1,gnb,linear,5.3930157728412675
2020,NIC,Nicaragua,0,0,gnb,linear,0.0
2020,NLD,Netherlands,36,19,gnb,linear,22.713711883650774
2020,NOR,Norway,8,4,gnb,linear,4.865101780934729
2020,NPL,Nepal,0,0,gnb,linear,0.0
2020,NRU,Naoero,0,0,gnb,linear,0.0
2020,NZL,New Zealand,20,18,gnb,linear,19.40719608398964
2020,OMN,Oman,0,0,gnb,linear,0.0
2020,PAK,Pakistan,0,0,gnb,linear,2.229074193414082
2020,PAN,Panama,0,0,gnb,linear,0.0
2020,PER,Peru,0,0,gnb,linear,0.0
2020,PHL,Philippines,4,1,gnb,linear,3.364024609117873
2020,PLW,Palau,0,0,gnb,linear,0.0
2020,PNG,Papua New Guinea,0,0,gnb,linear,0.0
2020,POL,Poland,14,11,gnb,linear,16.60936536197488
2020,PRI,Puerto Rico (US),1,1,gnb,linear,0.0
2020,PRT,Portugal,4,1,gnb,linear,5.413931641018919
2020,PRY,Paraguay,0,0,gnb,linear,0.0
2020,PSE,West Bank and Gaza,0,0,gnb,linear,0.0
2020,QAT,Qatar,3,1,gnb,linear,0.0
2020,ROU,Romania,4,4,gnb,linear,7.844664538081742
2020,RUS,Russian Federation,71,56,gnb,linear,49.32931939430122
2020,RWA,Rwanda,0,0,gnb,linear,0.0
2020,SAU,Saudi Arabia,1,0,gnb,linear,4.509839222540882
2020,SDN,Sudan,0,0,gnb,linear,0.0
2020,SEN,Senegal,0,0,gnb,linear,0.0
2020,SGP,Singapore,0,1,gnb,linear,0.2822381561491163
2020,SLB,Solomon Islands,0,0,gnb,linear,0.0
2020,SLE,Sierra Leone,0,0,gnb,linear,0.0
2020,SLV,El Salvador,0,0,gnb,linear,0.0
2020,SMR,San Marino,3,0,gnb,linear,0.0
2020,SOM,"Somalia, Fed. Rep.",0,0,gnb,linear,0.0
2020,SRB,Serbia,8,8,gnb,linear,9.15178045140662
2020,STP,Sao Tome and Principe,0,0,gnb,linear,0.0
2020,SUR,Suriname,0,0,gnb,linear,0.0
2020,SVK,Slovak Republic,4,4,gnb,linear,4.614256526175615
2020,SVN,Slovenia,5,4,gnb,linear,4.881847546017343
2020,SWE,Sweden,9,11,gnb,linear,11.756746084518273
2020,SWZ,Eswatini,0,0,gnb,linear,0.0
2020,SYC,Seychelles,0,0,gnb,linear,0.0
2020,SYR,Syrian Arab Republic,1,0,gnb,linear,0.0
2020,TCD,Chad,0,0,gnb,linear,0.0
2020,TGO,Togo,0,0,gnb,linear,0.0
2020,THA,Thailand,2,6,gnb,linear,7.006114611364726
2020,TJK,Tajikistan,0,1,gnb,linear,0.0
2020,TKM,Turkmenistan,1,0,gnb,linear,0.0
2020,TLS,Timor-Leste,0,0,gnb,linear,0.0
2020,TON,Tonga,0,0,gnb,linear,0.0
2020,TTO,Trinidad and Tobago,0,1,gnb,linear,0.0
2020,TUN,Tunisia,2,3,gnb,linear,5.982409282469948
2020,TUR,Turkiye,13,8,gnb,linear,11.601700081921761
2020,TUV,Tuvalu,0,0,gnb,linear,0.0
2020,TZA,Tanzania,0,0,gnb,linear,0.0
2020,UGA,Uganda,4,0,gnb,linear,0.0
2020,UKR,Ukraine,19,11,gnb,linear,13.891657216586122
2020,URY,Uruguay,0,0,gnb,linear,0.0
2020,USA,United States,113,121,gnb,linear,134.74148853608187
2020,UZB,Uzbekistan,5,13,gnb,linear,11.863534699346738
2020,VCT,St. Vincent and the Grenadines,0,0,gnb,linear,0.0
2020,VEN,"Venezuela, RB",4,3,gnb,linear,0.0
2020,VIR,Virgin Islands (U.S.),0,0,gnb,linear,0.0
2020,VNM,Viet Nam,0,2,gnb,linear,3.876710200801096
2020,VUT,Vanuatu,0,0,gnb,linear,0.0
2020,WSM,Samoa,0,0,gnb,linear,0.0
2020,ZAF,South Africa,3,10,gnb,linear,15.48123956543976
2020,ZMB,Zambia,0,0,gnb,linear,0.0
2020,ZWE,Zimbabwe,0,0,gnb,linear,0.0
2020,ABW,Aruba,0,0,gnb,weighted_lr,0.0
2020,AFG,Afghanistan,0,0,gnb,weighted_lr,0.0
2020,AGO,Angola,0,0,gnb,weighted_lr,0.0
2020,ALB,Albania,0,0,gnb,weighted_lr,0.0
2020,AND,Andorra,0,0,gnb,weighted_lr,0.0
2020,ARE,United Arab Emirates,0,1,gnb,weighted_lr,0.0
2020,ARG,Argentina,3,4,gnb,weighted_lr,12.101179441527057
2020,ARM,Armenia,4,4,gnb,weighted_lr,3.123652437569845
2020,ASM,American Samoa,0,0,gnb,weighted_lr,0.0
2020,ATG,Antigua and Barbuda,0,0,gnb,weighted_lr,0.0
2020,AUS,Australia,46,29,gnb,weighted_lr,40.092934605309445
2020,AUT,Austria,7,1,gnb,weighted_lr,2.8838356780737495
2020,AZE,Azerbaijan,7,18,gnb,weighted_lr,11.92769553039015
2020,BDI,Burundi,0,1,gnb,weighted_lr,0.0
2020,BEL,Belgium,7,6,gnb,weighted_lr,8.294940590294672
2020,BEN,Benin,0,0,gnb,weighted_lr,0.0
2020,BFA,Burkina Faso,1,0,gnb,weighted_lr,0.0
2020,BGD,Bangladesh,0,0,gnb,weighted_lr,0.7974459477834888
2020,BGR,Bulgaria,6,3,gnb,weighted_lr,3.510610980100509
2020,BHR,Bahrain,1,2,gnb,weighted_lr,0.0
2020,BHS,"Bahamas, The",2,2,gnb,weighted_lr,0.0
2020,BIH,Bosnia and Herzegovina,0,0,gnb,weighted_lr,0.0
2020,BLR,Belarus,7,9,gnb,weighted_lr,9.9516952273921
2020,BLZ,Belize,0,0,gnb,weighted_lr,0.0
2020,BMU,Bermuda,1,0,gnb,weighted_lr,0.0
2020,BOL,Bolivia,0,0,gnb,weighted_lr,0.0
2020,BRA,Brazil,21,19,gnb,weighted_lr,28.312515377562917
2020,BRB,Barbados,0,0,gnb,weighted_lr,0.0
2020,BRN,Brunei Darussalam,0,0,gnb,weighted_lr,0.0
2020,BTN,Bhutan,0,0,gnb,weighted_lr,0.0
2020,BWA,Botswana,1,0,gnb,weighted_lr,0.0
2020,CAF,Central African Republic,0,0,gnb,weighted_lr,0.0
2020,CAN,Canada,24,22,gnb,weighted_lr,32.542669873660174
2020,CHE,Switzerland,13,7,gnb,weighted_lr,6.6780845046859785
2020,CHL,Chile,0,0,gnb,weighted_lr,2.857651610326352
2020,CHN,China,89,70,gnb,weighted_lr,81.00749426284554
2020,CIV,Cote d'Ivoire,1,2,gnb,weighted_lr,0.0
2020,CMR,Cameroon,0,0,gnb,weighted_lr,0.0
2020,COD,"Congo, Dem. Rep.",0,0,gnb,weighted_lr,0.0
2020,COG,"Congo, Rep.",0,0,gnb,weighted_lr,0.0
2020,COL,Colombia,5,8,gnb,weighted_lr,8.385606662937915
2020,COM,Comoros,0,0,gnb,weighted_lr,0.0
2020,CPV,Cabo Verde,0,0,gnb,weighted_lr,0.0
2020,CRI,Costa Rica,0,0,gnb,weighted_lr,0.0
2020,CUB,Cuba,15,11,gnb,weighted_lr,9.234671114941179
2020,CYM,Cayman Islands,0,0,gnb,weighted_lr,0.0
2020,CYP,Cyprus,0,0,gnb,weighted_lr,0.0
2020,CZE,Czechia,11,10,gnb,weighted_lr,10.297255355063987
2020,DEU,Germany,37,42,gnb,weighted_lr,46.6486665368672
2020,DJI,Djibouti,0,0,gnb,weighted_lr,0.0
2020,DMA,Dominica,0,0,gnb,weighted_lr,0.0
2020,DNK,Denmark,11,15,gnb,weighted_lr,10.973879005051764
2020,DOM,Dominican Republic,5,1,gnb,weighted_lr,4.005263067276936
2020,DZA,Algeria,0,2,gnb,weighted_lr,3.764341625478904
2020,ECU,Ecuador,3,0,gnb,weighted_lr,0.0
2020,EGY,"Egypt, Arab Rep.",6,3,gnb,weighted_lr,9.230510603245264
2020,ESP,Spain,17,17,gnb,weighted_lr,26.487850460468778
2020,EST,Estonia,2,1,gnb,weighted_lr,0.0
2020,ETH,Ethiopia,4,8,gnb,weighted_lr,6.569917944222762
2020,FIN,Finland,2,1,gnb,weighted_lr,1.2061206949561907
2020,FJI,Fiji,2,1,gnb,weighted_lr,0.0
2020,FRA,France,33,42,gnb,weighted_lr,44.06873975157283
2020,FSM,"Micronesia, Fed. Sts.",0,0,gnb,weighted_lr,0.0
2020,GAB,Gabon,0,0,gnb,weighted_lr,0.0
2020,GBR,United Kingdom,64,67,gnb,weighted_lr,56.893839242509046
2020,GEO,Georgia,8,7,gnb,weighted_lr,5.508679842910992
2020,GHA,Ghana,1,0,gnb,weighted_lr,0.0
2020,GIN,Guinea,0,0,gnb,weighted_lr,0.0
2020,GMB,"Gambia, The",0,0,gnb,weighted_lr,0.0
2020,GNB,Guinea-Bissau,0,0,gnb,weighted_lr,0.0
2020,GNQ,Equatorial Guinea,0,0,gnb,weighted_lr,0.0
2020,GRC,Greece,4,6,gnb,weighted_lr,7.015511328669891
2020,GRD,Grenada,1,1,gnb,weighted_lr,0.0
2020,GTM,Guatemala,0,0,gnb,weighted_lr,0.0
2020,GUM,Guam,0,0,gnb,weighted_lr,0.0
2020,GUY,Guyana,0,0,gnb,weighted_lr,0.0
2020,HKG,"Hong Kong SAR, China",6,0,gnb,weighted_lr,0.7374380995482905
2020,HND,Honduras,0,0,gnb,weighted_lr,0.0
2020,HRV,Croatia,9,10,gnb,weighted_lr,7.812237005346809
2020,HTI,Haiti,0,0,gnb,weighted_lr,0.0
2020,HUN,Hungary,20,15,gnb,weighted_lr,16.1618777406688
2020,IDN,Indonesia,5,3,gnb,weighted_lr,4.403445265477444
2020,IND,India,7,2,gnb,weighted_lr,7.024481006757599
2020,IRL,Ireland,4,2,gnb,weighted_lr,3.9889396864444837
2020,IRN,"Iran, Islamic Rep.",7,8,gnb,weighted_lr,8.164023922223187
2020,IRQ,Iraq,0,0,gnb,weighted_lr,0.0
2020,ISL,Iceland,0,0,gnb,weighted_lr,0.0
2020,ISR,Israel,4,2,gnb,weighted_lr,4.557688804840936
2020,ITA,Italy,40,28,gnb,weighted_lr,35.76879935334619
2020,JAM,Jamaica,9,11,gnb,weighted_lr,8.593411384779698
2020,JOR,Jordan,2,1,gnb,weighted_lr,0.0
2020,JPN,Japan,58,41,gnb,weighted_lr,56.74525087963188
2020,KAZ,Kazakhstan,8,18,gnb,weighted_lr,14.9174181728464
2020,KEN,Kenya,10,13,gnb,weighted_lr,11.635826550681982
2020,KGZ,Kyrgyz Republic,3,0,gnb,weighted_lr,0.0
2020,KHM,Cambodia,0,0,gnb,weighted_lr,0.0
2020,KIR,Kiribati,0,0,gnb,weighted_lr,0.0
2020,KNA,St. Kitts and Nevis,0,0,gnb,weighted_lr,0.0
2020,KOR,"Korea, Rep.",20,21,gnb,weighted_lr,24.49137026621882
2020,KWT,Kuwait,1,0,gnb,weighted_lr,0.0
2020,LAO,Lao PDR,0,0,gnb,weighted_lr,0.0
2020,LBN,Lebanon,0,0,gnb,weighted_lr,0.0
2020,LBR,Liberia,0,0,gnb,weighted_lr,0.0
2020,LBY,Libya,0,0,gnb,weighted_lr,0.0
2020,LCA,St. Lucia,0,0,gnb,weighted_lr,0.0
2020,LKA,Sri Lanka,0,0,gnb,weighted_lr,0.0
2020,LSO,Lesotho,0,0,gnb,weighted_lr,0.0
2020,LTU,Lithuania,1,4,gnb,weighted_lr,3.6635511378925454
2020,LUX,Luxembourg,0,0,gnb,weighted_lr,0.0
2020,LVA,Latvia,2,0,gnb,weighted_lr,0.0
2020,MAR,Morocco,1,1,gnb,weighted_lr,0.0
2020,MCO,Monaco,0,0,gnb,weighted_lr,0.0
2020,MDA,Moldova,1,0,gnb,weighted_lr,0.0
2020,MDG,Madagascar,0,0,gnb,weighted_lr,0.0
2020,MDV,Maldives,0,0,gnb,weighted_lr,0.0
2020,MEX,Mexico,4,5,gnb,weighted_lr,12.418954846847186
2020,MHL,Marshall Islands,0,0,gnb,weighted_lr,0.0
2020,MKD,North Macedonia,1,0,gnb,weighted_lr,0.0
2020,MLI,Mali,0,0,gnb,weighted_lr,0.0
2020,MLT,Malta,0,0,gnb,weighted_lr,0.0
2020,MMR,Myanmar,0,0,gnb,weighted_lr,0.0
2020,MNE,Montenegro,0,0,gnb,weighted_lr,0.0
2020,MNG,Mongolia,4,2,gnb,weighted_lr,0.0
2020,MOZ,Mozambique,0,0,gnb,weighted_lr,0.0
2020,MRT,Mauritania,0,0,gnb,weighted_lr,0.0
2020,MUS,Mauritius,0,0,gnb,weighted_lr,0.0
2020,MWI,Malawi,0,0,gnb,weighted_lr,0.0
2020,MYS,Malaysia,2,5,gnb,weighted_lr,4.712581618987339
2020,NAM,Namibia,1,0,gnb,weighted_lr,0.0
2020,NER,Niger,0,1,gnb,weighted_lr,0.0
2020,NGA,Nigeria,2,1,gnb,weighted_lr,4.035043005840282
2020,NIC,Nicaragua,0,0,gnb,weighted_lr,0.0
2020,NLD,Netherlands,36,19,gnb,weighted_lr,22.59699433337547
2020,NOR,Norway,8,4,gnb,weighted_lr,4.286061282773958
2020,NPL,Nepal,0,0,gnb,weighted_lr,0.0
2020,NRU,Naoero,0,0,gnb,weighted_lr,0.0
2020,NZL,New Zealand,20,18,gnb,weighted_lr,18.98930506880172
2020,OMN,Oman,0,0,gnb,weighted_lr,0.0
2020,PAK,Pakistan,0,0,gnb,weighted_lr,0.7762792253394153
2020,PAN,Panama,0,0,gnb,weighted_lr,0.0
2020,PER,Peru,0,0,gnb,weighted_lr,0.0
2020,PHL,Philippines,4,1,gnb,weighted_lr,2.0885454644800365
2020,PLW,Palau,0,0,gnb,weighted_lr,0.0
2020,PNG,Papua New Guinea,0,0,gnb,weighted_lr,0.0
2020,POL,Poland,14,11,gnb,weighted_lr,16.432695092997783
2020,PRI,Puerto Rico (US),1,1,gnb,weighted_lr,0.0
2020,PRT,Portugal,4,1,gnb,weighted_lr,4.735317998910498
2020,PRY,Paraguay,0,0,gnb,weighted_lr,0.0
2020,PSE,West Bank and Gaza,0,0,gnb,weighted_lr,0.0
2020,QAT,Qatar,3,1,gnb,weighted_lr,0.0
2020,ROU,Romania,4,4,gnb,weighted_lr,7.245341421331702
2020,RUS,Russian Federation,71,56,gnb,weighted_lr,49.808974578882626
2020,RWA,Rwanda,0,0,gnb,weighted_lr,0.0
2020,SAU,Saudi Arabia,1,0,gnb,weighted_lr,2.905541165924719
2020,SDN,Sudan,0,0,gnb,weighted_lr,0.0
2020,SEN,Senegal,0,0,gnb,weighted_lr,0.0
2020,SGP,Singapore,0,1,gnb,weighted_lr,0.0
2020,SLB,Solomon Islands,0,0,gnb,weighted_lr,0.0
2020,SLE,Sierra Leone,0,0,gnb,weighted_lr,0.0
2020,SLV,El Salvador,0,0,gnb,weighted_lr,0.0
2020,SMR,San Marino,3,0,gnb,weighted_lr,0.0
2020,SOM,"Somalia, Fed. Rep.",0,0,gnb,weighted_lr,0.0
2020,SRB,Serbia,8,8,gnb,weighted_lr,8.51153183210345
2020,STP,Sao Tome and Principe,0,0,gnb,weighted_lr,0.0
2020,SUR,Suriname,0,0,gnb,weighted_lr,0.0
2020,SVK,Slovak Republic,4,4,gnb,weighted_lr,3.731379564962724
2020,SVN,Slovenia,5,4,gnb,weighted_lr,4.001187947263327
2020,SWE,Sweden,9,11,gnb,weighted_lr,11.191260927411811
2020,SWZ,Eswatini,0,0,gnb,weighted_lr,0.0
2020,SYC,Seychelles,0,0,gnb,weighted_lr,0.0
2020,SYR,Syrian Arab Republic,1,0,gnb,weighted_lr,0.0
2020,TCD,Chad,0,0,gnb,weighted_lr,0.0
2020,TGO,Togo,0,0,gnb,weighted_lr,0.0
2020,THA,Thailand,2,6,gnb,weighted_lr,5.958417406827975
2020,TJK,Tajikistan,0,1,gnb,weighted_lr,0.0
2020,TKM,Turkmenistan,1,0,gnb,weighted_lr,0.0
2020,TLS,Timor-Leste,0,0,gnb,weighted_lr,0.0
2020,TON,Tonga,0,0,gnb,weighted_lr,0.0
2020,TTO,Trinidad and Tobago,0,1,gnb,weighted_lr,0.0
2020,TUN,Tunisia,2,3,gnb,weighted_lr,5.042224569369496
2020,TUR,Turkiye,13,8,gnb,weighted_lr,10.65902238667956
2020,TUV,Tuvalu,0,0,gnb,weighted_lr,0.0
2020,TZA,Tanzania,0,0,gnb,weighted_lr,0.0
2020,UGA,Uganda,4,0,gnb,weighted_lr,0.0
2020,UKR,Ukraine,19,11,gnb,weighted_lr,13.450267119789025
2020,URY,Uruguay,0,0,gnb,weighted_lr,0.0
2020,USA,United States,113,121,gnb,weighted_lr,131.9071544626727
2020,UZB,Uzbekistan,5,13,gnb,weighted_lr,10.742439125022914
2020,VCT,St. Vincent and the Grenadines,0,0,gnb,weighted_lr,0.0
2020,VEN,"Venezuela, RB",4,3,gnb,weighted_lr,0.0
2020,VIR,Virgin Islands (U.S.),0,0,gnb,weighted_lr,0.0
2020,VNM,Viet Nam,0,2,gnb,weighted_lr,2.6324635123335227
2020,VUT,Vanuatu,0,0,gnb,weighted_lr,0.0
2020,WSM,Samoa,0,0,gnb,weighted_lr,0.0
2020,ZAF,South Africa,3,10,gnb,weighted_lr,14.837148874558288
2020,ZMB,Zambia,0,0,gnb,weighted_lr,0.0
2020,ZWE,Zimbabwe,0,0,gnb,weighted_lr,0.0
2020,ABW,Aruba,0,0,gnb,ridge,0.0
2020,AFG,Afghanistan,0,0,gnb,ridge,0.0
2020,AGO,Angola,0,0,gnb,ridge,0.0
2020,ALB,Albania,0,0,gnb,ridge,0.0
2020,AND,Andorra,0,0,gnb,ridge,0.0
2020,ARE,United Arab Emirates,0,1,gnb,ridge,0.0
2020,ARG,Argentina,3,4,gnb,ridge,12.631938724716333
2020,ARM,Armenia,4,4,gnb,ridge,2.311995505608472
2020,ASM,American Samoa,0,0,gnb,ridge,0.0
2020,ATG,Antigua and Barbuda,0,0,gnb,ridge,0.0
2020,AUS,Australia,46,29,gnb,ridge,40.892511601906875
2020,AUT,Austria,7,1,gnb,ridge,2.7307030481164105
2020,AZE,Azerbaijan,7,18,gnb,ridge,10.269232598880238
2020,BDI,Burundi,0,1,gnb,ridge,0.0
2020,BEL,Belgium,7,6,gnb,ridge,7.978212056492726
2020,BEN,Benin,0,0,gnb,ridge,0.0
2020,BFA,Burkina Faso,1,0,gnb,ridge,0.0
2020,BGD,Bangladesh,0,0,gnb,ridge,1.29936008600966
2020,BGR,Bulgaria,6,3,gnb,ridge,3.025497277439893
2020,BHR,Bahrain,1,2,gnb,ridge,0.0
2020,BHS,"Bahamas, The",2,2,gnb,ridge,0.0
2020,BIH,Bosnia and Herzegovina,0,0,gnb,ridge,0.0
2020,BLR,Belarus,7,9,gnb,ridge,9.327676473219359
2020,BLZ,Belize,0,0,gnb,ridge,0.0
2020,BMU,Bermuda,1,0,gnb,ridge,0.0
2020,BOL,Bolivia,0,0,gnb,ridge,0.0
2020,BRA,Brazil,21,19,gnb,ridge,30.034863392435888
2020,BRB,Barbados,0,0,gnb,ridge,0.0
2020,BRN,Brunei Darussalam,0,0,gnb,ridge,0.0
2020,BTN,Bhutan,0,0,gnb,ridge,0.0
2020,BWA,Botswana,1,0,gnb,ridge,0.0
2020,CAF,Central African Republic,0,0,gnb,ridge,0.0
2020,CAN,Canada,24,22,gnb,ridge,33.484644912599876
2020,CHE,Switzerland,13,7,gnb,ridge,6.433961684021645
2020,CHL,Chile,0,0,gnb,ridge,2.690640448465352
2020,CHN,China,89,70,gnb,ridge,83.13884865051361
2020,CIV,Cote d'Ivoire,1,2,gnb,ridge,0.0
2020,CMR,Cameroon,0,0,gnb,ridge,0.0
2020,COD,"Congo, Dem. Rep.",0,0,gnb,ridge,0.0
2020,COG,"Congo, Rep.",0,0,gnb,ridge,0.0
2020,COL,Colombia,5,8,gnb,ridge,7.892797258077589
2020,COM,Comoros,0,0,gnb,ridge,0.0
2020,CPV,Cabo Verde,0,0,gnb,ridge,0.0
2020,CRI,Costa Rica,0,0,gnb,ridge,0.0
2020,CUB,Cuba,15,11,gnb,ridge,8.16232395590286
2020,CYM,Cayman Islands,0,0,gnb,ridge,0.0
2020,CYP,Cyprus,0,0,gnb,ridge,0.0
2020,CZE,Czechia,11,10,gnb,ridge,9.57316963006057
2020,DEU,Germany,37,42,gnb,ridge,44.341324731986475
2020,DJI,Djibouti,0,0,gnb,ridge,0.0
2020,DMA,Dominica,0,0,gnb,ridge,0.0
2020,DNK,Denmark,11,15,gnb,ridge,10.06180733185107
2020,DOM,Dominican Republic,5,1,gnb,ridge,3.645432553119891
2020,DZA,Algeria,0,2,gnb,ridge,3.793686399139361
2020,ECU,Ecuador,3,0,gnb,ridge,0.0
2020,EGY,"Egypt, Arab Rep.",6,3,gnb,ridge,9.866656452286277
2020,ESP,Spain,17,17,gnb,ridge,26.14548179941916
2020,EST,Estonia,2,1,gnb,ridge,0.0
2020,ETH,Ethiopia,4,8,gnb,ridge,6.546913029014123
2020,FIN,Finland,2,1,gnb,ridge,1.0565573826362282
2020,FJI,Fiji,2,1,gnb,ridge,0.0
2020,FRA,France,33,42,gnb,ridge,41.94339858054569
2020,FSM,"Micronesia, Fed. Sts.",0,0,gnb,ridge,0.0
2020,GAB,Gabon,0,0,gnb,ridge,0.0
2020,GBR,United Kingdom,64,67,gnb,ridge,52.79020194151984
2020,GEO,Georgia,8,7,gnb,ridge,4.567887105870323
2020,GHA,Ghana,1,0,gnb,ridge,0.0
2020,GIN,Guinea,0,0,gnb,ridge,0.0
2020,GMB,"Gambia, The",0,0,gnb,ridge,0.0
2020,GNB,Guinea-Bissau,0,0,gnb,ridge,0.0
2020,GNQ,Equatorial Guinea,0,0,gnb,ridge,0.0
2020,GRC,Greece,4,6,gnb,ridge,6.421327500390424
2020,GRD,Grenada,1,1,gnb,ridge,0.0
2020,GTM,Guatemala,0,0,gnb,ridge,0.0
2020,GUM,Guam,0,0,gnb,ridge,0.0
2020,GUY,Guyana,0,0,gnb,ridge,0.0
2020,HKG,"Hong Kong SAR, China",6,0,gnb,ridge,0.5294340172413374
2020,HND,Honduras,0,0,gnb,ridge,0.0
2020,HRV,Croatia,9,10,gnb,ridge,6.815579572205529
2020,HTI,Haiti,0,0,gnb,ridge,0.0
2020,HUN,Hungary,20,15,gnb,ridge,15.358759804525041
2020,IDN,Indonesia,5,3,gnb,ridge,5.489529765834818
2020,IND,India,7,2,gnb,ridge,15.432037640162909
2020,IRL,Ireland,4,2,gnb,ridge,4.343046212881733
2020,IRN,"Iran, Islamic Rep.",7,8,gnb,ridge,8.139094177347026
2020,IRQ,Iraq,0,0,gnb,ridge,0.0
2020,ISL,Iceland,0,0,gnb,ridge,0.0
2020,ISR,Israel,4,2,gnb,ridge,4.406044319977153
2020,ITA,Italy,40,28,gnb,ridge,34.79573122991047
2020,JAM,Jamaica,9,11,gnb,ridge,7.407654184424158
2020,JOR,Jordan,2,1,gnb,ridge,0.0
2020,JPN,Japan,58,41,gnb,ridge,55.10521004472009
2020,KAZ,Kazakhstan,8,18,gnb,ridge,13.994394181883543
2020,KEN,Kenya,10,13,gnb,ridge,10.877581894104864
2020,KGZ,Kyrgyz Republic,3,0,gnb,ridge,0.0
2020,KHM,Cambodia,0,0,gnb,ridge,0.0
2020,KIR,Kiribati,0,0,gnb,ridge,0.0
2020,KNA,St. Kitts and Nevis,0,0,gnb,ridge,0.0
2020,KOR,"Korea, Rep.",20,21,gnb,ridge,23.445782397217823
2020,KWT,Kuwait,1,0,gnb,ridge,0.0
2020,LAO,Lao PDR,0,0,gnb,ridge,0.0
2020,LBN,Lebanon,0,0,gnb,ridge,0.0
2020,LBR,Liberia,0,0,gnb,ridge,0.0
2020,LBY,Libya,0,0,gnb,ridge,0.0
2020,LCA,St. Lucia,0,0,gnb,ridge,0.0
2020,LKA,Sri Lanka,0,0,gnb,ridge,0.0
2020,LSO,Lesotho,0,0,gnb,ridge,0.0
2020,LTU,Lithuania,1,4,gnb,ridge,3.1552077025648
2020,LUX,Luxembourg,0,0,gnb,ridge,0.0
2020,LVA,Latvia,2,0,gnb,ridge,0.0
2020,MAR,Morocco,1,1,gnb,ridge,0.0
2020,MCO,Monaco,0,0,gnb,ridge,0.0
2020,MDA,Moldova,1,0,gnb,ridge,0.0
2020,MDG,Madagascar,0,0,gnb,ridge,0.0
2020,MDV,Maldives,0,0,gnb,ridge,0.0
2020,MEX,Mexico,4,5,gnb,ridge,12.93558875089537
2020,MHL,Marshall Islands,0,0,gnb,ridge,0.0
2020,MKD,North Macedonia,1,0,gnb,ridge,0.0
2020,MLI,Mali,0,0,gnb,ridge,0.0
2020,MLT,Malta,0,0,gnb,ridge,0.0
2020,MMR,Myanmar,0,0,gnb,ridge,0.0
2020,MNE,Montenegro,0,0,gnb,ridge,0.0
2020,MNG,Mongolia,4,2,gnb,ridge,0.0
2020,MOZ,Mozambique,0,0,gnb,ridge,0.0
2020,MRT,Mauritania,0,0,gnb,ridge,0.0
2020,MUS,Mauritius,0,0,gnb,ridge,0.0
2020,MWI,Malawi,0,0,gnb,ridge,0.0
2020,MYS,Malaysia,2,5,gnb,ridge,4.056522294484474
2020,NAM,Namibia,1,0,gnb,ridge,0.0
2020,NER,Niger,0,1,gnb,ridge,0.0
2020,NGA,Nigeria,2,1,gnb,ridge,4.872627482644375
2020,NIC,Nicaragua,0,0,gnb,ridge,0.0
2020,NLD,Netherlands,36,19,gnb,ridge,21.931351819665007
2020,NOR,Norway,8,4,gnb,ridge,4.242874917243098
2020,NPL,Nepal,0,0,gnb,ridge,0.0
2020,NRU,Naoero,0,0,gnb,ridge,0.0
2020,NZL,New Zealand,20,18,gnb,ridge,18.294539824519063
2020,OMN,Oman,0,0,gnb,ridge,0.0
2020,PAK,Pakistan,0,0,gnb,ridge,1.7705509893073028
2020,PAN,Panama,0,0,gnb,ridge,0.0
2020,PER,Peru,0,0,gnb,ridge,0.0
2020,PHL,Philippines,4,1,gnb,ridge,2.074038225549346
2020,PLW,Palau,0,0,gnb,ridge,0.0
2020,PNG,Papua New Guinea,0,0,gnb,ridge,0.0
2020,POL,Poland,14,11,gnb,ridge,16.208339522810604
2020,PRI,Puerto Rico (US),1,1,gnb,ridge,0.0
2020,PRT,Portugal,4,1,gnb,ridge,4.563825179116842
2020,PRY,Paraguay,0,0,gnb,ridge,0.0
2020,PSE,West Bank and Gaza,0,0,gnb,ridge,0.0
2020,QAT,Qatar,3,1,gnb,ridge,0.0
2020,ROU,Romania,4,4,gnb,ridge,6.996715631263445
2020,RUS,Russian Federation,71,56,gnb,ridge,49.89233588802302
2020,RWA,Rwanda,0,0,gnb,ridge,0.0
2020,SAU,Saudi Arabia,1,0,gnb,ridge,2.8046838716246754
2020,SDN,Sudan,0,0,gnb,ridge,0.0
2020,SEN,Senegal,0,0,gnb,ridge,0.0
2020,SGP,Singapore,0,1,gnb,ridge,0.0
2020,SLB,Solomon Islands,0,0,gnb,ridge,0.0
2020,SLE,Sierra Leone,0,0,gnb,ridge,0.0
2020,SLV,El Salvador,0,0,gnb,ridge,0.0
2020,SMR,San Marino,3,0,gnb,ridge,0.0
2020,SOM,"Somalia, Fed. Rep.",0,0,gnb,ridge,0.0
2020,SRB,Serbia,8,8,gnb,ridge,7.867029814793807
2020,STP,Sao Tome and Principe,0,0,gnb,ridge,0.0
2020,SUR,Suriname,0,0,gnb,ridge,0.0
2020,SVK,Slovak Republic,4,4,gnb,ridge,3.1729281926747053
2020,SVN,Slovenia,5,4,gnb,ridge,3.485512691077181
2020,SWE,Sweden,9,11,gnb,ridge,10.674051060312152
2020,SWZ,Eswatini,0,0,gnb,ridge,0.0
2020,SYC,Seychelles,0,0,gnb,ridge,0.0
2020,SYR,Syrian Arab Republic,1,0,gnb,ridge,0.0
2020,TCD,Chad,0,0,gnb,ridge,0.0
2020,TGO,Togo,0,0,gnb,ridge,0.0
2020,THA,Thailand,2,6,gnb,ridge,5.502040065895235
2020,TJK,Tajikistan,0,1,gnb,ridge,0.0
2020,TKM,Turkmenistan,1,0,gnb,ridge,0.0
2020,TLS,Timor-Leste,0,0,gnb,ridge,0.0
2020,TON,Tonga,0,0,gnb,ridge,0.0
2020,TTO,Trinidad and Tobago,0,1,gnb,ridge,0.0
2020,TUN,Tunisia,2,3,gnb,ridge,4.529806213396398
2020,TUR,Turkiye,13,8,gnb,ridge,10.490351259248428
2020,TUV,Tuvalu,0,0,gnb,ridge,0.0
2020,TZA,Tanzania,0,0,gnb,ridge,0.0
2020,UGA,Uganda,4,0,gnb,ridge,0.0
2020,UKR,Ukraine,19,11,gnb,ridge,13.089003324681816
2020,URY,Uruguay,0,0,gnb,ridge,0.0
2020,USA,United States,113,121,gnb,ridge,122.4802414287208
2020,UZB,Uzbekistan,5,13,gnb,ridge,9.79998390415316
2020,VCT,St. Vincent and the Grenadines,0,0,gnb,ridge,0.0
2020,VEN,"Venezuela, RB",4,3,gnb,ridge,0.0
2020,VIR,Virgin Islands (U.S.),0,0,gnb,ridge,0.0
2020,VNM,Viet Nam,0,2,gnb,ridge,2.640058845762523
2020,VUT,Vanuatu,0,0,gnb,ridge,0.0
2020,WSM,Samoa,0,0,gnb,ridge,0.0
2020,ZAF,South Africa,3,10,gnb,ridge,14.748085833941733
2020,ZMB,Zambia,0,0,gnb,ridge,0.0
2020,ZWE,Zimbabwe,0,0,gnb,ridge,0.0
2020,ABW,Aruba,0,0,gnb,lasso,0.0
2020,AFG,Afghanistan,0,0,gnb,lasso,0.0
2020,AGO,Angola,0,0,gnb,lasso,0.0
2020,ALB,Albania,0,0,gnb,lasso,0.0
2020,AND,Andorra,0,0,gnb,lasso,0.0
2020,ARE,United Arab Emirates,0,1,gnb,lasso,0.0
2020,ARG,Argentina,3,4,gnb,lasso,11.478409829804813
2020,ARM,Armenia,4,4,gnb,lasso,2.682124541147326
2020,ASM,American Samoa,0,0,gnb,lasso,0.0
2020,ATG,Antigua and Barbuda,0,0,gnb,lasso,0.0
2020,AUS,Australia,46,29,gnb,lasso,38.70919044239741
2020,AUT,Austria,7,1,gnb,lasso,2.5755848194787454
2020,AZE,Azerbaijan,7,18,gnb,lasso,11.405494293614137
2020,BDI,Burundi,0,1,gnb,lasso,0.0
2020,BEL,Belgium,7,6,gnb,lasso,7.82845299073633
2020,BEN,Benin,0,0,gnb,lasso,0.0
2020,BFA,Burkina Faso,1,0,gnb,lasso,0.0
2020,BGD,Bangladesh,0,0,gnb,lasso,1.3056701103411346
2020,BGR,Bulgaria,6,3,gnb,lasso,3.118501238724921
2020,BHR,Bahrain,1,2,gnb,lasso,0.0
2020,BHS,"Bahamas, The",2,2,gnb,lasso,0.0
2020,BIH,Bosnia and Herzegovina,0,0,gnb,lasso,0.0
2020,BLR,Belarus,7,9,gnb,lasso,9.39702296691766
2020,BLZ,Belize,0,0,gnb,lasso,0.0
2020,BMU,Bermuda,1,0,gnb,lasso,0.0
2020,BOL,Bolivia,0,0,gnb,lasso,0.0
2020,BRA,Brazil,21,19,gnb,lasso,28.058509458045407
2020,BRB,Barbados,0,0,gnb,lasso,0.0
2020,BRN,Brunei Darussalam,0,0,gnb,lasso,0.0
2020,BTN,Bhutan,0,0,gnb,lasso,0.0
2020,BWA,Botswana,1,0,gnb,lasso,0.0
2020,CAF,Central African Republic,0,0,gnb,lasso,0.0
2020,CAN,Canada,24,22,gnb,lasso,31.26795819155707
2020,CHE,Switzerland,13,7,gnb,lasso,6.468345795833578
2020,CHL,Chile,0,0,gnb,lasso,2.4358419982700212
2020,CHN,China,89,70,gnb,lasso,82.85562559687193
2020,CIV,Cote d'Ivoire,1,2,gnb,lasso,0.0
2020,CMR,Cameroon,0,0,gnb,lasso,0.0
2020,COD,"Congo, Dem. Rep.",0,0,gnb,lasso,0.0
2020,COG,"Congo, Rep.",0,0,gnb,lasso,0.0
2020,COL,Colombia,5,8,gnb,lasso,8.00764308052685
2020,COM,Comoros,0,0,gnb,lasso,0.0
2020,CPV,Cabo Verde,0,0,gnb,lasso,0.0
2020,CRI,Costa Rica,0,0,gnb,lasso,0.0
2020,CUB,Cuba,15,11,gnb,lasso,8.706643319448702
2020,CYM,Cayman Islands,0,0,gnb,lasso,0.0
2020,CYP,Cyprus,0,0,gnb,lasso,0.0
2020,CZE,Czechia,11,10,gnb,lasso,9.763298271492378
2020,DEU,Germany,37,42,gnb,lasso,44.65945450409021
2020,DJI,Djibouti,0,0,gnb,lasso,0.0
2020,DMA,Dominica,0,0,gnb,lasso,0.0
2020,DNK,Denmark,11,15,gnb,lasso,10.681288223252592
2020,DOM,Dominican Republic,5,1,gnb,lasso,3.4993944854372554
2020,DZA,Algeria,0,2,gnb,lasso,3.47412734224668
2020,ECU,Ecuador,3,0,gnb,lasso,0.0
2020,EGY,"Egypt, Arab Rep.",6,3,gnb,lasso,9.094502546211135
2020,ESP,Spain,17,17,gnb,lasso,25.31927827382865
2020,EST,Estonia,2,1,gnb,lasso,0.0
2020,ETH,Ethiopia,4,8,gnb,lasso,6.753038141370192
2020,FIN,Finland,2,1,gnb,lasso,1.0224858059995618
2020,FJI,Fiji,2,1,gnb,lasso,0.0
2020,FRA,France,33,42,gnb,lasso,42.41767235360183
2020,FSM,"Micronesia, Fed. Sts.",0,0,gnb,lasso,0.0
2020,GAB,Gabon,0,0,gnb,lasso,0.0
2020,GBR,United Kingdom,64,67,gnb,lasso,55.12096252583364
2020,GEO,Georgia,8,7,gnb,lasso,5.028544116617592
2020,GHA,Ghana,1,0,gnb,lasso,0.0
2020,GIN,Guinea,0,0,gnb,lasso,0.0
2020,GMB,"Gambia, The",0,0,gnb,lasso,0.0
2020,GNB,Guinea-Bissau,0,0,gnb,lasso,0.0
2020,GNQ,Equatorial Guinea,0,0,gnb,lasso,0.0
2020,GRC,Greece,4,6,gnb,lasso,6.521386153240912
2020,GRD,Grenada,1,1,gnb,lasso,0.0
2020,GTM,Guatemala,0,0,gnb,lasso,0.0
2020,GUM,Guam,0,0,gnb,lasso,0.0
2020,GUY,Guyana,0,0,gnb,lasso,0.0
2020,HKG,"Hong Kong SAR, China",6,0,gnb,lasso,0.5146066589906901
2020,HND,Honduras,0,0,gnb,lasso,0.0
2020,HRV,Croatia,9,10,gnb,lasso,7.351097779263435
2020,HTI,Haiti,0,0,gnb,lasso,0.0
2020,HUN,Hungary,20,15,gnb,lasso,15.467959637466828
2020,IDN,Indonesia,5,3,gnb,lasso,5.284692139287602
2020,IND,India,7,2,gnb,lasso,14.258621946868606
2020,IRL,Ireland,4,2,gnb,lasso,3.906612472749032
2020,IRN,"Iran, Islamic Rep.",7,8,gnb,lasso,8.082490952007408
2020,IRQ,Iraq,0,0,gnb,lasso,0.0
2020,ISL,Iceland,0,0,gnb,lasso,0.0
2020,ISR,Israel,4,2,gnb,lasso,4.1773055486447355
2020,ITA,Italy,40,28,gnb,lasso,34.352825587171445
2020,JAM,Jamaica,9,11,gnb,lasso,8.04367711568769
2020,JOR,Jordan,2,1,gnb,lasso,0.0
2020,JPN,Japan,58,41,gnb,lasso,54.17839862579497
2020,KAZ,Kazakhstan,8,18,gnb,lasso,14.347443851545655
2020,KEN,Kenya,10,13,gnb,lasso,11.268792953233245
2020,KGZ,Kyrgyz Republic,3,0,gnb,lasso,0.0
2020,KHM,Cambodia,0,0,gnb,lasso,0.0
2020,KIR,Kiribati,0,0,gnb,lasso,0.0
2020,KNA,St. Kitts and Nevis,0,0,gnb,lasso,0.0
2020,KOR,"Korea, Rep.",20,21,gnb,lasso,23.45116224952572
2020,KWT,Kuwait,1,0,gnb,lasso,0.0
2020,LAO,Lao PDR,0,0,gnb,lasso,0.0
2020,LBN,Lebanon,0,0,gnb,lasso,0.0
2020,LBR,Liberia,0,0,gnb,lasso,0.0
2020,LBY,Libya,0,0,gnb,lasso,0.0
2020,LCA,St. Lucia,0,0,gnb,lasso,0.0
2020,LKA,Sri Lanka,0,0,gnb,lasso,0.0
2020,LSO,Lesotho,0,0,gnb,lasso,0.0
2020,LTU,Lithuania,1,4,gnb,lasso,3.3184088871020485
2020,LUX,Luxembourg,0,0,gnb,lasso,0.0
2020,LVA,Latvia,2,0,gnb,lasso,0.0
2020,MAR,Morocco,1,1,gnb,lasso,0.0
2020,MCO,Monaco,0,0,gnb,lasso,0.0
2020,MDA,Moldova,1,0,gnb,lasso,0.0
2020,MDG,Madagascar,0,0,gnb,lasso,0.0
2020,MDV,Maldives,0,0,gnb,lasso,0.0
2020,MEX,Mexico,4,5,gnb,lasso,12.073309207081758
2020,MHL,Marshall Islands,0,0,gnb,lasso,0.0
2020,MKD,North Macedonia,1,0,gnb,lasso,0.0
2020,MLI,Mali,0,0,gnb,lasso,0.0
2020,MLT,Malta,0,0,gnb,lasso,0.0
2020,MMR,Myanmar,0,0,gnb,lasso,0.0
2020,MNE,Montenegro,0,0,gnb,lasso,0.0
2020,MNG,Mongolia,4,2,gnb,lasso,0.0
2020,MOZ,Mozambique,0,0,gnb,lasso,0.0
2020,MRT,Mauritania,0,0,gnb,lasso,0.0
2020,MUS,Mauritius,0,0,gnb,lasso,0.0
2020,MWI,Malawi,0,0,gnb,lasso,0.0
2020,MYS,Malaysia,2,5,gnb,lasso,4.3365254145964425
2020,NAM,Namibia,1,0,gnb,lasso,0.0
2020,NER,Niger,0,1,gnb,lasso,0.0
2020,NGA,Nigeria,2,1,gnb,lasso,4.597900956558765
2020,NIC,Nicaragua,0,0,gnb,lasso,0.0
2020,NLD,Netherlands,36,19,gnb,lasso,21.73308407144706
2020,NOR,Norway,8,4,gnb,lasso,4.126887107198311
2020,NPL,Nepal,0,0,gnb,lasso,0.0
2020,NRU,Naoero,0,0,gnb,lasso,0.0
2020,NZL,New Zealand,20,18,gnb,lasso,18.321940037173167
2020,OMN,Oman,0,0,gnb,lasso,0.0
2020,PAK,Pakistan,0,0,gnb,lasso,1.6956743578252063
2020,PAN,Panama,0,0,gnb,lasso,0.0
2020,PER,Peru,0,0,gnb,lasso,0.0
2020,PHL,Philippines,4,1,gnb,lasso,2.1704330663441898
2020,PLW,Palau,0,0,gnb,lasso,0.0
2020,PNG,Papua New Guinea,0,0,gnb,lasso,0.0
2020,POL,Poland,14,11,gnb,lasso,15.72334836962613
2020,PRI,Puerto Rico (US),1,1,gnb,lasso,0.0
2020,PRT,Portugal,4,1,gnb,lasso,4.258478412796673
2020,PRY,Paraguay,0,0,gnb,lasso,0.0
2020,PSE,West Bank and Gaza,0,0,gnb,lasso,0.0
2020,QAT,Qatar,3,1,gnb,lasso,0.0
2020,ROU,Romania,4,4,gnb,lasso,6.746147762650087
2020,RUS,Russian Federation,71,56,gnb,lasso,49.05800654509951
2020,RWA,Rwanda,0,0,gnb,lasso,0.0
2020,SAU,Saudi Arabia,1,0,gnb,lasso,2.4228503913048893
2020,SDN,Sudan,0,0,gnb,lasso,0.0
2020,SEN,Senegal,0,0,gnb,lasso,0.0
2020,SGP,Singapore,0,1,gnb,lasso,0.0
2020,SLB,Solomon Islands,0,0,gnb,lasso,0.0
2020,SLE,Sierra Leone,0,0,gnb,lasso,0.0
2020,SLV,El Salvador,0,0,gnb,lasso,0.0
2020,SMR,San Marino,3,0,gnb,lasso,0.0
2020,SOM,"Somalia, Fed. Rep.",0,0,gnb,lasso,0.0
2020,SRB,Serbia,8,8,gnb,lasso,7.995900469823978
2020,STP,Sao Tome and Principe,0,0,gnb,lasso,0.0
2020,SUR,Suriname,0,0,gnb,lasso,0.0
2020,SVK,Slovak Republic,4,4,gnb,lasso,3.3655592622604384
2020,SVN,Slovenia,5,4,gnb,lasso,3.6364132055451517
2020,SWE,Sweden,9,11,gnb,lasso,10.734886164983457
2020,SWZ,Eswatini,0,0,gnb,lasso,0.0
2020,SYC,Seychelles,0,0,gnb,lasso,0.0
2020,SYR,Syrian Arab Republic,1,0,gnb,lasso,0.0
2020,TCD,Chad,0,0,gnb,lasso,0.0
2020,TGO,Togo,0,0,gnb,lasso,0.0
2020,THA,Thailand,2,6,gnb,lasso,5.735987540461037
2020,TJK,Tajikistan,0,1,gnb,lasso,0.0
2020,TKM,Turkmenistan,1,0,gnb,lasso,0.0
2020,TLS,Timor-Leste,0,0,gnb,lasso,0.0
2020,TON,Tonga,0,0,gnb,lasso,0.0
2020,TTO,Trinidad and Tobago,0,1,gnb,lasso,0.0
2020,TUN,Tunisia,2,3,gnb,lasso,4.524303995558092
2020,TUR,Turkiye,13,8,gnb,lasso,10.316809181173728
2020,TUV,Tuvalu,0,0,gnb,lasso,0.0
2020,TZA,Tanzania,0,0,gnb,lasso,0.0
2020,UGA,Uganda,4,0,gnb,lasso,0.0
2020,UKR,Ukraine,19,11,gnb,lasso,12.953676519069353
2020,URY,Uruguay,0,0,gnb,lasso,0.0
2020,USA,United States,113,121,gnb,lasso,124.21255205174914
2020,UZB,Uzbekistan,5,13,gnb,lasso,10.315631459125806
2020,VCT,St. Vincent and the Grenadines,0,0,gnb,lasso,0.0
2020,VEN,"Venezuela, RB",4,3,gnb,lasso,0.0
2020,VIR,Virgin Islands (U.S.),0,0,gnb,lasso,0.0
2020,VNM,Viet Nam,0,2,gnb,lasso,2.6917020433435273
2020,VUT,Vanuatu,0,0,gnb,lasso,0.0
2020,WSM,Samoa,0,0,gnb,lasso,0.0
2020,ZAF,South Africa,3,10,gnb,lasso,14.275279221168661
2020,ZMB,Zambia,0,0,gnb,lasso,0.0
2020,ZWE,Zimbabwe,0,0,gnb,lasso,0.0
2020,ABW,Aruba,0,0,gnb,poisson,0.0
2020,AFG,Afghanistan,0,0,gnb,poisson,0.0
2020,AGO,Angola,0,0,gnb,poisson,0.0
2020,ALB,Albania,0,0,gnb,poisson,0.0
2020,AND,Andorra,0,0,gnb,poisson,0.0
2020,ARE,United Arab Emirates,0,1,gnb,poisson,5.23315622663819
2020,ARG,Argentina,3,4,gnb,poisson,10.018052470547628
2020,ARM,Armenia,4,4,gnb,poisson,4.893562600238665
2020,ASM,American Samoa,0,0,gnb,poisson,0.0
2020,ATG,Antigua and Barbuda,0,0,gnb,poisson,0.0
2020,AUS,Australia,46,29,gnb,poisson,50.07016459983492
2020,AUT,Austria,7,1,gnb,poisson,6.4308757779388435
2020,AZE,Azerbaijan,7,18,gnb,poisson,5.603556494884479
2020,BDI,Burundi,0,1,gnb,poisson,0.0
2020,BEL,Belgium,7,6,gnb,poisson,8.466505411535538
2020,BEN,Benin,0,0,gnb,poisson,0.0
2020,BFA,Burkina Faso,1,0,gnb,poisson,0.0
2020,BGD,Bangladesh,0,0,gnb,poisson,4.225609728902094
2020,BGR,Bulgaria,6,3,gnb,poisson,6.671418162664646
2020,BHR,Bahrain,1,2,gnb,poisson,0.0
2020,BHS,"Bahamas, The",2,2,gnb,poisson,0.0
2020,BIH,Bosnia and Herzegovina,0,0,gnb,poisson,0.0
2020,BLR,Belarus,7,9,gnb,poisson,8.49116804441143
2020,BLZ,Belize,0,0,gnb,poisson,0.0
2020,BMU,Bermuda,1,0,gnb,poisson,0.0
2020,BOL,Bolivia,0,0,gnb,poisson,0.0
2020,BRA,Brazil,21,19,gnb,poisson,21.573137762256067
2020,BRB,Barbados,0,0,gnb,poisson,0.0
2020,BRN,Brunei Darussalam,0,0,gnb,poisson,0.0
2020,BTN,Bhutan,0,0,gnb,poisson,0.0
2020,BWA,Botswana,1,0,gnb,poisson,0.0
2020,CAF,Central African Republic,0,0,gnb,poisson,0.0
2020,CAN,Canada,24,22,gnb,poisson,28.86414979877139
2020,CHE,Switzerland,13,7,gnb,poisson,8.62657078035066
2020,CHL,Chile,0,0,gnb,poisson,4.8887590194328014
2020,CHN,China,89,70,gnb,poisson,72.06473436037525
2020,CIV,Cote d'Ivoire,1,2,gnb,poisson,0.0
2020,CMR,Cameroon,0,0,gnb,poisson,0.0
2020,COD,"Congo, Dem. Rep.",0,0,gnb,poisson,0.0
2020,COG,"Congo, Rep.",0,0,gnb,poisson,0.0
2020,COL,Colombia,5,8,gnb,poisson,5.134908032074243
2020,COM,Comoros,0,0,gnb,poisson,0.0
2020,CPV,Cabo Verde,0,0,gnb,poisson,0.0
2020,CRI,Costa Rica,0,0,gnb,poisson,0.0
2020,CUB,Cuba,15,11,gnb,poisson,6.877905236685881
2020,CYM,Cayman Islands,0,0,gnb,poisson,0.0
2020,CYP,Cyprus,0,0,gnb,poisson,0.0
2020,CZE,Czechia,11,10,gnb,poisson,8.00838944682073
2020,DEU,Germany,37,42,gnb,poisson,43.01766210712158
2020,DJI,Djibouti,0,0,gnb,poisson,0.0
2020,DMA,Dominica,0,0,gnb,poisson,0.0
2020,DNK,Denmark,11,15,gnb,poisson,8.966613745757874
2020,DOM,Dominican Republic,5,1,gnb,poisson,5.014945799043238
2020,DZA,Algeria,0,2,gnb,poisson,4.03379187531373
2020,ECU,Ecuador,3,0,gnb,poisson,0.0
2020,EGY,"Egypt, Arab Rep.",6,3,gnb,poisson,6.957220602352587
2020,ESP,Spain,17,17,gnb,poisson,22.52536357325653
2020,EST,Estonia,2,1,gnb,poisson,0.0
2020,ETH,Ethiopia,4,8,gnb,poisson,3.772434787338515
2020,FIN,Finland,2,1,gnb,poisson,6.00772567462546
2020,FJI,Fiji,2,1,gnb,poisson,0.0
2020,FRA,France,33,42,gnb,poisson,37.93062460487032
2020,FSM,"Micronesia, Fed. Sts.",0,0,gnb,poisson,0.0
2020,GAB,Gabon,0,0,gnb,poisson,0.0
2020,GBR,United Kingdom,64,67,gnb,poisson,46.27643274860617
2020,GEO,Georgia,8,7,gnb,poisson,5.339999748402348
2020,GHA,Ghana,1,0,gnb,poisson,0.0
2020,GIN,Guinea,0,0,gnb,poisson,0.0
2020,GMB,"Gambia, The",0,0,gnb,poisson,0.0
2020,GNB,Guinea-Bissau,0,0,gnb,poisson,0.0
2020,GNQ,Equatorial Guinea,0,0,gnb,poisson,0.0
2020,GRC,Greece,4,6,gnb,poisson,7.186056700307323
2020,GRD,Grenada,1,1,gnb,poisson,0.0
2020,GTM,Guatemala,0,0,gnb,poisson,0.0
2020,GUM,Guam,0,0,gnb,poisson,0.0
2020,GUY,Guyana,0,0,gnb,poisson,0.0
2020,HKG,"Hong Kong SAR, China",6,0,gnb,poisson,6.269897627877509
2020,HND,Honduras,0,0,gnb,poisson,0.0
2020,HRV,Croatia,9,10,gnb,poisson,7.446097179049613
2020,HTI,Haiti,0,0,gnb,poisson,0.0
2020,HUN,Hungary,20,15,gnb,poisson,12.085256804095808
2020,IDN,Indonesia,5,3,gnb,poisson,4.820712598490857
2020,IND,India,7,2,gnb,poisson,9.618321099287748
2020,IRL,Ireland,4,2,gnb,poisson,8.150268180117434
2020,IRN,"Iran, Islamic Rep.",7,8,gnb,poisson,5.955940679635136
2020,IRQ,Iraq,0,0,gnb,poisson,0.0
2020,ISL,Iceland,0,0,gnb,poisson,0.0
2020,ISR,Israel,4,2,gnb,poisson,5.6180842702019325
2020,ITA,Italy,40,28,gnb,poisson,38.811423197482405
2020,JAM,Jamaica,9,11,gnb,poisson,5.854067324113389
2020,JOR,Jordan,2,1,gnb,poisson,0.0
2020,JPN,Japan,58,41,gnb,poisson,97.45858790956774
2020,KAZ,Kazakhstan,8,18,gnb,poisson,6.511357195701989
2020,KEN,Kenya,10,13,gnb,poisson,5.381350020683121
2020,KGZ,Kyrgyz Republic,3,0,gnb,poisson,0.0
2020,KHM,Cambodia,0,0,gnb,poisson,0.0
2020,KIR,Kiribati,0,0,gnb,poisson,0.0
2020,KNA,St. Kitts and Nevis,0,0,gnb,poisson,0.0
2020,KOR,"Korea, Rep.",20,21,gnb,poisson,16.929864828430425
2020,KWT,Kuwait,1,0,gnb,poisson,0.0
2020,LAO,Lao PDR,0,0,gnb,poisson,0.0
2020,LBN,Lebanon,0,0,gnb,poisson,0.0
2020,LBR,Liberia,0,0,gnb,poisson,0.0
2020,LBY,Libya,0,0,gnb,poisson,0.0
2020,LCA,St. Lucia,0,0,gnb,poisson,0.0
2020,LKA,Sri Lanka,0,0,gnb,poisson,0.0
2020,LSO,Lesotho,0,0,gnb,poisson,0.0
2020,LTU,Lithuania,1,4,gnb,poisson,5.907099698818502
2020,LUX,Luxembourg,0,0,gnb,poisson,0.0
2020,LVA,Latvia,2,0,gnb,poisson,0.0
2020,MAR,Morocco,1,1,gnb,poisson,0.0
2020,MCO,Monaco,0,0,gnb,poisson,0.0
2020,MDA,Moldova,1,0,gnb,poisson,0.0
2020,MDG,Madagascar,0,0,gnb,poisson,0.0
2020,MDV,Maldives,0,0,gnb,poisson,0.0
2020,MEX,Mexico,4,5,gnb,poisson,8.676373975898724
2020,MHL,Marshall Islands,0,0,gnb,poisson,0.0
2020,MKD,North Macedonia,1,0,gnb,poisson,0.0
2020,MLI,Mali,0,0,gnb,poisson,0.0
2020,MLT,Malta,0,0,gnb,poisson,0.0
2020,MMR,Myanmar,0,0,gnb,poisson,0.0
2020,MNE,Montenegro,0,0,gnb,poisson,0.0
2020,MNG,Mongolia,4,2,gnb,poisson,0.0
2020,MOZ,Mozambique,0,0,gnb,poisson,0.0
2020,MRT,Mauritania,0,0,gnb,poisson,0.0
2020,MUS,Mauritius,0,0,gnb,poisson,0.0
2020,MWI,Malawi,0,0,gnb,poisson,0.0
2020,MYS,Malaysia,2,5,gnb,poisson,4.27356347297225
2020,NAM,Namibia,1,0,gnb,poisson,0.0
2020,NER,Niger,0,1,gnb,poisson,0.0
2020,NGA,Nigeria,2,1,gnb,poisson,4.1398617745667545
2020,NIC,Nicaragua,0,0,gnb,poisson,0.0
2020,NLD,Netherlands,36,19,gnb,poisson,18.612112634949355
2020,NOR,Norway,8,4,gnb,poisson,7.589464203077732
2020,NPL,Nepal,0,0,gnb,poisson,0.0
2020,NRU,Naoero,0,0,gnb,poisson,0.0
2020,NZL,New Zealand,20,18,gnb,poisson,11.128355032506668
2020,OMN,Oman,0,0,gnb,poisson,0.0
2020,PAK,Pakistan,0,0,gnb,poisson,3.6410649251101246
2020,PAN,Panama,0,0,gnb,poisson,0.0
2020,PER,Peru,0,0,gnb,poisson,0.0
2020,PHL,Philippines,4,1,gnb,poisson,4.002621922100314
2020,PLW,Palau,0,0,gnb,poisson,0.0
2020,PNG,Papua New Guinea,0,0,gnb,poisson,0.0
2020,POL,Poland,14,11,gnb,poisson,16.350951118890404
2020,PRI,Puerto Rico (US),1,1,gnb,poisson,0.0
2020,PRT,Portugal,4,1,gnb,poisson,6.916679488060184
2020,PRY,Paraguay,0,0,gnb,poisson,0.0
2020,PSE,West Bank and Gaza,0,0,gnb,poisson,0.0
2020,QAT,Qatar,3,1,gnb,poisson,0.0
2020,ROU,Romania,4,4,gnb,poisson,8.318927042373101
2020,RUS,Russian Federation,71,56,gnb,poisson,37.00424674691205
2020,RWA,Rwanda,0,0,gnb,poisson,0.0
2020,SAU,Saudi Arabia,1,0,gnb,poisson,2.3615876439809043
2020,SDN,Sudan,0,0,gnb,poisson,0.0
2020,SEN,Senegal,0,0,gnb,poisson,0.0
2020,SGP,Singapore,0,1,gnb,poisson,5.99944467032978
2020,SLB,Solomon Islands,0,0,gnb,poisson,0.0
2020,SLE,Sierra Leone,0,0,gnb,poisson,0.0
2020,SLV,El Salvador,0,0,gnb,poisson,0.0
2020,SMR,San Marino,3,0,gnb,poisson,0.0
2020,SOM,"Somalia, Fed. Rep.",0,0,gnb,poisson,0.0
2020,SRB,Serbia,8,8,gnb,poisson,8.151018462616728
2020,STP,Sao Tome and Principe,0,0,gnb,poisson,0.0
2020,SUR,Suriname,0,0,gnb,poisson,0.0
2020,SVK,Slovak Republic,4,4,gnb,poisson,5.692748937547877
2020,SVN,Slovenia,5,4,gnb,poisson,5.489650123810493
2020,SWE,Sweden,9,11,gnb,poisson,9.057544722782119
2020,SWZ,Eswatini,0,0,gnb,poisson,0.0
2020,SYC,Seychelles,0,0,gnb,poisson,0.0
2020,SYR,Syrian Arab Republic,1,0,gnb,poisson,0.0
2020,TCD,Chad,0,0,gnb,poisson,0.0
2020,TGO,Togo,0,0,gnb,poisson,0.0
2020,THA,Thailand,2,6,gnb,poisson,5.534324648246417
2020,TJK,Tajikistan,0,1,gnb,poisson,0.0
2020,TKM,Turkmenistan,1,0,gnb,poisson,0.0
2020,TLS,Timor-Leste,0,0,gnb,poisson,0.0
2020,TON,Tonga,0,0,gnb,poisson,0.0
2020,TTO,Trinidad and Tobago,0,1,gnb,poisson,0.0
2020,TUN,Tunisia,2,3,gnb,poisson,5.170727985066669
2020,TUR,Turkiye,13,8,gnb,poisson,6.924025335442242
2020,TUV,Tuvalu,0,0,gnb,poisson,0.0
2020,TZA,Tanzania,0,0,gnb,poisson,0.0
2020,UGA,Uganda,4,0,gnb,poisson,0.0
2020,UKR,Ukraine,19,11,gnb,poisson,10.97166028055268
2020,URY,Uruguay,0,0,gnb,poisson,0.0
2020,USA,United States,113,121,gnb,poisson,218.2063353616421
2020,UZB,Uzbekistan,5,13,gnb,poisson,5.040362111247895
2020,VCT,St. Vincent and the Grenadines,0,0,gnb,poisson,0.0
2020,VEN,"Venezuela, RB",4,3,gnb,poisson,0.0
2020,VIR,Virgin Islands (U.S.),0,0,gnb,poisson,0.0
2020,VNM,Viet Nam,0,2,gnb,poisson,4.394840049486083
2020,VUT,Vanuatu,0,0,gnb,poisson,0.0
2020,WSM,Samoa,0,0,gnb,poisson,0.0
2020,ZAF,South Africa,3,10,gnb,poisson,8.456397785977876
2020,ZMB,Zambia,0,0,gnb,poisson,0.0
2020,ZWE,Zimbabwe,0,0,gnb,poisson,0.0
2020,ABW,Aruba,0,0,gnb,svr,0.0
2020,AFG,Afghanistan,0,0,gnb,svr,0.0
2020,AGO,Angola,0,0,gnb,svr,0.0
2020,ALB,Albania,0,0,gnb,svr,0.0
2020,AND,Andorra,0,0,gnb,svr,0.0
2020,ARE,United Arab Emirates,0,1,gnb,svr,1.3501146284795382
2020,ARG,Argentina,3,4,gnb,svr,3.8140171575369095
2020,ARM,Armenia,4,4,gnb,svr,2.833679977725815
2020,ASM,American Samoa,0,0,gnb,svr,0.0
2020,ATG,Antigua and Barbuda,0,0,gnb,svr,0.0
2020,AUS,Australia,46,29,gnb,svr,31.05347890042839
2020,AUT,Austria,7,1,gnb,svr,2.54872768149815
2020,AZE,Azerbaijan,7,18,gnb,svr,10.223819162486524
2020,BDI,Burundi,0,1,gnb,svr,0.0
2020,BEL,Belgium,7,6,gnb,svr,5.8890590183074
2020,BEN,Benin,0,0,gnb,svr,0.0
2020,BFA,Burkina Faso,1,0,gnb,svr,0.0
2020,BGD,Bangladesh,0,0,gnb,svr,1.4846897125377723
2020,BGR,Bulgaria,6,3,gnb,svr,2.6813057073693045
2020,BHR,Bahrain,1,2,gnb,svr,0.0
2020,BHS,"Bahamas, The",2,2,gnb,svr,0.0
2020,BIH,Bosnia and Herzegovina,0,0,gnb,svr,0.0
2020,BLR,Belarus,7,9,gnb,svr,6.898654502851848
2020,BLZ,Belize,0,0,gnb,svr,0.0
2020,BMU,Bermuda,1,0,gnb,svr,0.0
2020,BOL,Bolivia,0,0,gnb,svr,0.0
2020,BRA,Brazil,21,19,gnb,svr,17.683880372496034
2020,BRB,Barbados,0,0,gnb,svr,0.0
2020,BRN,Brunei Darussalam,0,0,gnb,svr,0.0
2020,BTN,Bhutan,0,0,gnb,svr,0.0
2020,BWA,Botswana,1,0,gnb,svr,0.0
2020,CAF,Central African Republic,0,0,gnb,svr,0.0
2020,CAN,Canada,24,22,gnb,svr,21.246152941208848
2020,CHE,Switzerland,13,7,gnb,svr,8.6322756671203
2020,CHL,Chile,0,0,gnb,svr,0.6890603704972165
2020,CHN,China,89,70,gnb,svr,71.521797613622
2020,CIV,Cote d'Ivoire,1,2,gnb,svr,0.0
2020,CMR,Cameroon,0,0,gnb,svr,0.0
2020,COD,"Congo, Dem. Rep.",0,0,gnb,svr,0.0
2020,COG,"Congo, Rep.",0,0,gnb,svr,0.0
2020,COL,Colombia,5,8,gnb,svr,4.650318539671055
2020,COM,Comoros,0,0,gnb,svr,0.0
2020,CPV,Cabo Verde,0,0,gnb,svr,0.0
2020,CRI,Costa Rica,0,0,gnb,svr,0.0
2020,CUB,Cuba,15,11,gnb,svr,6.078176861755338
2020,CYM,Cayman Islands,0,0,gnb,svr,0.0
2020,CYP,Cyprus,0,0,gnb,svr,0.0
2020,CZE,Czechia,11,10,gnb,svr,6.8014582858582315
2020,DEU,Germany,37,42,gnb,svr,40.00924567493087
2020,DJI,Djibouti,0,0,gnb,svr,0.0
2020,DMA,Dominica,0,0,gnb,svr,0.0
2020,DNK,Denmark,11,15,gnb,svr,10.26296787493959
2020,DOM,Dominican Republic,5,1,gnb,svr,1.958828037035346
2020,DZA,Algeria,0,2,gnb,svr,0.957609409391381
2020,ECU,Ecuador,3,0,gnb,svr,0.0
2020,EGY,"Egypt, Arab Rep.",6,3,gnb,svr,4.841131118631786
2020,ESP,Spain,17,17,gnb,svr,17.167581820658395
2020,EST,Estonia,2,1,gnb,svr,0.0
2020,ETH,Ethiopia,4,8,gnb,svr,6.229885044837253
2020,FIN,Finland,2,1,gnb,svr,1.9038693599232843
2020,FJI,Fiji,2,1,gnb,svr,0.0
2020,FRA,France,33,42,gnb,svr,35.177437080983665
2020,FSM,"Micronesia, Fed. Sts.",0,0,gnb,svr,0.0
2020,GAB,Gabon,0,0,gnb,svr,0.0
2020,GBR,United Kingdom,64,67,gnb,svr,45.587535916404704
2020,GEO,Georgia,8,7,gnb,svr,4.375230393271373
2020,GHA,Ghana,1,0,gnb,svr,0.0
2020,GIN,Guinea,0,0,gnb,svr,0.0
2020,GMB,"Gambia, The",0,0,gnb,svr,0.0
2020,GNB,Guinea-Bissau,0,0,gnb,svr,0.0
2020,GNQ,Equatorial Guinea,0,0,gnb,svr,0.0
2020,GRC,Greece,4,6,gnb,svr,4.088738599741831
2020,GRD,Grenada,1,1,gnb,svr,0.0
2020,GTM,Guatemala,0,0,gnb,svr,0.0
2020,GUM,Guam,0,0,gnb,svr,0.0
2020,GUY,Guyana,0,0,gnb,svr,0.0
2020,HKG,"Hong Kong SAR, China",6,0,gnb,svr,1.6947411610781629
2020,HND,Honduras,0,0,gnb,svr,0.0
2020,HRV,Croatia,9,10,gnb,svr,5.565614420457976
2020,HTI,Haiti,0,0,gnb,svr,0.0
2020,HUN,Hungary,20,15,gnb,svr,10.889503173862764
2020,IDN,Indonesia,5,3,gnb,svr,1.6249356674061772
2020,IND,India,7,2,gnb,svr,7.910847960197955
2020,IRL,Ireland,4,2,gnb,svr,6.419686960551978
2020,IRN,"Iran, Islamic Rep.",7,8,gnb,svr,6.005567914496048
2020,IRQ,Iraq,0,0,gnb,svr,0.0
2020,ISL,Iceland,0,0,gnb,svr,0.0
2020,ISR,Israel,4,2,gnb,svr,3.109423025919547
2020,ITA,Italy,40,28,gnb,svr,26.088105649688224
2020,JAM,Jamaica,9,11,gnb,svr,6.323313612751562
2020,JOR,Jordan,2,1,gnb,svr,0.0
2020,JPN,Japan,58,41,gnb,svr,50.73239389234833
2020,KAZ,Kazakhstan,8,18,gnb,svr,9.96159884061062
2020,KEN,Kenya,10,13,gnb,svr,8.944409441751382
2020,KGZ,Kyrgyz Republic,3,0,gnb,svr,0.0
2020,KHM,Cambodia,0,0,gnb,svr,0.0
2020,KIR,Kiribati,0,0,gnb,svr,0.0
2020,KNA,St. Kitts and Nevis,0,0,gnb,svr,0.0
2020,KOR,"Korea, Rep.",20,21,gnb,svr,18.5058318768394
2020,KWT,Kuwait,1,0,gnb,svr,0.0
2020,LAO,Lao PDR,0,0,gnb,svr,0.0
2020,LBN,Lebanon,0,0,gnb,svr,0.0
2020,LBR,Liberia,0,0,gnb,svr,0.0
2020,LBY,Libya,0,0,gnb,svr,0.0
2020,LCA,St. Lucia,0,0,gnb,svr,0.0
2020,LKA,Sri Lanka,0,0,gnb,svr,0.0
2020,LSO,Lesotho,0,0,gnb,svr,0.0
2020,LTU,Lithuania,1,4,gnb,svr,3.245756758952659
2020,LUX,Luxembourg,0,0,gnb,svr,0.0
2020,LVA,Latvia,2,0,gnb,svr,0.0
2020,MAR,Morocco,1,1,gnb,svr,0.0
2020,MCO,Monaco,0,0,gnb,svr,0.0
2020,MDA,Moldova,1,0,gnb,svr,0.0
2020,MDG,Madagascar,0,0,gnb,svr,0.0
2020,MDV,Maldives,0,0,gnb,svr,0.0
2020,MEX,Mexico,4,5,gnb,svr,4.477595374759858
2020,MHL,Marshall Islands,0,0,gnb,svr,0.0
2020,MKD,North Macedonia,1,0,gnb,svr,0.0
2020,MLI,Mali,0,0,gnb,svr,0.0
2020,MLT,Malta,0,0,gnb,svr,0.0
2020,MMR,Myanmar,0,0,gnb,svr,0.0
2020,MNE,Montenegro,0,0,gnb,svr,0.0
2020,MNG,Mongolia,4,2,gnb,svr,0.0
2020,MOZ,Mozambique,0,0,gnb,svr,0.0
2020,MRT,Mauritania,0,0,gnb,svr,0.0
2020,MUS,Mauritius,0,0,gnb,svr,0.0
2020,MWI,Malawi,0,0,gnb,svr,0.0
2020,MYS,Malaysia,2,5,gnb,svr,3.203457898528761
2020,NAM,Namibia,1,0,gnb,svr,0.0
2020,NER,Niger,0,1,gnb,svr,0.0
2020,NGA,Nigeria,2,1,gnb,svr,1.1273938332187612
2020,NIC,Nicaragua,0,0,gnb,svr,0.0
2020,NLD,Netherlands,36,19,gnb,svr,17.638097750648004
2020,NOR,Norway,8,4,gnb,svr,5.224470271205178
2020,NPL,Nepal,0,0,gnb,svr,0.0
2020,NRU,Naoero,0,0,gnb,svr,0.0
2020,NZL,New Zealand,20,18,gnb,svr,14.709788800531825
2020,OMN,Oman,0,0,gnb,svr,0.0
2020,PAK,Pakistan,0,0,gnb,svr,0.5078508251690792
2020,PAN,Panama,0,0,gnb,svr,0.0
2020,PER,Peru,0,0,gnb,svr,0.0
2020,PHL,Philippines,4,1,gnb,svr,1.2091849239837913
2020,PLW,Palau,0,0,gnb,svr,0.0
2020,PNG,Papua New Guinea,0,0,gnb,svr,0.0
2020,POL,Poland,14,11,gnb,svr,10.11560431660364
2020,PRI,Puerto Rico (US),1,1,gnb,svr,0.0
2020,PRT,Portugal,4,1,gnb,svr,2.1254916445019276
2020,PRY,Paraguay,0,0,gnb,svr,0.0
2020,PSE,West Bank and Gaza,0,0,gnb,svr,0.0
2020,QAT,Qatar,3,1,gnb,svr,0.0
2020,ROU,Romania,4,4,gnb,svr,3.8485184613107677
2020,RUS,Russian Federation,71,56,gnb,svr,43.096529941438284
2020,RWA,Rwanda,0,0,gnb,svr,0.0
2020,SAU,Saudi Arabia,1,0,gnb,svr,0.5828674517583039
2020,SDN,Sudan,0,0,gnb,svr,0.0
2020,SEN,Senegal,0,0,gnb,svr,0.0
2020,SGP,Singapore,0,1,gnb,svr,2.624741182126492
2020,SLB,Solomon Islands,0,0,gnb,svr,0.0
2020,SLE,Sierra Leone,0,0,gnb,svr,0.0
2020,SLV,El Salvador,0,0,gnb,svr,0.0
2020,SMR,San Marino,3,0,gnb,svr,0.0
2020,SOM,"Somalia, Fed. Rep.",0,0,gnb,svr,0.0
2020,SRB,Serbia,8,8,gnb,svr,6.070905455939702
2020,STP,Sao Tome and Principe,0,0,gnb,svr,0.0
2020,SUR,Suriname,0,0,gnb,svr,0.0
2020,SVK,Slovak Republic,4,4,gnb,svr,2.992171889494479
2020,SVN,Slovenia,5,4,gnb,svr,2.993316462124163
2020,SWE,Sweden,9,11,gnb,svr,8.650435584004825
2020,SWZ,Eswatini,0,0,gnb,svr,0.0
2020,SYC,Seychelles,0,0,gnb,svr,0.0
2020,SYR,Syrian Arab Republic,1,0,gnb,svr,0.0
2020,TCD,Chad,0,0,gnb,svr,0.0
2020,TGO,Togo,0,0,gnb,svr,0.0
2020,THA,Thailand,2,6,gnb,svr,3.565883591417844
2020,TJK,Tajikistan,0,1,gnb,svr,0.0
2020,TKM,Turkmenistan,1,0,gnb,svr,0.0
2020,TLS,Timor-Leste,0,0,gnb,svr,0.0
2020,TON,Tonga,0,0,gnb,svr,0.0
2020,TTO,Trinidad and Tobago,0,1,gnb,svr,0.0
2020,TUN,Tunisia,2,3,gnb,svr,2.829967461631533
2020,TUR,Turkiye,13,8,gnb,svr,6.642166859911285
2020,TUV,Tuvalu,0,0,gnb,svr,0.0
2020,TZA,Tanzania,0,0,gnb,svr,0.0
2020,UGA,Uganda,4,0,gnb,svr,0.0
2020,UKR,Ukraine,19,11,gnb,svr,8.132291575016474
2020,URY,Uruguay,0,0,gnb,svr,0.0
2020,USA,United States,113,121,gnb,svr,101.10241984068847
2020,UZB,Uzbekistan,5,13,gnb,svr,9.036564185255248
2020,VCT,St. Vincent and the Grenadines,0,0,gnb,svr,0.0
2020,VEN,"Venezuela, RB",4,3,gnb,svr,0.0
2020,VIR,Virgin Islands (U.S.),0,0,gnb,svr,0.0
2020,VNM,Viet Nam,0,2,gnb,svr,2.4988204109359273
2020,VUT,Vanuatu,0,0,gnb,svr,0.0
2020,WSM,Samoa,0,0,gnb,svr,0.0
2020,ZAF,South Africa,3,10,gnb,svr,7.9311512723362725
2020,ZMB,Zambia,0,0,gnb,svr,0.0
2020,ZWE,Zimbabwe,0,0,gnb,svr,0.0
2020,ABW,Aruba,0,0,gnb,rf,0.0
2020,AFG,Afghanistan,0,0,gnb,rf,0.0
2020,AGO,Angola,0,0,gnb,rf,0.0
2020,ALB,Albania,0,0,gnb,rf,0.0
2020,AND,Andorra,0,0,gnb,rf,0.0
2020,ARE,United Arab Emirates,0,1,gnb,rf,2.6379581385197217
2020,ARG,Argentina,3,4,gnb,rf,8.486460127591705
2020,ARM,Armenia,4,4,gnb,rf,3.3107601830995055
2020,ASM,American Samoa,0,0,gnb,rf,0.0
2020,ATG,Antigua and Barbuda,0,0,gnb,rf,0.0
2020,AUS,Australia,46,29,gnb,rf,39.33
2020,AUT,Austria,7,1,gnb,rf,3.656975833288846
2020,AZE,Azerbaijan,7,18,gnb,rf,13.44089971139971
2020,BDI,Burundi,0,1,gnb,rf,0.0
2020,BEL,Belgium,7,6,gnb,rf,6.95678664889649
2020,BEN,Benin,0,0,gnb,rf,0.0
2020,BFA,Burkina Faso,1,0,gnb,rf,0.0
2020,BGD,Bangladesh,0,0,gnb,rf,2.9840228879954207
2020,BGR,Bulgaria,6,3,gnb,rf,3.076614701254477
2020,BHR,Bahrain,1,2,gnb,rf,0.0
2020,BHS,"Bahamas, The",2,2,gnb,rf,0.0
2020,BIH,Bosnia and Herzegovina,0,0,gnb,rf,0.0
2020,BLR,Belarus,7,9,gnb,rf,9.096343506589198
2020,BLZ,Belize,0,0,gnb,rf,0.0
2020,BMU,Bermuda,1,0,gnb,rf,0.0
2020,BOL,Bolivia,0,0,gnb,rf,0.0
2020,BRA,Brazil,21,19,gnb,rf,23.098205128205127
2020,BRB,Barbados,0,0,gnb,rf,0.0
2020,BRN,Brunei Darussalam,0,0,gnb,rf,0.0
2020,BTN,Bhutan,0,0,gnb,rf,0.0
2020,BWA,Botswana,1,0,gnb,rf,0.0
2020,CAF,Central African Republic,0,0,gnb,rf,0.0
2020,CAN,Canada,24,22,gnb,rf,28.84415750915751
2020,CHE,Switzerland,13,7,gnb,rf,7.745743271221532
2020,CHL,Chile,0,0,gnb,rf,2.452162439899775
2020,CHN,China,89,70,gnb,rf,76.7
2020,CIV,Cote d'Ivoire,1,2,gnb,rf,0.0
2020,CMR,Cameroon,0,0,gnb,rf,0.0
2020,COD,"Congo, Dem. Rep.",0,0,gnb,rf,0.0
2020,COG,"Congo, Rep.",0,0,gnb,rf,0.0
2020,COL,Colombia,5,8,gnb,rf,8.672502700511666
2020,COM,Comoros,0,0,gnb,rf,0.0
2020,CPV,Cabo Verde,0,0,gnb,rf,0.0
2020,CRI,Costa Rica,0,0,gnb,rf,0.0
2020,CUB,Cuba,15,11,gnb,rf,10.406529473400164
2020,CYM,Cayman Islands,0,0,gnb,rf,0.0
2020,CYP,Cyprus,0,0,gnb,rf,0.0
2020,CZE,Czechia,11,10,gnb,rf,10.387660973084888
2020,DEU,Germany,37,42,gnb,rf,44.01666666666667
2020,DJI,Djibouti,0,0,gnb,rf,0.0
2020,DMA,Dominica,0,0,gnb,rf,0.0
2020,DNK,Denmark,11,15,gnb,rf,9.739571428571429
2020,DOM,Dominican Republic,5,1,gnb,rf,2.945538995949838
2020,DZA,Algeria,0,2,gnb,rf,2.7566329781864187
2020,ECU,Ecuador,3,0,gnb,rf,0.0
2020,EGY,"Egypt, Arab Rep.",6,3,gnb,rf,4.428183013495981
2020,ESP,Spain,17,17,gnb,rf,21.8747912087912
2020,EST,Estonia,2,1,gnb,rf,0.0
2020,ETH,Ethiopia,4,8,gnb,rf,7.3018253968253966
2020,FIN,Finland,2,1,gnb,rf,2.4345145831509707
2020,FJI,Fiji,2,1,gnb,rf,0.0
2020,FRA,France,33,42,gnb,rf,42.091428571428565
2020,FSM,"Micronesia, Fed. Sts.",0,0,gnb,rf,0.0
2020,GAB,Gabon,0,0,gnb,rf,0.0
2020,GBR,United Kingdom,64,67,gnb,rf,55.419333333333334
2020,GEO,Georgia,8,7,gnb,rf,7.530426933782919
2020,GHA,Ghana,1,0,gnb,rf,0.0
2020,GIN,Guinea,0,0,gnb,rf,0.0
2020,GMB,"Gambia, The",0,0,gnb,rf,0.0
2020,GNB,Guinea-Bissau,0,0,gnb,rf,0.0
2020,GNQ,Equatorial Guinea,0,0,gnb,rf,0.0
2020,GRC,Greece,4,6,gnb,rf,6.1452474804081145
2020,GRD,Grenada,1,1,gnb,rf,0.0
2020,GTM,Guatemala,0,0,gnb,rf,0.0
2020,GUM,Guam,0,0,gnb,rf,0.0
2020,GUY,Guyana,0,0,gnb,rf,0.0
2020,HKG,"Hong Kong SAR, China",6,0,gnb,rf,2.020221410165887
2020,HND,Honduras,0,0,gnb,rf,0.0
2020,HRV,Croatia,9,10,gnb,rf,9.197982871309444
2020,HTI,Haiti,0,0,gnb,rf,0.0
2020,HUN,Hungary,20,15,gnb,rf,13.653464285714286
2020,IDN,Indonesia,5,3,gnb,rf,3.9750727328227327
2020,IND,India,7,2,gnb,rf,8.997664449371767
2020,IRL,Ireland,4,2,gnb,rf,5.807609684570249
2020,IRN,"Iran, Islamic Rep.",7,8,gnb,rf,6.613141084186815
2020,IRQ,Iraq,0,0,gnb,rf,0.0
2020,ISL,Iceland,0,0,gnb,rf,0.0
2020,ISR,Israel,4,2,gnb,rf,3.339727180346494
2020,ITA,Italy,40,28,gnb,rf,33.6807619047619
2020,JAM,Jamaica,9,11,gnb,rf,11.282394636015326
2020,JOR,Jordan,2,1,gnb,rf,0.0
2020,JPN,Japan,58,41,gnb,rf,60.93
2020,KAZ,Kazakhstan,8,18,gnb,rf,13.593833333333333
2020,KEN,Kenya,10,13,gnb,rf,12.149220238095237
2020,KGZ,Kyrgyz Republic,3,0,gnb,rf,0.0
2020,KHM,Cambodia,0,0,gnb,rf,0.0
2020,KIR,Kiribati,0,0,gnb,rf,0.0
2020,KNA,St. Kitts and Nevis,0,0,gnb,rf,0.0
2020,KOR,"Korea, Rep.",20,21,gnb,rf,19.794291208791208
2020,KWT,Kuwait,1,0,gnb,rf,0.0
2020,LAO,Lao PDR,0,0,gnb,rf,0.0
2020,LBN,Lebanon,0,0,gnb,rf,0.0
2020,LBR,Liberia,0,0,gnb,rf,0.0
2020,LBY,Libya,0,0,gnb,rf,0.0
2020,LCA,St. Lucia,0,0,gnb,rf,0.0
2020,LKA,Sri Lanka,0,0,gnb,rf,0.0
2020,LSO,Lesotho,0,0,gnb,rf,0.0
2020,LTU,Lithuania,1,4,gnb,rf,3.314128890463934
2020,LUX,Luxembourg,0,0,gnb,rf,0.0
2020,LVA,Latvia,2,0,gnb,rf,0.0
2020,MAR,Morocco,1,1,gnb,rf,0.0
2020,MCO,Monaco,0,0,gnb,rf,0.0
2020,MDA,Moldova,1,0,gnb,rf,0.0
2020,MDG,Madagascar,0,0,gnb,rf,0.0
2020,MDV,Maldives,0,0,gnb,rf,0.0
2020,MEX,Mexico,4,5,gnb,rf,9.384280303030302
2020,MHL,Marshall Islands,0,0,gnb,rf,0.0
2020,MKD,North Macedonia,1,0,gnb,rf,0.0
2020,MLI,Mali,0,0,gnb,rf,0.0
2020,MLT,Malta,0,0,gnb,rf,0.0
2020,MMR,Myanmar,0,0,gnb,rf,0.0
2020,MNE,Montenegro,0,0,gnb,rf,0.0
2020,MNG,Mongolia,4,2,gnb,rf,0.0
2020,MOZ,Mozambique,0,0,gnb,rf,0.0
2020,MRT,Mauritania,0,0,gnb,rf,0.0
2020,MUS,Mauritius,0,0,gnb,rf,0.0
2020,MWI,Malawi,0,0,gnb,rf,0.0
2020,MYS,Malaysia,2,5,gnb,rf,4.23685652200142
2020,NAM,Namibia,1,0,gnb,rf,0.0
2020,NER,Niger,0,1,gnb,rf,0.0
2020,NGA,Nigeria,2,1,gnb,rf,4.354727639755236
2020,NIC,Nicaragua,0,0,gnb,rf,0.0
2020,NLD,Netherlands,36,19,gnb,rf,20.002895604395604
2020,NOR,Norway,8,4,gnb,rf,4.888318647386806
2020,NPL,Nepal,0,0,gnb,rf,0.0
2020,NRU,Naoero,0,0,gnb,rf,0.0
2020,NZL,New Zealand,20,18,gnb,rf,14.211823412698411
2020,OMN,Oman,0,0,gnb,rf,0.0
2020,PAK,Pakistan,0,0,gnb,rf,2.1384894323644565
2020,PAN,Panama,0,0,gnb,rf,0.0
2020,PER,Peru,0,0,gnb,rf,0.0
2020,PHL,Philippines,4,1,gnb,rf,2.2765469982047786
2020,PLW,Palau,0,0,gnb,rf,0.0
2020,PNG,Papua New Guinea,0,0,gnb,rf,0.0
2020,POL,Poland,14,11,gnb,rf,12.707315476190477
2020,PRI,Puerto Rico (US),1,1,gnb,rf,0.0
2020,PRT,Portugal,4,1,gnb,rf,2.9243150484034395
2020,PRY,Paraguay,0,0,gnb,rf,0.0
2020,PSE,West Bank and Gaza,0,0,gnb,rf,0.0
2020,QAT,Qatar,3,1,gnb,rf,0.0
2020,ROU,Romania,4,4,gnb,rf,5.300050457184883
2020,RUS,Russian Federation,71,56,gnb,rf,54.8
2020,RWA,Rwanda,0,0,gnb,rf,0.0
2020,SAU,Saudi Arabia,1,0,gnb,rf,3.1872747841347415
2020,SDN,Sudan,0,0,gnb,rf,0.0
2020,SEN,Senegal,0,0,gnb,rf,0.0
2020,SGP,Singapore,0,1,gnb,rf,2.0914834958459974
2020,SLB,Solomon Islands,0,0,gnb,rf,0.0
2020,SLE,Sierra Leone,0,0,gnb,rf,0.0
2020,SLV,El Salvador,0,0,gnb,rf,0.0
2020,SMR,San Marino,3,0,gnb,rf,0.0
2020,SOM,"Somalia, Fed. Rep.",0,0,gnb,rf,0.0
2020,SRB,Serbia,8,8,gnb,rf,7.5207799067903025
2020,STP,Sao Tome and Principe,0,0,gnb,rf,0.0
2020,SUR,Suriname,0,0,gnb,rf,0.0
2020,SVK,Slovak Republic,4,4,gnb,rf,3.0888802311265353
2020,SVN,Slovenia,5,4,gnb,rf,3.9596651552106867
2020,SWE,Sweden,9,11,gnb,rf,9.082392496392497
2020,SWZ,Eswatini,0,0,gnb,rf,0.0
2020,SYC,Seychelles,0,0,gnb,rf,0.0
2020,SYR,Syrian Arab Republic,1,0,gnb,rf,0.0
2020,TCD,Chad,0,0,gnb,rf,0.0
2020,TGO,Togo,0,0,gnb,rf,0.0
2020,THA,Thailand,2,6,gnb,rf,6.035437645369138
2020,TJK,Tajikistan,0,1,gnb,rf,0.0
2020,TKM,Turkmenistan,1,0,gnb,rf,0.0
2020,TLS,Timor-Leste,0,0,gnb,rf,0.0
2020,TON,Tonga,0,0,gnb,rf,0.0
2020,TTO,Trinidad and Tobago,0,1,gnb,rf,0.0
2020,TUN,Tunisia,2,3,gnb,rf,4.188944564490362
2020,TUR,Turkiye,13,8,gnb,rf,6.616218043995908
2020,TUV,Tuvalu,0,0,gnb,rf,0.0
2020,TZA,Tanzania,0,0,gnb,rf,0.0
2020,UGA,Uganda,4,0,gnb,rf,0.0
2020,UKR,Ukraine,19,11,gnb,rf,11.972607142857143
2020,URY,Uruguay,0,0,gnb,rf,0.0
2020,USA,United States,113,121,gnb,rf,110.57
2020,UZB,Uzbekistan,5,13,gnb,rf,11.559159632034634
2020,VCT,St. Vincent and the Grenadines,0,0,gnb,rf,0.0
2020,VEN,"Venezuela, RB",4,3,gnb,rf,0.0
2020,VIR,Virgin Islands (U.S.),0,0,gnb,rf,0.0
2020,VNM,Viet Nam,0,2,gnb,rf,2.93538811615116
2020,VUT,Vanuatu,0,0,gnb,rf,0.0
2020,WSM,Samoa,0,0,gnb,rf,0.0
2020,ZAF,South Africa,3,10,gnb,rf,13.004787878787882
2020,ZMB,Zambia,0,0,gnb,rf,0.0
2020,ZWE,Zimbabwe,0,0,gnb,rf,0.0
2020,ABW,Aruba,0,0,mlp,linear,0.0
2020,AFG,Afghanistan,0,0,mlp,linear,0.0
2020,AGO,Angola,0,0,mlp,linear,0.0
2020,ALB,Albania,0,0,mlp,linear,0.0
2020,AND,Andorra,0,0,mlp,linear,0.0
2020,ARE,United Arab Emirates,0,1,mlp,linear,0.0
2020,ARG,Argentina,3,4,mlp,linear,12.45184348736652
2020,ARM,Armenia,4,4,mlp,linear,4.127727604603541
2020,ASM,American Samoa,0,0,mlp,linear,0.0
2020,ATG,Antigua and Barbuda,0,0,mlp,linear,0.0
2020,AUS,Australia,46,29,mlp,linear,39.22669680327664
2020,AUT,Austria,7,1,mlp,linear,3.620260101047757
2020,AZE,Azerbaijan,7,18,mlp,linear,12.98223491938215
2020,BDI,Burundi,0,1,mlp,linear,0.0
2020,BEL,Belgium,7,6,mlp,linear,8.881808368442776
2020,BEN,Benin,0,0,mlp,linear,0.0
2020,BFA,Burkina Faso,1,0,mlp,linear,0.0
2020,BGD,Bangladesh,0,0,mlp,linear,2.1310061283532473
2020,BGR,Bulgaria,6,3,mlp,linear,4.259942263169721
2020,BHR,Bahrain,1,2,mlp,linear,2.5003076234678776
2020,BHS,"Bahamas, The",2,2,mlp,linear,1.765547865398032
2020,BIH,Bosnia and Herzegovina,0,0,mlp,linear,0.0
2020,BLR,Belarus,7,9,mlp,linear,10.567486146928768
2020,BLZ,Belize,0,0,mlp,linear,0.0
2020,BMU,Bermuda,1,0,mlp,linear,0.0
2020,BOL,Bolivia,0,0,mlp,linear,0.0
2020,BRA,Brazil,21,19,mlp,linear,28.29534348914588
2020,BRB,Barbados,0,0,mlp,linear,0.0
2020,BRN,Brunei Darussalam,0,0,mlp,linear,0.0
2020,BTN,Bhutan,0,0,mlp,linear,0.0
2020,BWA,Botswana,1,0,mlp,linear,0.0
2020,CAF,Central African Republic,0,0,mlp,linear,0.0
2020,CAN,Canada,24,22,mlp,linear,32.089406854319535
2020,CHE,Switzerland,13,7,mlp,linear,7.231234183984168
2020,CHL,Chile,0,0,mlp,linear,3.8289075536906143
2020,CHN,China,89,70,mlp,linear,84.0678109610704
2020,CIV,Cote d'Ivoire,1,2,mlp,linear,4.368546481872357
2020,CMR,Cameroon,0,0,mlp,linear,0.0
2020,COD,"Congo, Dem. Rep.",0,0,mlp,linear,0.0
2020,COG,"Congo, Rep.",0,0,mlp,linear,0.0
2020,COL,Colombia,5,8,mlp,linear,9.420073933868943
2020,COM,Comoros,0,0,mlp,linear,0.0
2020,CPV,Cabo Verde,0,0,mlp,linear,0.0
2020,CRI,Costa Rica,0,0,mlp,linear,1.6983914271115985
2020,CUB,Cuba,15,11,mlp,linear,10.017533597797275
2020,CYM,Cayman Islands,0,0,mlp,linear,0.0
2020,CYP,Cyprus,0,0,mlp,linear,0.9908094215278673
2020,CZE,Czechia,11,10,mlp,linear,10.960488584201508
2020,DEU,Germany,37,42,mlp,linear,46.917295049199836
2020,DJI,Djibouti,0,0,mlp,linear,0.0
2020,DMA,Dominica,0,0,mlp,linear,0.0
2020,DNK,Denmark,11,15,mlp,linear,11.556108623229761
2020,DOM,Dominican Republic,5,1,mlp,linear,4.957087721525889
2020,DZA,Algeria,0,2,mlp,linear,4.8719528271151695
2020,ECU,Ecuador,3,0,mlp,linear,3.7168289311656313
2020,EGY,"Egypt, Arab Rep.",6,3,mlp,linear,10.072895535662001
2020,ESP,Spain,17,17,mlp,linear,26.509772779031316
2020,EST,Estonia,2,1,mlp,linear,2.3176795326948856
2020,ETH,Ethiopia,4,8,mlp,linear,7.950373885993619
2020,FIN,Finland,2,1,mlp,linear,1.9760690676699877
2020,FJI,Fiji,2,1,mlp,linear,3.1369202328899366
2020,FRA,France,33,42,mlp,linear,44.178006670712705
2020,FSM,"Micronesia, Fed. Sts.",0,0,mlp,linear,0.0
2020,GAB,Gabon,0,0,mlp,linear,0.0
2020,GBR,United Kingdom,64,67,mlp,linear,57.11464336026389
2020,GEO,Georgia,8,7,mlp,linear,6.472166925000259
2020,GHA,Ghana,1,0,mlp,linear,0.0
2020,GIN,Guinea,0,0,mlp,linear,0.0
2020,GMB,"Gambia, The",0,0,mlp,linear,0.0
2020,GNB,Guinea-Bissau,0,0,mlp,linear,0.0
2020,GNQ,Equatorial Guinea,0,0,mlp,linear,0.0
2020,GRC,Greece,4,6,mlp,linear,7.71303127842918
2020,GRD,Grenada,1,1,mlp,linear,0.0
2020,GTM,Guatemala,0,0,mlp,linear,2.856502603743124
2020,GUM,Guam,0,0,mlp,linear,0.0
2020,GUY,Guyana,0,0,mlp,linear,0.0
2020,HKG,"Hong Kong SAR, China",6,0,mlp,linear,1.4804663311182793
2020,HND,Honduras,0,0,mlp,linear,0.0
2020,HRV,Croatia,9,10,mlp,linear,8.50926778050335
2020,HTI,Haiti,0,0,mlp,linear,0.0
2020,HUN,Hungary,20,15,mlp,linear,16.52558585590674
2020,IDN,Indonesia,5,3,mlp,linear,5.7758023482623795
2020,IND,India,7,2,mlp,linear,8.997353344492145
2020,IRL,Ireland,4,2,mlp,linear,4.5099056770684145
2020,IRN,"Iran, Islamic Rep.",7,8,mlp,linear,9.140922841451083
2020,IRQ,Iraq,0,0,mlp,linear,0.0
2020,ISL,Iceland,0,0,mlp,linear,0.0
2020,ISR,Israel,4,2,mlp,linear,5.436070784945796
2020,ITA,Italy,40,28,mlp,linear,35.583675806897325
2020,JAM,Jamaica,9,11,mlp,linear,9.51014187412617
2020,JOR,Jordan,2,1,mlp,linear,2.9827889469113575
2020,JPN,Japan,58,41,mlp,linear,56.58340289223646
2020,KAZ,Kazakhstan,8,18,mlp,linear,15.75413197176599
2020,KEN,Kenya,10,13,mlp,linear,12.707377115752852
2020,KGZ,Kyrgyz Republic,3,0,mlp,linear,0.0
2020,KHM,Cambodia,0,0,mlp,linear,0.0
2020,KIR,Kiribati,0,0,mlp,linear,0.0
2020,KNA,St. Kitts and Nevis,0,0,mlp,linear,0.0
2020,KOR,"Korea, Rep.",20,21,mlp,linear,24.945859149800345
2020,KWT,Kuwait,1,0,mlp,linear,0.0
2020,LAO,Lao PDR,0,0,mlp,linear,0.0
2020,LBN,Lebanon,0,0,mlp,linear,0.963159660606534
2020,LBR,Liberia,0,0,mlp,linear,0.0
2020,LBY,Libya,0,0,mlp,linear,0.0
2020,LCA,St. Lucia,0,0,mlp,linear,0.0
2020,LKA,Sri Lanka,0,0,mlp,linear,0.0
2020,LSO,Lesotho,0,0,mlp,linear,0.0
2020,LTU,Lithuania,1,4,mlp,linear,4.512920686736933
2020,LUX,Luxembourg,0,0,mlp,linear,0.0
2020,LVA,Latvia,2,0,mlp,linear,1.8599105447363034
2020,MAR,Morocco,1,1,mlp,linear,4.247757538856356
2020,MCO,Monaco,0,0,mlp,linear,0.0
2020,MDA,Moldova,1,0,mlp,linear,1.8595852505521275
2020,MDG,Madagascar,0,0,mlp,linear,0.0
2020,MDV,Maldives,0,0,mlp,linear,0.0
2020,MEX,Mexico,4,5,mlp,linear,13.151648786946067
2020,MHL,Marshall Islands,0,0,mlp,linear,0.0
2020,MKD,North Macedonia,1,0,mlp,linear,0.0
2020,MLI,Mali,0,0,mlp,linear,0.0
2020,MLT,Malta,0,0,mlp,linear,0.642132831329624
2020,MMR,Myanmar,0,0,mlp,linear,0.0
2020,MNE,Montenegro,0,0,mlp,linear,2.5458803881447576
2020,MNG,Mongolia,4,2,mlp,linear,4.878719481178361
2020,MOZ,Mozambique,0,0,mlp,linear,0.0
2020,MRT,Mauritania,0,0,mlp,linear,0.0
2020,MUS,Mauritius,0,0,mlp,linear,0.0
2020,MWI,Malawi,0,0,mlp,linear,0.0
2020,MYS,Malaysia,2,5,mlp,linear,5.905397852221263
2020,NAM,Namibia,1,0,mlp,linear,0.0
2020,NER,Niger,0,1,mlp,linear,0.0
2020,NGA,Nigeria,2,1,mlp,linear,5.3930157728412675
2020,NIC,Nicaragua,0,0,mlp,linear,0.0
2020,NLD,Netherlands,36,19,mlp,linear,22.713711883650774
2020,NOR,Norway,8,4,mlp,linear,4.865101780934729
2020,NPL,Nepal,0,0,mlp,linear,0.0
2020,NRU,Naoero,0,0,mlp,linear,0.0
2020,NZL,New Zealand,20,18,mlp,linear,19.40719608398964
2020,OMN,Oman,0,0,mlp,linear,0.0
2020,PAK,Pakistan,0,0,mlp,linear,0.0
2020,PAN,Panama,0,0,mlp,linear,0.0
2020,PER,Peru,0,0,mlp,linear,3.413045000478098
2020,PHL,Philippines,4,1,mlp,linear,3.364024609117873
2020,PLW,Palau,0,0,mlp,linear,0.0
2020,PNG,Papua New Guinea,0,0,mlp,linear,0.0
2020,POL,Poland,14,11,mlp,linear,16.60936536197488
2020,PRI,Puerto Rico (US),1,1,mlp,linear,1.9931931948748698
2020,PRT,Portugal,4,1,mlp,linear,5.413931641018919
2020,PRY,Paraguay,0,0,mlp,linear,0.0
2020,PSE,West Bank and Gaza,0,0,mlp,linear,0.0
2020,QAT,Qatar,3,1,mlp,linear,1.6540154490071437
2020,ROU,Romania,4,4,mlp,linear,7.844664538081742
2020,RUS,Russian Federation,71,56,mlp,linear,49.32931939430122
2020,RWA,Rwanda,0,0,mlp,linear,0.0
2020,SAU,Saudi Arabia,1,0,mlp,linear,4.509839222540882
2020,SDN,Sudan,0,0,mlp,linear,0.0
2020,SEN,Senegal,0,0,mlp,linear,0.0
2020,SGP,Singapore,0,1,mlp,linear,0.2822381561491163
2020,SLB,Solomon Islands,0,0,mlp,linear,0.0
2020,SLE,Sierra Leone,0,0,mlp,linear,0.0
2020,SLV,El Salvador,0,0,mlp,linear,0.0
2020,SMR,San Marino,3,0,mlp,linear,0.0
2020,SOM,"Somalia, Fed. Rep.",0,0,mlp,linear,0.0
2020,SRB,Serbia,8,8,mlp,linear,9.15178045140662
2020,STP,Sao Tome and Principe,0,0,mlp,linear,0.0
2020,SUR,Suriname,0,0,mlp,linear,0.0
2020,SVK,Slovak Republic,4,4,mlp,linear,4.614256526175615
2020,SVN,Slovenia,5,4,mlp,linear,4.881847546017343
2020,SWE,Sweden,9,11,mlp,linear,11.756746084518273
2020,SWZ,Eswatini,0,0,mlp,linear,0.0
2020,SYC,Seychelles,0,0,mlp,linear,0.0
2020,SYR,Syrian Arab Republic,1,0,mlp,linear,0.0
2020,TCD,Chad,0,0,mlp,linear,0.0
2020,TGO,Togo,0,0,mlp,linear,0.0
2020,THA,Thailand,2,6,mlp,linear,7.006114611364726
2020,TJK,Tajikistan,0,1,mlp,linear,0.0
2020,TKM,Turkmenistan,1,0,mlp,linear,0.0
2020,TLS,Timor-Leste,0,0,mlp,linear,0.0
2020,TON,Tonga,0,0,mlp,linear,0.0
2020,TTO,Trinidad and Tobago,0,1,mlp,linear,2.3698173588994305
2020,TUN,Tunisia,2,3,mlp,linear,5.982409282469948
2020,TUR,Turkiye,13,8,mlp,linear,11.601700081921761
2020,TUV,Tuvalu,0,0,mlp,linear,0.0
2020,TZA,Tanzania,0,0,mlp,linear,0.0
2020,UGA,Uganda,4,0,mlp,linear,3.4546951047826706
2020,UKR,Ukraine,19,11,mlp,linear,13.891657216586122
2020,URY,Uruguay,0,0,mlp,linear,0.0
2020,USA,United States,113,121,mlp,linear,134.74148853608187
2020,UZB,Uzbekistan,5,13,mlp,linear,11.863534699346738
2020,VCT,St. Vincent and the Grenadines,0,0,mlp,linear,0.0
2020,VEN,"Venezuela, RB",4,3,mlp,linear,4.4019457210458
2020,VIR,Virgin Islands (U.S.),0,0,mlp,linear,0.0
2020,VNM,Viet Nam,0,2,mlp,linear,3.876710200801096
2020,VUT,Vanuatu,0,0,mlp,linear,0.0
2020,WSM,Samoa,0,0,mlp,linear,0.0
2020,ZAF,South Africa,3,10,mlp,linear,15.48123956543976
2020,ZMB,Zambia,0,0,mlp,linear,3.472104223592659
2020,ZWE,Zimbabwe,0,0,mlp,linear,0.0
2020,ABW,Aruba,0,0,mlp,weighted_lr,0.0
2020,AFG,Afghanistan,0,0,mlp,weighted_lr,0.0
2020,AGO,Angola,0,0,mlp,weighted_lr,0.0
2020,ALB,Albania,0,0,mlp,weighted_lr,0.0
2020,AND,Andorra,0,0,mlp,weighted_lr,0.0
2020,ARE,United Arab Emirates,0,1,mlp,weighted_lr,0.0
2020,ARG,Argentina,3,4,mlp,weighted_lr,12.101179441527057
2020,ARM,Armenia,4,4,mlp,weighted_lr,3.123652437569845
2020,ASM,American Samoa,0,0,mlp,weighted_lr,0.0
2020,ATG,Antigua and Barbuda,0,0,mlp,weighted_lr,0.0
2020,AUS,Australia,46,29,mlp,weighted_lr,40.092934605309445
2020,AUT,Austria,7,1,mlp,weighted_lr,2.8838356780737495
2020,AZE,Azerbaijan,7,18,mlp,weighted_lr,11.92769553039015
2020,BDI,Burundi,0,1,mlp,weighted_lr,0.0
2020,BEL,Belgium,7,6,mlp,weighted_lr,8.294940590294672
2020,BEN,Benin,0,0,mlp,weighted_lr,0.0
2020,BFA,Burkina Faso,1,0,mlp,weighted_lr,0.0
2020,BGD,Bangladesh,0,0,mlp,weighted_lr,0.7974459477834888
2020,BGR,Bulgaria,6,3,mlp,weighted_lr,3.510610980100509
2020,BHR,Bahrain,1,2,mlp,weighted_lr,1.7425708383080796
2020,BHS,"Bahamas, The",2,2,mlp,weighted_lr,0.8063859670189153
2020,BIH,Bosnia and Herzegovina,0,0,mlp,weighted_lr,0.0
2020,BLR,Belarus,7,9,mlp,weighted_lr,9.9516952273921
2020,BLZ,Belize,0,0,mlp,weighted_lr,0.0
2020,BMU,Bermuda,1,0,mlp,weighted_lr,0.0
2020,BOL,Bolivia,0,0,mlp,weighted_lr,0.0
2020,BRA,Brazil,21,19,mlp,weighted_lr,28.312515377562917
2020,BRB,Barbados,0,0,mlp,weighted_lr,0.0
2020,BRN,Brunei Darussalam,0,0,mlp,weighted_lr,0.0
2020,BTN,Bhutan,0,0,mlp,weighted_lr,0.0
2020,BWA,Botswana,1,0,mlp,weighted_lr,0.0
2020,CAF,Central African Republic,0,0,mlp,weighted_lr,0.0
2020,CAN,Canada,24,22,mlp,weighted_lr,32.542669873660174
2020,CHE,Switzerland,13,7,mlp,weighted_lr,6.6780845046859785
2020,CHL,Chile,0,0,mlp,weighted_lr,2.857651610326352
2020,CHN,China,89,70,mlp,weighted_lr,81.00749426284554
2020,CIV,Cote d'Ivoire,1,2,mlp,weighted_lr,3.0279094252915826
2020,CMR,Cameroon,0,0,mlp,weighted_lr,0.0
2020,COD,"Congo, Dem. Rep.",0,0,mlp,weighted_lr,0.0
2020,COG,"Congo, Rep.",0,0,mlp,weighted_lr,0.0
2020,COL,Colombia,5,8,mlp,weighted_lr,8.385606662937915
2020,COM,Comoros,0,0,mlp,weighted_lr,0.0
2020,CPV,Cabo Verde,0,0,mlp,weighted_lr,0.0
2020,CRI,Costa Rica,0,0,mlp,weighted_lr,0.6126123137654123
2020,CUB,Cuba,15,11,mlp,weighted_lr,9.234671114941179
2020,CYM,Cayman Islands,0,0,mlp,weighted_lr,0.0
2020,CYP,Cyprus,0,0,mlp,weighted_lr,0.0
2020,CZE,Czechia,11,10,mlp,weighted_lr,10.297255355063987
2020,DEU,Germany,37,42,mlp,weighted_lr,46.6486665368672
2020,DJI,Djibouti,0,0,mlp,weighted_lr,0.0
2020,DMA,Dominica,0,0,mlp,weighted_lr,0.0
2020,DNK,Denmark,11,15,mlp,weighted_lr,10.973879005051764
2020,DOM,Dominican Republic,5,1,mlp,weighted_lr,4.005263067276936
2020,DZA,Algeria,0,2,mlp,weighted_lr,3.764341625478904
2020,ECU,Ecuador,3,0,mlp,weighted_lr,2.6671347381893824
2020,EGY,"Egypt, Arab Rep.",6,3,mlp,weighted_lr,9.230510603245264
2020,ESP,Spain,17,17,mlp,weighted_lr,26.487850460468778
2020,EST,Estonia,2,1,mlp,weighted_lr,1.4315175353481422
2020,ETH,Ethiopia,4,8,mlp,weighted_lr,6.569917944222762
2020,FIN,Finland,2,1,mlp,weighted_lr,1.2061206949561907
2020,FJI,Fiji,2,1,mlp,weighted_lr,2.207324983837145
2020,FRA,France,33,42,mlp,weighted_lr,44.06873975157283
2020,FSM,"Micronesia, Fed. Sts.",0,0,mlp,weighted_lr,0.0
2020,GAB,Gabon,0,0,mlp,weighted_lr,0.0
2020,GBR,United Kingdom,64,67,mlp,weighted_lr,56.893839242509046
2020,GEO,Georgia,8,7,mlp,weighted_lr,5.508679842910992
2020,GHA,Ghana,1,0,mlp,weighted_lr,0.0
2020,GIN,Guinea,0,0,mlp,weighted_lr,0.0
2020,GMB,"Gambia, The",0,0,mlp,weighted_lr,0.0
2020,GNB,Guinea-Bissau,0,0,mlp,weighted_lr,0.0
2020,GNQ,Equatorial Guinea,0,0,mlp,weighted_lr,0.0
2020,GRC,Greece,4,6,mlp,weighted_lr,7.015511328669891
2020,GRD,Grenada,1,1,mlp,weighted_lr,0.0
2020,GTM,Guatemala,0,0,mlp,weighted_lr,1.667177324713208
2020,GUM,Guam,0,0,mlp,weighted_lr,0.0
2020,GUY,Guyana,0,0,mlp,weighted_lr,0.0
2020,HKG,"Hong Kong SAR, China",6,0,mlp,weighted_lr,0.7374380995482905
2020,HND,Honduras,0,0,mlp,weighted_lr,0.0
2020,HRV,Croatia,9,10,mlp,weighted_lr,7.812237005346809
2020,HTI,Haiti,0,0,mlp,weighted_lr,0.0
2020,HUN,Hungary,20,15,mlp,weighted_lr,16.1618777406688
2020,IDN,Indonesia,5,3,mlp,weighted_lr,4.403445265477444
2020,IND,India,7,2,mlp,weighted_lr,7.024481006757599
2020,IRL,Ireland,4,2,mlp,weighted_lr,3.9889396864444837
2020,IRN,"Iran, Islamic Rep.",7,8,mlp,weighted_lr,8.164023922223187
2020,IRQ,Iraq,0,0,mlp,weighted_lr,0.0
2020,ISL,Iceland,0,0,mlp,weighted_lr,0.0
2020,ISR,Israel,4,2,mlp,weighted_lr,4.557688804840936
2020,ITA,Italy,40,28,mlp,weighted_lr,35.76879935334619
2020,JAM,Jamaica,9,11,mlp,weighted_lr,8.593411384779698
2020,JOR,Jordan,2,1,mlp,weighted_lr,1.712277617142698
2020,JPN,Japan,58,41,mlp,weighted_lr,56.74525087963188
2020,KAZ,Kazakhstan,8,18,mlp,weighted_lr,14.9174181728464
2020,KEN,Kenya,10,13,mlp,weighted_lr,11.635826550681982
2020,KGZ,Kyrgyz Republic,3,0,mlp,weighted_lr,0.0
2020,KHM,Cambodia,0,0,mlp,weighted_lr,0.0
2020,KIR,Kiribati,0,0,mlp,weighted_lr,0.0
2020,KNA,St. Kitts and Nevis,0,0,mlp,weighted_lr,0.0
2020,KOR,"Korea, Rep.",20,21,mlp,weighted_lr,24.49137026621882
2020,KWT,Kuwait,1,0,mlp,weighted_lr,0.0
2020,LAO,Lao PDR,0,0,mlp,weighted_lr,0.0
2020,LBN,Lebanon,0,0,mlp,weighted_lr,0.15153317392523924
2020,LBR,Liberia,0,0,mlp,weighted_lr,0.0
2020,LBY,Libya,0,0,mlp,weighted_lr,0.0
2020,LCA,St. Lucia,0,0,mlp,weighted_lr,0.0
2020,LKA,Sri Lanka,0,0,mlp,weighted_lr,0.0
2020,LSO,Lesotho,0,0,mlp,weighted_lr,0.0
2020,LTU,Lithuania,1,4,mlp,weighted_lr,3.6635511378925454
2020,LUX,Luxembourg,0,0,mlp,weighted_lr,0.0
2020,LVA,Latvia,2,0,mlp,weighted_lr,1.0737817328136607
2020,MAR,Morocco,1,1,mlp,weighted_lr,3.190518470159269
2020,MCO,Monaco,0,0,mlp,weighted_lr,0.0
2020,MDA,Moldova,1,0,mlp,weighted_lr,1.0321152708834287
2020,MDG,Madagascar,0,0,mlp,weighted_lr,0.0
2020,MDV,Maldives,0,0,mlp,weighted_lr,0.0
2020,MEX,Mexico,4,5,mlp,weighted_lr,12.418954846847186
2020,MHL,Marshall Islands,0,0,mlp,weighted_lr,0.0
2020,MKD,North Macedonia,1,0,mlp,weighted_lr,0.0
2020,MLI,Mali,0,0,mlp,weighted_lr,0.0
2020,MLT,Malta,0,0,mlp,weighted_lr,0.0
2020,MMR,Myanmar,0,0,mlp,weighted_lr,0.0
2020,MNE,Montenegro,0,0,mlp,weighted_lr,1.643333903762736
2020,MNG,Mongolia,4,2,mlp,weighted_lr,3.797741909036688
2020,MOZ,Mozambique,0,0,mlp,weighted_lr,0.0
2020,MRT,Mauritania,0,0,mlp,weighted_lr,0.0
2020,MUS,Mauritius,0,0,mlp,weighted_lr,0.0
2020,MWI,Malawi,0,0,mlp,weighted_lr,0.0
2020,MYS,Malaysia,2,5,mlp,weighted_lr,4.712581618987339
2020,NAM,Namibia,1,0,mlp,weighted_lr,0.0
2020,NER,Niger,0,1,mlp,weighted_lr,0.0
2020,NGA,Nigeria,2,1,mlp,weighted_lr,4.035043005840282
2020,NIC,Nicaragua,0,0,mlp,weighted_lr,0.0
2020,NLD,Netherlands,36,19,mlp,weighted_lr,22.59699433337547
2020,NOR,Norway,8,4,mlp,weighted_lr,4.286061282773958
2020,NPL,Nepal,0,0,mlp,weighted_lr,0.0
2020,NRU,Naoero,0,0,mlp,weighted_lr,0.0
2020,NZL,New Zealand,20,18,mlp,weighted_lr,18.98930506880172
2020,OMN,Oman,0,0,mlp,weighted_lr,0.0
2020,PAK,Pakistan,0,0,mlp,weighted_lr,0.0
2020,PAN,Panama,0,0,mlp,weighted_lr,0.0
2020,PER,Peru,0,0,mlp,weighted_lr,2.335426022846594
2020,PHL,Philippines,4,1,mlp,weighted_lr,2.0885454644800365
2020,PLW,Palau,0,0,mlp,weighted_lr,0.0
2020,PNG,Papua New Guinea,0,0,mlp,weighted_lr,0.0
2020,POL,Poland,14,11,mlp,weighted_lr,16.432695092997783
2020,PRI,Puerto Rico (US),1,1,mlp,weighted_lr,1.2532023080727477
2020,PRT,Portugal,4,1,mlp,weighted_lr,4.735317998910498
2020,PRY,Paraguay,0,0,mlp,weighted_lr,0.0
2020,PSE,West Bank and Gaza,0,0,mlp,weighted_lr,0.0
2020,QAT,Qatar,3,1,mlp,weighted_lr,0.009991815835512341
2020,ROU,Romania,4,4,mlp,weighted_lr,7.245341421331702
2020,RUS,Russian Federation,71,56,mlp,weighted_lr,49.808974578882626
2020,RWA,Rwanda,0,0,mlp,weighted_lr,0.0
2020,SAU,Saudi Arabia,1,0,mlp,weighted_lr,2.905541165924719
2020,SDN,Sudan,0,0,mlp,weighted_lr,0.0
2020,SEN,Senegal,0,0,mlp,weighted_lr,0.0
2020,SGP,Singapore,0,1,mlp,weighted_lr,0.0
2020,SLB,Solomon Islands,0,0,mlp,weighted_lr,0.0
2020,SLE,Sierra Leone,0,0,mlp,weighted_lr,0.0
2020,SLV,El Salvador,0,0,mlp,weighted_lr,0.0
2020,SMR,San Marino,3,0,mlp,weighted_lr,0.0
2020,SOM,"Somalia, Fed. Rep.",0,0,mlp,weighted_lr,0.0
2020,SRB,Serbia,8,8,mlp,weighted_lr,8.51153183210345
2020,STP,Sao Tome and Principe,0,0,mlp,weighted_lr,0.0
2020,SUR,Suriname,0,0,mlp,weighted_lr,0.0
2020,SVK,Slovak Republic,4,4,mlp,weighted_lr,3.731379564962724
2020,SVN,Slovenia,5,4,mlp,weighted_lr,4.001187947263327
2020,SWE,Sweden,9,11,mlp,weighted_lr,11.191260927411811
2020,SWZ,Eswatini,0,0,mlp,weighted_lr,0.0
2020,SYC,Seychelles,0,0,mlp,weighted_lr,0.0
2020,SYR,Syrian Arab Republic,1,0,mlp,weighted_lr,0.0
2020,TCD,Chad,0,0,mlp,weighted_lr,0.0
2020,TGO,Togo,0,0,mlp,weighted_lr,0.0
2020,THA,Thailand,2,6,mlp,weighted_lr,5.958417406827975
2020,TJK,Tajikistan,0,1,mlp,weighted_lr,0.0
2020,TKM,Turkmenistan,1,0,mlp,weighted_lr,0.0
2020,TLS,Timor-Leste,0,0,mlp,weighted_lr,0.0
2020,TON,Tonga,0,0,mlp,weighted_lr,0.0
2020,TTO,Trinidad and Tobago,0,1,mlp,weighted_lr,1.419203194903167
2020,TUN,Tunisia,2,3,mlp,weighted_lr,5.042224569369496
2020,TUR,Turkiye,13,8,mlp,weighted_lr,10.65902238667956
2020,TUV,Tuvalu,0,0,mlp,weighted_lr,0.0
2020,TZA,Tanzania,0,0,mlp,weighted_lr,0.0
2020,UGA,Uganda,4,0,mlp,weighted_lr,1.989931810146187
2020,UKR,Ukraine,19,11,mlp,weighted_lr,13.450267119789025
2020,URY,Uruguay,0,0,mlp,weighted_lr,0.0
2020,USA,United States,113,121,mlp,weighted_lr,131.9071544626727
2020,UZB,Uzbekistan,5,13,mlp,weighted_lr,10.742439125022914
2020,VCT,St. Vincent and the Grenadines,0,0,mlp,weighted_lr,0.0
2020,VEN,"Venezuela, RB",4,3,mlp,weighted_lr,3.760841687445973
2020,VIR,Virgin Islands (U.S.),0,0,mlp,weighted_lr,0.0
2020,VNM,Viet Nam,0,2,mlp,weighted_lr,2.6324635123335227
2020,VUT,Vanuatu,0,0,mlp,weighted_lr,0.0
2020,WSM,Samoa,0,0,mlp,weighted_lr,0.0
2020,ZAF,South Africa,3,10,mlp,weighted_lr,14.837148874558288
2020,ZMB,Zambia,0,0,mlp,weighted_lr,2.1210969364470014
2020,ZWE,Zimbabwe,0,0,mlp,weighted_lr,0.0
2020,ABW,Aruba,0,0,mlp,ridge,0.0
2020,AFG,Afghanistan,0,0,mlp,ridge,0.0
2020,AGO,Angola,0,0,mlp,ridge,0.0
2020,ALB,Albania,0,0,mlp,ridge,0.0
2020,AND,Andorra,0,0,mlp,ridge,0.0
2020,ARE,United Arab Emirates,0,1,mlp,ridge,0.0
2020,ARG,Argentina,3,4,mlp,ridge,12.631938724716333
2020,ARM,Armenia,4,4,mlp,ridge,2.311995505608472
2020,ASM,American Samoa,0,0,mlp,ridge,0.0
2020,ATG,Antigua and Barbuda,0,0,mlp,ridge,0.0
2020,AUS,Australia,46,29,mlp,ridge,40.892511601906875
2020,AUT,Austria,7,1,mlp,ridge,2.7307030481164105
2020,AZE,Azerbaijan,7,18,mlp,ridge,10.269232598880238
2020,BDI,Burundi,0,1,mlp,ridge,0.0
2020,BEL,Belgium,7,6,mlp,ridge,7.978212056492726
2020,BEN,Benin,0,0,mlp,ridge,0.0
2020,BFA,Burkina Faso,1,0,mlp,ridge,0.0
2020,BGD,Bangladesh,0,0,mlp,ridge,1.29936008600966
2020,BGR,Bulgaria,6,3,mlp,ridge,3.025497277439893
2020,BHR,Bahrain,1,2,mlp,ridge,1.2837025900352792
2020,BHS,"Bahamas, The",2,2,mlp,ridge,0.05620907314727219
2020,BIH,Bosnia and Herzegovina,0,0,mlp,ridge,0.0
2020,BLR,Belarus,7,9,mlp,ridge,9.327676473219359
2020,BLZ,Belize,0,0,mlp,ridge,0.0
2020,BMU,Bermuda,1,0,mlp,ridge,0.0
2020,BOL,Bolivia,0,0,mlp,ridge,0.0
2020,BRA,Brazil,21,19,mlp,ridge,30.034863392435888
2020,BRB,Barbados,0,0,mlp,ridge,0.0
2020,BRN,Brunei Darussalam,0,0,mlp,ridge,0.0
2020,BTN,Bhutan,0,0,mlp,ridge,0.0
2020,BWA,Botswana,1,0,mlp,ridge,0.0
2020,CAF,Central African Republic,0,0,mlp,ridge,0.0
2020,CAN,Canada,24,22,mlp,ridge,33.484644912599876
2020,CHE,Switzerland,13,7,mlp,ridge,6.433961684021645
2020,CHL,Chile,0,0,mlp,ridge,2.690640448465352
2020,CHN,China,89,70,mlp,ridge,83.13884865051361
2020,CIV,Cote d'Ivoire,1,2,mlp,ridge,2.6385848470263564
2020,CMR,Cameroon,0,0,mlp,ridge,0.0
2020,COD,"Congo, Dem. Rep.",0,0,mlp,ridge,0.0
2020,COG,"Congo, Rep.",0,0,mlp,ridge,0.0
2020,COL,Colombia,5,8,mlp,ridge,7.892797258077589
2020,COM,Comoros,0,0,mlp,ridge,0.0
2020,CPV,Cabo Verde,0,0,mlp,ridge,0.0
2020,CRI,Costa Rica,0,0,mlp,ridge,0.15528145845400054
2020,CUB,Cuba,15,11,mlp,ridge,8.16232395590286
2020,CYM,Cayman Islands,0,0,mlp,ridge,0.0
2020,CYP,Cyprus,0,0,mlp,ridge,0.0
2020,CZE,Czechia,11,10,mlp,ridge,9.57316963006057
2020,DEU,Germany,37,42,mlp,ridge,44.341324731986475
2020,DJI,Djibouti,0,0,mlp,ridge,0.0
2020,DMA,Dominica,0,0,mlp,ridge,0.0
2020,DNK,Denmark,11,15,mlp,ridge,10.06180733185107
2020,DOM,Dominican Republic,5,1,mlp,ridge,3.645432553119891
2020,DZA,Algeria,0,2,mlp,ridge,3.793686399139361
2020,ECU,Ecuador,3,0,mlp,ridge,2.334166674221491
2020,EGY,"Egypt, Arab Rep.",6,3,mlp,ridge,9.866656452286277
2020,ESP,Spain,17,17,mlp,ridge,26.14548179941916
2020,EST,Estonia,2,1,mlp,ridge,1.0742389179818979
2020,ETH,Ethiopia,4,8,mlp,ridge,6.546913029014123
2020,FIN,Finland,2,1,mlp,ridge,1.0565573826362282
2020,FJI,Fiji,2,1,mlp,ridge,1.5327791322002167
2020,FRA,France,33,42,mlp,ridge,41.94339858054569
2020,FSM,"Micronesia, Fed. Sts.",0,0,mlp,ridge,0.0
2020,GAB,Gabon,0,0,mlp,ridge,0.0
2020,GBR,United Kingdom,64,67,mlp,ridge,52.79020194151984
2020,GEO,Georgia,8,7,mlp,ridge,4.567887105870323
2020,GHA,Ghana,1,0,mlp,ridge,0.0
2020,GIN,Guinea,0,0,mlp,ridge,0.0
2020,GMB,"Gambia, The",0,0,mlp,ridge,0.0
2020,GNB,Guinea-Bissau,0,0,mlp,ridge,0.0
2020,GNQ,Equatorial Guinea,0,0,mlp,ridge,0.0
2020,GRC,Greece,4,6,mlp,ridge,6.421327500390424
2020,GRD,Grenada,1,1,mlp,ridge,0.0
2020,GTM,Guatemala,0,0,mlp,ridge,1.3082967430333348
2020,GUM,Guam,0,0,mlp,ridge,0.0
2020,GUY,Guyana,0,0,mlp,ridge,0.0
2020,HKG,"Hong Kong SAR, China",6,0,mlp,ridge,0.5294340172413374
2020,HND,Honduras,0,0,mlp,ridge,0.0
2020,HRV,Croatia,9,10,mlp,ridge,6.815579572205529
2020,HTI,Haiti,0,0,mlp,ridge,0.0
2020,HUN,Hungary,20,15,mlp,ridge,15.358759804525041
2020,IDN,Indonesia,5,3,mlp,ridge,5.489529765834818
2020,IND,India,7,2,mlp,ridge,15.432037640162909
2020,IRL,Ireland,4,2,mlp,ridge,4.343046212881733
2020,IRN,"Iran, Islamic Rep.",7,8,mlp,ridge,8.139094177347026
2020,IRQ,Iraq,0,0,mlp,ridge,0.0
2020,ISL,Iceland,0,0,mlp,ridge,0.0
2020,ISR,Israel,4,2,mlp,ridge,4.406044319977153
2020,ITA,Italy,40,28,mlp,ridge,34.79573122991047
2020,JAM,Jamaica,9,11,mlp,ridge,7.407654184424158
2020,JOR,Jordan,2,1,mlp,ridge,1.1993118896298025
2020,JPN,Japan,58,41,mlp,ridge,55.10521004472009
2020,KAZ,Kazakhstan,8,18,mlp,ridge,13.994394181883543
2020,KEN,Kenya,10,13,mlp,ridge,10.877581894104864
2020,KGZ,Kyrgyz Republic,3,0,mlp,ridge,0.0
2020,KHM,Cambodia,0,0,mlp,ridge,0.0
2020,KIR,Kiribati,0,0,mlp,ridge,0.0
2020,KNA,St. Kitts and Nevis,0,0,mlp,ridge,0.0
2020,KOR,"Korea, Rep.",20,21,mlp,ridge,23.445782397217823
2020,KWT,Kuwait,1,0,mlp,ridge,0.0
2020,LAO,Lao PDR,0,0,mlp,ridge,0.0
2020,LBN,Lebanon,0,0,mlp,ridge,0.0
2020,LBR,Liberia,0,0,mlp,ridge,0.0
2020,LBY,Libya,0,0,mlp,ridge,0.0
2020,LCA,St. Lucia,0,0,mlp,ridge,0.0
2020,LKA,Sri Lanka,0,0,mlp,ridge,0.0
2020,LSO,Lesotho,0,0,mlp,ridge,0.0
2020,LTU,Lithuania,1,4,mlp,ridge,3.1552077025648
2020,LUX,Luxembourg,0,0,mlp,ridge,0.0
2020,LVA,Latvia,2,0,mlp,ridge,0.7687302466387251
2020,MAR,Morocco,1,1,mlp,ridge,2.9419889962308616
2020,MCO,Monaco,0,0,mlp,ridge,0.0
2020,MDA,Moldova,1,0,mlp,ridge,0.5419868581988094
2020,MDG,Madagascar,0,0,mlp,ridge,0.0
2020,MDV,Maldives,0,0,mlp,ridge,0.0
2020,MEX,Mexico,4,5,mlp,ridge,12.93558875089537
2020,MHL,Marshall Islands,0,0,mlp,ridge,0.0
2020,MKD,North Macedonia,1,0,mlp,ridge,0.0
2020,MLI,Mali,0,0,mlp,ridge,0.0
2020,MLT,Malta,0,0,mlp,ridge,0.0
2020,MMR,Myanmar,0,0,mlp,ridge,0.0
2020,MNE,Montenegro,0,0,mlp,ridge,1.0987148282537227
2020,MNG,Mongolia,4,2,mlp,ridge,3.5019112898514564
2020,MOZ,Mozambique,0,0,mlp,ridge,0.0
2020,MRT,Mauritania,0,0,mlp,ridge,0.0
2020,MUS,Mauritius,0,0,mlp,ridge,0.0
2020,MWI,Malawi,0,0,mlp,ridge,0.0
2020,MYS,Malaysia,2,5,mlp,ridge,4.056522294484474
2020,NAM,Namibia,1,0,mlp,ridge,0.0
2020,NER,Niger,0,1,mlp,ridge,0.0
2020,NGA,Nigeria,2,1,mlp,ridge,4.872627482644375
2020,NIC,Nicaragua,0,0,mlp,ridge,0.0
2020,NLD,Netherlands,36,19,mlp,ridge,21.931351819665007
2020,NOR,Norway,8,4,mlp,ridge,4.242874917243098
2020,NPL,Nepal,0,0,mlp,ridge,0.0
2020,NRU,Naoero,0,0,mlp,ridge,0.0
2020,NZL,New Zealand,20,18,mlp,ridge,18.294539824519063
2020,OMN,Oman,0,0,mlp,ridge,0.0
2020,PAK,Pakistan,0,0,mlp,ridge,0.0
2020,PAN,Panama,0,0,mlp,ridge,0.0
2020,PER,Peru,0,0,mlp,ridge,2.17277854990256
2020,PHL,Philippines,4,1,mlp,ridge,2.074038225549346
2020,PLW,Palau,0,0,mlp,ridge,0.0
2020,PNG,Papua New Guinea,0,0,mlp,ridge,0.0
2020,POL,Poland,14,11,mlp,ridge,16.208339522810604
2020,PRI,Puerto Rico (US),1,1,mlp,ridge,0.9465047550604098
2020,PRT,Portugal,4,1,mlp,ridge,4.563825179116842
2020,PRY,Paraguay,0,0,mlp,ridge,0.0
2020,PSE,West Bank and Gaza,0,0,mlp,ridge,0.0
2020,QAT,Qatar,3,1,mlp,ridge,0.0
2020,ROU,Romania,4,4,mlp,ridge,6.996715631263445
2020,RUS,Russian Federation,71,56,mlp,ridge,49.89233588802302
2020,RWA,Rwanda,0,0,mlp,ridge,0.0
2020,SAU,Saudi Arabia,1,0,mlp,ridge,2.8046838716246754
2020,SDN,Sudan,0,0,mlp,ridge,0.0
2020,SEN,Senegal,0,0,mlp,ridge,0.0
2020,SGP,Singapore,0,1,mlp,ridge,0.0
2020,SLB,Solomon Islands,0,0,mlp,ridge,0.0
2020,SLE,Sierra Leone,0,0,mlp,ridge,0.0
2020,SLV,El Salvador,0,0,mlp,ridge,0.0
2020,SMR,San Marino,3,0,mlp,ridge,0.0
2020,SOM,"Somalia, Fed. Rep.",0,0,mlp,ridge,0.0
2020,SRB,Serbia,8,8,mlp,ridge,7.867029814793807
2020,STP,Sao Tome and Principe,0,0,mlp,ridge,0.0
2020,SUR,Suriname,0,0,mlp,ridge,0.0
2020,SVK,Slovak Republic,4,4,mlp,ridge,3.1729281926747053
2020,SVN,Slovenia,5,4,mlp,ridge,3.485512691077181
2020,SWE,Sweden,9,11,mlp,ridge,10.674051060312152
2020,SWZ,Eswatini,0,0,mlp,ridge,0.0
2020,SYC,Seychelles,0,0,mlp,ridge,0.0
2020,SYR,Syrian Arab Republic,1,0,mlp,ridge,0.0
2020,TCD,Chad,0,0,mlp,ridge,0.0
2020,TGO,Togo,0,0,mlp,ridge,0.0
2020,THA,Thailand,2,6,mlp,ridge,5.502040065895235
2020,TJK,Tajikistan,0,1,mlp,ridge,0.0
2020,TKM,Turkmenistan,1,0,mlp,ridge,0.0
2020,TLS,Timor-Leste,0,0,mlp,ridge,0.0
2020,TON,Tonga,0,0,mlp,ridge,0.0
2020,TTO,Trinidad and Tobago,0,1,mlp,ridge,0.8871679385732598
2020,TUN,Tunisia,2,3,mlp,ridge,4.529806213396398
2020,TUR,Turkiye,13,8,mlp,ridge,10.490351259248428
2020,TUV,Tuvalu,0,0,mlp,ridge,0.0
2020,TZA,Tanzania,0,0,mlp,ridge,0.0
2020,UGA,Uganda,4,0,mlp,ridge,1.8353201967742976
2020,UKR,Ukraine,19,11,mlp,ridge,13.089003324681816
2020,URY,Uruguay,0,0,mlp,ridge,0.0
2020,USA,United States,113,121,mlp,ridge,122.4802414287208
2020,UZB,Uzbekistan,5,13,mlp,ridge,9.79998390415316
2020,VCT,St. Vincent and the Grenadines,0,0,mlp,ridge,0.0
2020,VEN,"Venezuela, RB",4,3,mlp,ridge,3.1487992921510024
2020,VIR,Virgin Islands (U.S.),0,0,mlp,ridge,0.0
2020,VNM,Viet Nam,0,2,mlp,ridge,2.640058845762523
2020,VUT,Vanuatu,0,0,mlp,ridge,0.0
2020,WSM,Samoa,0,0,mlp,ridge,0.0
2020,ZAF,South Africa,3,10,mlp,ridge,14.748085833941733
2020,ZMB,Zambia,0,0,mlp,ridge,1.8413222541045933
2020,ZWE,Zimbabwe,0,0,mlp,ridge,0.0
2020,ABW,Aruba,0,0,mlp,lasso,0.0
2020,AFG,Afghanistan,0,0,mlp,lasso,0.0
2020,AGO,Angola,0,0,mlp,lasso,0.0
2020,ALB,Albania,0,0,mlp,lasso,0.0
2020,AND,Andorra,0,0,mlp,lasso,0.0
2020,ARE,United Arab Emirates,0,1,mlp,lasso,0.0
2020,ARG,Argentina,3,4,mlp,lasso,11.478409829804813
2020,ARM,Armenia,4,4,mlp,lasso,2.682124541147326
2020,ASM,American Samoa,0,0,mlp,lasso,0.0
2020,ATG,Antigua and Barbuda,0,0,mlp,lasso,0.0
2020,AUS,Australia,46,29,mlp,lasso,38.70919044239741
2020,AUT,Austria,7,1,mlp,lasso,2.5755848194787454
2020,AZE,Azerbaijan,7,18,mlp,lasso,11.405494293614137
2020,BDI,Burundi,0,1,mlp,lasso,0.0
2020,BEL,Belgium,7,6,mlp,lasso,7.82845299073633
2020,BEN,Benin,0,0,mlp,lasso,0.0
2020,BFA,Burkina Faso,1,0,mlp,lasso,0.0
2020,BGD,Bangladesh,0,0,mlp,lasso,1.3056701103411346
2020,BGR,Bulgaria,6,3,mlp,lasso,3.118501238724921
2020,BHR,Bahrain,1,2,mlp,lasso,1.4489212462975
2020,BHS,"Bahamas, The",2,2,mlp,lasso,0.47645521927067414
2020,BIH,Bosnia and Herzegovina,0,0,mlp,lasso,0.0
2020,BLR,Belarus,7,9,mlp,lasso,9.39702296691766
2020,BLZ,Belize,0,0,mlp,lasso,0.0
2020,BMU,Bermuda,1,0,mlp,lasso,0.0
2020,BOL,Bolivia,0,0,mlp,lasso,0.0
2020,BRA,Brazil,21,19,mlp,lasso,28.058509458045407
2020,BRB,Barbados,0,0,mlp,lasso,0.0
2020,BRN,Brunei Darussalam,0,0,mlp,lasso,0.0
2020,BTN,Bhutan,0,0,mlp,lasso,0.0
2020,BWA,Botswana,1,0,mlp,lasso,0.0
2020,CAF,Central African Republic,0,0,mlp,lasso,0.0
2020,CAN,Canada,24,22,mlp,lasso,31.26795819155707
2020,CHE,Switzerland,13,7,mlp,lasso,6.468345795833578
2020,CHL,Chile,0,0,mlp,lasso,2.4358419982700212
2020,CHN,China,89,70,mlp,lasso,82.85562559687193
2020,CIV,Cote d'Ivoire,1,2,mlp,lasso,2.680753980854208
2020,CMR,Cameroon,0,0,mlp,lasso,0.0
2020,COD,"Congo, Dem. Rep.",0,0,mlp,lasso,0.0
2020,COG,"Congo, Rep.",0,0,mlp,lasso,0.0
2020,COL,Colombia,5,8,mlp,lasso,8.00764308052685
2020,COM,Comoros,0,0,mlp,lasso,0.0
2020,CPV,Cabo Verde,0,0,mlp,lasso,0.0
2020,CRI,Costa Rica,0,0,mlp,lasso,0.2528355526620647
2020,CUB,Cuba,15,11,mlp,lasso,8.706643319448702
2020,CYM,Cayman Islands,0,0,mlp,lasso,0.0
2020,CYP,Cyprus,0,0,mlp,lasso,0.0
2020,CZE,Czechia,11,10,mlp,lasso,9.763298271492378
2020,DEU,Germany,37,42,mlp,lasso,44.65945450409021
2020,DJI,Djibouti,0,0,mlp,lasso,0.0
2020,DMA,Dominica,0,0,mlp,lasso,0.0
2020,DNK,Denmark,11,15,mlp,lasso,10.681288223252592
2020,DOM,Dominican Republic,5,1,mlp,lasso,3.4993944854372554
2020,DZA,Algeria,0,2,mlp,lasso,3.47412734224668
2020,ECU,Ecuador,3,0,mlp,lasso,2.2173270107975043
2020,EGY,"Egypt, Arab Rep.",6,3,mlp,lasso,9.094502546211135
2020,ESP,Spain,17,17,mlp,lasso,25.31927827382865
2020,EST,Estonia,2,1,mlp,lasso,1.1273882269441415
2020,ETH,Ethiopia,4,8,mlp,lasso,6.753038141370192
2020,FIN,Finland,2,1,mlp,lasso,1.0224858059995618
2020,FJI,Fiji,2,1,mlp,lasso,1.6954197681626386
2020,FRA,France,33,42,mlp,lasso,42.41767235360183
2020,FSM,"Micronesia, Fed. Sts.",0,0,mlp,lasso,0.0
2020,GAB,Gabon,0,0,mlp,lasso,0.0
2020,GBR,United Kingdom,64,67,mlp,lasso,55.12096252583364
2020,GEO,Georgia,8,7,mlp,lasso,5.028544116617592
2020,GHA,Ghana,1,0,mlp,lasso,0.0
2020,GIN,Guinea,0,0,mlp,lasso,0.0
2020,GMB,"Gambia, The",0,0,mlp,lasso,0.0
2020,GNB,Guinea-Bissau,0,0,mlp,lasso,0.0
2020,GNQ,Equatorial Guinea,0,0,mlp,lasso,0.0
2020,GRC,Greece,4,6,mlp,lasso,6.521386153240912
2020,GRD,Grenada,1,1,mlp,lasso,0.0
2020,GTM,Guatemala,0,0,mlp,lasso,1.2843658024059152
2020,GUM,Guam,0,0,mlp,lasso,0.0
2020,GUY,Guyana,0,0,mlp,lasso,0.0
2020,HKG,"Hong Kong SAR, China",6,0,mlp,lasso,0.5146066589906901
2020,HND,Honduras,0,0,mlp,lasso,0.0
2020,HRV,Croatia,9,10,mlp,lasso,7.351097779263435
2020,HTI,Haiti,0,0,mlp,lasso,0.0
2020,HUN,Hungary,20,15,mlp,lasso,15.467959637466828
2020,IDN,Indonesia,5,3,mlp,lasso,5.284692139287602
2020,IND,India,7,2,mlp,lasso,14.258621946868606
2020,IRL,Ireland,4,2,mlp,lasso,3.906612472749032
2020,IRN,"Iran, Islamic Rep.",7,8,mlp,lasso,8.082490952007408
2020,IRQ,Iraq,0,0,mlp,lasso,0.0
2020,ISL,Iceland,0,0,mlp,lasso,0.0
2020,ISR,Israel,4,2,mlp,lasso,4.1773055486447355
2020,ITA,Italy,40,28,mlp,lasso,34.352825587171445
2020,JAM,Jamaica,9,11,mlp,lasso,8.04367711568769
2020,JOR,Jordan,2,1,mlp,lasso,1.3101063571795653
2020,JPN,Japan,58,41,mlp,lasso,54.17839862579497
2020,KAZ,Kazakhstan,8,18,mlp,lasso,14.347443851545655
2020,KEN,Kenya,10,13,mlp,lasso,11.268792953233245
2020,KGZ,Kyrgyz Republic,3,0,mlp,lasso,0.0
2020,KHM,Cambodia,0,0,mlp,lasso,0.0
2020,KIR,Kiribati,0,0,mlp,lasso,0.0
2020,KNA,St. Kitts and Nevis,0,0,mlp,lasso,0.0
2020,KOR,"Korea, Rep.",20,21,mlp,lasso,23.45116224952572
2020,KWT,Kuwait,1,0,mlp,lasso,0.0
2020,LAO,Lao PDR,0,0,mlp,lasso,0.0
2020,LBN,Lebanon,0,0,mlp,lasso,0.0
2020,LBR,Liberia,0,0,mlp,lasso,0.0
2020,LBY,Libya,0,0,mlp,lasso,0.0
2020,LCA,St. Lucia,0,0,mlp,lasso,0.0
2020,LKA,Sri Lanka,0,0,mlp,lasso,0.0
2020,LSO,Lesotho,0,0,mlp,lasso,0.0
2020,LTU,Lithuania,1,4,mlp,lasso,3.3184088871020485
2020,LUX,Luxembourg,0,0,mlp,lasso,0.0
2020,LVA,Latvia,2,0,mlp,lasso,0.7454596355679382
2020,MAR,Morocco,1,1,mlp,lasso,2.8486176173789826
2020,MCO,Monaco,0,0,mlp,lasso,0.0
2020,MDA,Moldova,1,0,mlp,lasso,0.6206398778997517
2020,MDG,Madagascar,0,0,mlp,lasso,0.0
2020,MDV,Maldives,0,0,mlp,lasso,0.0
2020,MEX,Mexico,4,5,mlp,lasso,12.073309207081758
2020,MHL,Marshall Islands,0,0,mlp,lasso,0.0
2020,MKD,North Macedonia,1,0,mlp,lasso,0.0
2020,MLI,Mali,0,0,mlp,lasso,0.0
2020,MLT,Malta,0,0,mlp,lasso,0.0
2020,MMR,Myanmar,0,0,mlp,lasso,0.0
2020,MNE,Montenegro,0,0,mlp,lasso,1.163969611267385
2020,MNG,Mongolia,4,2,mlp,lasso,3.2916948262392065
2020,MOZ,Mozambique,0,0,mlp,lasso,0.0
2020,MRT,Mauritania,0,0,mlp,lasso,0.0
2020,MUS,Mauritius,0,0,mlp,lasso,0.0
2020,MWI,Malawi,0,0,mlp,lasso,0.0
2020,MYS,Malaysia,2,5,mlp,lasso,4.3365254145964425
2020,NAM,Namibia,1,0,mlp,lasso,0.0
2020,NER,Niger,0,1,mlp,lasso,0.0
2020,NGA,Nigeria,2,1,mlp,lasso,4.597900956558765
2020,NIC,Nicaragua,0,0,mlp,lasso,0.0
2020,NLD,Netherlands,36,19,mlp,lasso,21.73308407144706
2020,NOR,Norway,8,4,mlp,lasso,4.126887107198311
2020,NPL,Nepal,0,0,mlp,lasso,0.0
2020,NRU,Naoero,0,0,mlp,lasso,0.0
2020,NZL,New Zealand,20,18,mlp,lasso,18.321940037173167
2020,OMN,Oman,0,0,mlp,lasso,0.0
2020,PAK,Pakistan,0,0,mlp,lasso,0.0
2020,PAN,Panama,0,0,mlp,lasso,0.0
2020,PER,Peru,0,0,mlp,lasso,1.9706614671090446
2020,PHL,Philippines,4,1,mlp,lasso,2.1704330663441898
2020,PLW,Palau,0,0,mlp,lasso,0.0
2020,PNG,Papua New Guinea,0,0,mlp,lasso,0.0
2020,POL,Poland,14,11,mlp,lasso,15.72334836962613
2020,PRI,Puerto Rico (US),1,1,mlp,lasso,1.0016380409821313
2020,PRT,Portugal,4,1,mlp,lasso,4.258478412796673
2020,PRY,Paraguay,0,0,mlp,lasso,0.0
2020,PSE,West Bank and Gaza,0,0,mlp,lasso,0.0
2020,QAT,Qatar,3,1,mlp,lasso,0.0
2020,ROU,Romania,4,4,mlp,lasso,6.746147762650087
2020,RUS,Russian Federation,71,56,mlp,lasso,49.05800654509951
2020,RWA,Rwanda,0,0,mlp,lasso,0.0
2020,SAU,Saudi Arabia,1,0,mlp,lasso,2.4228503913048893
2020,SDN,Sudan,0,0,mlp,lasso,0.0
2020,SEN,Senegal,0,0,mlp,lasso,0.0
2020,SGP,Singapore,0,1,mlp,lasso,0.0
2020,SLB,Solomon Islands,0,0,mlp,lasso,0.0
2020,SLE,Sierra Leone,0,0,mlp,lasso,0.0
2020,SLV,El Salvador,0,0,mlp,lasso,0.0
2020,SMR,San Marino,3,0,mlp,lasso,0.0
2020,SOM,"Somalia, Fed. Rep.",0,0,mlp,lasso,0.0
2020,SRB,Serbia,8,8,mlp,lasso,7.995900469823978
2020,STP,Sao Tome and Principe,0,0,mlp,lasso,0.0
2020,SUR,Suriname,0,0,mlp,lasso,0.0
2020,SVK,Slovak Republic,4,4,mlp,lasso,3.3655592622604384
2020,SVN,Slovenia,5,4,mlp,lasso,3.6364132055451517
2020,SWE,Sweden,9,11,mlp,lasso,10.734886164983457
2020,SWZ,Eswatini,0,0,mlp,lasso,0.0
2020,SYC,Seychelles,0,0,mlp,lasso,0.0
2020,SYR,Syrian Arab Republic,1,0,mlp,lasso,0.0
2020,TCD,Chad,0,0,mlp,lasso,0.0
2020,TGO,Togo,0,0,mlp,lasso,0.0
2020,THA,Thailand,2,6,mlp,lasso,5.735987540461037
2020,TJK,Tajikistan,0,1,mlp,lasso,0.0
2020,TKM,Turkmenistan,1,0,mlp,lasso,0.0
2020,TLS,Timor-Leste,0,0,mlp,lasso,0.0
2020,TON,Tonga,0,0,mlp,lasso,0.0
2020,TTO,Trinidad and Tobago,0,1,mlp,lasso,1.0379908950793073
2020,TUN,Tunisia,2,3,mlp,lasso,4.524303995558092
2020,TUR,Turkiye,13,8,mlp,lasso,10.316809181173728
2020,TUV,Tuvalu,0,0,mlp,lasso,0.0
2020,TZA,Tanzania,0,0,mlp,lasso,0.0
2020,UGA,Uganda,4,0,mlp,lasso,1.7404160840595022
2020,UKR,Ukraine,19,11,mlp,lasso,12.953676519069353
2020,URY,Uruguay,0,0,mlp,lasso,0.0
2020,USA,United States,113,121,mlp,lasso,124.21255205174914
2020,UZB,Uzbekistan,5,13,mlp,lasso,10.315631459125806
2020,VCT,St. Vincent and the Grenadines,0,0,mlp,lasso,0.0
2020,VEN,"Venezuela, RB",4,3,mlp,lasso,3.3441307333245405
2020,VIR,Virgin Islands (U.S.),0,0,mlp,lasso,0.0
2020,VNM,Viet Nam,0,2,mlp,lasso,2.6917020433435273
2020,VUT,Vanuatu,0,0,mlp,lasso,0.0
2020,WSM,Samoa,0,0,mlp,lasso,0.0
2020,ZAF,South Africa,3,10,mlp,lasso,14.275279221168661
2020,ZMB,Zambia,0,0,mlp,lasso,1.703467594316459
2020,ZWE,Zimbabwe,0,0,mlp,lasso,0.0
2020,ABW,Aruba,0,0,mlp,poisson,0.0
2020,AFG,Afghanistan,0,0,mlp,poisson,0.0
2020,AGO,Angola,0,0,mlp,poisson,0.0
2020,ALB,Albania,0,0,mlp,poisson,0.0
2020,AND,Andorra,0,0,mlp,poisson,3.8139371117706635
2020,ARE,United Arab Emirates,0,1,mlp,poisson,0.0
2020,ARG,Argentina,3,4,mlp,poisson,10.018052470547628
2020,ARM,Armenia,4,4,mlp,poisson,4.893562600238665
2020,ASM,American Samoa,0,0,mlp,poisson,0.0
2020,ATG,Antigua and Barbuda,0,0,mlp,poisson,0.0
2020,AUS,Australia,46,29,mlp,poisson,50.07016459983492
2020,AUT,Austria,7,1,mlp,poisson,6.4308757779388435
2020,AZE,Azerbaijan,7,18,mlp,poisson,5.603556494884479
2020,BDI,Burundi,0,1,mlp,poisson,0.0
2020,BEL,Belgium,7,6,mlp,poisson,8.466505411535538
2020,BEN,Benin,0,0,mlp,poisson,0.0
2020,BFA,Burkina Faso,1,0,mlp,poisson,0.0
2020,BGD,Bangladesh,0,0,mlp,poisson,4.225609728902094
2020,BGR,Bulgaria,6,3,mlp,poisson,6.671418162664646
2020,BHR,Bahrain,1,2,mlp,poisson,6.1935850800787415
2020,BHS,"Bahamas, The",2,2,mlp,poisson,4.476931018457437
2020,BIH,Bosnia and Herzegovina,0,0,mlp,poisson,0.0
2020,BLR,Belarus,7,9,mlp,poisson,8.49116804441143
2020,BLZ,Belize,0,0,mlp,poisson,0.0
2020,BMU,Bermuda,1,0,mlp,poisson,0.0
2020,BOL,Bolivia,0,0,mlp,poisson,0.0
2020,BRA,Brazil,21,19,mlp,poisson,21.573137762256067
2020,BRB,Barbados,0,0,mlp,poisson,0.0
2020,BRN,Brunei Darussalam,0,0,mlp,poisson,0.0
2020,BTN,Bhutan,0,0,mlp,poisson,0.0
2020,BWA,Botswana,1,0,mlp,poisson,0.0
2020,CAF,Central African Republic,0,0,mlp,poisson,0.0
2020,CAN,Canada,24,22,mlp,poisson,28.86414979877139
2020,CHE,Switzerland,13,7,mlp,poisson,8.62657078035066
2020,CHL,Chile,0,0,mlp,poisson,4.8887590194328014
2020,CHN,China,89,70,mlp,poisson,72.06473436037525
2020,CIV,Cote d'Ivoire,1,2,mlp,poisson,3.370639294008089
2020,CMR,Cameroon,0,0,mlp,poisson,0.0
2020,COD,"Congo, Dem. Rep.",0,0,mlp,poisson,0.0
2020,COG,"Congo, Rep.",0,0,mlp,poisson,0.0
2020,COL,Colombia,5,8,mlp,poisson,5.134908032074243
2020,COM,Comoros,0,0,mlp,poisson,0.0
2020,CPV,Cabo Verde,0,0,mlp,poisson,0.0
2020,CRI,Costa Rica,0,0,mlp,poisson,4.246632578667448
2020,CUB,Cuba,15,11,mlp,poisson,6.877905236685881
2020,CYM,Cayman Islands,0,0,mlp,poisson,0.0
2020,CYP,Cyprus,0,0,mlp,poisson,4.0949460723363185
2020,CZE,Czechia,11,10,mlp,poisson,8.00838944682073
2020,DEU,Germany,37,42,mlp,poisson,43.01766210712158
2020,DJI,Djibouti,0,0,mlp,poisson,0.0
2020,DMA,Dominica,0,0,mlp,poisson,0.0
2020,DNK,Denmark,11,15,mlp,poisson,8.966613745757874
2020,DOM,Dominican Republic,5,1,mlp,poisson,5.014945799043238
2020,DZA,Algeria,0,2,mlp,poisson,4.03379187531373
2020,ECU,Ecuador,3,0,mlp,poisson,4.40472734856821
2020,EGY,"Egypt, Arab Rep.",6,3,mlp,poisson,6.957220602352587
2020,ESP,Spain,17,17,mlp,poisson,22.52536357325653
2020,EST,Estonia,2,1,mlp,poisson,5.2906478708796225
2020,ETH,Ethiopia,4,8,mlp,poisson,3.772434787338515
2020,FIN,Finland,2,1,mlp,poisson,6.00772567462546
2020,FJI,Fiji,2,1,mlp,poisson,4.867859210400461
2020,FRA,France,33,42,mlp,poisson,37.93062460487032
2020,FSM,"Micronesia, Fed. Sts.",0,0,mlp,poisson,0.0
2020,GAB,Gabon,0,0,mlp,poisson,0.0
2020,GBR,United Kingdom,64,67,mlp,poisson,46.27643274860617
2020,GEO,Georgia,8,7,mlp,poisson,5.339999748402348
2020,GHA,Ghana,1,0,mlp,poisson,0.0
2020,GIN,Guinea,0,0,mlp,poisson,0.0
2020,GMB,"Gambia, The",0,0,mlp,poisson,0.0
2020,GNB,Guinea-Bissau,0,0,mlp,poisson,0.0
2020,GNQ,Equatorial Guinea,0,0,mlp,poisson,0.0
2020,GRC,Greece,4,6,mlp,poisson,7.186056700307323
2020,GRD,Grenada,1,1,mlp,poisson,0.0
2020,GTM,Guatemala,0,0,mlp,poisson,3.8976194800258575
2020,GUM,Guam,0,0,mlp,poisson,0.0
2020,GUY,Guyana,0,0,mlp,poisson,0.0
2020,HKG,"Hong Kong SAR, China",6,0,mlp,poisson,6.269897627877509
2020,HND,Honduras,0,0,mlp,poisson,0.0
2020,HRV,Croatia,9,10,mlp,poisson,7.446097179049613
2020,HTI,Haiti,0,0,mlp,poisson,0.0
2020,HUN,Hungary,20,15,mlp,poisson,12.085256804095808
2020,IDN,Indonesia,5,3,mlp,poisson,4.820712598490857
2020,IND,India,7,2,mlp,poisson,9.618321099287748
2020,IRL,Ireland,4,2,mlp,poisson,8.150268180117434
2020,IRN,"Iran, Islamic Rep.",7,8,mlp,poisson,5.955940679635136
2020,IRQ,Iraq,0,0,mlp,poisson,0.0
2020,ISL,Iceland,0,0,mlp,poisson,0.0
2020,ISR,Israel,4,2,mlp,poisson,5.6180842702019325
2020,ITA,Italy,40,28,mlp,poisson,38.811423197482405
2020,JAM,Jamaica,9,11,mlp,poisson,5.854067324113389
2020,JOR,Jordan,2,1,mlp,poisson,3.5505509620075
2020,JPN,Japan,58,41,mlp,poisson,97.45858790956774
2020,KAZ,Kazakhstan,8,18,mlp,poisson,6.511357195701989
2020,KEN,Kenya,10,13,mlp,poisson,5.381350020683121
2020,KGZ,Kyrgyz Republic,3,0,mlp,poisson,0.0
2020,KHM,Cambodia,0,0,mlp,poisson,0.0
2020,KIR,Kiribati,0,0,mlp,poisson,0.0
2020,KNA,St. Kitts and Nevis,0,0,mlp,poisson,0.0
2020,KOR,"Korea, Rep.",20,21,mlp,poisson,16.929864828430425
2020,KWT,Kuwait,1,0,mlp,poisson,0.0
2020,LAO,Lao PDR,0,0,mlp,poisson,0.0
2020,LBN,Lebanon,0,0,mlp,poisson,5.529764332969983
2020,LBR,Liberia,0,0,mlp,poisson,0.0
2020,LBY,Libya,0,0,mlp,poisson,0.0
2020,LCA,St. Lucia,0,0,mlp,poisson,0.0
2020,LKA,Sri Lanka,0,0,mlp,poisson,0.0
2020,LSO,Lesotho,0,0,mlp,poisson,0.0
2020,LTU,Lithuania,1,4,mlp,poisson,5.907099698818502
2020,LUX,Luxembourg,0,0,mlp,poisson,0.0
2020,LVA,Latvia,2,0,mlp,poisson,5.979437032500006
2020,MAR,Morocco,1,1,mlp,poisson,4.559942087632638
2020,MCO,Monaco,0,0,mlp,poisson,0.0
2020,MDA,Moldova,1,0,mlp,poisson,5.731658255689946
2020,MDG,Madagascar,0,0,mlp,poisson,0.0
2020,MDV,Maldives,0,0,mlp,poisson,0.0
2020,MEX,Mexico,4,5,mlp,poisson,8.676373975898724
2020,MHL,Marshall Islands,0,0,mlp,poisson,0.0
2020,MKD,North Macedonia,1,0,mlp,poisson,0.0
2020,MLI,Mali,0,0,mlp,poisson,0.0
2020,MLT,Malta,0,0,mlp,poisson,3.296250517278537
2020,MMR,Myanmar,0,0,mlp,poisson,0.0
2020,MNE,Montenegro,0,0,mlp,poisson,4.98498220351196
2020,MNG,Mongolia,4,2,mlp,poisson,4.031351413155775
2020,MOZ,Mozambique,0,0,mlp,poisson,0.0
2020,MRT,Mauritania,0,0,mlp,poisson,0.0
2020,MUS,Mauritius,0,0,mlp,poisson,0.0
2020,MWI,Malawi,0,0,mlp,poisson,0.0
2020,MYS,Malaysia,2,5,mlp,poisson,4.27356347297225
2020,NAM,Namibia,1,0,mlp,poisson,0.0
2020,NER,Niger,0,1,mlp,poisson,0.0
2020,NGA,Nigeria,2,1,mlp,poisson,4.1398617745667545
2020,NIC,Nicaragua,0,0,mlp,poisson,0.0
2020,NLD,Netherlands,36,19,mlp,poisson,18.612112634949355
2020,NOR,Norway,8,4,mlp,poisson,7.589464203077732
2020,NPL,Nepal,0,0,mlp,poisson,0.0
2020,NRU,Naoero,0,0,mlp,poisson,0.0
2020,NZL,New Zealand,20,18,mlp,poisson,11.128355032506668
2020,OMN,Oman,0,0,mlp,poisson,0.0
2020,PAK,Pakistan,0,0,mlp,poisson,0.0
2020,PAN,Panama,0,0,mlp,poisson,0.0
2020,PER,Peru,0,0,mlp,poisson,4.166343859202511
2020,PHL,Philippines,4,1,mlp,poisson,4.002621922100314
2020,PLW,Palau,0,0,mlp,poisson,0.0
2020,PNG,Papua New Guinea,0,0,mlp,poisson,0.0
2020,POL,Poland,14,11,mlp,poisson,16.350951118890404
2020,PRI,Puerto Rico (US),1,1,mlp,poisson,6.295509740845076
2020,PRT,Portugal,4,1,mlp,poisson,6.916679488060184
2020,PRY,Paraguay,0,0,mlp,poisson,0.0
2020,PSE,West Bank and Gaza,0,0,mlp,poisson,0.0
2020,QAT,Qatar,3,1,mlp,poisson,2.017759040668351
2020,ROU,Romania,4,4,mlp,poisson,8.318927042373101
2020,RUS,Russian Federation,71,56,mlp,poisson,37.00424674691205
2020,RWA,Rwanda,0,0,mlp,poisson,0.0
2020,SAU,Saudi Arabia,1,0,mlp,poisson,2.3615876439809043
2020,SDN,Sudan,0,0,mlp,poisson,0.0
2020,SEN,Senegal,0,0,mlp,poisson,0.0
2020,SGP,Singapore,0,1,mlp,poisson,5.99944467032978
2020,SLB,Solomon Islands,0,0,mlp,poisson,0.0
2020,SLE,Sierra Leone,0,0,mlp,poisson,0.0
2020,SLV,El Salvador,0,0,mlp,poisson,0.0
2020,SMR,San Marino,3,0,mlp,poisson,0.0
2020,SOM,"Somalia, Fed. Rep.",0,0,mlp,poisson,0.0
2020,SRB,Serbia,8,8,mlp,poisson,8.151018462616728
2020,STP,Sao Tome and Principe,0,0,mlp,poisson,0.0
2020,SUR,Suriname,0,0,mlp,poisson,0.0
2020,SVK,Slovak Republic,4,4,mlp,poisson,5.692748937547877
2020,SVN,Slovenia,5,4,mlp,poisson,5.489650123810493
2020,SWE,Sweden,9,11,mlp,poisson,9.057544722782119
2020,SWZ,Eswatini,0,0,mlp,poisson,0.0
2020,SYC,Seychelles,0,0,mlp,poisson,0.0
2020,SYR,Syrian Arab Republic,1,0,mlp,poisson,0.0
2020,TCD,Chad,0,0,mlp,poisson,0.0
2020,TGO,Togo,0,0,mlp,poisson,0.0
2020,THA,Thailand,2,6,mlp,poisson,5.534324648246417
2020,TJK,Tajikistan,0,1,mlp,poisson,0.0
2020,TKM,Turkmenistan,1,0,mlp,poisson,0.0
2020,TLS,Timor-Leste,0,0,mlp,poisson,0.0
2020,TON,Tonga,0,0,mlp,poisson,0.0
2020,TTO,Trinidad and Tobago,0,1,mlp,poisson,4.855371655227249
2020,TUN,Tunisia,2,3,mlp,poisson,5.170727985066669
2020,TUR,Turkiye,13,8,mlp,poisson,6.924025335442242
2020,TUV,Tuvalu,0,0,mlp,poisson,0.0
2020,TZA,Tanzania,0,0,mlp,poisson,0.0
2020,UGA,Uganda,4,0,mlp,poisson,2.9112510131558116
2020,UKR,Ukraine,19,11,mlp,poisson,10.97166028055268
2020,URY,Uruguay,0,0,mlp,poisson,0.0
2020,USA,United States,113,121,mlp,poisson,218.2063353616421
2020,UZB,Uzbekistan,5,13,mlp,poisson,5.040362111247895
2020,VCT,St. Vincent and the Grenadines,0,0,mlp,poisson,0.0
2020,VEN,"Venezuela, RB",4,3,mlp,poisson,6.6466148702071415
2020,VIR,Virgin Islands (U.S.),0,0,mlp,poisson,0.0
2020,VNM,Viet Nam,0,2,mlp,poisson,4.394840049486083
2020,VUT,Vanuatu,0,0,mlp,poisson,0.0
2020,WSM,Samoa,0,0,mlp,poisson,0.0
2020,ZAF,South Africa,3,10,mlp,poisson,8.456397785977876
2020,ZMB,Zambia,0,0,mlp,poisson,3.0619027709995317
2020,ZWE,Zimbabwe,0,0,mlp,poisson,0.0
2020,ABW,Aruba,0,0,mlp,svr,0.0
2020,AFG,Afghanistan,0,0,mlp,svr,0.0
2020,AGO,Angola,0,0,mlp,svr,0.0
2020,ALB,Albania,0,0,mlp,svr,0.0
2020,AND,Andorra,0,0,mlp,svr,0.8198792853293497
2020,ARE,United Arab Emirates,0,1,mlp,svr,0.0
2020,ARG,Argentina,3,4,mlp,svr,3.8140171575369095
2020,ARM,Armenia,4,4,mlp,svr,2.833679977725815
2020,ASM,American Samoa,0,0,mlp,svr,0.0
2020,ATG,Antigua and Barbuda,0,0,mlp,svr,0.0
2020,AUS,Australia,46,29,mlp,svr,31.05347890042839
2020,AUT,Austria,7,1,mlp,svr,2.54872768149815
2020,AZE,Azerbaijan,7,18,mlp,svr,10.223819162486524
2020,BDI,Burundi,0,1,mlp,svr,0.0
2020,BEL,Belgium,7,6,mlp,svr,5.8890590183074
2020,BEN,Benin,0,0,mlp,svr,0.0
2020,BFA,Burkina Faso,1,0,mlp,svr,0.0
2020,BGD,Bangladesh,0,0,mlp,svr,1.4846897125377723
2020,BGR,Bulgaria,6,3,mlp,svr,2.6813057073693045
2020,BHR,Bahrain,1,2,mlp,svr,1.858812165090221
2020,BHS,"Bahamas, The",2,2,mlp,svr,3.0667323504335897
2020,BIH,Bosnia and Herzegovina,0,0,mlp,svr,0.0
2020,BLR,Belarus,7,9,mlp,svr,6.898654502851848
2020,BLZ,Belize,0,0,mlp,svr,0.0
2020,BMU,Bermuda,1,0,mlp,svr,0.0
2020,BOL,Bolivia,0,0,mlp,svr,0.0
2020,BRA,Brazil,21,19,mlp,svr,17.683880372496034
2020,BRB,Barbados,0,0,mlp,svr,0.0
2020,BRN,Brunei Darussalam,0,0,mlp,svr,0.0
2020,BTN,Bhutan,0,0,mlp,svr,0.0
2020,BWA,Botswana,1,0,mlp,svr,0.0
2020,CAF,Central African Republic,0,0,mlp,svr,0.0
2020,CAN,Canada,24,22,mlp,svr,21.246152941208848
2020,CHE,Switzerland,13,7,mlp,svr,8.6322756671203
2020,CHL,Chile,0,0,mlp,svr,0.6890603704972165
2020,CHN,China,89,70,mlp,svr,71.521797613622
2020,CIV,Cote d'Ivoire,1,2,mlp,svr,2.6410529035917776
2020,CMR,Cameroon,0,0,mlp,svr,0.0
2020,COD,"Congo, Dem. Rep.",0,0,mlp,svr,0.0
2020,COG,"Congo, Rep.",0,0,mlp,svr,0.0
2020,COL,Colombia,5,8,mlp,svr,4.650318539671055
2020,COM,Comoros,0,0,mlp,svr,0.0
2020,CPV,Cabo Verde,0,0,mlp,svr,0.0
2020,CRI,Costa Rica,0,0,mlp,svr,0.8293324305068666
2020,CUB,Cuba,15,11,mlp,svr,6.078176861755338
2020,CYM,Cayman Islands,0,0,mlp,svr,0.0
2020,CYP,Cyprus,0,0,mlp,svr,0.6213111608975197
2020,CZE,Czechia,11,10,mlp,svr,6.8014582858582315
2020,DEU,Germany,37,42,mlp,svr,40.00924567493087
2020,DJI,Djibouti,0,0,mlp,svr,0.0
2020,DMA,Dominica,0,0,mlp,svr,0.0
2020,DNK,Denmark,11,15,mlp,svr,10.26296787493959
2020,DOM,Dominican Republic,5,1,mlp,svr,1.958828037035346
2020,DZA,Algeria,0,2,mlp,svr,0.957609409391381
2020,ECU,Ecuador,3,0,mlp,svr,1.2262861123179718
2020,EGY,"Egypt, Arab Rep.",6,3,mlp,svr,4.841131118631786
2020,ESP,Spain,17,17,mlp,svr,17.167581820658395
2020,EST,Estonia,2,1,mlp,svr,1.4009387464899703
2020,ETH,Ethiopia,4,8,mlp,svr,6.229885044837253
2020,FIN,Finland,2,1,mlp,svr,1.9038693599232843
2020,FJI,Fiji,2,1,mlp,svr,2.4040660680425177
2020,FRA,France,33,42,mlp,svr,35.177437080983665
2020,FSM,"Micronesia, Fed. Sts.",0,0,mlp,svr,0.0
2020,GAB,Gabon,0,0,mlp,svr,0.0
2020,GBR,United Kingdom,64,67,mlp,svr,45.587535916404704
2020,GEO,Georgia,8,7,mlp,svr,4.375230393271373
2020,GHA,Ghana,1,0,mlp,svr,0.0
2020,GIN,Guinea,0,0,mlp,svr,0.0
2020,GMB,"Gambia, The",0,0,mlp,svr,0.0
2020,GNB,Guinea-Bissau,0,0,mlp,svr,0.0
2020,GNQ,Equatorial Guinea,0,0,mlp,svr,0.0
2020,GRC,Greece,4,6,mlp,svr,4.088738599741831
2020,GRD,Grenada,1,1,mlp,svr,0.0
2020,GTM,Guatemala,0,0,mlp,svr,1.3293567380195412
2020,GUM,Guam,0,0,mlp,svr,0.0
2020,GUY,Guyana,0,0,mlp,svr,0.0
2020,HKG,"Hong Kong SAR, China",6,0,mlp,svr,1.6947411610781629
2020,HND,Honduras,0,0,mlp,svr,0.0
2020,HRV,Croatia,9,10,mlp,svr,5.565614420457976
2020,HTI,Haiti,0,0,mlp,svr,0.0
2020,HUN,Hungary,20,15,mlp,svr,10.889503173862764
2020,IDN,Indonesia,5,3,mlp,svr,1.6249356674061772
2020,IND,India,7,2,mlp,svr,7.910847960197955
2020,IRL,Ireland,4,2,mlp,svr,6.419686960551978
2020,IRN,"Iran, Islamic Rep.",7,8,mlp,svr,6.005567914496048
2020,IRQ,Iraq,0,0,mlp,svr,0.0
2020,ISL,Iceland,0,0,mlp,svr,0.0
2020,ISR,Israel,4,2,mlp,svr,3.109423025919547
2020,ITA,Italy,40,28,mlp,svr,26.088105649688224
2020,JAM,Jamaica,9,11,mlp,svr,6.323313612751562
2020,JOR,Jordan,2,1,mlp,svr,1.8316356495568584
2020,JPN,Japan,58,41,mlp,svr,50.73239389234833
2020,KAZ,Kazakhstan,8,18,mlp,svr,9.96159884061062
2020,KEN,Kenya,10,13,mlp,svr,8.944409441751382
2020,KGZ,Kyrgyz Republic,3,0,mlp,svr,0.0
2020,KHM,Cambodia,0,0,mlp,svr,0.0
2020,KIR,Kiribati,0,0,mlp,svr,0.0
2020,KNA,St. Kitts and Nevis,0,0,mlp,svr,0.0
2020,KOR,"Korea, Rep.",20,21,mlp,svr,18.5058318768394
2020,KWT,Kuwait,1,0,mlp,svr,0.0
2020,LAO,Lao PDR,0,0,mlp,svr,0.0
2020,LBN,Lebanon,0,0,mlp,svr,3.011597946172344
2020,LBR,Liberia,0,0,mlp,svr,0.0
2020,LBY,Libya,0,0,mlp,svr,0.0
2020,LCA,St. Lucia,0,0,mlp,svr,0.0
2020,LKA,Sri Lanka,0,0,mlp,svr,0.0
2020,LSO,Lesotho,0,0,mlp,svr,0.0
2020,LTU,Lithuania,1,4,mlp,svr,3.245756758952659
2020,LUX,Luxembourg,0,0,mlp,svr,0.0
2020,LVA,Latvia,2,0,mlp,svr,1.0625571892159016
2020,MAR,Morocco,1,1,mlp,svr,1.4965275081109795
2020,MCO,Monaco,0,0,mlp,svr,0.0
2020,MDA,Moldova,1,0,mlp,svr,1.171938516522225
2020,MDG,Madagascar,0,0,mlp,svr,0.0
2020,MDV,Maldives,0,0,mlp,svr,0.0
2020,MEX,Mexico,4,5,mlp,svr,4.477595374759858
2020,MHL,Marshall Islands,0,0,mlp,svr,0.0
2020,MKD,North Macedonia,1,0,mlp,svr,0.0
2020,MLI,Mali,0,0,mlp,svr,0.0
2020,MLT,Malta,0,0,mlp,svr,0.4760732010495303
2020,MMR,Myanmar,0,0,mlp,svr,0.0
2020,MNE,Montenegro,0,0,mlp,svr,1.6165841213374534
2020,MNG,Mongolia,4,2,mlp,svr,1.561285546294819
2020,MOZ,Mozambique,0,0,mlp,svr,0.0
2020,MRT,Mauritania,0,0,mlp,svr,0.0
2020,MUS,Mauritius,0,0,mlp,svr,0.0
2020,MWI,Malawi,0,0,mlp,svr,0.0
2020,MYS,Malaysia,2,5,mlp,svr,3.203457898528761
2020,NAM,Namibia,1,0,mlp,svr,0.0
2020,NER,Niger,0,1,mlp,svr,0.0
2020,NGA,Nigeria,2,1,mlp,svr,1.1273938332187612
2020,NIC,Nicaragua,0,0,mlp,svr,0.0
2020,NLD,Netherlands,36,19,mlp,svr,17.638097750648004
2020,NOR,Norway,8,4,mlp,svr,5.224470271205178
2020,NPL,Nepal,0,0,mlp,svr,0.0
2020,NRU,Naoero,0,0,mlp,svr,0.0
2020,NZL,New Zealand,20,18,mlp,svr,14.709788800531825
2020,OMN,Oman,0,0,mlp,svr,0.0
2020,PAK,Pakistan,0,0,mlp,svr,0.0
2020,PAN,Panama,0,0,mlp,svr,0.0
2020,PER,Peru,0,0,mlp,svr,0.48565689583020344
2020,PHL,Philippines,4,1,mlp,svr,1.2091849239837913
2020,PLW,Palau,0,0,mlp,svr,0.0
2020,PNG,Papua New Guinea,0,0,mlp,svr,0.0
2020,POL,Poland,14,11,mlp,svr,10.11560431660364
2020,PRI,Puerto Rico (US),1,1,mlp,svr,1.5984375287656007
2020,PRT,Portugal,4,1,mlp,svr,2.1254916445019276
2020,PRY,Paraguay,0,0,mlp,svr,0.0
2020,PSE,West Bank and Gaza,0,0,mlp,svr,0.0
2020,QAT,Qatar,3,1,mlp,svr,1.7123366765822183
2020,ROU,Romania,4,4,mlp,svr,3.8485184613107677
2020,RUS,Russian Federation,71,56,mlp,svr,43.096529941438284
2020,RWA,Rwanda,0,0,mlp,svr,0.0
2020,SAU,Saudi Arabia,1,0,mlp,svr,0.5828674517583039
2020,SDN,Sudan,0,0,mlp,svr,0.0
2020,SEN,Senegal,0,0,mlp,svr,0.0
2020,SGP,Singapore,0,1,mlp,svr,2.624741182126492
2020,SLB,Solomon Islands,0,0,mlp,svr,0.0
2020,SLE,Sierra Leone,0,0,mlp,svr,0.0
2020,SLV,El Salvador,0,0,mlp,svr,0.0
2020,SMR,San Marino,3,0,mlp,svr,0.0
2020,SOM,"Somalia, Fed. Rep.",0,0,mlp,svr,0.0
2020,SRB,Serbia,8,8,mlp,svr,6.070905455939702
2020,STP,Sao Tome and Principe,0,0,mlp,svr,0.0
2020,SUR,Suriname,0,0,mlp,svr,0.0
2020,SVK,Slovak Republic,4,4,mlp,svr,2.992171889494479
2020,SVN,Slovenia,5,4,mlp,svr,2.993316462124163
2020,SWE,Sweden,9,11,mlp,svr,8.650435584004825
2020,SWZ,Eswatini,0,0,mlp,svr,0.0
2020,SYC,Seychelles,0,0,mlp,svr,0.0
2020,SYR,Syrian Arab Republic,1,0,mlp,svr,0.0
2020,TCD,Chad,0,0,mlp,svr,0.0
2020,TGO,Togo,0,0,mlp,svr,0.0
2020,THA,Thailand,2,6,mlp,svr,3.565883591417844
2020,TJK,Tajikistan,0,1,mlp,svr,0.0
2020,TKM,Turkmenistan,1,0,mlp,svr,0.0
2020,TLS,Timor-Leste,0,0,mlp,svr,0.0
2020,TON,Tonga,0,0,mlp,svr,0.0
2020,TTO,Trinidad and Tobago,0,1,mlp,svr,1.2933428365665165
2020,TUN,Tunisia,2,3,mlp,svr,2.829967461631533
2020,TUR,Turkiye,13,8,mlp,svr,6.642166859911285
2020,TUV,Tuvalu,0,0,mlp,svr,0.0
2020,TZA,Tanzania,0,0,mlp,svr,0.0
2020,UGA,Uganda,4,0,mlp,svr,2.072977599455321
2020,UKR,Ukraine,19,11,mlp,svr,8.132291575016474
2020,URY,Uruguay,0,0,mlp,svr,0.0
2020,USA,United States,113,121,mlp,svr,101.10241984068847
2020,UZB,Uzbekistan,5,13,mlp,svr,9.036564185255248
2020,VCT,St. Vincent and the Grenadines,0,0,mlp,svr,0.0
2020,VEN,"Venezuela, RB",4,3,mlp,svr,7.2978744919990035
2020,VIR,Virgin Islands (U.S.),0,0,mlp,svr,0.0
2020,VNM,Viet Nam,0,2,mlp,svr,2.4988204109359273
2020,VUT,Vanuatu,0,0,mlp,svr,0.0
2020,WSM,Samoa,0,0,mlp,svr,0.0
2020,ZAF,South Africa,3,10,mlp,svr,7.9311512723362725
2020,ZMB,Zambia,0,0,mlp,svr,1.3496704296474107
2020,ZWE,Zimbabwe,0,0,mlp,svr,0.0
2020,ABW,Aruba,0,0,mlp,rf,0.0
2020,AFG,Afghanistan,0,0,mlp,rf,0.0
2020,AGO,Angola,0,0,mlp,rf,0.0
2020,ALB,Albania,0,0,mlp,rf,0.0
2020,AND,Andorra,0,0,mlp,rf,1.5509877612781418
2020,ARE,United Arab Emirates,0,1,mlp,rf,0.0
2020,ARG,Argentina,3,4,mlp,rf,8.486460127591705
2020,ARM,Armenia,4,4,mlp,rf,3.3107601830995055
2020,ASM,American Samoa,0,0,mlp,rf,0.0
2020,ATG,Antigua and Barbuda,0,0,mlp,rf,0.0
2020,AUS,Australia,46,29,mlp,rf,39.33
2020,AUT,Austria,7,1,mlp,rf,3.656975833288846
2020,AZE,Azerbaijan,7,18,mlp,rf,13.44089971139971
2020,BDI,Burundi,0,1,mlp,rf,0.0
2020,BEL,Belgium,7,6,mlp,rf,6.95678664889649
2020,BEN,Benin,0,0,mlp,rf,0.0
2020,BFA,Burkina Faso,1,0,mlp,rf,0.0
2020,BGD,Bangladesh,0,0,mlp,rf,2.9840228879954207
2020,BGR,Bulgaria,6,3,mlp,rf,3.076614701254477
2020,BHR,Bahrain,1,2,mlp,rf,2.6481456333622186
2020,BHS,"Bahamas, The",2,2,mlp,rf,2.181140731944952
2020,BIH,Bosnia and Herzegovina,0,0,mlp,rf,0.0
2020,BLR,Belarus,7,9,mlp,rf,9.096343506589198
2020,BLZ,Belize,0,0,mlp,rf,0.0
2020,BMU,Bermuda,1,0,mlp,rf,0.0
2020,BOL,Bolivia,0,0,mlp,rf,0.0
2020,BRA,Brazil,21,19,mlp,rf,23.098205128205127
2020,BRB,Barbados,0,0,mlp,rf,0.0
2020,BRN,Brunei Darussalam,0,0,mlp,rf,0.0
2020,BTN,Bhutan,0,0,mlp,rf,0.0
2020,BWA,Botswana,1,0,mlp,rf,0.0
2020,CAF,Central African Republic,0,0,mlp,rf,0.0
2020,CAN,Canada,24,22,mlp,rf,28.84415750915751
2020,CHE,Switzerland,13,7,mlp,rf,7.745743271221532
2020,CHL,Chile,0,0,mlp,rf,2.452162439899775
2020,CHN,China,89,70,mlp,rf,76.7
2020,CIV,Cote d'Ivoire,1,2,mlp,rf,2.069045209655642
2020,CMR,Cameroon,0,0,mlp,rf,0.0
2020,COD,"Congo, Dem. Rep.",0,0,mlp,rf,0.0
2020,COG,"Congo, Rep.",0,0,mlp,rf,0.0
2020,COL,Colombia,5,8,mlp,rf,8.672502700511666
2020,COM,Comoros,0,0,mlp,rf,0.0
2020,CPV,Cabo Verde,0,0,mlp,rf,0.0
2020,CRI,Costa Rica,0,0,mlp,rf,1.7614762441218974
2020,CUB,Cuba,15,11,mlp,rf,10.406529473400164
2020,CYM,Cayman Islands,0,0,mlp,rf,0.0
2020,CYP,Cyprus,0,0,mlp,rf,1.2649687074156766
2020,CZE,Czechia,11,10,mlp,rf,10.387660973084888
2020,DEU,Germany,37,42,mlp,rf,44.01666666666667
2020,DJI,Djibouti,0,0,mlp,rf,0.0
2020,DMA,Dominica,0,0,mlp,rf,0.0
2020,DNK,Denmark,11,15,mlp,rf,9.739571428571429
2020,DOM,Dominican Republic,5,1,mlp,rf,2.945538995949838
2020,DZA,Algeria,0,2,mlp,rf,2.7566329781864187
2020,ECU,Ecuador,3,0,mlp,rf,2.524371548852317
2020,EGY,"Egypt, Arab Rep.",6,3,mlp,rf,4.428183013495981
2020,ESP,Spain,17,17,mlp,rf,21.8747912087912
2020,EST,Estonia,2,1,mlp,rf,1.9515883260062303
2020,ETH,Ethiopia,4,8,mlp,rf,7.3018253968253966
2020,FIN,Finland,2,1,mlp,rf,2.4345145831509707
2020,FJI,Fiji,2,1,mlp,rf,2.0983540128592413
2020,FRA,France,33,42,mlp,rf,42.091428571428565
2020,FSM,"Micronesia, Fed. Sts.",0,0,mlp,rf,0.0
2020,GAB,Gabon,0,0,mlp,rf,0.0
2020,GBR,United Kingdom,64,67,mlp,rf,55.419333333333334
2020,GEO,Georgia,8,7,mlp,rf,7.530426933782919
2020,GHA,Ghana,1,0,mlp,rf,0.0
2020,GIN,Guinea,0,0,mlp,rf,0.0
2020,GMB,"Gambia, The",0,0,mlp,rf,0.0
2020,GNB,Guinea-Bissau,0,0,mlp,rf,0.0
2020,GNQ,Equatorial Guinea,0,0,mlp,rf,0.0
2020,GRC,Greece,4,6,mlp,rf,6.1452474804081145
2020,GRD,Grenada,1,1,mlp,rf,0.0
2020,GTM,Guatemala,0,0,mlp,rf,1.5084306371533385
2020,GUM,Guam,0,0,mlp,rf,0.0
2020,GUY,Guyana,0,0,mlp,rf,0.0
2020,HKG,"Hong Kong SAR, China",6,0,mlp,rf,2.020221410165887
2020,HND,Honduras,0,0,mlp,rf,0.0
2020,HRV,Croatia,9,10,mlp,rf,9.197982871309444
2020,HTI,Haiti,0,0,mlp,rf,0.0
2020,HUN,Hungary,20,15,mlp,rf,13.653464285714286
2020,IDN,Indonesia,5,3,mlp,rf,3.9750727328227327
2020,IND,India,7,2,mlp,rf,8.997664449371767
2020,IRL,Ireland,4,2,mlp,rf,5.807609684570249
2020,IRN,"Iran, Islamic Rep.",7,8,mlp,rf,6.613141084186815
2020,IRQ,Iraq,0,0,mlp,rf,0.0
2020,ISL,Iceland,0,0,mlp,rf,0.0
2020,ISR,Israel,4,2,mlp,rf,3.339727180346494
2020,ITA,Italy,40,28,mlp,rf,33.6807619047619
2020,JAM,Jamaica,9,11,mlp,rf,11.282394636015326
2020,JOR,Jordan,2,1,mlp,rf,1.2992363642473197
2020,JPN,Japan,58,41,mlp,rf,60.93
2020,KAZ,Kazakhstan,8,18,mlp,rf,13.593833333333333
2020,KEN,Kenya,10,13,mlp,rf,12.149220238095237
2020,KGZ,Kyrgyz Republic,3,0,mlp,rf,0.0
2020,KHM,Cambodia,0,0,mlp,rf,0.0
2020,KIR,Kiribati,0,0,mlp,rf,0.0
2020,KNA,St. Kitts and Nevis,0,0,mlp,rf,0.0
2020,KOR,"Korea, Rep.",20,21,mlp,rf,19.794291208791208
2020,KWT,Kuwait,1,0,mlp,rf,0.0
2020,LAO,Lao PDR,0,0,mlp,rf,0.0
2020,LBN,Lebanon,0,0,mlp,rf,3.3864324155881054
2020,LBR,Liberia,0,0,mlp,rf,0.0
2020,LBY,Libya,0,0,mlp,rf,0.0
2020,LCA,St. Lucia,0,0,mlp,rf,0.0
2020,LKA,Sri Lanka,0,0,mlp,rf,0.0
2020,LSO,Lesotho,0,0,mlp,rf,0.0
2020,LTU,Lithuania,1,4,mlp,rf,3.314128890463934
2020,LUX,Luxembourg,0,0,mlp,rf,0.0
2020,LVA,Latvia,2,0,mlp,rf,2.760346776266602
2020,MAR,Morocco,1,1,mlp,rf,2.6059474919060843
2020,MCO,Monaco,0,0,mlp,rf,0.0
2020,MDA,Moldova,1,0,mlp,rf,3.1531398530426658
2020,MDG,Madagascar,0,0,mlp,rf,0.0
2020,MDV,Maldives,0,0,mlp,rf,0.0
2020,MEX,Mexico,4,5,mlp,rf,9.384280303030302
2020,MHL,Marshall Islands,0,0,mlp,rf,0.0
2020,MKD,North Macedonia,1,0,mlp,rf,0.0
2020,MLI,Mali,0,0,mlp,rf,0.0
2020,MLT,Malta,0,0,mlp,rf,1.3066447123159377
2020,MMR,Myanmar,0,0,mlp,rf,0.0
2020,MNE,Montenegro,0,0,mlp,rf,1.9735515262908436
2020,MNG,Mongolia,4,2,mlp,rf,3.040476517657139
2020,MOZ,Mozambique,0,0,mlp,rf,0.0
2020,MRT,Mauritania,0,0,mlp,rf,0.0
2020,MUS,Mauritius,0,0,mlp,rf,0.0
2020,MWI,Malawi,0,0,mlp,rf,0.0
2020,MYS,Malaysia,2,5,mlp,rf,4.23685652200142
2020,NAM,Namibia,1,0,mlp,rf,0.0
2020,NER,Niger,0,1,mlp,rf,0.0
2020,NGA,Nigeria,2,1,mlp,rf,4.354727639755236
2020,NIC,Nicaragua,0,0,mlp,rf,0.0
2020,NLD,Netherlands,36,19,mlp,rf,20.002895604395604
2020,NOR,Norway,8,4,mlp,rf,4.888318647386806
2020,NPL,Nepal,0,0,mlp,rf,0.0
2020,NRU,Naoero,0,0,mlp,rf,0.0
2020,NZL,New Zealand,20,18,mlp,rf,14.211823412698411
2020,OMN,Oman,0,0,mlp,rf,0.0
2020,PAK,Pakistan,0,0,mlp,rf,0.0
2020,PAN,Panama,0,0,mlp,rf,0.0
2020,PER,Peru,0,0,mlp,rf,3.277389264822507
2020,PHL,Philippines,4,1,mlp,rf,2.2765469982047786
2020,PLW,Palau,0,0,mlp,rf,0.0
2020,PNG,Papua New Guinea,0,0,mlp,rf,0.0
2020,POL,Poland,14,11,mlp,rf,12.707315476190477
2020,PRI,Puerto Rico (US),1,1,mlp,rf,2.0818081230311325
2020,PRT,Portugal,4,1,mlp,rf,2.9243150484034395
2020,PRY,Paraguay,0,0,mlp,rf,0.0
2020,PSE,West Bank and Gaza,0,0,mlp,rf,0.0
2020,QAT,Qatar,3,1,mlp,rf,1.4074493612745766
2020,ROU,Romania,4,4,mlp,rf,5.300050457184883
2020,RUS,Russian Federation,71,56,mlp,rf,54.8
2020,RWA,Rwanda,0,0,mlp,rf,0.0
2020,SAU,Saudi Arabia,1,0,mlp,rf,3.1872747841347415
2020,SDN,Sudan,0,0,mlp,rf,0.0
2020,SEN,Senegal,0,0,mlp,rf,0.0
2020,SGP,Singapore,0,1,mlp,rf,2.0914834958459974
2020,SLB,Solomon Islands,0,0,mlp,rf,0.0
2020,SLE,Sierra Leone,0,0,mlp,rf,0.0
2020,SLV,El Salvador,0,0,mlp,rf,0.0
2020,SMR,San Marino,3,0,mlp,rf,0.0
2020,SOM,"Somalia, Fed. Rep.",0,0,mlp,rf,0.0
2020,SRB,Serbia,8,8,mlp,rf,7.5207799067903025
2020,STP,Sao Tome and Principe,0,0,mlp,rf,0.0
2020,SUR,Suriname,0,0,mlp,rf,0.0
2020,SVK,Slovak Republic,4,4,mlp,rf,3.0888802311265353
2020,SVN,Slovenia,5,4,mlp,rf,3.9596651552106867
2020,SWE,Sweden,9,11,mlp,rf,9.082392496392497
2020,SWZ,Eswatini,0,0,mlp,rf,0.0
2020,SYC,Seychelles,0,0,mlp,rf,0.0
2020,SYR,Syrian Arab Republic,1,0,mlp,rf,0.0
2020,TCD,Chad,0,0,mlp,rf,0.0
2020,TGO,Togo,0,0,mlp,rf,0.0
2020,THA,Thailand,2,6,mlp,rf,6.035437645369138
2020,TJK,Tajikistan,0,1,mlp,rf,0.0
2020,TKM,Turkmenistan,1,0,mlp,rf,0.0
2020,TLS,Timor-Leste,0,0,mlp,rf,0.0
2020,TON,Tonga,0,0,mlp,rf,0.0
2020,TTO,Trinidad and Tobago,0,1,mlp,rf,1.6974097259829373
2020,TUN,Tunisia,2,3,mlp,rf,4.188944564490362
2020,TUR,Turkiye,13,8,mlp,rf,6.616218043995908
2020,TUV,Tuvalu,0,0,mlp,rf,0.0
2020,TZA,Tanzania,0,0,mlp,rf,0.0
2020,UGA,Uganda,4,0,mlp,rf,1.7716517931424591
2020,UKR,Ukraine,19,11,mlp,rf,11.972607142857143
2020,URY,Uruguay,0,0,mlp,rf,0.0
2020,USA,United States,113,121,mlp,rf,110.57
2020,UZB,Uzbekistan,5,13,mlp,rf,11.559159632034634
2020,VCT,St. Vincent and the Grenadines,0,0,mlp,rf,0.0
2020,VEN,"Venezuela, RB",4,3,mlp,rf,5.766440525332843
2020,VIR,Virgin Islands (U.S.),0,0,mlp,rf,0.0
2020,VNM,Viet Nam,0,2,mlp,rf,2.93538811615116
2020,VUT,Vanuatu,0,0,mlp,rf,0.0
2020,WSM,Samoa,0,0,mlp,rf,0.0
2020,ZAF,South Africa,3,10,mlp,rf,13.004787878787882
2020,ZMB,Zambia,0,0,mlp,rf,1.7933704729659983
2020,ZWE,Zimbabwe,0,0,mlp,rf,0.0
2020,ABW,Aruba,0,0,rf,linear,0.0
2020,AFG,Afghanistan,0,0,rf,linear,0.0
2020,AGO,Angola,0,0,rf,linear,0.0
2020,ALB,Albania,0,0,rf,linear,0.0
2020,AND,Andorra,0,0,rf,linear,0.0
2020,ARE,United Arab Emirates,0,1,rf,linear,0.0
2020,ARG,Argentina,3,4,rf,linear,12.45184348736652
2020,ARM,Armenia,4,4,rf,linear,0.0
2020,ASM,American Samoa,0,0,rf,linear,0.0
2020,ATG,Antigua and Barbuda,0,0,rf,linear,0.0
2020,AUS,Australia,46,29,rf,linear,39.22669680327664
2020,AUT,Austria,7,1,rf,linear,3.620260101047757
2020,AZE,Azerbaijan,7,18,rf,linear,12.98223491938215
2020,BDI,Burundi,0,1,rf,linear,0.0
2020,BEL,Belgium,7,6,rf,linear,8.881808368442776
2020,BEN,Benin,0,0,rf,linear,0.0
2020,BFA,Burkina Faso,1,0,rf,linear,0.0
2020,BGD,Bangladesh,0,0,rf,linear,0.0
2020,BGR,Bulgaria,6,3,rf,linear,4.259942263169721
2020,BHR,Bahrain,1,2,rf,linear,2.5003076234678776
2020,BHS,"Bahamas, The",2,2,rf,linear,0.0
2020,BIH,Bosnia and Herzegovina,0,0,rf,linear,0.0
2020,BLR,Belarus,7,9,rf,linear,10.567486146928768
2020,BLZ,Belize,0,0,rf,linear,0.0
2020,BMU,Bermuda,1,0,rf,linear,0.0
2020,BOL,Bolivia,0,0,rf,linear,0.0
2020,BRA,Brazil,21,19,rf,linear,28.29534348914588
2020,BRB,Barbados,0,0,rf,linear,0.0
2020,BRN,Brunei Darussalam,0,0,rf,linear,0.0
2020,BTN,Bhutan,0,0,rf,linear,0.0
2020,BWA,Botswana,1,0,rf,linear,0.0
2020,CAF,Central African Republic,0,0,rf,linear,0.0
2020,CAN,Canada,24,22,rf,linear,32.089406854319535
2020,CHE,Switzerland,13,7,rf,linear,7.231234183984168
2020,CHL,Chile,0,0,rf,linear,3.8289075536906143
2020,CHN,China,89,70,rf,linear,84.0678109610704
2020,CIV,Cote d'Ivoire,1,2,rf,linear,4.368546481872357
2020,CMR,Cameroon,0,0,rf,linear,0.0
2020,COD,"Congo, Dem. Rep.",0,0,rf,linear,0.0
2020,COG,"Congo, Rep.",0,0,rf,linear,0.0
2020,COL,Colombia,5,8,rf,linear,9.420073933868943
2020,COM,Comoros,0,0,rf,linear,0.0
2020,CPV,Cabo Verde,0,0,rf,linear,0.0
2020,CRI,Costa Rica,0,0,rf,linear,0.0
2020,CUB,Cuba,15,11,rf,linear,10.017533597797275
2020,CYM,Cayman Islands,0,0,rf,linear,0.0
2020,CYP,Cyprus,0,0,rf,linear,0.0
2020,CZE,Czechia,11,10,rf,linear,10.960488584201508
2020,DEU,Germany,37,42,rf,linear,46.917295049199836
2020,DJI,Djibouti,0,0,rf,linear,0.0
2020,DMA,Dominica,0,0,rf,linear,0.0
2020,DNK,Denmark,11,15,rf,linear,11.556108623229761
2020,DOM,Dominican Republic,5,1,rf,linear,4.957087721525889
2020,DZA,Algeria,0,2,rf,linear,4.8719528271151695
2020,ECU,Ecuador,3,0,rf,linear,3.7168289311656313
2020,EGY,"Egypt, Arab Rep.",6,3,rf,linear,10.072895535662001
2020,ESP,Spain,17,17,rf,linear,26.509772779031316
2020,EST,Estonia,2,1,rf,linear,2.3176795326948856
2020,ETH,Ethiopia,4,8,rf,linear,7.950373885993619
2020,FIN,Finland,2,1,rf,linear,1.9760690676699877
2020,FJI,Fiji,2,1,rf,linear,3.1369202328899366
2020,FRA,France,33,42,rf,linear,44.178006670712705
2020,FSM,"Micronesia, Fed. Sts.",0,0,rf,linear,0.0
2020,GAB,Gabon,0,0,rf,linear,0.0
2020,GBR,United Kingdom,64,67,rf,linear,57.11464336026389
2020,GEO,Georgia,8,7,rf,linear,6.472166925000259
2020,GHA,Ghana,1,0,rf,linear,0.0
2020,GIN,Guinea,0,0,rf,linear,0.0
2020,GMB,"Gambia, The",0,0,rf,linear,0.0
2020,GNB,Guinea-Bissau,0,0,rf,linear,0.0
2020,GNQ,Equatorial Guinea,0,0,rf,linear,0.0
2020,GRC,Greece,4,6,rf,linear,7.71303127842918
2020,GRD,Grenada,1,1,rf,linear,0.0
2020,GTM,Guatemala,0,0,rf,linear,0.0
2020,GUM,Guam,0,0,rf,linear,0.0
2020,GUY,Guyana,0,0,rf,linear,0.0
2020,HKG,"Hong Kong SAR, China",6,0,rf,linear,1.4804663311182793
2020,HND,Honduras,0,0,rf,linear,0.0
2020,HRV,Croatia,9,10,rf,linear,8.50926778050335
2020,HTI,Haiti,0,0,rf,linear,0.0
2020,HUN,Hungary,20,15,rf,linear,16.52558585590674
2020,IDN,Indonesia,5,3,rf,linear,5.7758023482623795
2020,IND,India,7,2,rf,linear,8.997353344492145
2020,IRL,Ireland,4,2,rf,linear,4.5099056770684145
2020,IRN,"Iran, Islamic Rep.",7,8,rf,linear,9.140922841451083
2020,IRQ,Iraq,0,0,rf,linear,0.0
2020,ISL,Iceland,0,0,rf,linear,0.0
2020,ISR,Israel,4,2,rf,linear,5.436070784945796
2020,ITA,Italy,40,28,rf,linear,35.583675806897325
2020,JAM,Jamaica,9,11,rf,linear,9.51014187412617
2020,JOR,Jordan,2,1,rf,linear,0.0
2020,JPN,Japan,58,41,rf,linear,56.58340289223646
2020,KAZ,Kazakhstan,8,18,rf,linear,15.75413197176599
2020,KEN,Kenya,10,13,rf,linear,12.707377115752852
2020,KGZ,Kyrgyz Republic,3,0,rf,linear,0.0
2020,KHM,Cambodia,0,0,rf,linear,0.0
2020,KIR,Kiribati,0,0,rf,linear,0.0
2020,KNA,St. Kitts and Nevis,0,0,rf,linear,0.0
2020,KOR,"Korea, Rep.",20,21,rf,linear,24.945859149800345
2020,KWT,Kuwait,1,0,rf,linear,0.0
2020,LAO,Lao PDR,0,0,rf,linear,0.0
2020,LBN,Lebanon,0,0,rf,linear,0.0
2020,LBR,Liberia,0,0,rf,linear,0.0
2020,LBY,Libya,0,0,rf,linear,0.0
2020,LCA,St. Lucia,0,0,rf,linear,0.0
2020,LKA,Sri Lanka,0,0,rf,linear,0.0
2020,LSO,Lesotho,0,0,rf,linear,0.0
2020,LTU,Lithuania,1,4,rf,linear,4.512920686736933
2020,LUX,Luxembourg,0,0,rf,linear,0.0
2020,LVA,Latvia,2,0,rf,linear,1.8599105447363034
2020,MAR,Morocco,1,1,rf,linear,4.247757538856356
2020,MCO,Monaco,0,0,rf,linear,0.0
2020,MDA,Moldova,1,0,rf,linear,0.0
2020,MDG,Madagascar,0,0,rf,linear,0.0
2020,MDV,Maldives,0,0,rf,linear,0.0
2020,MEX,Mexico,4,5,rf,linear,13.151648786946067
2020,MHL,Marshall Islands,0,0,rf,linear,0.0
2020,MKD,North Macedonia,1,0,rf,linear,0.0
2020,MLI,Mali,0,0,rf,linear,0.0
2020,MLT,Malta,0,0,rf,linear,0.0
2020,MMR,Myanmar,0,0,rf,linear,0.0
2020,MNE,Montenegro,0,0,rf,linear,2.5458803881447576
2020,MNG,Mongolia,4,2,rf,linear,4.878719481178361
2020,MOZ,Mozambique,0,0,rf,linear,0.0
2020,MRT,Mauritania,0,0,rf,linear,0.0
2020,MUS,Mauritius,0,0,rf,linear,0.0
2020,MWI,Malawi,0,0,rf,linear,0.0
2020,MYS,Malaysia,2,5,rf,linear,5.905397852221263
2020,NAM,Namibia,1,0,rf,linear,0.0
2020,NER,Niger,0,1,rf,linear,0.0
2020,NGA,Nigeria,2,1,rf,linear,5.3930157728412675
2020,NIC,Nicaragua,0,0,rf,linear,0.0
2020,NLD,Netherlands,36,19,rf,linear,22.713711883650774
2020,NOR,Norway,8,4,rf,linear,4.865101780934729
2020,NPL,Nepal,0,0,rf,linear,0.0
2020,NRU,Naoero,0,0,rf,linear,0.0
2020,NZL,New Zealand,20,18,rf,linear,19.40719608398964
2020,OMN,Oman,0,0,rf,linear,0.0
2020,PAK,Pakistan,0,0,rf,linear,0.0
2020,PAN,Panama,0,0,rf,linear,0.0
2020,PER,Peru,0,0,rf,linear,3.413045000478098
2020,PHL,Philippines,4,1,rf,linear,0.0
2020,PLW,Palau,0,0,rf,linear,0.0
2020,PNG,Papua New Guinea,0,0,rf,linear,0.0
2020,POL,Poland,14,11,rf,linear,16.60936536197488
2020,PRI,Puerto Rico (US),1,1,rf,linear,1.9931931948748698
2020,PRT,Portugal,4,1,rf,linear,5.413931641018919
2020,PRY,Paraguay,0,0,rf,linear,0.0
2020,PSE,West Bank and Gaza,0,0,rf,linear,0.0
2020,QAT,Qatar,3,1,rf,linear,0.0
2020,ROU,Romania,4,4,rf,linear,7.844664538081742
2020,RUS,Russian Federation,71,56,rf,linear,49.32931939430122
2020,RWA,Rwanda,0,0,rf,linear,0.0
2020,SAU,Saudi Arabia,1,0,rf,linear,0.0
2020,SDN,Sudan,0,0,rf,linear,0.0
2020,SEN,Senegal,0,0,rf,linear,0.0
2020,SGP,Singapore,0,1,rf,linear,0.0
2020,SLB,Solomon Islands,0,0,rf,linear,0.0
2020,SLE,Sierra Leone,0,0,rf,linear,0.0
2020,SLV,El Salvador,0,0,rf,linear,0.0
2020,SMR,San Marino,3,0,rf,linear,0.0
2020,SOM,"Somalia, Fed. Rep.",0,0,rf,linear,0.0
2020,SRB,Serbia,8,8,rf,linear,9.15178045140662
2020,STP,Sao Tome and Principe,0,0,rf,linear,0.0
2020,SUR,Suriname,0,0,rf,linear,0.0
2020,SVK,Slovak Republic,4,4,rf,linear,4.614256526175615
2020,SVN,Slovenia,5,4,rf,linear,4.881847546017343
2020,SWE,Sweden,9,11,rf,linear,11.756746084518273
2020,SWZ,Eswatini,0,0,rf,linear,0.0
2020,SYC,Seychelles,0,0,rf,linear,0.0
2020,SYR,Syrian Arab Republic,1,0,rf,linear,0.0
2020,TCD,Chad,0,0,rf,linear,0.0
2020,TGO,Togo,0,0,rf,linear,0.0
2020,THA,Thailand,2,6,rf,linear,7.006114611364726
2020,TJK,Tajikistan,0,1,rf,linear,0.0
2020,TKM,Turkmenistan,1,0,rf,linear,0.0
2020,TLS,Timor-Leste,0,0,rf,linear,0.0
2020,TON,Tonga,0,0,rf,linear,0.0
2020,TTO,Trinidad and Tobago,0,1,rf,linear,2.3698173588994305
2020,TUN,Tunisia,2,3,rf,linear,5.982409282469948
2020,TUR,Turkiye,13,8,rf,linear,11.601700081921761
2020,TUV,Tuvalu,0,0,rf,linear,0.0
2020,TZA,Tanzania,0,0,rf,linear,0.0
2020,UGA,Uganda,4,0,rf,linear,0.0
2020,UKR,Ukraine,19,11,rf,linear,13.891657216586122
2020,URY,Uruguay,0,0,rf,linear,0.0
2020,USA,United States,113,121,rf,linear,134.74148853608187
2020,UZB,Uzbekistan,5,13,rf,linear,11.863534699346738
2020,VCT,St. Vincent and the Grenadines,0,0,rf,linear,0.0
2020,VEN,"Venezuela, RB",4,3,rf,linear,4.4019457210458
2020,VIR,Virgin Islands (U.S.),0,0,rf,linear,0.0
2020,VNM,Viet Nam,0,2,rf,linear,3.876710200801096
2020,VUT,Vanuatu,0,0,rf,linear,0.0
2020,WSM,Samoa,0,0,rf,linear,0.0
2020,ZAF,South Africa,3,10,rf,linear,15.48123956543976
2020,ZMB,Zambia,0,0,rf,linear,0.0
2020,ZWE,Zimbabwe,0,0,rf,linear,0.0
2020,ABW,Aruba,0,0,rf,weighted_lr,0.0
2020,AFG,Afghanistan,0,0,rf,weighted_lr,0.0
2020,AGO,Angola,0,0,rf,weighted_lr,0.0
2020,ALB,Albania,0,0,rf,weighted_lr,0.0
2020,AND,Andorra,0,0,rf,weighted_lr,0.0
2020,ARE,United Arab Emirates,0,1,rf,weighted_lr,0.0
2020,ARG,Argentina,3,4,rf,weighted_lr,12.101179441527057
2020,ARM,Armenia,4,4,rf,weighted_lr,0.0
2020,ASM,American Samoa,0,0,rf,weighted_lr,0.0
2020,ATG,Antigua and Barbuda,0,0,rf,weighted_lr,0.0
2020,AUS,Australia,46,29,rf,weighted_lr,40.092934605309445
2020,AUT,Austria,7,1,rf,weighted_lr,2.8838356780737495
2020,AZE,Azerbaijan,7,18,rf,weighted_lr,11.92769553039015
2020,BDI,Burundi,0,1,rf,weighted_lr,0.0
2020,BEL,Belgium,7,6,rf,weighted_lr,8.294940590294672
2020,BEN,Benin,0,0,rf,weighted_lr,0.0
2020,BFA,Burkina Faso,1,0,rf,weighted_lr,0.0
2020,BGD,Bangladesh,0,0,rf,weighted_lr,0.0
2020,BGR,Bulgaria,6,3,rf,weighted_lr,3.510610980100509
2020,BHR,Bahrain,1,2,rf,weighted_lr,1.7425708383080796
2020,BHS,"Bahamas, The",2,2,rf,weighted_lr,0.0
2020,BIH,Bosnia and Herzegovina,0,0,rf,weighted_lr,0.0
2020,BLR,Belarus,7,9,rf,weighted_lr,9.9516952273921
2020,BLZ,Belize,0,0,rf,weighted_lr,0.0
2020,BMU,Bermuda,1,0,rf,weighted_lr,0.0
2020,BOL,Bolivia,0,0,rf,weighted_lr,0.0
2020,BRA,Brazil,21,19,rf,weighted_lr,28.312515377562917
2020,BRB,Barbados,0,0,rf,weighted_lr,0.0
2020,BRN,Brunei Darussalam,0,0,rf,weighted_lr,0.0
2020,BTN,Bhutan,0,0,rf,weighted_lr,0.0
2020,BWA,Botswana,1,0,rf,weighted_lr,0.0
2020,CAF,Central African Republic,0,0,rf,weighted_lr,0.0
2020,CAN,Canada,24,22,rf,weighted_lr,32.542669873660174
2020,CHE,Switzerland,13,7,rf,weighted_lr,6.6780845046859785
2020,CHL,Chile,0,0,rf,weighted_lr,2.857651610326352
2020,CHN,China,89,70,rf,weighted_lr,81.00749426284554
2020,CIV,Cote d'Ivoire,1,2,rf,weighted_lr,3.0279094252915826
2020,CMR,Cameroon,0,0,rf,weighted_lr,0.0
2020,COD,"Congo, Dem. Rep.",0,0,rf,weighted_lr,0.0
2020,COG,"Congo, Rep.",0,0,rf,weighted_lr,0.0
2020,COL,Colombia,5,8,rf,weighted_lr,8.385606662937915
2020,COM,Comoros,0,0,rf,weighted_lr,0.0
2020,CPV,Cabo Verde,0,0,rf,weighted_lr,0.0
2020,CRI,Costa Rica,0,0,rf,weighted_lr,0.0
2020,CUB,Cuba,15,11,rf,weighted_lr,9.234671114941179
2020,CYM,Cayman Islands,0,0,rf,weighted_lr,0.0
2020,CYP,Cyprus,0,0,rf,weighted_lr,0.0
2020,CZE,Czechia,11,10,rf,weighted_lr,10.297255355063987
2020,DEU,Germany,37,42,rf,weighted_lr,46.6486665368672
2020,DJI,Djibouti,0,0,rf,weighted_lr,0.0
2020,DMA,Dominica,0,0,rf,weighted_lr,0.0
2020,DNK,Denmark,11,15,rf,weighted_lr,10.973879005051764
2020,DOM,Dominican Republic,5,1,rf,weighted_lr,4.005263067276936
2020,DZA,Algeria,0,2,rf,weighted_lr,3.764341625478904
2020,ECU,Ecuador,3,0,rf,weighted_lr,2.6671347381893824
2020,EGY,"Egypt, Arab Rep.",6,3,rf,weighted_lr,9.230510603245264
2020,ESP,Spain,17,17,rf,weighted_lr,26.487850460468778
2020,EST,Estonia,2,1,rf,weighted_lr,1.4315175353481422
2020,ETH,Ethiopia,4,8,rf,weighted_lr,6.569917944222762
2020,FIN,Finland,2,1,rf,weighted_lr,1.2061206949561907
2020,FJI,Fiji,2,1,rf,weighted_lr,2.207324983837145
2020,FRA,France,33,42,rf,weighted_lr,44.06873975157283
2020,FSM,"Micronesia, Fed. Sts.",0,0,rf,weighted_lr,0.0
2020,GAB,Gabon,0,0,rf,weighted_lr,0.0
2020,GBR,United Kingdom,64,67,rf,weighted_lr,56.893839242509046
2020,GEO,Georgia,8,7,rf,weighted_lr,5.508679842910992
2020,GHA,Ghana,1,0,rf,weighted_lr,0.0
2020,GIN,Guinea,0,0,rf,weighted_lr,0.0
2020,GMB,"Gambia, The",0,0,rf,weighted_lr,0.0
2020,GNB,Guinea-Bissau,0,0,rf,weighted_lr,0.0
2020,GNQ,Equatorial Guinea,0,0,rf,weighted_lr,0.0
2020,GRC,Greece,4,6,rf,weighted_lr,7.015511328669891
2020,GRD,Grenada,1,1,rf,weighted_lr,0.0
2020,GTM,Guatemala,0,0,rf,weighted_lr,0.0
2020,GUM,Guam,0,0,rf,weighted_lr,0.0
2020,GUY,Guyana,0,0,rf,weighted_lr,0.0
2020,HKG,"Hong Kong SAR, China",6,0,rf,weighted_lr,0.7374380995482905
2020,HND,Honduras,0,0,rf,weighted_lr,0.0
2020,HRV,Croatia,9,10,rf,weighted_lr,7.812237005346809
2020,HTI,Haiti,0,0,rf,weighted_lr,0.0
2020,HUN,Hungary,20,15,rf,weighted_lr,16.1618777406688
2020,IDN,Indonesia,5,3,rf,weighted_lr,4.403445265477444
2020,IND,India,7,2,rf,weighted_lr,7.024481006757599
2020,IRL,Ireland,4,2,rf,weighted_lr,3.9889396864444837
2020,IRN,"Iran, Islamic Rep.",7,8,rf,weighted_lr,8.164023922223187
2020,IRQ,Iraq,0,0,rf,weighted_lr,0.0
2020,ISL,Iceland,0,0,rf,weighted_lr,0.0
2020,ISR,Israel,4,2,rf,weighted_lr,4.557688804840936
2020,ITA,Italy,40,28,rf,weighted_lr,35.76879935334619
2020,JAM,Jamaica,9,11,rf,weighted_lr,8.593411384779698
2020,JOR,Jordan,2,1,rf,weighted_lr,0.0
2020,JPN,Japan,58,41,rf,weighted_lr,56.74525087963188
2020,KAZ,Kazakhstan,8,18,rf,weighted_lr,14.9174181728464
2020,KEN,Kenya,10,13,rf,weighted_lr,11.635826550681982
2020,KGZ,Kyrgyz Republic,3,0,rf,weighted_lr,0.0
2020,KHM,Cambodia,0,0,rf,weighted_lr,0.0
2020,KIR,Kiribati,0,0,rf,weighted_lr,0.0
2020,KNA,St. Kitts and Nevis,0,0,rf,weighted_lr,0.0
2020,KOR,"Korea, Rep.",20,21,rf,weighted_lr,24.49137026621882
2020,KWT,Kuwait,1,0,rf,weighted_lr,0.0
2020,LAO,Lao PDR,0,0,rf,weighted_lr,0.0
2020,LBN,Lebanon,0,0,rf,weighted_lr,0.0
2020,LBR,Liberia,0,0,rf,weighted_lr,0.0
2020,LBY,Libya,0,0,rf,weighted_lr,0.0
2020,LCA,St. Lucia,0,0,rf,weighted_lr,0.0
2020,LKA,Sri Lanka,0,0,rf,weighted_lr,0.0
2020,LSO,Lesotho,0,0,rf,weighted_lr,0.0
2020,LTU,Lithuania,1,4,rf,weighted_lr,3.6635511378925454
2020,LUX,Luxembourg,0,0,rf,weighted_lr,0.0
2020,LVA,Latvia,2,0,rf,weighted_lr,1.0737817328136607
2020,MAR,Morocco,1,1,rf,weighted_lr,3.190518470159269
2020,MCO,Monaco,0,0,rf,weighted_lr,0.0
2020,MDA,Moldova,1,0,rf,weighted_lr,0.0
2020,MDG,Madagascar,0,0,rf,weighted_lr,0.0
2020,MDV,Maldives,0,0,rf,weighted_lr,0.0
2020,MEX,Mexico,4,5,rf,weighted_lr,12.418954846847186
2020,MHL,Marshall Islands,0,0,rf,weighted_lr,0.0
2020,MKD,North Macedonia,1,0,rf,weighted_lr,0.0
2020,MLI,Mali,0,0,rf,weighted_lr,0.0
2020,MLT,Malta,0,0,rf,weighted_lr,0.0
2020,MMR,Myanmar,0,0,rf,weighted_lr,0.0
2020,MNE,Montenegro,0,0,rf,weighted_lr,1.643333903762736
2020,MNG,Mongolia,4,2,rf,weighted_lr,3.797741909036688
2020,MOZ,Mozambique,0,0,rf,weighted_lr,0.0
2020,MRT,Mauritania,0,0,rf,weighted_lr,0.0
2020,MUS,Mauritius,0,0,rf,weighted_lr,0.0
2020,MWI,Malawi,0,0,rf,weighted_lr,0.0
2020,MYS,Malaysia,2,5,rf,weighted_lr,4.712581618987339
2020,NAM,Namibia,1,0,rf,weighted_lr,0.0
2020,NER,Niger,0,1,rf,weighted_lr,0.0
2020,NGA,Nigeria,2,1,rf,weighted_lr,4.035043005840282
2020,NIC,Nicaragua,0,0,rf,weighted_lr,0.0
2020,NLD,Netherlands,36,19,rf,weighted_lr,22.59699433337547
2020,NOR,Norway,8,4,rf,weighted_lr,4.286061282773958
2020,NPL,Nepal,0,0,rf,weighted_lr,0.0
2020,NRU,Naoero,0,0,rf,weighted_lr,0.0
2020,NZL,New Zealand,20,18,rf,weighted_lr,18.98930506880172
2020,OMN,Oman,0,0,rf,weighted_lr,0.0
2020,PAK,Pakistan,0,0,rf,weighted_lr,0.0
2020,PAN,Panama,0,0,rf,weighted_lr,0.0
2020,PER,Peru,0,0,rf,weighted_lr,2.335426022846594
2020,PHL,Philippines,4,1,rf,weighted_lr,0.0
2020,PLW,Palau,0,0,rf,weighted_lr,0.0
2020,PNG,Papua New Guinea,0,0,rf,weighted_lr,0.0
2020,POL,Poland,14,11,rf,weighted_lr,16.432695092997783
2020,PRI,Puerto Rico (US),1,1,rf,weighted_lr,1.2532023080727477
2020,PRT,Portugal,4,1,rf,weighted_lr,4.735317998910498
2020,PRY,Paraguay,0,0,rf,weighted_lr,0.0
2020,PSE,West Bank and Gaza,0,0,rf,weighted_lr,0.0
2020,QAT,Qatar,3,1,rf,weighted_lr,0.0
2020,ROU,Romania,4,4,rf,weighted_lr,7.245341421331702
2020,RUS,Russian Federation,71,56,rf,weighted_lr,49.808974578882626
2020,RWA,Rwanda,0,0,rf,weighted_lr,0.0
2020,SAU,Saudi Arabia,1,0,rf,weighted_lr,0.0
2020,SDN,Sudan,0,0,rf,weighted_lr,0.0
2020,SEN,Senegal,0,0,rf,weighted_lr,0.0
2020,SGP,Singapore,0,1,rf,weighted_lr,0.0
2020,SLB,Solomon Islands,0,0,rf,weighted_lr,0.0
2020,SLE,Sierra Leone,0,0,rf,weighted_lr,0.0
2020,SLV,El Salvador,0,0,rf,weighted_lr,0.0
2020,SMR,San Marino,3,0,rf,weighted_lr,0.0
2020,SOM,"Somalia, Fed. Rep.",0,0,rf,weighted_lr,0.0
2020,SRB,Serbia,8,8,rf,weighted_lr,8.51153183210345
2020,STP,Sao Tome and Principe,0,0,rf,weighted_lr,0.0
2020,SUR,Suriname,0,0,rf,weighted_lr,0.0
2020,SVK,Slovak Republic,4,4,rf,weighted_lr,3.731379564962724
2020,SVN,Slovenia,5,4,rf,weighted_lr,4.001187947263327
2020,SWE,Sweden,9,11,rf,weighted_lr,11.191260927411811
2020,SWZ,Eswatini,0,0,rf,weighted_lr,0.0
2020,SYC,Seychelles,0,0,rf,weighted_lr,0.0
2020,SYR,Syrian Arab Republic,1,0,rf,weighted_lr,0.0
2020,TCD,Chad,0,0,rf,weighted_lr,0.0
2020,TGO,Togo,0,0,rf,weighted_lr,0.0
2020,THA,Thailand,2,6,rf,weighted_lr,5.958417406827975
2020,TJK,Tajikistan,0,1,rf,weighted_lr,0.0
2020,TKM,Turkmenistan,1,0,rf,weighted_lr,0.0
2020,TLS,Timor-Leste,0,0,rf,weighted_lr,0.0
2020,TON,Tonga,0,0,rf,weighted_lr,0.0
2020,TTO,Trinidad and Tobago,0,1,rf,weighted_lr,1.419203194903167
2020,TUN,Tunisia,2,3,rf,weighted_lr,5.042224569369496
2020,TUR,Turkiye,13,8,rf,weighted_lr,10.65902238667956
2020,TUV,Tuvalu,0,0,rf,weighted_lr,0.0
2020,TZA,Tanzania,0,0,rf,weighted_lr,0.0
2020,UGA,Uganda,4,0,rf,weighted_lr,0.0
2020,UKR,Ukraine,19,11,rf,weighted_lr,13.450267119789025
2020,URY,Uruguay,0,0,rf,weighted_lr,0.0
2020,USA,United States,113,121,rf,weighted_lr,131.9071544626727
2020,UZB,Uzbekistan,5,13,rf,weighted_lr,10.742439125022914
2020,VCT,St. Vincent and the Grenadines,0,0,rf,weighted_lr,0.0
2020,VEN,"Venezuela, RB",4,3,rf,weighted_lr,3.760841687445973
2020,VIR,Virgin Islands (U.S.),0,0,rf,weighted_lr,0.0
2020,VNM,Viet Nam,0,2,rf,weighted_lr,2.6324635123335227
2020,VUT,Vanuatu,0,0,rf,weighted_lr,0.0
2020,WSM,Samoa,0,0,rf,weighted_lr,0.0
2020,ZAF,South Africa,3,10,rf,weighted_lr,14.837148874558288
2020,ZMB,Zambia,0,0,rf,weighted_lr,0.0
2020,ZWE,Zimbabwe,0,0,rf,weighted_lr,0.0
2020,ABW,Aruba,0,0,rf,ridge,0.0
2020,AFG,Afghanistan,0,0,rf,ridge,0.0
2020,AGO,Angola,0,0,rf,ridge,0.0
2020,ALB,Albania,0,0,rf,ridge,0.0
2020,AND,Andorra,0,0,rf,ridge,0.0
2020,ARE,United Arab Emirates,0,1,rf,ridge,0.0
2020,ARG,Argentina,3,4,rf,ridge,12.631938724716333
2020,ARM,Armenia,4,4,rf,ridge,0.0
2020,ASM,American Samoa,0,0,rf,ridge,0.0
2020,ATG,Antigua and Barbuda,0,0,rf,ridge,0.0
2020,AUS,Australia,46,29,rf,ridge,40.892511601906875
2020,AUT,Austria,7,1,rf,ridge,2.7307030481164105
2020,AZE,Azerbaijan,7,18,rf,ridge,10.269232598880238
2020,BDI,Burundi,0,1,rf,ridge,0.0
2020,BEL,Belgium,7,6,rf,ridge,7.978212056492726
2020,BEN,Benin,0,0,rf,ridge,0.0
2020,BFA,Burkina Faso,1,0,rf,ridge,0.0
2020,BGD,Bangladesh,0,0,rf,ridge,0.0
2020,BGR,Bulgaria,6,3,rf,ridge,3.025497277439893
2020,BHR,Bahrain,1,2,rf,ridge,1.2837025900352792
2020,BHS,"Bahamas, The",2,2,rf,ridge,0.0
2020,BIH,Bosnia and Herzegovina,0,0,rf,ridge,0.0
2020,BLR,Belarus,7,9,rf,ridge,9.327676473219359
2020,BLZ,Belize,0,0,rf,ridge,0.0
2020,BMU,Bermuda,1,0,rf,ridge,0.0
2020,BOL,Bolivia,0,0,rf,ridge,0.0
2020,BRA,Brazil,21,19,rf,ridge,30.034863392435888
2020,BRB,Barbados,0,0,rf,ridge,0.0
2020,BRN,Brunei Darussalam,0,0,rf,ridge,0.0
2020,BTN,Bhutan,0,0,rf,ridge,0.0
2020,BWA,Botswana,1,0,rf,ridge,0.0
2020,CAF,Central African Republic,0,0,rf,ridge,0.0
2020,CAN,Canada,24,22,rf,ridge,33.484644912599876
2020,CHE,Switzerland,13,7,rf,ridge,6.433961684021645
2020,CHL,Chile,0,0,rf,ridge,2.690640448465352
2020,CHN,China,89,70,rf,ridge,83.13884865051361
2020,CIV,Cote d'Ivoire,1,2,rf,ridge,2.6385848470263564
2020,CMR,Cameroon,0,0,rf,ridge,0.0
2020,COD,"Congo, Dem. Rep.",0,0,rf,ridge,0.0
2020,COG,"Congo, Rep.",0,0,rf,ridge,0.0
2020,COL,Colombia,5,8,rf,ridge,7.892797258077589
2020,COM,Comoros,0,0,rf,ridge,0.0
2020,CPV,Cabo Verde,0,0,rf,ridge,0.0
2020,CRI,Costa Rica,0,0,rf,ridge,0.0
2020,CUB,Cuba,15,11,rf,ridge,8.16232395590286
2020,CYM,Cayman Islands,0,0,rf,ridge,0.0
2020,CYP,Cyprus,0,0,rf,ridge,0.0
2020,CZE,Czechia,11,10,rf,ridge,9.57316963006057
2020,DEU,Germany,37,42,rf,ridge,44.341324731986475
2020,DJI,Djibouti,0,0,rf,ridge,0.0
2020,DMA,Dominica,0,0,rf,ridge,0.0
2020,DNK,Denmark,11,15,rf,ridge,10.06180733185107
2020,DOM,Dominican Republic,5,1,rf,ridge,3.645432553119891
2020,DZA,Algeria,0,2,rf,ridge,3.793686399139361
2020,ECU,Ecuador,3,0,rf,ridge,2.334166674221491
2020,EGY,"Egypt, Arab Rep.",6,3,rf,ridge,9.866656452286277
2020,ESP,Spain,17,17,rf,ridge,26.14548179941916
2020,EST,Estonia,2,1,rf,ridge,1.0742389179818979
2020,ETH,Ethiopia,4,8,rf,ridge,6.546913029014123
2020,FIN,Finland,2,1,rf,ridge,1.0565573826362282
2020,FJI,Fiji,2,1,rf,ridge,1.5327791322002167
2020,FRA,France,33,42,rf,ridge,41.94339858054569
2020,FSM,"Micronesia, Fed. Sts.",0,0,rf,ridge,0.0
2020,GAB,Gabon,0,0,rf,ridge,0.0
2020,GBR,United Kingdom,64,67,rf,ridge,52.79020194151984
2020,GEO,Georgia,8,7,rf,ridge,4.567887105870323
2020,GHA,Ghana,1,0,rf,ridge,0.0
2020,GIN,Guinea,0,0,rf,ridge,0.0
2020,GMB,"Gambia, The",0,0,rf,ridge,0.0
2020,GNB,Guinea-Bissau,0,0,rf,ridge,0.0
2020,GNQ,Equatorial Guinea,0,0,rf,ridge,0.0
2020,GRC,Greece,4,6,rf,ridge,6.421327500390424
2020,GRD,Grenada,1,1,rf,ridge,0.0
2020,GTM,Guatemala,0,0,rf,ridge,0.0
2020,GUM,Guam,0,0,rf,ridge,0.0
2020,GUY,Guyana,0,0,rf,ridge,0.0
2020,HKG,"Hong Kong SAR, China",6,0,rf,ridge,0.5294340172413374
2020,HND,Honduras,0,0,rf,ridge,0.0
2020,HRV,Croatia,9,10,rf,ridge,6.815579572205529
2020,HTI,Haiti,0,0,rf,ridge,0.0
2020,HUN,Hungary,20,15,rf,ridge,15.358759804525041
2020,IDN,Indonesia,5,3,rf,ridge,5.489529765834818
2020,IND,India,7,2,rf,ridge,15.432037640162909
2020,IRL,Ireland,4,2,rf,ridge,4.343046212881733
2020,IRN,"Iran, Islamic Rep.",7,8,rf,ridge,8.139094177347026
2020,IRQ,Iraq,0,0,rf,ridge,0.0
2020,ISL,Iceland,0,0,rf,ridge,0.0
2020,ISR,Israel,4,2,rf,ridge,4.406044319977153
2020,ITA,Italy,40,28,rf,ridge,34.79573122991047
2020,JAM,Jamaica,9,11,rf,ridge,7.407654184424158
2020,JOR,Jordan,2,1,rf,ridge,0.0
2020,JPN,Japan,58,41,rf,ridge,55.10521004472009
2020,KAZ,Kazakhstan,8,18,rf,ridge,13.994394181883543
2020,KEN,Kenya,10,13,rf,ridge,10.877581894104864
2020,KGZ,Kyrgyz Republic,3,0,rf,ridge,0.0
2020,KHM,Cambodia,0,0,rf,ridge,0.0
2020,KIR,Kiribati,0,0,rf,ridge,0.0
2020,KNA,St. Kitts and Nevis,0,0,rf,ridge,0.0
2020,KOR,"Korea, Rep.",20,21,rf,ridge,23.445782397217823
2020,KWT,Kuwait,1,0,rf,ridge,0.0
2020,LAO,Lao PDR,0,0,rf,ridge,0.0
2020,LBN,Lebanon,0,0,rf,ridge,0.0
2020,LBR,Liberia,0,0,rf,ridge,0.0
2020,LBY,Libya,0,0,rf,ridge,0.0
2020,LCA,St. Lucia,0,0,rf,ridge,0.0
2020,LKA,Sri Lanka,0,0,rf,ridge,0.0
2020,LSO,Lesotho,0,0,rf,ridge,0.0
2020,LTU,Lithuania,1,4,rf,ridge,3.1552077025648
2020,LUX,Luxembourg,0,0,rf,ridge,0.0
2020,LVA,Latvia,2,0,rf,ridge,0.7687302466387251
2020,MAR,Morocco,1,1,rf,ridge,2.9419889962308616
2020,MCO,Monaco,0,0,rf,ridge,0.0
2020,MDA,Moldova,1,0,rf,ridge,0.0
2020,MDG,Madagascar,0,0,rf,ridge,0.0
2020,MDV,Maldives,0,0,rf,ridge,0.0
2020,MEX,Mexico,4,5,rf,ridge,12.93558875089537
2020,MHL,Marshall Islands,0,0,rf,ridge,0.0
2020,MKD,North Macedonia,1,0,rf,ridge,0.0
2020,MLI,Mali,0,0,rf,ridge,0.0
2020,MLT,Malta,0,0,rf,ridge,0.0
2020,MMR,Myanmar,0,0,rf,ridge,0.0
2020,MNE,Montenegro,0,0,rf,ridge,1.0987148282537227
2020,MNG,Mongolia,4,2,rf,ridge,3.5019112898514564
2020,MOZ,Mozambique,0,0,rf,ridge,0.0
2020,MRT,Mauritania,0,0,rf,ridge,0.0
2020,MUS,Mauritius,0,0,rf,ridge,0.0
2020,MWI,Malawi,0,0,rf,ridge,0.0
2020,MYS,Malaysia,2,5,rf,ridge,4.056522294484474
2020,NAM,Namibia,1,0,rf,ridge,0.0
2020,NER,Niger,0,1,rf,ridge,0.0
2020,NGA,Nigeria,2,1,rf,ridge,4.872627482644375
2020,NIC,Nicaragua,0,0,rf,ridge,0.0
2020,NLD,Netherlands,36,19,rf,ridge,21.931351819665007
2020,NOR,Norway,8,4,rf,ridge,4.242874917243098
2020,NPL,Nepal,0,0,rf,ridge,0.0
2020,NRU,Naoero,0,0,rf,ridge,0.0
2020,NZL,New Zealand,20,18,rf,ridge,18.294539824519063
2020,OMN,Oman,0,0,rf,ridge,0.0
2020,PAK,Pakistan,0,0,rf,ridge,0.0
2020,PAN,Panama,0,0,rf,ridge,0.0
2020,PER,Peru,0,0,rf,ridge,2.17277854990256
2020,PHL,Philippines,4,1,rf,ridge,0.0
2020,PLW,Palau,0,0,rf,ridge,0.0
2020,PNG,Papua New Guinea,0,0,rf,ridge,0.0
2020,POL,Poland,14,11,rf,ridge,16.208339522810604
2020,PRI,Puerto Rico (US),1,1,rf,ridge,0.9465047550604098
2020,PRT,Portugal,4,1,rf,ridge,4.563825179116842
2020,PRY,Paraguay,0,0,rf,ridge,0.0
2020,PSE,West Bank and Gaza,0,0,rf,ridge,0.0
2020,QAT,Qatar,3,1,rf,ridge,0.0
2020,ROU,Romania,4,4,rf,ridge,6.996715631263445
2020,RUS,Russian Federation,71,56,rf,ridge,49.89233588802302
2020,RWA,Rwanda,0,0,rf,ridge,0.0
2020,SAU,Saudi Arabia,1,0,rf,ridge,0.0
2020,SDN,Sudan,0,0,rf,ridge,0.0
2020,SEN,Senegal,0,0,rf,ridge,0.0
2020,SGP,Singapore,0,1,rf,ridge,0.0
2020,SLB,Solomon Islands,0,0,rf,ridge,0.0
2020,SLE,Sierra Leone,0,0,rf,ridge,0.0
2020,SLV,El Salvador,0,0,rf,ridge,0.0
2020,SMR,San Marino,3,0,rf,ridge,0.0
2020,SOM,"Somalia, Fed. Rep.",0,0,rf,ridge,0.0
2020,SRB,Serbia,8,8,rf,ridge,7.867029814793807
2020,STP,Sao Tome and Principe,0,0,rf,ridge,0.0
2020,SUR,Suriname,0,0,rf,ridge,0.0
2020,SVK,Slovak Republic,4,4,rf,ridge,3.1729281926747053
2020,SVN,Slovenia,5,4,rf,ridge,3.485512691077181
2020,SWE,Sweden,9,11,rf,ridge,10.674051060312152
2020,SWZ,Eswatini,0,0,rf,ridge,0.0
2020,SYC,Seychelles,0,0,rf,ridge,0.0
2020,SYR,Syrian Arab Republic,1,0,rf,ridge,0.0
2020,TCD,Chad,0,0,rf,ridge,0.0
2020,TGO,Togo,0,0,rf,ridge,0.0
2020,THA,Thailand,2,6,rf,ridge,5.502040065895235
2020,TJK,Tajikistan,0,1,rf,ridge,0.0
2020,TKM,Turkmenistan,1,0,rf,ridge,0.0
2020,TLS,Timor-Leste,0,0,rf,ridge,0.0
2020,TON,Tonga,0,0,rf,ridge,0.0
2020,TTO,Trinidad and Tobago,0,1,rf,ridge,0.8871679385732598
2020,TUN,Tunisia,2,3,rf,ridge,4.529806213396398
2020,TUR,Turkiye,13,8,rf,ridge,10.490351259248428
2020,TUV,Tuvalu,0,0,rf,ridge,0.0
2020,TZA,Tanzania,0,0,rf,ridge,0.0
2020,UGA,Uganda,4,0,rf,ridge,0.0
2020,UKR,Ukraine,19,11,rf,ridge,13.089003324681816
2020,URY,Uruguay,0,0,rf,ridge,0.0
2020,USA,United States,113,121,rf,ridge,122.4802414287208
2020,UZB,Uzbekistan,5,13,rf,ridge,9.79998390415316
2020,VCT,St. Vincent and the Grenadines,0,0,rf,ridge,0.0
2020,VEN,"Venezuela, RB",4,3,rf,ridge,3.1487992921510024
2020,VIR,Virgin Islands (U.S.),0,0,rf,ridge,0.0
2020,VNM,Viet Nam,0,2,rf,ridge,2.640058845762523
2020,VUT,Vanuatu,0,0,rf,ridge,0.0
2020,WSM,Samoa,0,0,rf,ridge,0.0
2020,ZAF,South Africa,3,10,rf,ridge,14.748085833941733
2020,ZMB,Zambia,0,0,rf,ridge,0.0
2020,ZWE,Zimbabwe,0,0,rf,ridge,0.0
2020,ABW,Aruba,0,0,rf,lasso,0.0
2020,AFG,Afghanistan,0,0,rf,lasso,0.0
2020,AGO,Angola,0,0,rf,lasso,0.0
2020,ALB,Albania,0,0,rf,lasso,0.0
2020,AND,Andorra,0,0,rf,lasso,0.0
2020,ARE,United Arab Emirates,0,1,rf,lasso,0.0
2020,ARG,Argentina,3,4,rf,lasso,11.478409829804813
2020,ARM,Armenia,4,4,rf,lasso,0.0
2020,ASM,American Samoa,0,0,rf,lasso,0.0
2020,ATG,Antigua and Barbuda,0,0,rf,lasso,0.0
2020,AUS,Australia,46,29,rf,lasso,38.70919044239741
2020,AUT,Austria,7,1,rf,lasso,2.5755848194787454
2020,AZE,Azerbaijan,7,18,rf,lasso,11.405494293614137
2020,BDI,Burundi,0,1,rf,lasso,0.0
2020,BEL,Belgium,7,6,rf,lasso,7.82845299073633
2020,BEN,Benin,0,0,rf,lasso,0.0
2020,BFA,Burkina Faso,1,0,rf,lasso,0.0
2020,BGD,Bangladesh,0,0,rf,lasso,0.0
2020,BGR,Bulgaria,6,3,rf,lasso,3.118501238724921
2020,BHR,Bahrain,1,2,rf,lasso,1.4489212462975
2020,BHS,"Bahamas, The",2,2,rf,lasso,0.0
2020,BIH,Bosnia and Herzegovina,0,0,rf,lasso,0.0
2020,BLR,Belarus,7,9,rf,lasso,9.39702296691766
2020,BLZ,Belize,0,0,rf,lasso,0.0
2020,BMU,Bermuda,1,0,rf,lasso,0.0
2020,BOL,Bolivia,0,0,rf,lasso,0.0
2020,BRA,Brazil,21,19,rf,lasso,28.058509458045407
2020,BRB,Barbados,0,0,rf,lasso,0.0
2020,BRN,Brunei Darussalam,0,0,rf,lasso,0.0
2020,BTN,Bhutan,0,0,rf,lasso,0.0
2020,BWA,Botswana,1,0,rf,lasso,0.0
2020,CAF,Central African Republic,0,0,rf,lasso,0.0
2020,CAN,Canada,24,22,rf,lasso,31.26795819155707
2020,CHE,Switzerland,13,7,rf,lasso,6.468345795833578
2020,CHL,Chile,0,0,rf,lasso,2.4358419982700212
2020,CHN,China,89,70,rf,lasso,82.85562559687193
2020,CIV,Cote d'Ivoire,1,2,rf,lasso,2.680753980854208
2020,CMR,Cameroon,0,0,rf,lasso,0.0
2020,COD,"Congo, Dem. Rep.",0,0,rf,lasso,0.0
2020,COG,"Congo, Rep.",0,0,rf,lasso,0.0
2020,COL,Colombia,5,8,rf,lasso,8.00764308052685
2020,COM,Comoros,0,0,rf,lasso,0.0
2020,CPV,Cabo Verde,0,0,rf,lasso,0.0
2020,CRI,Costa Rica,0,0,rf,lasso,0.0
2020,CUB,Cuba,15,11,rf,lasso,8.706643319448702
2020,CYM,Cayman Islands,0,0,rf,lasso,0.0
2020,CYP,Cyprus,0,0,rf,lasso,0.0
2020,CZE,Czechia,11,10,rf,lasso,9.763298271492378
2020,DEU,Germany,37,42,rf,lasso,44.65945450409021
2020,DJI,Djibouti,0,0,rf,lasso,0.0
2020,DMA,Dominica,0,0,rf,lasso,0.0
2020,DNK,Denmark,11,15,rf,lasso,10.681288223252592
2020,DOM,Dominican Republic,5,1,rf,lasso,3.4993944854372554
2020,DZA,Algeria,0,2,rf,lasso,3.47412734224668
2020,ECU,Ecuador,3,0,rf,lasso,2.2173270107975043
2020,EGY,"Egypt, Arab Rep.",6,3,rf,lasso,9.094502546211135
2020,ESP,Spain,17,17,rf,lasso,25.31927827382865
2020,EST,Estonia,2,1,rf,lasso,1.1273882269441415
2020,ETH,Ethiopia,4,8,rf,lasso,6.753038141370192
2020,FIN,Finland,2,1,rf,lasso,1.0224858059995618
2020,FJI,Fiji,2,1,rf,lasso,1.6954197681626386
2020,FRA,France,33,42,rf,lasso,42.41767235360183
2020,FSM,"Micronesia, Fed. Sts.",0,0,rf,lasso,0.0
2020,GAB,Gabon,0,0,rf,lasso,0.0
2020,GBR,United Kingdom,64,67,rf,lasso,55.12096252583364
2020,GEO,Georgia,8,7,rf,lasso,5.028544116617592
2020,GHA,Ghana,1,0,rf,lasso,0.0
2020,GIN,Guinea,0,0,rf,lasso,0.0
2020,GMB,"Gambia, The",0,0,rf,lasso,0.0
2020,GNB,Guinea-Bissau,0,0,rf,lasso,0.0
2020,GNQ,Equatorial Guinea,0,0,rf,lasso,0.0
2020,GRC,Greece,4,6,rf,lasso,6.521386153240912
2020,GRD,Grenada,1,1,rf,lasso,0.0
2020,GTM,Guatemala,0,0,rf,lasso,0.0
2020,GUM,Guam,0,0,rf,lasso,0.0
2020,GUY,Guyana,0,0,rf,lasso,0.0
2020,HKG,"Hong Kong SAR, China",6,0,rf,lasso,0.5146066589906901
2020,HND,Honduras,0,0,rf,lasso,0.0
2020,HRV,Croatia,9,10,rf,lasso,7.351097779263435
2020,HTI,Haiti,0,0,rf,lasso,0.0
2020,HUN,Hungary,20,15,rf,lasso,15.467959637466828
2020,IDN,Indonesia,5,3,rf,lasso,5.284692139287602
2020,IND,India,7,2,rf,lasso,14.258621946868606
2020,IRL,Ireland,4,2,rf,lasso,3.906612472749032
2020,IRN,"Iran, Islamic Rep.",7,8,rf,lasso,8.082490952007408
2020,IRQ,Iraq,0,0,rf,lasso,0.0
2020,ISL,Iceland,0,0,rf,lasso,0.0
2020,ISR,Israel,4,2,rf,lasso,4.1773055486447355
2020,ITA,Italy,40,28,rf,lasso,34.352825587171445
2020,JAM,Jamaica,9,11,rf,lasso,8.04367711568769
2020,JOR,Jordan,2,1,rf,lasso,0.0
2020,JPN,Japan,58,41,rf,lasso,54.17839862579497
2020,KAZ,Kazakhstan,8,18,rf,lasso,14.347443851545655
2020,KEN,Kenya,10,13,rf,lasso,11.268792953233245
2020,KGZ,Kyrgyz Republic,3,0,rf,lasso,0.0
2020,KHM,Cambodia,0,0,rf,lasso,0.0
2020,KIR,Kiribati,0,0,rf,lasso,0.0
2020,KNA,St. Kitts and Nevis,0,0,rf,lasso,0.0
2020,KOR,"Korea, Rep.",20,21,rf,lasso,23.45116224952572
2020,KWT,Kuwait,1,0,rf,lasso,0.0
2020,LAO,Lao PDR,0,0,rf,lasso,0.0
2020,LBN,Lebanon,0,0,rf,lasso,0.0
2020,LBR,Liberia,0,0,rf,lasso,0.0
2020,LBY,Libya,0,0,rf,lasso,0.0
2020,LCA,St. Lucia,0,0,rf,lasso,0.0
2020,LKA,Sri Lanka,0,0,rf,lasso,0.0
2020,LSO,Lesotho,0,0,rf,lasso,0.0
2020,LTU,Lithuania,1,4,rf,lasso,3.3184088871020485
2020,LUX,Luxembourg,0,0,rf,lasso,0.0
2020,LVA,Latvia,2,0,rf,lasso,0.7454596355679382
2020,MAR,Morocco,1,1,rf,lasso,2.8486176173789826
2020,MCO,Monaco,0,0,rf,lasso,0.0
2020,MDA,Moldova,1,0,rf,lasso,0.0
2020,MDG,Madagascar,0,0,rf,lasso,0.0
2020,MDV,Maldives,0,0,rf,lasso,0.0
2020,MEX,Mexico,4,5,rf,lasso,12.073309207081758
2020,MHL,Marshall Islands,0,0,rf,lasso,0.0
2020,MKD,North Macedonia,1,0,rf,lasso,0.0
2020,MLI,Mali,0,0,rf,lasso,0.0
2020,MLT,Malta,0,0,rf,lasso,0.0
2020,MMR,Myanmar,0,0,rf,lasso,0.0
2020,MNE,Montenegro,0,0,rf,lasso,1.163969611267385
2020,MNG,Mongolia,4,2,rf,lasso,3.2916948262392065
2020,MOZ,Mozambique,0,0,rf,lasso,0.0
2020,MRT,Mauritania,0,0,rf,lasso,0.0
2020,MUS,Mauritius,0,0,rf,lasso,0.0
2020,MWI,Malawi,0,0,rf,lasso,0.0
2020,MYS,Malaysia,2,5,rf,lasso,4.3365254145964425
2020,NAM,Namibia,1,0,rf,lasso,0.0
2020,NER,Niger,0,1,rf,lasso,0.0
2020,NGA,Nigeria,2,1,rf,lasso,4.597900956558765
2020,NIC,Nicaragua,0,0,rf,lasso,0.0
2020,NLD,Netherlands,36,19,rf,lasso,21.73308407144706
2020,NOR,Norway,8,4,rf,lasso,4.126887107198311
2020,NPL,Nepal,0,0,rf,lasso,0.0
2020,NRU,Naoero,0,0,rf,lasso,0.0
2020,NZL,New Zealand,20,18,rf,lasso,18.321940037173167
2020,OMN,Oman,0,0,rf,lasso,0.0
2020,PAK,Pakistan,0,0,rf,lasso,0.0
2020,PAN,Panama,0,0,rf,lasso,0.0
2020,PER,Peru,0,0,rf,lasso,1.9706614671090446
2020,PHL,Philippines,4,1,rf,lasso,0.0
2020,PLW,Palau,0,0,rf,lasso,0.0
2020,PNG,Papua New Guinea,0,0,rf,lasso,0.0
2020,POL,Poland,14,11,rf,lasso,15.72334836962613
2020,PRI,Puerto Rico (US),1,1,rf,lasso,1.0016380409821313
2020,PRT,Portugal,4,1,rf,lasso,4.258478412796673
2020,PRY,Paraguay,0,0,rf,lasso,0.0
2020,PSE,West Bank and Gaza,0,0,rf,lasso,0.0
2020,QAT,Qatar,3,1,rf,lasso,0.0
2020,ROU,Romania,4,4,rf,lasso,6.746147762650087
2020,RUS,Russian Federation,71,56,rf,lasso,49.05800654509951
2020,RWA,Rwanda,0,0,rf,lasso,0.0
2020,SAU,Saudi Arabia,1,0,rf,lasso,0.0
2020,SDN,Sudan,0,0,rf,lasso,0.0
2020,SEN,Senegal,0,0,rf,lasso,0.0
2020,SGP,Singapore,0,1,rf,lasso,0.0
2020,SLB,Solomon Islands,0,0,rf,lasso,0.0
2020,SLE,Sierra Leone,0,0,rf,lasso,0.0
2020,SLV,El Salvador,0,0,rf,lasso,0.0
2020,SMR,San Marino,3,0,rf,lasso,0.0
2020,SOM,"Somalia, Fed. Rep.",0,0,rf,lasso,0.0
2020,SRB,Serbia,8,8,rf,lasso,7.995900469823978
2020,STP,Sao Tome and Principe,0,0,rf,lasso,0.0
2020,SUR,Suriname,0,0,rf,lasso,0.0
2020,SVK,Slovak Republic,4,4,rf,lasso,3.3655592622604384
2020,SVN,Slovenia,5,4,rf,lasso,3.6364132055451517
2020,SWE,Sweden,9,11,rf,lasso,10.734886164983457
2020,SWZ,Eswatini,0,0,rf,lasso,0.0
2020,SYC,Seychelles,0,0,rf,lasso,0.0
2020,SYR,Syrian Arab Republic,1,0,rf,lasso,0.0
2020,TCD,Chad,0,0,rf,lasso,0.0
2020,TGO,Togo,0,0,rf,lasso,0.0
2020,THA,Thailand,2,6,rf,lasso,5.735987540461037
2020,TJK,Tajikistan,0,1,rf,lasso,0.0
2020,TKM,Turkmenistan,1,0,rf,lasso,0.0
2020,TLS,Timor-Leste,0,0,rf,lasso,0.0
2020,TON,Tonga,0,0,rf,lasso,0.0
2020,TTO,Trinidad and Tobago,0,1,rf,lasso,1.0379908950793073
2020,TUN,Tunisia,2,3,rf,lasso,4.524303995558092
2020,TUR,Turkiye,13,8,rf,lasso,10.316809181173728
2020,TUV,Tuvalu,0,0,rf,lasso,0.0
2020,TZA,Tanzania,0,0,rf,lasso,0.0
2020,UGA,Uganda,4,0,rf,lasso,0.0
2020,UKR,Ukraine,19,11,rf,lasso,12.953676519069353
2020,URY,Uruguay,0,0,rf,lasso,0.0
2020,USA,United States,113,121,rf,lasso,124.21255205174914
2020,UZB,Uzbekistan,5,13,rf,lasso,10.315631459125806
2020,VCT,St. Vincent and the Grenadines,0,0,rf,lasso,0.0
2020,VEN,"Venezuela, RB",4,3,rf,lasso,3.3441307333245405
2020,VIR,Virgin Islands (U.S.),0,0,rf,lasso,0.0
2020,VNM,Viet Nam,0,2,rf,lasso,2.6917020433435273
2020,VUT,Vanuatu,0,0,rf,lasso,0.0
2020,WSM,Samoa,0,0,rf,lasso,0.0
2020,ZAF,South Africa,3,10,rf,lasso,14.275279221168661
2020,ZMB,Zambia,0,0,rf,lasso,0.0
2020,ZWE,Zimbabwe,0,0,rf,lasso,0.0
2020,ABW,Aruba,0,0,rf,poisson,0.0
2020,AFG,Afghanistan,0,0,rf,poisson,0.0
2020,AGO,Angola,0,0,rf,poisson,0.0
2020,ALB,Albania,0,0,rf,poisson,0.0
2020,AND,Andorra,0,0,rf,poisson,0.0
2020,ARE,United Arab Emirates,0,1,rf,poisson,0.0
2020,ARG,Argentina,3,4,rf,poisson,10.018052470547628
2020,ARM,Armenia,4,4,rf,poisson,0.0
2020,ASM,American Samoa,0,0,rf,poisson,0.0
2020,ATG,Antigua and Barbuda,0,0,rf,poisson,0.0
2020,AUS,Australia,46,29,rf,poisson,50.07016459983492
2020,AUT,Austria,7,1,rf,poisson,6.4308757779388435
2020,AZE,Azerbaijan,7,18,rf,poisson,5.603556494884479
2020,BDI,Burundi,0,1,rf,poisson,0.0
2020,BEL,Belgium,7,6,rf,poisson,8.466505411535538
2020,BEN,Benin,0,0,rf,poisson,0.0
2020,BFA,Burkina Faso,1,0,rf,poisson,0.0
2020,BGD,Bangladesh,0,0,rf,poisson,0.0
2020,BGR,Bulgaria,6,3,rf,poisson,6.671418162664646
2020,BHR,Bahrain,1,2,rf,poisson,6.1935850800787415
2020,BHS,"Bahamas, The",2,2,rf,poisson,0.0
2020,BIH,Bosnia and Herzegovina,0,0,rf,poisson,0.0
2020,BLR,Belarus,7,9,rf,poisson,8.49116804441143
2020,BLZ,Belize,0,0,rf,poisson,0.0
2020,BMU,Bermuda,1,0,rf,poisson,0.0
2020,BOL,Bolivia,0,0,rf,poisson,0.0
2020,BRA,Brazil,21,19,rf,poisson,21.573137762256067
2020,BRB,Barbados,0,0,rf,poisson,0.0
2020,BRN,Brunei Darussalam,0,0,rf,poisson,0.0
2020,BTN,Bhutan,0,0,rf,poisson,0.0
2020,BWA,Botswana,1,0,rf,poisson,0.0
2020,CAF,Central African Republic,0,0,rf,poisson,0.0
2020,CAN,Canada,24,22,rf,poisson,28.86414979877139
2020,CHE,Switzerland,13,7,rf,poisson,8.62657078035066
2020,CHL,Chile,0,0,rf,poisson,4.8887590194328014
2020,CHN,China,89,70,rf,poisson,72.06473436037525
2020,CIV,Cote d'Ivoire,1,2,rf,poisson,3.370639294008089
2020,CMR,Cameroon,0,0,rf,poisson,0.0
2020,COD,"Congo, Dem. Rep.",0,0,rf,poisson,0.0
2020,COG,"Congo, Rep.",0,0,rf,poisson,0.0
2020,COL,Colombia,5,8,rf,poisson,5.134908032074243
2020,COM,Comoros,0,0,rf,poisson,0.0
2020,CPV,Cabo Verde,0,0,rf,poisson,0.0
2020,CRI,Costa Rica,0,0,rf,poisson,0.0
2020,CUB,Cuba,15,11,rf,poisson,6.877905236685881
2020,CYM,Cayman Islands,0,0,rf,poisson,0.0
2020,CYP,Cyprus,0,0,rf,poisson,0.0
2020,CZE,Czechia,11,10,rf,poisson,8.00838944682073
2020,DEU,Germany,37,42,rf,poisson,43.01766210712158
2020,DJI,Djibouti,0,0,rf,poisson,0.0
2020,DMA,Dominica,0,0,rf,poisson,0.0
2020,DNK,Denmark,11,15,rf,poisson,8.966613745757874
2020,DOM,Dominican Republic,5,1,rf,poisson,5.014945799043238
2020,DZA,Algeria,0,2,rf,poisson,4.03379187531373
2020,ECU,Ecuador,3,0,rf,poisson,4.40472734856821
2020,EGY,"Egypt, Arab Rep.",6,3,rf,poisson,6.957220602352587
2020,ESP,Spain,17,17,rf,poisson,22.52536357325653
2020,EST,Estonia,2,1,rf,poisson,5.2906478708796225
2020,ETH,Ethiopia,4,8,rf,poisson,3.772434787338515
2020,FIN,Finland,2,1,rf,poisson,6.00772567462546
2020,FJI,Fiji,2,1,rf,poisson,4.867859210400461
2020,FRA,France,33,42,rf,poisson,37.93062460487032
2020,FSM,"Micronesia, Fed. Sts.",0,0,rf,poisson,0.0
2020,GAB,Gabon,0,0,rf,poisson,0.0
2020,GBR,United Kingdom,64,67,rf,poisson,46.27643274860617
2020,GEO,Georgia,8,7,rf,poisson,5.339999748402348
2020,GHA,Ghana,1,0,rf,poisson,0.0
2020,GIN,Guinea,0,0,rf,poisson,0.0
2020,GMB,"Gambia, The",0,0,rf,poisson,0.0
2020,GNB,Guinea-Bissau,0,0,rf,poisson,0.0
2020,GNQ,Equatorial Guinea,0,0,rf,poisson,0.0
2020,GRC,Greece,4,6,rf,poisson,7.186056700307323
2020,GRD,Grenada,1,1,rf,poisson,0.0
2020,GTM,Guatemala,0,0,rf,poisson,0.0
2020,GUM,Guam,0,0,rf,poisson,0.0
2020,GUY,Guyana,0,0,rf,poisson,0.0
2020,HKG,"Hong Kong SAR, China",6,0,rf,poisson,6.269897627877509
2020,HND,Honduras,0,0,rf,poisson,0.0
2020,HRV,Croatia,9,10,rf,poisson,7.446097179049613
2020,HTI,Haiti,0,0,rf,poisson,0.0
2020,HUN,Hungary,20,15,rf,poisson,12.085256804095808
2020,IDN,Indonesia,5,3,rf,poisson,4.820712598490857
2020,IND,India,7,2,rf,poisson,9.618321099287748
2020,IRL,Ireland,4,2,rf,poisson,8.150268180117434
2020,IRN,"Iran, Islamic Rep.",7,8,rf,poisson,5.955940679635136
2020,IRQ,Iraq,0,0,rf,poisson,0.0
2020,ISL,Iceland,0,0,rf,poisson,0.0
2020,ISR,Israel,4,2,rf,poisson,5.6180842702019325
2020,ITA,Italy,40,28,rf,poisson,38.811423197482405
2020,JAM,Jamaica,9,11,rf,poisson,5.854067324113389
2020,JOR,Jordan,2,1,rf,poisson,0.0
2020,JPN,Japan,58,41,rf,poisson,97.45858790956774
2020,KAZ,Kazakhstan,8,18,rf,poisson,6.511357195701989
2020,KEN,Kenya,10,13,rf,poisson,5.381350020683121
2020,KGZ,Kyrgyz Republic,3,0,rf,poisson,0.0
2020,KHM,Cambodia,0,0,rf,poisson,0.0
2020,KIR,Kiribati,0,0,rf,poisson,0.0
2020,KNA,St. Kitts and Nevis,0,0,rf,poisson,0.0
2020,KOR,"Korea, Rep.",20,21,rf,poisson,16.929864828430425
2020,KWT,Kuwait,1,0,rf,poisson,0.0
2020,LAO,Lao PDR,0,0,rf,poisson,0.0
2020,LBN,Lebanon,0,0,rf,poisson,0.0
2020,LBR,Liberia,0,0,rf,poisson,0.0
2020,LBY,Libya,0,0,rf,poisson,0.0
2020,LCA,St. Lucia,0,0,rf,poisson,0.0
2020,LKA,Sri Lanka,0,0,rf,poisson,0.0
2020,LSO,Lesotho,0,0,rf,poisson,0.0
2020,LTU,Lithuania,1,4,rf,poisson,5.907099698818502
2020,LUX,Luxembourg,0,0,rf,poisson,0.0
2020,LVA,Latvia,2,0,rf,poisson,5.979437032500006
2020,MAR,Morocco,1,1,rf,poisson,4.559942087632638
2020,MCO,Monaco,0,0,rf,poisson,0.0
2020,MDA,Moldova,1,0,rf,poisson,0.0
2020,MDG,Madagascar,0,0,rf,poisson,0.0
2020,MDV,Maldives,0,0,rf,poisson,0.0
2020,MEX,Mexico,4,5,rf,poisson,8.676373975898724
2020,MHL,Marshall Islands,0,0,rf,poisson,0.0
2020,MKD,North Macedonia,1,0,rf,poisson,0.0
2020,MLI,Mali,0,0,rf,poisson,0.0
2020,MLT,Malta,0,0,rf,poisson,0.0
2020,MMR,Myanmar,0,0,rf,poisson,0.0
2020,MNE,Montenegro,0,0,rf,poisson,4.98498220351196
2020,MNG,Mongolia,4,2,rf,poisson,4.031351413155775
2020,MOZ,Mozambique,0,0,rf,poisson,0.0
2020,MRT,Mauritania,0,0,rf,poisson,0.0
2020,MUS,Mauritius,0,0,rf,poisson,0.0
2020,MWI,Malawi,0,0,rf,poisson,0.0
2020,MYS,Malaysia,2,5,rf,poisson,4.27356347297225
2020,NAM,Namibia,1,0,rf,poisson,0.0
2020,NER,Niger,0,1,rf,poisson,0.0
2020,NGA,Nigeria,2,1,rf,poisson,4.1398617745667545
2020,NIC,Nicaragua,0,0,rf,poisson,0.0
2020,NLD,Netherlands,36,19,rf,poisson,18.612112634949355
2020,NOR,Norway,8,4,rf,poisson,7.589464203077732
2020,NPL,Nepal,0,0,rf,poisson,0.0
2020,NRU,Naoero,0,0,rf,poisson,0.0
2020,NZL,New Zealand,20,18,rf,poisson,11.128355032506668
2020,OMN,Oman,0,0,rf,poisson,0.0
2020,PAK,Pakistan,0,0,rf,poisson,0.0
2020,PAN,Panama,0,0,rf,poisson,0.0
2020,PER,Peru,0,0,rf,poisson,4.166343859202511
2020,PHL,Philippines,4,1,rf,poisson,0.0
2020,PLW,Palau,0,0,rf,poisson,0.0
2020,PNG,Papua New Guinea,0,0,rf,poisson,0.0
2020,POL,Poland,14,11,rf,poisson,16.350951118890404
2020,PRI,Puerto Rico (US),1,1,rf,poisson,6.295509740845076
2020,PRT,Portugal,4,1,rf,poisson,6.916679488060184
2020,PRY,Paraguay,0,0,rf,poisson,0.0
2020,PSE,West Bank and Gaza,0,0,rf,poisson,0.0
2020,QAT,Qatar,3,1,rf,poisson,0.0
2020,ROU,Romania,4,4,rf,poisson,8.318927042373101
2020,RUS,Russian Federation,71,56,rf,poisson,37.00424674691205
2020,RWA,Rwanda,0,0,rf,poisson,0.0
2020,SAU,Saudi Arabia,1,0,rf,poisson,0.0
2020,SDN,Sudan,0,0,rf,poisson,0.0
2020,SEN,Senegal,0,0,rf,poisson,0.0
2020,SGP,Singapore,0,1,rf,poisson,0.0
2020,SLB,Solomon Islands,0,0,rf,poisson,0.0
2020,SLE,Sierra Leone,0,0,rf,poisson,0.0
2020,SLV,El Salvador,0,0,rf,poisson,0.0
2020,SMR,San Marino,3,0,rf,poisson,0.0
2020,SOM,"Somalia, Fed. Rep.",0,0,rf,poisson,0.0
2020,SRB,Serbia,8,8,rf,poisson,8.151018462616728
2020,STP,Sao Tome and Principe,0,0,rf,poisson,0.0
2020,SUR,Suriname,0,0,rf,poisson,0.0
2020,SVK,Slovak Republic,4,4,rf,poisson,5.692748937547877
2020,SVN,Slovenia,5,4,rf,poisson,5.489650123810493
2020,SWE,Sweden,9,11,rf,poisson,9.057544722782119
2020,SWZ,Eswatini,0,0,rf,poisson,0.0
2020,SYC,Seychelles,0,0,rf,poisson,0.0
2020,SYR,Syrian Arab Republic,1,0,rf,poisson,0.0
2020,TCD,Chad,0,0,rf,poisson,0.0
2020,TGO,Togo,0,0,rf,poisson,0.0
2020,THA,Thailand,2,6,rf,poisson,5.534324648246417
2020,TJK,Tajikistan,0,1,rf,poisson,0.0
2020,TKM,Turkmenistan,1,0,rf,poisson,0.0
2020,TLS,Timor-Leste,0,0,rf,poisson,0.0
2020,TON,Tonga,0,0,rf,poisson,0.0
2020,TTO,Trinidad and Tobago,0,1,rf,poisson,4.855371655227249
2020,TUN,Tunisia,2,3,rf,poisson,5.170727985066669
2020,TUR,Turkiye,13,8,rf,poisson,6.924025335442242
2020,TUV,Tuvalu,0,0,rf,poisson,0.0
2020,TZA,Tanzania,0,0,rf,poisson,0.0
2020,UGA,Uganda,4,0,rf,poisson,0.0
2020,UKR,Ukraine,19,11,rf,poisson,10.97166028055268
2020,URY,Uruguay,0,0,rf,poisson,0.0
2020,USA,United States,113,121,rf,poisson,218.2063353616421
2020,UZB,Uzbekistan,5,13,rf,poisson,5.040362111247895
2020,VCT,St. Vincent and the Grenadines,0,0,rf,poisson,0.0
2020,VEN,"Venezuela, RB",4,3,rf,poisson,6.6466148702071415
2020,VIR,Virgin Islands (U.S.),0,0,rf,poisson,0.0
2020,VNM,Viet Nam,0,2,rf,poisson,4.394840049486083
2020,VUT,Vanuatu,0,0,rf,poisson,0.0
2020,WSM,Samoa,0,0,rf,poisson,0.0
2020,ZAF,South Africa,3,10,rf,poisson,8.456397785977876
2020,ZMB,Zambia,0,0,rf,poisson,0.0
2020,ZWE,Zimbabwe,0,0,rf,poisson,0.0
2020,ABW,Aruba,0,0,rf,svr,0.0
2020,AFG,Afghanistan,0,0,rf,svr,0.0
2020,AGO,Angola,0,0,rf,svr,0.0
2020,ALB,Albania,0,0,rf,svr,0.0
2020,AND,Andorra,0,0,rf,svr,0.0
2020,ARE,United Arab Emirates,0,1,rf,svr,0.0
2020,ARG,Argentina,3,4,rf,svr,3.8140171575369095
2020,ARM,Armenia,4,4,rf,svr,0.0
2020,ASM,American Samoa,0,0,rf,svr,0.0
2020,ATG,Antigua and Barbuda,0,0,rf,svr,0.0
2020,AUS,Australia,46,29,rf,svr,31.05347890042839
2020,AUT,Austria,7,1,rf,svr,2.54872768149815
2020,AZE,Azerbaijan,7,18,rf,svr,10.223819162486524
2020,BDI,Burundi,0,1,rf,svr,0.0
2020,BEL,Belgium,7,6,rf,svr,5.8890590183074
2020,BEN,Benin,0,0,rf,svr,0.0
2020,BFA,Burkina Faso,1,0,rf,svr,0.0
2020,BGD,Bangladesh,0,0,rf,svr,0.0
2020,BGR,Bulgaria,6,3,rf,svr,2.6813057073693045
2020,BHR,Bahrain,1,2,rf,svr,1.858812165090221
2020,BHS,"Bahamas, The",2,2,rf,svr,0.0
2020,BIH,Bosnia and Herzegovina,0,0,rf,svr,0.0
2020,BLR,Belarus,7,9,rf,svr,6.898654502851848
2020,BLZ,Belize,0,0,rf,svr,0.0
2020,BMU,Bermuda,1,0,rf,svr,0.0
2020,BOL,Bolivia,0,0,rf,svr,0.0
2020,BRA,Brazil,21,19,rf,svr,17.683880372496034
2020,BRB,Barbados,0,0,rf,svr,0.0
2020,BRN,Brunei Darussalam,0,0,rf,svr,0.0
2020,BTN,Bhutan,0,0,rf,svr,0.0
2020,BWA,Botswana,1,0,rf,svr,0.0
2020,CAF,Central African Republic,0,0,rf,svr,0.0
2020,CAN,Canada,24,22,rf,svr,21.246152941208848
2020,CHE,Switzerland,13,7,rf,svr,8.6322756671203
2020,CHL,Chile,0,0,rf,svr,0.6890603704972165
2020,CHN,China,89,70,rf,svr,71.521797613622
2020,CIV,Cote d'Ivoire,1,2,rf,svr,2.6410529035917776
2020,CMR,Cameroon,0,0,rf,svr,0.0
2020,COD,"Congo, Dem. Rep.",0,0,rf,svr,0.0
2020,COG,"Congo, Rep.",0,0,rf,svr,0.0
2020,COL,Colombia,5,8,rf,svr,4.650318539671055
2020,COM,Comoros,0,0,rf,svr,0.0
2020,CPV,Cabo Verde,0,0,rf,svr,0.0
2020,CRI,Costa Rica,0,0,rf,svr,0.0
2020,CUB,Cuba,15,11,rf,svr,6.078176861755338
2020,CYM,Cayman Islands,0,0,rf,svr,0.0
2020,CYP,Cyprus,0,0,rf,svr,0.0
2020,CZE,Czechia,11,10,rf,svr,6.8014582858582315
2020,DEU,Germany,37,42,rf,svr,40.00924567493087
2020,DJI,Djibouti,0,0,rf,svr,0.0
2020,DMA,Dominica,0,0,rf,svr,0.0
2020,DNK,Denmark,11,15,rf,svr,10.26296787493959
2020,DOM,Dominican Republic,5,1,rf,svr,1.958828037035346
2020,DZA,Algeria,0,2,rf,svr,0.957609409391381
2020,ECU,Ecuador,3,0,rf,svr,1.2262861123179718
2020,EGY,"Egypt, Arab Rep.",6,3,rf,svr,4.841131118631786
2020,ESP,Spain,17,17,rf,svr,17.167581820658395
2020,EST,Estonia,2,1,rf,svr,1.4009387464899703
2020,ETH,Ethiopia,4,8,rf,svr,6.229885044837253
2020,FIN,Finland,2,1,rf,svr,1.9038693599232843
2020,FJI,Fiji,2,1,rf,svr,2.4040660680425177
2020,FRA,France,33,42,rf,svr,35.177437080983665
2020,FSM,"Micronesia, Fed. Sts.",0,0,rf,svr,0.0
2020,GAB,Gabon,0,0,rf,svr,0.0
2020,GBR,United Kingdom,64,67,rf,svr,45.587535916404704
2020,GEO,Georgia,8,7,rf,svr,4.375230393271373
2020,GHA,Ghana,1,0,rf,svr,0.0
2020,GIN,Guinea,0,0,rf,svr,0.0
2020,GMB,"Gambia, The",0,0,rf,svr,0.0
2020,GNB,Guinea-Bissau,0,0,rf,svr,0.0
2020,GNQ,Equatorial Guinea,0,0,rf,svr,0.0
2020,GRC,Greece,4,6,rf,svr,4.088738599741831
2020,GRD,Grenada,1,1,rf,svr,0.0
2020,GTM,Guatemala,0,0,rf,svr,0.0
2020,GUM,Guam,0,0,rf,svr,0.0
2020,GUY,Guyana,0,0,rf,svr,0.0
2020,HKG,"Hong Kong SAR, China",6,0,rf,svr,1.6947411610781629
2020,HND,Honduras,0,0,rf,svr,0.0
2020,HRV,Croatia,9,10,rf,svr,5.565614420457976
2020,HTI,Haiti,0,0,rf,svr,0.0
2020,HUN,Hungary,20,15,rf,svr,10.889503173862764
2020,IDN,Indonesia,5,3,rf,svr,1.6249356674061772
2020,IND,India,7,2,rf,svr,7.910847960197955
2020,IRL,Ireland,4,2,rf,svr,6.419686960551978
2020,IRN,"Iran, Islamic Rep.",7,8,rf,svr,6.005567914496048
2020,IRQ,Iraq,0,0,rf,svr,0.0
2020,ISL,Iceland,0,0,rf,svr,0.0
2020,ISR,Israel,4,2,rf,svr,3.109423025919547
2020,ITA,Italy,40,28,rf,svr,26.088105649688224
2020,JAM,Jamaica,9,11,rf,svr,6.323313612751562
2020,JOR,Jordan,2,1,rf,svr,0.0
2020,JPN,Japan,58,41,rf,svr,50.73239389234833
2020,KAZ,Kazakhstan,8,18,rf,svr,9.96159884061062
2020,KEN,Kenya,10,13,rf,svr,8.944409441751382
2020,KGZ,Kyrgyz Republic,3,0,rf,svr,0.0
2020,KHM,Cambodia,0,0,rf,svr,0.0
2020,KIR,Kiribati,0,0,rf,svr,0.0
2020,KNA,St. Kitts and Nevis,0,0,rf,svr,0.0
2020,KOR,"Korea, Rep.",20,21,rf,svr,18.5058318768394
2020,KWT,Kuwait,1,0,rf,svr,0.0
2020,LAO,Lao PDR,0,0,rf,svr,0.0
2020,LBN,Lebanon,0,0,rf,svr,0.0
2020,LBR,Liberia,0,0,rf,svr,0.0
2020,LBY,Libya,0,0,rf,svr,0.0
2020,LCA,St. Lucia,0,0,rf,svr,0.0
2020,LKA,Sri Lanka,0,0,rf,svr,0.0
2020,LSO,Lesotho,0,0,rf,svr,0.0
2020,LTU,Lithuania,1,4,rf,svr,3.245756758952659
2020,LUX,Luxembourg,0,0,rf,svr,0.0
2020,LVA,Latvia,2,0,rf,svr,1.0625571892159016
2020,MAR,Morocco,1,1,rf,svr,1.4965275081109795
2020,MCO,Monaco,0,0,rf,svr,0.0
2020,MDA,Moldova,1,0,rf,svr,0.0
2020,MDG,Madagascar,0,0,rf,svr,0.0
2020,MDV,Maldives,0,0,rf,svr,0.0
2020,MEX,Mexico,4,5,rf,svr,4.477595374759858
2020,MHL,Marshall Islands,0,0,rf,svr,0.0
2020,MKD,North Macedonia,1,0,rf,svr,0.0
2020,MLI,Mali,0,0,rf,svr,0.0
2020,MLT,Malta,0,0,rf,svr,0.0
2020,MMR,Myanmar,0,0,rf,svr,0.0
2020,MNE,Montenegro,0,0,rf,svr,1.6165841213374534
2020,MNG,Mongolia,4,2,rf,svr,1.561285546294819
2020,MOZ,Mozambique,0,0,rf,svr,0.0
2020,MRT,Mauritania,0,0,rf,svr,0.0
2020,MUS,Mauritius,0,0,rf,svr,0.0
2020,MWI,Malawi,0,0,rf,svr,0.0
2020,MYS,Malaysia,2,5,rf,svr,3.203457898528761
2020,NAM,Namibia,1,0,rf,svr,0.0
2020,NER,Niger,0,1,rf,svr,0.0
2020,NGA,Nigeria,2,1,rf,svr,1.1273938332187612
2020,NIC,Nicaragua,0,0,rf,svr,0.0
2020,NLD,Netherlands,36,19,rf,svr,17.638097750648004
2020,NOR,Norway,8,4,rf,svr,5.224470271205178
2020,NPL,Nepal,0,0,rf,svr,0.0
2020,NRU,Naoero,0,0,rf,svr,0.0
2020,NZL,New Zealand,20,18,rf,svr,14.709788800531825
2020,OMN,Oman,0,0,rf,svr,0.0
2020,PAK,Pakistan,0,0,rf,svr,0.0
2020,PAN,Panama,0,0,rf,svr,0.0
2020,PER,Peru,0,0,rf,svr,0.48565689583020344
2020,PHL,Philippines,4,1,rf,svr,0.0
2020,PLW,Palau,0,0,rf,svr,0.0
2020,PNG,Papua New Guinea,0,0,rf,svr,0.0
2020,POL,Poland,14,11,rf,svr,10.11560431660364
2020,PRI,Puerto Rico (US),1,1,rf,svr,1.5984375287656007
2020,PRT,Portugal,4,1,rf,svr,2.1254916445019276
2020,PRY,Paraguay,0,0,rf,svr,0.0
2020,PSE,West Bank and Gaza,0,0,rf,svr,0.0
2020,QAT,Qatar,3,1,rf,svr,0.0
2020,ROU,Romania,4,4,rf,svr,3.8485184613107677
2020,RUS,Russian Federation,71,56,rf,svr,43.096529941438284
2020,RWA,Rwanda,0,0,rf,svr,0.0
2020,SAU,Saudi Arabia,1,0,rf,svr,0.0
2020,SDN,Sudan,0,0,rf,svr,0.0
2020,SEN,Senegal,0,0,rf,svr,0.0
2020,SGP,Singapore,0,1,rf,svr,0.0
2020,SLB,Solomon Islands,0,0,rf,svr,0.0
2020,SLE,Sierra Leone,0,0,rf,svr,0.0
2020,SLV,El Salvador,0,0,rf,svr,0.0
2020,SMR,San Marino,3,0,rf,svr,0.0
2020,SOM,"Somalia, Fed. Rep.",0,0,rf,svr,0.0
2020,SRB,Serbia,8,8,rf,svr,6.070905455939702
2020,STP,Sao Tome and Principe,0,0,rf,svr,0.0
2020,SUR,Suriname,0,0,rf,svr,0.0
2020,SVK,Slovak Republic,4,4,rf,svr,2.992171889494479
2020,SVN,Slovenia,5,4,rf,svr,2.993316462124163
2020,SWE,Sweden,9,11,rf,svr,8.650435584004825
2020,SWZ,Eswatini,0,0,rf,svr,0.0
2020,SYC,Seychelles,0,0,rf,svr,0.0
2020,SYR,Syrian Arab Republic,1,0,rf,svr,0.0
2020,TCD,Chad,0,0,rf,svr,0.0
2020,TGO,Togo,0,0,rf,svr,0.0
2020,THA,Thailand,2,6,rf,svr,3.565883591417844
2020,TJK,Tajikistan,0,1,rf,svr,0.0
2020,TKM,Turkmenistan,1,0,rf,svr,0.0
2020,TLS,Timor-Leste,0,0,rf,svr,0.0
2020,TON,Tonga,0,0,rf,svr,0.0
2020,TTO,Trinidad and Tobago,0,1,rf,svr,1.2933428365665165
2020,TUN,Tunisia,2,3,rf,svr,2.829967461631533
2020,TUR,Turkiye,13,8,rf,svr,6.642166859911285
2020,TUV,Tuvalu,0,0,rf,svr,0.0
2020,TZA,Tanzania,0,0,rf,svr,0.0
2020,UGA,Uganda,4,0,rf,svr,0.0
2020,UKR,Ukraine,19,11,rf,svr,8.132291575016474
2020,URY,Uruguay,0,0,rf,svr,0.0
2020,USA,United States,113,121,rf,svr,101.10241984068847
2020,UZB,Uzbekistan,5,13,rf,svr,9.036564185255248
2020,VCT,St. Vincent and the Grenadines,0,0,rf,svr,0.0
2020,VEN,"Venezuela, RB",4,3,rf,svr,7.2978744919990035
2020,VIR,Virgin Islands (U.S.),0,0,rf,svr,0.0
2020,VNM,Viet Nam,0,2,rf,svr,2.4988204109359273
2020,VUT,Vanuatu,0,0,rf,svr,0.0
2020,WSM,Samoa,0,0,rf,svr,0.0
2020,ZAF,South Africa,3,10,rf,svr,7.9311512723362725
2020,ZMB,Zambia,0,0,rf,svr,0.0
2020,ZWE,Zimbabwe,0,0,rf,svr,0.0
2020,ABW,Aruba,0,0,rf,rf,0.0
2020,AFG,Afghanistan,0,0,rf,rf,0.0
2020,AGO,Angola,0,0,rf,rf,0.0
2020,ALB,Albania,0,0,rf,rf,0.0
2020,AND,Andorra,0,0,rf,rf,0.0
2020,ARE,United Arab Emirates,0,1,rf,rf,0.0
2020,ARG,Argentina,3,4,rf,rf,8.486460127591705
2020,ARM,Armenia,4,4,rf,rf,0.0
2020,ASM,American Samoa,0,0,rf,rf,0.0
2020,ATG,Antigua and Barbuda,0,0,rf,rf,0.0
2020,AUS,Australia,46,29,rf,rf,39.33
2020,AUT,Austria,7,1,rf,rf,3.656975833288846
2020,AZE,Azerbaijan,7,18,rf,rf,13.44089971139971
2020,BDI,Burundi,0,1,rf,rf,0.0
2020,BEL,Belgium,7,6,rf,rf,6.95678664889649
2020,BEN,Benin,0,0,rf,rf,0.0
2020,BFA,Burkina Faso,1,0,rf,rf,0.0
2020,BGD,Bangladesh,0,0,rf,rf,0.0
2020,BGR,Bulgaria,6,3,rf,rf,3.076614701254477
2020,BHR,Bahrain,1,2,rf,rf,2.6481456333622186
2020,BHS,"Bahamas, The",2,2,rf,rf,0.0
2020,BIH,Bosnia and Herzegovina,0,0,rf,rf,0.0
2020,BLR,Belarus,7,9,rf,rf,9.096343506589198
2020,BLZ,Belize,0,0,rf,rf,0.0
2020,BMU,Bermuda,1,0,rf,rf,0.0
2020,BOL,Bolivia,0,0,rf,rf,0.0
2020,BRA,Brazil,21,19,rf,rf,23.098205128205127
2020,BRB,Barbados,0,0,rf,rf,0.0
2020,BRN,Brunei Darussalam,0,0,rf,rf,0.0
2020,BTN,Bhutan,0,0,rf,rf,0.0
2020,BWA,Botswana,1,0,rf,rf,0.0
2020,CAF,Central African Republic,0,0,rf,rf,0.0
2020,CAN,Canada,24,22,rf,rf,28.84415750915751
2020,CHE,Switzerland,13,7,rf,rf,7.745743271221532
2020,CHL,Chile,0,0,rf,rf,2.452162439899775
2020,CHN,China,89,70,rf,rf,76.7
2020,CIV,Cote d'Ivoire,1,2,rf,rf,2.069045209655642
2020,CMR,Cameroon,0,0,rf,rf,0.0
2020,COD,"Congo, Dem. Rep.",0,0,rf,rf,0.0
2020,COG,"Congo, Rep.",0,0,rf,rf,0.0
2020,COL,Colombia,5,8,rf,rf,8.672502700511666
2020,COM,Comoros,0,0,rf,rf,0.0
2020,CPV,Cabo Verde,0,0,rf,rf,0.0
2020,CRI,Costa Rica,0,0,rf,rf,0.0
2020,CUB,Cuba,15,11,rf,rf,10.406529473400164
2020,CYM,Cayman Islands,0,0,rf,rf,0.0
2020,CYP,Cyprus,0,0,rf,rf,0.0
2020,CZE,Czechia,11,10,rf,rf,10.387660973084888
2020,DEU,Germany,37,42,rf,rf,44.01666666666667
2020,DJI,Djibouti,0,0,rf,rf,0.0
2020,DMA,Dominica,0,0,rf,rf,0.0
2020,DNK,Denmark,11,15,rf,rf,9.739571428571429
2020,DOM,Dominican Republic,5,1,rf,rf,2.945538995949838
2020,DZA,Algeria,0,2,rf,rf,2.7566329781864187
2020,ECU,Ecuador,3,0,rf,rf,2.524371548852317
2020,EGY,"Egypt, Arab Rep.",6,3,rf,rf,4.428183013495981
2020,ESP,Spain,17,17,rf,rf,21.8747912087912
2020,EST,Estonia,2,1,rf,rf,1.9515883260062303
2020,ETH,Ethiopia,4,8,rf,rf,7.3018253968253966
2020,FIN,Finland,2,1,rf,rf,2.4345145831509707
2020,FJI,Fiji,2,1,rf,rf,2.0983540128592413
2020,FRA,France,33,42,rf,rf,42.091428571428565
2020,FSM,"Micronesia, Fed. Sts.",0,0,rf,rf,0.0
2020,GAB,Gabon,0,0,rf,rf,0.0
2020,GBR,United Kingdom,64,67,rf,rf,55.419333333333334
2020,GEO,Georgia,8,7,rf,rf,7.530426933782919
2020,GHA,Ghana,1,0,rf,rf,0.0
2020,GIN,Guinea,0,0,rf,rf,0.0
2020,GMB,"Gambia, The",0,0,rf,rf,0.0
2020,GNB,Guinea-Bissau,0,0,rf,rf,0.0
2020,GNQ,Equatorial Guinea,0,0,rf,rf,0.0
2020,GRC,Greece,4,6,rf,rf,6.1452474804081145
2020,GRD,Grenada,1,1,rf,rf,0.0
2020,GTM,Guatemala,0,0,rf,rf,0.0
2020,GUM,Guam,0,0,rf,rf,0.0
2020,GUY,Guyana,0,0,rf,rf,0.0
2020,HKG,"Hong Kong SAR, China",6,0,rf,rf,2.020221410165887
2020,HND,Honduras,0,0,rf,rf,0.0
2020,HRV,Croatia,9,10,rf,rf,9.197982871309444
2020,HTI,Haiti,0,0,rf,rf,0.0
2020,HUN,Hungary,20,15,rf,rf,13.653464285714286
2020,IDN,Indonesia,5,3,rf,rf,3.9750727328227327
2020,IND,India,7,2,rf,rf,8.997664449371767
2020,IRL,Ireland,4,2,rf,rf,5.807609684570249
2020,IRN,"Iran, Islamic Rep.",7,8,rf,rf,6.613141084186815
2020,IRQ,Iraq,0,0,rf,rf,0.0
2020,ISL,Iceland,0,0,rf,rf,0.0
2020,ISR,Israel,4,2,rf,rf,3.339727180346494
2020,ITA,Italy,40,28,rf,rf,33.6807619047619
2020,JAM,Jamaica,9,11,rf,rf,11.282394636015326
2020,JOR,Jordan,2,1,rf,rf,0.0
2020,JPN,Japan,58,41,rf,rf,60.93
2020,KAZ,Kazakhstan,8,18,rf,rf,13.593833333333333
2020,KEN,Kenya,10,13,rf,rf,12.149220238095237
2020,KGZ,Kyrgyz Republic,3,0,rf,rf,0.0
2020,KHM,Cambodia,0,0,rf,rf,0.0
2020,KIR,Kiribati,0,0,rf,rf,0.0
2020,KNA,St. Kitts and Nevis,0,0,rf,rf,0.0
2020,KOR,"Korea, Rep.",20,21,rf,rf,19.794291208791208
2020,KWT,Kuwait,1,0,rf,rf,0.0
2020,LAO,Lao PDR,0,0,rf,rf,0.0
2020,LBN,Lebanon,0,0,rf,rf,0.0
2020,LBR,Liberia,0,0,rf,rf,0.0
2020,LBY,Libya,0,0,rf,rf,0.0
2020,LCA,St. Lucia,0,0,rf,rf,0.0
2020,LKA,Sri Lanka,0,0,rf,rf,0.0
2020,LSO,Lesotho,0,0,rf,rf,0.0
2020,LTU,Lithuania,1,4,rf,rf,3.314128890463934
2020,LUX,Luxembourg,0,0,rf,rf,0.0
2020,LVA,Latvia,2,0,rf,rf,2.760346776266602
2020,MAR,Morocco,1,1,rf,rf,2.6059474919060843
2020,MCO,Monaco,0,0,rf,rf,0.0
2020,MDA,Moldova,1,0,rf,rf,0.0
2020,MDG,Madagascar,0,0,rf,rf,0.0
2020,MDV,Maldives,0,0,rf,rf,0.0
2020,MEX,Mexico,4,5,rf,rf,9.384280303030302
2020,MHL,Marshall Islands,0,0,rf,rf,0.0
2020,MKD,North Macedonia,1,0,rf,rf,0.0
2020,MLI,Mali,0,0,rf,rf,0.0
2020,MLT,Malta,0,0,rf,rf,0.0
2020,MMR,Myanmar,0,0,rf,rf,0.0
2020,MNE,Montenegro,0,0,rf,rf,1.9735515262908436
2020,MNG,Mongolia,4,2,rf,rf,3.040476517657139
2020,MOZ,Mozambique,0,0,rf,rf,0.0
2020,MRT,Mauritania,0,0,rf,rf,0.0
2020,MUS,Mauritius,0,0,rf,rf,0.0
2020,MWI,Malawi,0,0,rf,rf,0.0
2020,MYS,Malaysia,2,5,rf,rf,4.23685652200142
2020,NAM,Namibia,1,0,rf,rf,0.0
2020,NER,Niger,0,1,rf,rf,0.0
2020,NGA,Nigeria,2,1,rf,rf,4.354727639755236
2020,NIC,Nicaragua,0,0,rf,rf,0.0
2020,NLD,Netherlands,36,19,rf,rf,20.002895604395604
2020,NOR,Norway,8,4,rf,rf,4.888318647386806
2020,NPL,Nepal,0,0,rf,rf,0.0
2020,NRU,Naoero,0,0,rf,rf,0.0
2020,NZL,New Zealand,20,18,rf,rf,14.211823412698411
2020,OMN,Oman,0,0,rf,rf,0.0
2020,PAK,Pakistan,0,0,rf,rf,0.0
2020,PAN,Panama,0,0,rf,rf,0.0
2020,PER,Peru,0,0,rf,rf,3.277389264822507
2020,PHL,Philippines,4,1,rf,rf,0.0
2020,PLW,Palau,0,0,rf,rf,0.0
2020,PNG,Papua New Guinea,0,0,rf,rf,0.0
2020,POL,Poland,14,11,rf,rf,12.707315476190477
2020,PRI,Puerto Rico (US),1,1,rf,rf,2.0818081230311325
2020,PRT,Portugal,4,1,rf,rf,2.9243150484034395
2020,PRY,Paraguay,0,0,rf,rf,0.0
2020,PSE,West Bank and Gaza,0,0,rf,rf,0.0
2020,QAT,Qatar,3,1,rf,rf,0.0
2020,ROU,Romania,4,4,rf,rf,5.300050457184883
2020,RUS,Russian Federation,71,56,rf,rf,54.8
2020,RWA,Rwanda,0,0,rf,rf,0.0
2020,SAU,Saudi Arabia,1,0,rf,rf,0.0
2020,SDN,Sudan,0,0,rf,rf,0.0
2020,SEN,Senegal,0,0,rf,rf,0.0
2020,SGP,Singapore,0,1,rf,rf,0.0
2020,SLB,Solomon Islands,0,0,rf,rf,0.0
2020,SLE,Sierra Leone,0,0,rf,rf,0.0
2020,SLV,El Salvador,0,0,rf,rf,0.0
2020,SMR,San Marino,3,0,rf,rf,0.0
2020,SOM,"Somalia, Fed. Rep.",0,0,rf,rf,0.0
2020,SRB,Serbia,8,8,rf,rf,7.5207799067903025
2020,STP,Sao Tome and Principe,0,0,rf,rf,0.0
2020,SUR,Suriname,0,0,rf,rf,0.0
2020,SVK,Slovak Republic,4,4,rf,rf,3.0888802311265353
2020,SVN,Slovenia,5,4,rf,rf,3.9596651552106867
2020,SWE,Sweden,9,11,rf,rf,9.082392496392497
2020,SWZ,Eswatini,0,0,rf,rf,0.0
2020,SYC,Seychelles,0,0,rf,rf,0.0
2020,SYR,Syrian Arab Republic,1,0,rf,rf,0.0
2020,TCD,Chad,0,0,rf,rf,0.0
2020,TGO,Togo,0,0,rf,rf,0.0
2020,THA,Thailand,2,6,rf,rf,6.035437645369138
2020,TJK,Tajikistan,0,1,rf,rf,0.0
2020,TKM,Turkmenistan,1,0,rf,rf,0.0
2020,TLS,Timor-Leste,0,0,rf,rf,0.0
2020,TON,Tonga,0,0,rf,rf,0.0
2020,TTO,Trinidad and Tobago,0,1,rf,rf,1.6974097259829373
2020,TUN,Tunisia,2,3,rf,rf,4.188944564490362
2020,TUR,Turkiye,13,8,rf,rf,6.616218043995908
2020,TUV,Tuvalu,0,0,rf,rf,0.0
2020,TZA,Tanzania,0,0,rf,rf,0.0
2020,UGA,Uganda,4,0,rf,rf,0.0
2020,UKR,Ukraine,19,11,rf,rf,11.972607142857143
2020,URY,Uruguay,0,0,rf,rf,0.0
2020,USA,United States,113,121,rf,rf,110.57
2020,UZB,Uzbekistan,5,13,rf,rf,11.559159632034634
2020,VCT,St. Vincent and the Grenadines,0,0,rf,rf,0.0
2020,VEN,"Venezuela, RB",4,3,rf,rf,5.766440525332843
2020,VIR,Virgin Islands (U.S.),0,0,rf,rf,0.0
2020,VNM,Viet Nam,0,2,rf,rf,2.93538811615116
2020,VUT,Vanuatu,0,0,rf,rf,0.0
2020,WSM,Samoa,0,0,rf,rf,0.0
2020,ZAF,South Africa,3,10,rf,rf,13.004787878787882
2020,ZMB,Zambia,0,0,rf,rf,0.0
2020,ZWE,Zimbabwe,0,0,rf,rf,0.0
2020,ABW,Aruba,0,0,naive,last_games,0.0
2020,AFG,Afghanistan,0,0,naive,last_games,0.0
2020,AGO,Angola,0,0,naive,last_games,0.0
2020,ALB,Albania,0,0,naive,last_games,0.0
2020,AND,Andorra,0,0,naive,last_games,0.0
2020,ARE,United Arab Emirates,0,1,naive,last_games,1.0
2020,ARG,Argentina,3,4,naive,last_games,4.0
2020,ARM,Armenia,4,4,naive,last_games,4.0
2020,ASM,American Samoa,0,0,naive,last_games,0.0
2020,ATG,Antigua and Barbuda,0,0,naive,last_games,0.0
2020,AUS,Australia,46,29,naive,last_games,29.0
2020,AUT,Austria,7,1,naive,last_games,1.0
2020,AZE,Azerbaijan,7,18,naive,last_games,18.0
2020,BDI,Burundi,0,1,naive,last_games,1.0
2020,BEL,Belgium,7,6,naive,last_games,6.0
2020,BEN,Benin,0,0,naive,last_games,0.0
2020,BFA,Burkina Faso,1,0,naive,last_games,0.0
2020,BGD,Bangladesh,0,0,naive,last_games,0.0
2020,BGR,Bulgaria,6,3,naive,last_games,3.0
2020,BHR,Bahrain,1,2,naive,last_games,2.0
2020,BHS,"Bahamas, The",2,2,naive,last_games,2.0
2020,BIH,Bosnia and Herzegovina,0,0,naive,last_games,0.0
2020,BLR,Belarus,7,9,naive,last_games,9.0
2020,BLZ,Belize,0,0,naive,last_games,0.0
2020,BMU,Bermuda,1,0,naive,last_games,0.0
2020,BOL,Bolivia,0,0,naive,last_games,0.0
2020,BRA,Brazil,21,19,naive,last_games,19.0
2020,BRB,Barbados,0,0,naive,last_games,0.0
2020,BRN,Brunei Darussalam,0,0,naive,last_games,0.0
2020,BTN,Bhutan,0,0,naive,last_games,0.0
2020,BWA,Botswana,1,0,naive,last_games,0.0
2020,CAF,Central African Republic,0,0,naive,last_games,0.0
2020,CAN,Canada,24,22,naive,last_games,22.0
2020,CHE,Switzerland,13,7,naive,last_games,7.0
2020,CHL,Chile,0,0,naive,last_games,0.0
2020,CHN,China,89,70,naive,last_games,70.0
2020,CIV,Cote d'Ivoire,1,2,naive,last_games,2.0
2020,CMR,Cameroon,0,0,naive,last_games,0.0
2020,COD,"Congo, Dem. Rep.",0,0,naive,last_games,0.0
2020,COG,"Congo, Rep.",0,0,naive,last_games,0.0
2020,COL,Colombia,5,8,naive,last_games,8.0
2020,COM,Comoros,0,0,naive,last_games,0.0
2020,CPV,Cabo Verde,0,0,naive,last_games,0.0
2020,CRI,Costa Rica,0,0,naive,last_games,0.0
2020,CUB,Cuba,15,11,naive,last_games,11.0
2020,CYM,Cayman Islands,0,0,naive,last_games,0.0
2020,CYP,Cyprus,0,0,naive,last_games,0.0
2020,CZE,Czechia,11,10,naive,last_games,10.0
2020,DEU,Germany,37,42,naive,last_games,42.0
2020,DJI,Djibouti,0,0,naive,last_games,0.0
2020,DMA,Dominica,0,0,naive,last_games,0.0
2020,DNK,Denmark,11,15,naive,last_games,15.0
2020,DOM,Dominican Republic,5,1,naive,last_games,1.0
2020,DZA,Algeria,0,2,naive,last_games,2.0
2020,ECU,Ecuador,3,0,naive,last_games,0.0
2020,EGY,"Egypt, Arab Rep.",6,3,naive,last_games,3.0
2020,ESP,Spain,17,17,naive,last_games,17.0
2020,EST,Estonia,2,1,naive,last_games,1.0
2020,ETH,Ethiopia,4,8,naive,last_games,8.0
2020,FIN,Finland,2,1,naive,last_games,1.0
2020,FJI,Fiji,2,1,naive,last_games,1.0
2020,FRA,France,33,42,naive,last_games,42.0
2020,FSM,"Micronesia, Fed. Sts.",0,0,naive,last_games,0.0
2020,GAB,Gabon,0,0,naive,last_games,0.0
2020,GBR,United Kingdom,64,67,naive,last_games,67.0
2020,GEO,Georgia,8,7,naive,last_games,7.0
2020,GHA,Ghana,1,0,naive,last_games,0.0
2020,GIN,Guinea,0,0,naive,last_games,0.0
2020,GMB,"Gambia, The",0,0,naive,last_games,0.0
2020,GNB,Guinea-Bissau,0,0,naive,last_games,0.0
2020,GNQ,Equatorial Guinea,0,0,naive,last_games,0.0
2020,GRC,Greece,4,6,naive,last_games,6.0
2020,GRD,Grenada,1,1,naive,last_games,1.0
2020,GTM,Guatemala,0,0,naive,last_games,0.0
2020,GUM,Guam,0,0,naive,last_games,0.0
2020,GUY,Guyana,0,0,naive,last_games,0.0
2020,HKG,"Hong Kong SAR, China",6,0,naive,last_games,0.0
2020,HND,Honduras,0,0,naive,last_games,0.0
2020,HRV,Croatia,9,10,naive,last_games,10.0
2020,HTI,Haiti,0,0,naive,last_games,0.0
2020,HUN,Hungary,20,15,naive,last_games,15.0
2020,IDN,Indonesia,5,3,naive,last_games,3.0
2020,IND,India,7,2,naive,last_games,2.0
2020,IRL,Ireland,4,2,naive,last_games,2.0
2020,IRN,"Iran, Islamic Rep.",7,8,naive,last_games,8.0
2020,IRQ,Iraq,0,0,naive,last_games,0.0
2020,ISL,Iceland,0,0,naive,last_games,0.0
2020,ISR,Israel,4,2,naive,last_games,2.0
2020,ITA,Italy,40,28,naive,last_games,28.0
2020,JAM,Jamaica,9,11,naive,last_games,11.0
2020,JOR,Jordan,2,1,naive,last_games,1.0
2020,JPN,Japan,58,41,naive,last_games,41.0
2020,KAZ,Kazakhstan,8,18,naive,last_games,18.0
2020,KEN,Kenya,10,13,naive,last_games,13.0
2020,KGZ,Kyrgyz Republic,3,0,naive,last_games,0.0
2020,KHM,Cambodia,0,0,naive,last_games,0.0
2020,KIR,Kiribati,0,0,naive,last_games,0.0
2020,KNA,St. Kitts and Nevis,0,0,naive,last_games,0.0
2020,KOR,"Korea, Rep.",20,21,naive,last_games,21.0
2020,KWT,Kuwait,1,0,naive,last_games,0.0
2020,LAO,Lao PDR,0,0,naive,last_games,0.0
2020,LBN,Lebanon,0,0,naive,last_games,0.0
2020,LBR,Liberia,0,0,naive,last_games,0.0
2020,LBY,Libya,0,0,naive,last_games,0.0
2020,LCA,St. Lucia,0,0,naive,last_games,0.0
2020,LKA,Sri Lanka,0,0,naive,last_games,0.0
2020,LSO,Lesotho,0,0,naive,last_games,0.0
2020,LTU,Lithuania,1,4,naive,last_games,4.0
2020,LUX,Luxembourg,0,0,naive,last_games,0.0
2020,LVA,Latvia,2,0,naive,last_games,0.0
2020,MAR,Morocco,1,1,naive,last_games,1.0
2020,MCO,Monaco,0,0,naive,last_games,0.0
2020,MDA,Moldova,1,0,naive,last_games,0.0
2020,MDG,Madagascar,0,0,naive,last_games,0.0
2020,MDV,Maldives,0,0,naive,last_games,0.0
2020,MEX,Mexico,4,5,naive,last_games,5.0
2020,MHL,Marshall Islands,0,0,naive,last_games,0.0
2020,MKD,North Macedonia,1,0,naive,last_games,0.0
2020,MLI,Mali,0,0,naive,last_games,0.0
2020,MLT,Malta,0,0,naive,last_games,0.0
2020,MMR,Myanmar,0,0,naive,last_games,0.0
2020,MNE,Montenegro,0,0,naive,last_games,0.0
2020,MNG,Mongolia,4,2,naive,last_games,2.0
2020,MOZ,Mozambique,0,0,naive,last_games,0.0
2020,MRT,Mauritania,0,0,naive,last_games,0.0
2020,MUS,Mauritius,0,0,naive,last_games,0.0
2020,MWI,Malawi,0,0,naive,last_games,0.0
2020,MYS,Malaysia,2,5,naive,last_games,5.0
2020,NAM,Namibia,1,0,naive,last_games,0.0
2020,NER,Niger,0,1,naive,last_games,1.0
2020,NGA,Nigeria,2,1,naive,last_games,1.0
2020,NIC,Nicaragua,0,0,naive,last_games,0.0
2020,NLD,Netherlands,36,19,naive,last_games,19.0
2020,NOR,Norway,8,4,naive,last_games,4.0
2020,NPL,Nepal,0,0,naive,last_games,0.0
2020,NRU,Naoero,0,0,naive,last_games,0.0
2020,NZL,New Zealand,20,18,naive,last_games,18.0
2020,OMN,Oman,0,0,naive,last_games,0.0
2020,PAK,Pakistan,0,0,naive,last_games,0.0
2020,PAN,Panama,0,0,naive,last_games,0.0
2020,PER,Peru,0,0,naive,last_games,0.0
2020,PHL,Philippines,4,1,naive,last_games,1.0
2020,PLW,Palau,0,0,naive,last_games,0.0
2020,PNG,Papua New Guinea,0,0,naive,last_games,0.0
2020,POL,Poland,14,11,naive,last_games,11.0
2020,PRI,Puerto Rico (US),1,1,naive,last_games,1.0
2020,PRT,Portugal,4,1,naive,last_games,1.0
2020,PRY,Paraguay,0,0,naive,last_games,0.0
2020,PSE,West Bank and Gaza,0,0,naive,last_games,0.0
2020,QAT,Qatar,3,1,naive,last_games,1.0
2020,ROU,Romania,4,4,naive,last_games,4.0
2020,RUS,Russian Federation,71,56,naive,last_games,56.0
2020,RWA,Rwanda,0,0,naive,last_games,0.0
2020,SAU,Saudi Arabia,1,0,naive,last_games,0.0
2020,SDN,Sudan,0,0,naive,last_games,0.0
2020,SEN,Senegal,0,0,naive,last_games,0.0
2020,SGP,Singapore,0,1,naive,last_games,1.0
2020,SLB,Solomon Islands,0,0,naive,last_games,0.0
2020,SLE,Sierra Leone,0,0,naive,last_games,0.0
2020,SLV,El Salvador,0,0,naive,last_games,0.0
2020,SMR,San Marino,3,0,naive,last_games,0.0
2020,SOM,"Somalia, Fed. Rep.",0,0,naive,last_games,0.0
2020,SRB,Serbia,8,8,naive,last_games,8.0
2020,STP,Sao Tome and Principe,0,0,naive,last_games,0.0
2020,SUR,Suriname,0,0,naive,last_games,0.0
2020,SVK,Slovak Republic,4,4,naive,last_games,4.0
2020,SVN,Slovenia,5,4,naive,last_games,4.0
2020,SWE,Sweden,9,11,naive,last_games,11.0
2020,SWZ,Eswatini,0,0,naive,last_games,0.0
2020,SYC,Seychelles,0,0,naive,last_games,0.0
2020,SYR,Syrian Arab Republic,1,0,naive,last_games,0.0
2020,TCD,Chad,0,0,naive,last_games,0.0
2020,TGO,Togo,0,0,naive,last_games,0.0
2020,THA,Thailand,2,6,naive,last_games,6.0
2020,TJK,Tajikistan,0,1,naive,last_games,1.0
2020,TKM,Turkmenistan,1,0,naive,last_games,0.0
2020,TLS,Timor-Leste,0,0,naive,last_games,0.0
2020,TON,Tonga,0,0,naive,last_games,0.0
2020,TTO,Trinidad and Tobago,0,1,naive,last_games,1.0
2020,TUN,Tunisia,2,3,naive,last_games,3.0
2020,TUR,Turkiye,13,8,naive,last_games,8.0
2020,TUV,Tuvalu,0,0,naive,last_games,0.0
2020,TZA,Tanzania,0,0,naive,last_games,0.0
2020,UGA,Uganda,4,0,naive,last_games,0.0
2020,UKR,Ukraine,19,11,naive,last_games,11.0
2020,URY,Uruguay,0,0,naive,last_games,0.0
2020,USA,United States,113,121,naive,last_games,121.0
2020,UZB,Uzbekistan,5,13,naive,last_games,13.0
2020,VCT,St. Vincent and the Grenadines,0,0,naive,last_games,0.0
2020,VEN,"Venezuela, RB",4,3,naive,last_games,3.0
2020,VIR,Virgin Islands (U.S.),0,0,naive,last_games,0.0
2020,VNM,Viet Nam,0,2,naive,last_games,2.0
2020,VUT,Vanuatu,0,0,naive,last_games,0.0
2020,WSM,Samoa,0,0,naive,last_games,0.0
2020,ZAF,South Africa,3,10,naive,last_games,10.0
2020,ZMB,Zambia,0,0,naive,last_games,0.0
2020,ZWE,Zimbabwe,0,0,naive,last_games,0.0
